draw_index,iterations,converged,maximum_margin_error,kl_divergence,row_simplex_ok,national_reconciliation_ok,election_cycle,model
0,43,true,0.000000000085,0.003021948483,true,true,2018,T1_no_point_shrinkage_raked
1,44,true,0.000000000082,0.002976892898,true,true,2018,T1_no_point_shrinkage_raked
2,42,true,0.000000000080,0.005712155097,true,true,2018,T1_no_point_shrinkage_raked
3,45,true,0.000000000068,0.002027877216,true,true,2018,T1_no_point_shrinkage_raked
4,42,true,0.000000000083,0.003254283849,true,true,2018,T1_no_point_shrinkage_raked
5,43,true,0.000000000072,0.002708916457,true,true,2018,T1_no_point_shrinkage_raked
6,41,true,0.000000000076,0.003066855142,true,true,2018,T1_no_point_shrinkage_raked
7,33,true,0.000000000071,0.001715993524,true,true,2018,T1_no_point_shrinkage_raked
8,36,true,0.000000000075,0.003445775544,true,true,2018,T1_no_point_shrinkage_raked
9,44,true,0.000000000090,0.002933954764,true,true,2018,T1_no_point_shrinkage_raked
10,41,true,0.000000000074,0.004004675723,true,true,2018,T1_no_point_shrinkage_raked
11,49,true,0.000000000069,0.004787619833,true,true,2018,T1_no_point_shrinkage_raked
12,38,true,0.000000000082,0.002832608284,true,true,2018,T1_no_point_shrinkage_raked
13,42,true,0.000000000091,0.002839977401,true,true,2018,T1_no_point_shrinkage_raked
14,37,true,0.000000000089,0.003921085812,true,true,2018,T1_no_point_shrinkage_raked
15,40,true,0.000000000079,0.002228105303,true,true,2018,T1_no_point_shrinkage_raked
16,37,true,0.000000000096,0.002316302693,true,true,2018,T1_no_point_shrinkage_raked
17,38,true,0.000000000069,0.002212415204,true,true,2018,T1_no_point_shrinkage_raked
18,39,true,0.000000000084,0.002708177773,true,true,2018,T1_no_point_shrinkage_raked
19,40,true,0.000000000092,0.002431278081,true,true,2018,T1_no_point_shrinkage_raked
20,44,true,0.000000000089,0.002268088906,true,true,2018,T1_no_point_shrinkage_raked
21,42,true,0.000000000077,0.002718843250,true,true,2018,T1_no_point_shrinkage_raked
22,39,true,0.000000000098,0.001932714854,true,true,2018,T1_no_point_shrinkage_raked
23,43,true,0.000000000082,0.003533380394,true,true,2018,T1_no_point_shrinkage_raked
24,46,true,0.000000000076,0.003105081411,true,true,2018,T1_no_point_shrinkage_raked
25,48,true,0.000000000081,0.002069427976,true,true,2018,T1_no_point_shrinkage_raked
26,45,true,0.000000000093,0.002950383356,true,true,2018,T1_no_point_shrinkage_raked
27,33,true,0.000000000089,0.002345560373,true,true,2018,T1_no_point_shrinkage_raked
28,41,true,0.000000000093,0.005006772364,true,true,2018,T1_no_point_shrinkage_raked
29,45,true,0.000000000073,0.003538486786,true,true,2018,T1_no_point_shrinkage_raked
30,44,true,0.000000000068,0.002211180096,true,true,2018,T1_no_point_shrinkage_raked
31,43,true,0.000000000098,0.002111344031,true,true,2018,T1_no_point_shrinkage_raked
32,44,true,0.000000000080,0.001524527938,true,true,2018,T1_no_point_shrinkage_raked
33,43,true,0.000000000088,0.001914060345,true,true,2018,T1_no_point_shrinkage_raked
34,41,true,0.000000000085,0.003137687885,true,true,2018,T1_no_point_shrinkage_raked
35,42,true,0.000000000074,0.002048413156,true,true,2018,T1_no_point_shrinkage_raked
36,44,true,0.000000000088,0.003429124655,true,true,2018,T1_no_point_shrinkage_raked
37,47,true,0.000000000070,0.003565601965,true,true,2018,T1_no_point_shrinkage_raked
38,43,true,0.000000000093,0.002386259966,true,true,2018,T1_no_point_shrinkage_raked
39,38,true,0.000000000077,0.001813473919,true,true,2018,T1_no_point_shrinkage_raked
40,42,true,0.000000000083,0.002721130289,true,true,2018,T1_no_point_shrinkage_raked
41,47,true,0.000000000089,0.002069706398,true,true,2018,T1_no_point_shrinkage_raked
42,39,true,0.000000000069,0.004683528468,true,true,2018,T1_no_point_shrinkage_raked
43,44,true,0.000000000067,0.003986033701,true,true,2018,T1_no_point_shrinkage_raked
44,41,true,0.000000000075,0.002468571344,true,true,2018,T1_no_point_shrinkage_raked
45,46,true,0.000000000078,0.003364304726,true,true,2018,T1_no_point_shrinkage_raked
46,47,true,0.000000000083,0.002701840004,true,true,2018,T1_no_point_shrinkage_raked
47,45,true,0.000000000072,0.001962562130,true,true,2018,T1_no_point_shrinkage_raked
48,43,true,0.000000000098,0.002480374365,true,true,2018,T1_no_point_shrinkage_raked
49,44,true,0.000000000094,0.003010711464,true,true,2018,T1_no_point_shrinkage_raked
50,45,true,0.000000000094,0.001363003328,true,true,2018,T1_no_point_shrinkage_raked
51,42,true,0.000000000083,0.002618986196,true,true,2018,T1_no_point_shrinkage_raked
52,43,true,0.000000000081,0.003877397406,true,true,2018,T1_no_point_shrinkage_raked
53,43,true,0.000000000097,0.002882338645,true,true,2018,T1_no_point_shrinkage_raked
54,40,true,0.000000000083,0.002302649662,true,true,2018,T1_no_point_shrinkage_raked
55,36,true,0.000000000086,0.002712323407,true,true,2018,T1_no_point_shrinkage_raked
56,45,true,0.000000000083,0.002139626598,true,true,2018,T1_no_point_shrinkage_raked
57,35,true,0.000000000086,0.003186270538,true,true,2018,T1_no_point_shrinkage_raked
58,42,true,0.000000000080,0.002304090965,true,true,2018,T1_no_point_shrinkage_raked
59,45,true,0.000000000094,0.002405943687,true,true,2018,T1_no_point_shrinkage_raked
60,40,true,0.000000000079,0.001612477670,true,true,2018,T1_no_point_shrinkage_raked
61,37,true,0.000000000085,0.005170425312,true,true,2018,T1_no_point_shrinkage_raked
62,45,true,0.000000000091,0.003950593590,true,true,2018,T1_no_point_shrinkage_raked
63,36,true,0.000000000085,0.002288412337,true,true,2018,T1_no_point_shrinkage_raked
64,45,true,0.000000000077,0.003236055572,true,true,2018,T1_no_point_shrinkage_raked
65,45,true,0.000000000100,0.002836747471,true,true,2018,T1_no_point_shrinkage_raked
66,42,true,0.000000000067,0.004981122294,true,true,2018,T1_no_point_shrinkage_raked
67,46,true,0.000000000074,0.002675451828,true,true,2018,T1_no_point_shrinkage_raked
68,45,true,0.000000000091,0.000945614636,true,true,2018,T1_no_point_shrinkage_raked
69,40,true,0.000000000084,0.002570466059,true,true,2018,T1_no_point_shrinkage_raked
70,40,true,0.000000000092,0.001847317910,true,true,2018,T1_no_point_shrinkage_raked
71,46,true,0.000000000077,0.005759252712,true,true,2018,T1_no_point_shrinkage_raked
72,45,true,0.000000000081,0.001960048083,true,true,2018,T1_no_point_shrinkage_raked
73,43,true,0.000000000077,0.001842093296,true,true,2018,T1_no_point_shrinkage_raked
74,30,true,0.000000000075,0.001302193957,true,true,2018,T1_no_point_shrinkage_raked
75,41,true,0.000000000087,0.002459248537,true,true,2018,T1_no_point_shrinkage_raked
76,42,true,0.000000000085,0.001755025374,true,true,2018,T1_no_point_shrinkage_raked
77,47,true,0.000000000068,0.002077270371,true,true,2018,T1_no_point_shrinkage_raked
78,48,true,0.000000000094,0.006065917837,true,true,2018,T1_no_point_shrinkage_raked
79,46,true,0.000000000077,0.004271612615,true,true,2018,T1_no_point_shrinkage_raked
80,41,true,0.000000000078,0.001876380208,true,true,2018,T1_no_point_shrinkage_raked
81,48,true,0.000000000077,0.003220293127,true,true,2018,T1_no_point_shrinkage_raked
82,45,true,0.000000000072,0.003197518755,true,true,2018,T1_no_point_shrinkage_raked
83,45,true,0.000000000090,0.003562339391,true,true,2018,T1_no_point_shrinkage_raked
84,35,true,0.000000000086,0.004115965016,true,true,2018,T1_no_point_shrinkage_raked
85,43,true,0.000000000077,0.004091688434,true,true,2018,T1_no_point_shrinkage_raked
86,41,true,0.000000000097,0.001419238255,true,true,2018,T1_no_point_shrinkage_raked
87,36,true,0.000000000084,0.003893017001,true,true,2018,T1_no_point_shrinkage_raked
88,45,true,0.000000000100,0.002497730607,true,true,2018,T1_no_point_shrinkage_raked
89,41,true,0.000000000094,0.001102092717,true,true,2018,T1_no_point_shrinkage_raked
90,41,true,0.000000000074,0.004020928245,true,true,2018,T1_no_point_shrinkage_raked
91,41,true,0.000000000071,0.002932591088,true,true,2018,T1_no_point_shrinkage_raked
92,46,true,0.000000000083,0.001330604240,true,true,2018,T1_no_point_shrinkage_raked
93,40,true,0.000000000099,0.001459314339,true,true,2018,T1_no_point_shrinkage_raked
94,43,true,0.000000000084,0.002685972751,true,true,2018,T1_no_point_shrinkage_raked
95,39,true,0.000000000080,0.004722075541,true,true,2018,T1_no_point_shrinkage_raked
96,29,true,0.000000000099,0.003906754755,true,true,2018,T1_no_point_shrinkage_raked
97,44,true,0.000000000077,0.002652418016,true,true,2018,T1_no_point_shrinkage_raked
98,43,true,0.000000000078,0.002178918399,true,true,2018,T1_no_point_shrinkage_raked
99,41,true,0.000000000085,0.005775851224,true,true,2018,T1_no_point_shrinkage_raked
100,46,true,0.000000000093,0.001956632144,true,true,2018,T1_no_point_shrinkage_raked
101,38,true,0.000000000095,0.004570698696,true,true,2018,T1_no_point_shrinkage_raked
102,43,true,0.000000000086,0.002868507757,true,true,2018,T1_no_point_shrinkage_raked
103,37,true,0.000000000079,0.002126137544,true,true,2018,T1_no_point_shrinkage_raked
104,43,true,0.000000000083,0.003020185224,true,true,2018,T1_no_point_shrinkage_raked
105,44,true,0.000000000067,0.003875013918,true,true,2018,T1_no_point_shrinkage_raked
106,43,true,0.000000000082,0.002270098789,true,true,2018,T1_no_point_shrinkage_raked
107,45,true,0.000000000087,0.001277957334,true,true,2018,T1_no_point_shrinkage_raked
108,41,true,0.000000000086,0.003204922668,true,true,2018,T1_no_point_shrinkage_raked
109,41,true,0.000000000092,0.003736255897,true,true,2018,T1_no_point_shrinkage_raked
110,34,true,0.000000000093,0.003580914283,true,true,2018,T1_no_point_shrinkage_raked
111,43,true,0.000000000079,0.003272922450,true,true,2018,T1_no_point_shrinkage_raked
112,47,true,0.000000000079,0.004093050584,true,true,2018,T1_no_point_shrinkage_raked
113,43,true,0.000000000085,0.002239118601,true,true,2018,T1_no_point_shrinkage_raked
114,37,true,0.000000000086,0.002699388550,true,true,2018,T1_no_point_shrinkage_raked
115,46,true,0.000000000083,0.002196579059,true,true,2018,T1_no_point_shrinkage_raked
116,43,true,0.000000000100,0.003944528246,true,true,2018,T1_no_point_shrinkage_raked
117,38,true,0.000000000098,0.004525094747,true,true,2018,T1_no_point_shrinkage_raked
118,42,true,0.000000000079,0.002938290695,true,true,2018,T1_no_point_shrinkage_raked
119,42,true,0.000000000077,0.002678892153,true,true,2018,T1_no_point_shrinkage_raked
120,42,true,0.000000000071,0.004552757820,true,true,2018,T1_no_point_shrinkage_raked
121,41,true,0.000000000091,0.003081612230,true,true,2018,T1_no_point_shrinkage_raked
122,43,true,0.000000000069,0.001005040574,true,true,2018,T1_no_point_shrinkage_raked
123,47,true,0.000000000069,0.002696425523,true,true,2018,T1_no_point_shrinkage_raked
124,41,true,0.000000000073,0.001134211738,true,true,2018,T1_no_point_shrinkage_raked
125,42,true,0.000000000089,0.002191825050,true,true,2018,T1_no_point_shrinkage_raked
126,40,true,0.000000000073,0.001464509310,true,true,2018,T1_no_point_shrinkage_raked
127,45,true,0.000000000076,0.001374797464,true,true,2018,T1_no_point_shrinkage_raked
128,41,true,0.000000000080,0.001101889155,true,true,2018,T1_no_point_shrinkage_raked
129,40,true,0.000000000099,0.003709243788,true,true,2018,T1_no_point_shrinkage_raked
130,42,true,0.000000000087,0.000872565368,true,true,2018,T1_no_point_shrinkage_raked
131,45,true,0.000000000095,0.000937789555,true,true,2018,T1_no_point_shrinkage_raked
132,42,true,0.000000000084,0.005804900091,true,true,2018,T1_no_point_shrinkage_raked
133,34,true,0.000000000077,0.003086069992,true,true,2018,T1_no_point_shrinkage_raked
134,45,true,0.000000000094,0.004593232993,true,true,2018,T1_no_point_shrinkage_raked
135,40,true,0.000000000072,0.003176933007,true,true,2018,T1_no_point_shrinkage_raked
136,43,true,0.000000000076,0.002333667183,true,true,2018,T1_no_point_shrinkage_raked
137,44,true,0.000000000096,0.002147933224,true,true,2018,T1_no_point_shrinkage_raked
138,42,true,0.000000000080,0.003964788953,true,true,2018,T1_no_point_shrinkage_raked
139,41,true,0.000000000072,0.004580104620,true,true,2018,T1_no_point_shrinkage_raked
140,45,true,0.000000000096,0.004248963660,true,true,2018,T1_no_point_shrinkage_raked
141,45,true,0.000000000091,0.001787341354,true,true,2018,T1_no_point_shrinkage_raked
142,44,true,0.000000000071,0.002559874018,true,true,2018,T1_no_point_shrinkage_raked
143,43,true,0.000000000086,0.002842194459,true,true,2018,T1_no_point_shrinkage_raked
144,42,true,0.000000000065,0.002334420436,true,true,2018,T1_no_point_shrinkage_raked
145,45,true,0.000000000099,0.004441517888,true,true,2018,T1_no_point_shrinkage_raked
146,46,true,0.000000000085,0.002244268460,true,true,2018,T1_no_point_shrinkage_raked
147,37,true,0.000000000098,0.002905897126,true,true,2018,T1_no_point_shrinkage_raked
148,46,true,0.000000000081,0.001092496969,true,true,2018,T1_no_point_shrinkage_raked
149,45,true,0.000000000093,0.002637118037,true,true,2018,T1_no_point_shrinkage_raked
150,44,true,0.000000000067,0.002574632405,true,true,2018,T1_no_point_shrinkage_raked
151,35,true,0.000000000084,0.002689364116,true,true,2018,T1_no_point_shrinkage_raked
152,44,true,0.000000000075,0.003067756053,true,true,2018,T1_no_point_shrinkage_raked
153,41,true,0.000000000091,0.002822067550,true,true,2018,T1_no_point_shrinkage_raked
154,39,true,0.000000000067,0.003026977429,true,true,2018,T1_no_point_shrinkage_raked
155,39,true,0.000000000075,0.004122114779,true,true,2018,T1_no_point_shrinkage_raked
156,40,true,0.000000000065,0.003245929616,true,true,2018,T1_no_point_shrinkage_raked
157,42,true,0.000000000076,0.003599369662,true,true,2018,T1_no_point_shrinkage_raked
158,38,true,0.000000000093,0.002033811234,true,true,2018,T1_no_point_shrinkage_raked
159,45,true,0.000000000093,0.001760462424,true,true,2018,T1_no_point_shrinkage_raked
160,43,true,0.000000000099,0.003149389651,true,true,2018,T1_no_point_shrinkage_raked
161,44,true,0.000000000072,0.002386983769,true,true,2018,T1_no_point_shrinkage_raked
162,36,true,0.000000000100,0.003152039764,true,true,2018,T1_no_point_shrinkage_raked
163,44,true,0.000000000069,0.003544304251,true,true,2018,T1_no_point_shrinkage_raked
164,50,true,0.000000000073,0.003398668010,true,true,2018,T1_no_point_shrinkage_raked
165,39,true,0.000000000079,0.005248763461,true,true,2018,T1_no_point_shrinkage_raked
166,39,true,0.000000000087,0.002674235552,true,true,2018,T1_no_point_shrinkage_raked
167,44,true,0.000000000069,0.002925408974,true,true,2018,T1_no_point_shrinkage_raked
168,45,true,0.000000000076,0.004421054976,true,true,2018,T1_no_point_shrinkage_raked
169,49,true,0.000000000072,0.004468364017,true,true,2018,T1_no_point_shrinkage_raked
170,42,true,0.000000000087,0.002551845264,true,true,2018,T1_no_point_shrinkage_raked
171,47,true,0.000000000073,0.003074832905,true,true,2018,T1_no_point_shrinkage_raked
172,45,true,0.000000000090,0.002527792277,true,true,2018,T1_no_point_shrinkage_raked
173,45,true,0.000000000075,0.005088886127,true,true,2018,T1_no_point_shrinkage_raked
174,44,true,0.000000000084,0.004811258153,true,true,2018,T1_no_point_shrinkage_raked
175,37,true,0.000000000098,0.002075690396,true,true,2018,T1_no_point_shrinkage_raked
176,43,true,0.000000000094,0.001955237806,true,true,2018,T1_no_point_shrinkage_raked
177,44,true,0.000000000094,0.001982382839,true,true,2018,T1_no_point_shrinkage_raked
178,43,true,0.000000000097,0.004195832026,true,true,2018,T1_no_point_shrinkage_raked
179,49,true,0.000000000086,0.003788443651,true,true,2018,T1_no_point_shrinkage_raked
180,38,true,0.000000000068,0.001755012770,true,true,2018,T1_no_point_shrinkage_raked
181,46,true,0.000000000078,0.004773049951,true,true,2018,T1_no_point_shrinkage_raked
182,40,true,0.000000000098,0.002097085748,true,true,2018,T1_no_point_shrinkage_raked
183,42,true,0.000000000071,0.003356285784,true,true,2018,T1_no_point_shrinkage_raked
184,37,true,0.000000000086,0.004114655438,true,true,2018,T1_no_point_shrinkage_raked
185,48,true,0.000000000076,0.003649293804,true,true,2018,T1_no_point_shrinkage_raked
186,41,true,0.000000000066,0.001710699401,true,true,2018,T1_no_point_shrinkage_raked
187,46,true,0.000000000095,0.002915707758,true,true,2018,T1_no_point_shrinkage_raked
188,44,true,0.000000000089,0.002338332903,true,true,2018,T1_no_point_shrinkage_raked
189,42,true,0.000000000096,0.004763743911,true,true,2018,T1_no_point_shrinkage_raked
190,40,true,0.000000000081,0.002098633629,true,true,2018,T1_no_point_shrinkage_raked
191,43,true,0.000000000074,0.002480099095,true,true,2018,T1_no_point_shrinkage_raked
192,39,true,0.000000000069,0.003525730716,true,true,2018,T1_no_point_shrinkage_raked
193,45,true,0.000000000071,0.001720652368,true,true,2018,T1_no_point_shrinkage_raked
194,44,true,0.000000000070,0.001679267585,true,true,2018,T1_no_point_shrinkage_raked
195,39,true,0.000000000076,0.002048687068,true,true,2018,T1_no_point_shrinkage_raked
196,40,true,0.000000000079,0.004056263176,true,true,2018,T1_no_point_shrinkage_raked
197,42,true,0.000000000082,0.002063517121,true,true,2018,T1_no_point_shrinkage_raked
198,50,true,0.000000000086,0.002892981425,true,true,2018,T1_no_point_shrinkage_raked
199,44,true,0.000000000077,0.001285616457,true,true,2018,T1_no_point_shrinkage_raked
200,45,true,0.000000000097,0.003585173515,true,true,2018,T1_no_point_shrinkage_raked
201,45,true,0.000000000083,0.002446281201,true,true,2018,T1_no_point_shrinkage_raked
202,46,true,0.000000000072,0.003050784458,true,true,2018,T1_no_point_shrinkage_raked
203,41,true,0.000000000094,0.004127986554,true,true,2018,T1_no_point_shrinkage_raked
204,44,true,0.000000000079,0.005759683869,true,true,2018,T1_no_point_shrinkage_raked
205,43,true,0.000000000084,0.001847852441,true,true,2018,T1_no_point_shrinkage_raked
206,41,true,0.000000000087,0.002055829505,true,true,2018,T1_no_point_shrinkage_raked
207,41,true,0.000000000081,0.004546260483,true,true,2018,T1_no_point_shrinkage_raked
208,37,true,0.000000000093,0.001802400646,true,true,2018,T1_no_point_shrinkage_raked
209,44,true,0.000000000092,0.003606694709,true,true,2018,T1_no_point_shrinkage_raked
210,36,true,0.000000000084,0.002975213875,true,true,2018,T1_no_point_shrinkage_raked
211,43,true,0.000000000070,0.004539928096,true,true,2018,T1_no_point_shrinkage_raked
212,44,true,0.000000000079,0.004183743198,true,true,2018,T1_no_point_shrinkage_raked
213,44,true,0.000000000090,0.002240890489,true,true,2018,T1_no_point_shrinkage_raked
214,38,true,0.000000000068,0.001483866836,true,true,2018,T1_no_point_shrinkage_raked
215,42,true,0.000000000070,0.004033670855,true,true,2018,T1_no_point_shrinkage_raked
216,48,true,0.000000000074,0.005088885502,true,true,2018,T1_no_point_shrinkage_raked
217,40,true,0.000000000099,0.002694510762,true,true,2018,T1_no_point_shrinkage_raked
218,41,true,0.000000000087,0.002409358228,true,true,2018,T1_no_point_shrinkage_raked
219,41,true,0.000000000090,0.001359846793,true,true,2018,T1_no_point_shrinkage_raked
220,44,true,0.000000000070,0.002372822595,true,true,2018,T1_no_point_shrinkage_raked
221,36,true,0.000000000072,0.001115529270,true,true,2018,T1_no_point_shrinkage_raked
222,43,true,0.000000000089,0.002821494390,true,true,2018,T1_no_point_shrinkage_raked
223,42,true,0.000000000084,0.005175359006,true,true,2018,T1_no_point_shrinkage_raked
224,39,true,0.000000000084,0.001101901824,true,true,2018,T1_no_point_shrinkage_raked
225,44,true,0.000000000083,0.002083456232,true,true,2018,T1_no_point_shrinkage_raked
226,43,true,0.000000000096,0.005990146334,true,true,2018,T1_no_point_shrinkage_raked
227,39,true,0.000000000079,0.002344212512,true,true,2018,T1_no_point_shrinkage_raked
228,41,true,0.000000000069,0.001846848532,true,true,2018,T1_no_point_shrinkage_raked
229,41,true,0.000000000098,0.004165248026,true,true,2018,T1_no_point_shrinkage_raked
230,43,true,0.000000000070,0.000805122978,true,true,2018,T1_no_point_shrinkage_raked
231,36,true,0.000000000078,0.004106259234,true,true,2018,T1_no_point_shrinkage_raked
232,42,true,0.000000000085,0.002112646746,true,true,2018,T1_no_point_shrinkage_raked
233,45,true,0.000000000071,0.003119011413,true,true,2018,T1_no_point_shrinkage_raked
234,44,true,0.000000000081,0.002518149202,true,true,2018,T1_no_point_shrinkage_raked
235,41,true,0.000000000097,0.003449343289,true,true,2018,T1_no_point_shrinkage_raked
236,41,true,0.000000000076,0.002460610873,true,true,2018,T1_no_point_shrinkage_raked
237,44,true,0.000000000085,0.004948754137,true,true,2018,T1_no_point_shrinkage_raked
238,37,true,0.000000000082,0.002370553944,true,true,2018,T1_no_point_shrinkage_raked
239,45,true,0.000000000087,0.002899459789,true,true,2018,T1_no_point_shrinkage_raked
240,43,true,0.000000000072,0.003118401341,true,true,2018,T1_no_point_shrinkage_raked
241,41,true,0.000000000096,0.003436227772,true,true,2018,T1_no_point_shrinkage_raked
242,44,true,0.000000000077,0.001990061784,true,true,2018,T1_no_point_shrinkage_raked
243,37,true,0.000000000097,0.002749824517,true,true,2018,T1_no_point_shrinkage_raked
244,44,true,0.000000000078,0.001361050609,true,true,2018,T1_no_point_shrinkage_raked
245,35,true,0.000000000095,0.007372347274,true,true,2018,T1_no_point_shrinkage_raked
246,43,true,0.000000000084,0.004272134629,true,true,2018,T1_no_point_shrinkage_raked
247,44,true,0.000000000077,0.003620556394,true,true,2018,T1_no_point_shrinkage_raked
248,43,true,0.000000000071,0.002165553390,true,true,2018,T1_no_point_shrinkage_raked
249,45,true,0.000000000079,0.006182673617,true,true,2018,T1_no_point_shrinkage_raked
250,46,true,0.000000000087,0.003109491664,true,true,2018,T1_no_point_shrinkage_raked
251,40,true,0.000000000089,0.002015934704,true,true,2018,T1_no_point_shrinkage_raked
252,42,true,0.000000000071,0.002578587104,true,true,2018,T1_no_point_shrinkage_raked
253,43,true,0.000000000078,0.003535372648,true,true,2018,T1_no_point_shrinkage_raked
254,46,true,0.000000000076,0.003124448761,true,true,2018,T1_no_point_shrinkage_raked
255,30,true,0.000000000099,0.002101553557,true,true,2018,T1_no_point_shrinkage_raked
256,38,true,0.000000000072,0.002175008927,true,true,2018,T1_no_point_shrinkage_raked
257,46,true,0.000000000070,0.004003806080,true,true,2018,T1_no_point_shrinkage_raked
258,43,true,0.000000000086,0.002095424855,true,true,2018,T1_no_point_shrinkage_raked
259,40,true,0.000000000079,0.004322802168,true,true,2018,T1_no_point_shrinkage_raked
260,42,true,0.000000000090,0.001870396479,true,true,2018,T1_no_point_shrinkage_raked
261,41,true,0.000000000087,0.003360567545,true,true,2018,T1_no_point_shrinkage_raked
262,48,true,0.000000000079,0.002843826142,true,true,2018,T1_no_point_shrinkage_raked
263,36,true,0.000000000084,0.003214044712,true,true,2018,T1_no_point_shrinkage_raked
264,38,true,0.000000000069,0.003054179712,true,true,2018,T1_no_point_shrinkage_raked
265,45,true,0.000000000097,0.001731877801,true,true,2018,T1_no_point_shrinkage_raked
266,42,true,0.000000000079,0.001937152209,true,true,2018,T1_no_point_shrinkage_raked
267,44,true,0.000000000068,0.002074451200,true,true,2018,T1_no_point_shrinkage_raked
268,43,true,0.000000000070,0.001277703496,true,true,2018,T1_no_point_shrinkage_raked
269,39,true,0.000000000073,0.001731348433,true,true,2018,T1_no_point_shrinkage_raked
270,44,true,0.000000000080,0.004661287660,true,true,2018,T1_no_point_shrinkage_raked
271,39,true,0.000000000096,0.002067168536,true,true,2018,T1_no_point_shrinkage_raked
272,30,true,0.000000000088,0.004353789848,true,true,2018,T1_no_point_shrinkage_raked
273,38,true,0.000000000081,0.004385289754,true,true,2018,T1_no_point_shrinkage_raked
274,41,true,0.000000000087,0.002489317798,true,true,2018,T1_no_point_shrinkage_raked
275,43,true,0.000000000089,0.001118126087,true,true,2018,T1_no_point_shrinkage_raked
276,39,true,0.000000000083,0.002543968652,true,true,2018,T1_no_point_shrinkage_raked
277,39,true,0.000000000072,0.002283675883,true,true,2018,T1_no_point_shrinkage_raked
278,42,true,0.000000000097,0.002912260627,true,true,2018,T1_no_point_shrinkage_raked
279,46,true,0.000000000086,0.004730092964,true,true,2018,T1_no_point_shrinkage_raked
280,43,true,0.000000000090,0.002852025482,true,true,2018,T1_no_point_shrinkage_raked
281,43,true,0.000000000072,0.003327530369,true,true,2018,T1_no_point_shrinkage_raked
282,43,true,0.000000000086,0.003341790082,true,true,2018,T1_no_point_shrinkage_raked
283,47,true,0.000000000069,0.002656484253,true,true,2018,T1_no_point_shrinkage_raked
284,40,true,0.000000000092,0.002716711261,true,true,2018,T1_no_point_shrinkage_raked
285,44,true,0.000000000098,0.002036206798,true,true,2018,T1_no_point_shrinkage_raked
286,44,true,0.000000000084,0.004838070701,true,true,2018,T1_no_point_shrinkage_raked
287,43,true,0.000000000078,0.002194936194,true,true,2018,T1_no_point_shrinkage_raked
288,40,true,0.000000000090,0.005109518775,true,true,2018,T1_no_point_shrinkage_raked
289,42,true,0.000000000085,0.003901819175,true,true,2018,T1_no_point_shrinkage_raked
290,44,true,0.000000000080,0.004467595414,true,true,2018,T1_no_point_shrinkage_raked
291,41,true,0.000000000088,0.002863841761,true,true,2018,T1_no_point_shrinkage_raked
292,49,true,0.000000000071,0.005639599162,true,true,2018,T1_no_point_shrinkage_raked
293,45,true,0.000000000081,0.002644037326,true,true,2018,T1_no_point_shrinkage_raked
294,32,true,0.000000000099,0.003499455243,true,true,2018,T1_no_point_shrinkage_raked
295,41,true,0.000000000069,0.002988406106,true,true,2018,T1_no_point_shrinkage_raked
296,39,true,0.000000000092,0.003755854816,true,true,2018,T1_no_point_shrinkage_raked
297,42,true,0.000000000072,0.002956198847,true,true,2018,T1_no_point_shrinkage_raked
298,41,true,0.000000000071,0.003025183493,true,true,2018,T1_no_point_shrinkage_raked
299,37,true,0.000000000081,0.005290281630,true,true,2018,T1_no_point_shrinkage_raked
300,40,true,0.000000000077,0.001690987891,true,true,2018,T1_no_point_shrinkage_raked
301,40,true,0.000000000070,0.001062144706,true,true,2018,T1_no_point_shrinkage_raked
302,47,true,0.000000000071,0.003364559002,true,true,2018,T1_no_point_shrinkage_raked
303,47,true,0.000000000073,0.002609170020,true,true,2018,T1_no_point_shrinkage_raked
304,37,true,0.000000000078,0.001512614604,true,true,2018,T1_no_point_shrinkage_raked
305,40,true,0.000000000072,0.001582963421,true,true,2018,T1_no_point_shrinkage_raked
306,40,true,0.000000000069,0.003410550818,true,true,2018,T1_no_point_shrinkage_raked
307,44,true,0.000000000091,0.001594142741,true,true,2018,T1_no_point_shrinkage_raked
308,44,true,0.000000000067,0.002816830385,true,true,2018,T1_no_point_shrinkage_raked
309,40,true,0.000000000078,0.002440294150,true,true,2018,T1_no_point_shrinkage_raked
310,44,true,0.000000000069,0.005685441637,true,true,2018,T1_no_point_shrinkage_raked
311,41,true,0.000000000079,0.002999946470,true,true,2018,T1_no_point_shrinkage_raked
312,43,true,0.000000000067,0.004240061111,true,true,2018,T1_no_point_shrinkage_raked
313,43,true,0.000000000085,0.002000847703,true,true,2018,T1_no_point_shrinkage_raked
314,40,true,0.000000000094,0.002111712111,true,true,2018,T1_no_point_shrinkage_raked
315,37,true,0.000000000076,0.001448060952,true,true,2018,T1_no_point_shrinkage_raked
316,45,true,0.000000000078,0.002497344279,true,true,2018,T1_no_point_shrinkage_raked
317,40,true,0.000000000068,0.001984035682,true,true,2018,T1_no_point_shrinkage_raked
318,40,true,0.000000000095,0.003454664852,true,true,2018,T1_no_point_shrinkage_raked
319,42,true,0.000000000075,0.004605518683,true,true,2018,T1_no_point_shrinkage_raked
320,44,true,0.000000000094,0.001396086775,true,true,2018,T1_no_point_shrinkage_raked
321,51,true,0.000000000071,0.003671536771,true,true,2018,T1_no_point_shrinkage_raked
322,45,true,0.000000000083,0.002685373129,true,true,2018,T1_no_point_shrinkage_raked
323,39,true,0.000000000083,0.004345123933,true,true,2018,T1_no_point_shrinkage_raked
324,49,true,0.000000000097,0.003972736839,true,true,2018,T1_no_point_shrinkage_raked
325,44,true,0.000000000087,0.004131279723,true,true,2018,T1_no_point_shrinkage_raked
326,40,true,0.000000000081,0.002384022230,true,true,2018,T1_no_point_shrinkage_raked
327,40,true,0.000000000089,0.005363219196,true,true,2018,T1_no_point_shrinkage_raked
328,45,true,0.000000000091,0.004138702744,true,true,2018,T1_no_point_shrinkage_raked
329,42,true,0.000000000094,0.003593753944,true,true,2018,T1_no_point_shrinkage_raked
330,41,true,0.000000000076,0.004436071345,true,true,2018,T1_no_point_shrinkage_raked
331,45,true,0.000000000073,0.002702761185,true,true,2018,T1_no_point_shrinkage_raked
332,43,true,0.000000000094,0.001320238156,true,true,2018,T1_no_point_shrinkage_raked
333,35,true,0.000000000096,0.002876008314,true,true,2018,T1_no_point_shrinkage_raked
334,47,true,0.000000000095,0.002146777875,true,true,2018,T1_no_point_shrinkage_raked
335,45,true,0.000000000075,0.002087661724,true,true,2018,T1_no_point_shrinkage_raked
336,44,true,0.000000000081,0.003175046804,true,true,2018,T1_no_point_shrinkage_raked
337,49,true,0.000000000094,0.002356595165,true,true,2018,T1_no_point_shrinkage_raked
338,43,true,0.000000000070,0.002738167693,true,true,2018,T1_no_point_shrinkage_raked
339,45,true,0.000000000079,0.002727326889,true,true,2018,T1_no_point_shrinkage_raked
340,38,true,0.000000000098,0.002520625715,true,true,2018,T1_no_point_shrinkage_raked
341,44,true,0.000000000074,0.001539546119,true,true,2018,T1_no_point_shrinkage_raked
342,39,true,0.000000000084,0.002486989695,true,true,2018,T1_no_point_shrinkage_raked
343,46,true,0.000000000077,0.003704875203,true,true,2018,T1_no_point_shrinkage_raked
344,39,true,0.000000000094,0.003942990584,true,true,2018,T1_no_point_shrinkage_raked
345,41,true,0.000000000089,0.002940513563,true,true,2018,T1_no_point_shrinkage_raked
346,38,true,0.000000000095,0.002018447131,true,true,2018,T1_no_point_shrinkage_raked
347,29,true,0.000000000070,0.001593629941,true,true,2018,T1_no_point_shrinkage_raked
348,40,true,0.000000000084,0.005777009256,true,true,2018,T1_no_point_shrinkage_raked
349,40,true,0.000000000100,0.002366452439,true,true,2018,T1_no_point_shrinkage_raked
350,43,true,0.000000000078,0.003989952726,true,true,2018,T1_no_point_shrinkage_raked
351,41,true,0.000000000071,0.003516181066,true,true,2018,T1_no_point_shrinkage_raked
352,36,true,0.000000000099,0.002681607767,true,true,2018,T1_no_point_shrinkage_raked
353,40,true,0.000000000100,0.002362877694,true,true,2018,T1_no_point_shrinkage_raked
354,43,true,0.000000000100,0.003527368038,true,true,2018,T1_no_point_shrinkage_raked
355,42,true,0.000000000093,0.004523351290,true,true,2018,T1_no_point_shrinkage_raked
356,42,true,0.000000000077,0.003370068923,true,true,2018,T1_no_point_shrinkage_raked
357,43,true,0.000000000070,0.003149157696,true,true,2018,T1_no_point_shrinkage_raked
358,42,true,0.000000000074,0.002280107419,true,true,2018,T1_no_point_shrinkage_raked
359,43,true,0.000000000080,0.001996210901,true,true,2018,T1_no_point_shrinkage_raked
360,45,true,0.000000000068,0.003282974651,true,true,2018,T1_no_point_shrinkage_raked
361,44,true,0.000000000090,0.002498209026,true,true,2018,T1_no_point_shrinkage_raked
362,38,true,0.000000000088,0.002257186460,true,true,2018,T1_no_point_shrinkage_raked
363,42,true,0.000000000098,0.005129161242,true,true,2018,T1_no_point_shrinkage_raked
364,47,true,0.000000000099,0.001000117572,true,true,2018,T1_no_point_shrinkage_raked
365,44,true,0.000000000085,0.001206752888,true,true,2018,T1_no_point_shrinkage_raked
366,36,true,0.000000000070,0.002585785496,true,true,2018,T1_no_point_shrinkage_raked
367,41,true,0.000000000065,0.002456368378,true,true,2018,T1_no_point_shrinkage_raked
368,39,true,0.000000000086,0.001354168460,true,true,2018,T1_no_point_shrinkage_raked
369,37,true,0.000000000082,0.003746668185,true,true,2018,T1_no_point_shrinkage_raked
370,44,true,0.000000000072,0.002479059032,true,true,2018,T1_no_point_shrinkage_raked
371,40,true,0.000000000098,0.002978481620,true,true,2018,T1_no_point_shrinkage_raked
372,39,true,0.000000000070,0.002325714941,true,true,2018,T1_no_point_shrinkage_raked
373,40,true,0.000000000084,0.001284265402,true,true,2018,T1_no_point_shrinkage_raked
374,35,true,0.000000000093,0.002923837197,true,true,2018,T1_no_point_shrinkage_raked
375,42,true,0.000000000086,0.002909597964,true,true,2018,T1_no_point_shrinkage_raked
376,42,true,0.000000000094,0.003540491875,true,true,2018,T1_no_point_shrinkage_raked
377,45,true,0.000000000067,0.002371153099,true,true,2018,T1_no_point_shrinkage_raked
378,43,true,0.000000000079,0.003489536601,true,true,2018,T1_no_point_shrinkage_raked
379,38,true,0.000000000087,0.005804129229,true,true,2018,T1_no_point_shrinkage_raked
380,42,true,0.000000000084,0.003747960243,true,true,2018,T1_no_point_shrinkage_raked
381,43,true,0.000000000069,0.004632480830,true,true,2018,T1_no_point_shrinkage_raked
382,45,true,0.000000000082,0.002875279074,true,true,2018,T1_no_point_shrinkage_raked
383,43,true,0.000000000097,0.003933962621,true,true,2018,T1_no_point_shrinkage_raked
384,37,true,0.000000000070,0.003821563918,true,true,2018,T1_no_point_shrinkage_raked
385,42,true,0.000000000082,0.002647379913,true,true,2018,T1_no_point_shrinkage_raked
386,42,true,0.000000000075,0.003656533169,true,true,2018,T1_no_point_shrinkage_raked
387,44,true,0.000000000073,0.004206830443,true,true,2018,T1_no_point_shrinkage_raked
388,46,true,0.000000000076,0.003812475281,true,true,2018,T1_no_point_shrinkage_raked
389,45,true,0.000000000076,0.004312079774,true,true,2018,T1_no_point_shrinkage_raked
390,40,true,0.000000000086,0.003221305346,true,true,2018,T1_no_point_shrinkage_raked
391,45,true,0.000000000070,0.002767691611,true,true,2018,T1_no_point_shrinkage_raked
392,43,true,0.000000000099,0.002520976686,true,true,2018,T1_no_point_shrinkage_raked
393,39,true,0.000000000089,0.001714624520,true,true,2018,T1_no_point_shrinkage_raked
394,42,true,0.000000000081,0.001271070601,true,true,2018,T1_no_point_shrinkage_raked
395,44,true,0.000000000073,0.003811641597,true,true,2018,T1_no_point_shrinkage_raked
396,45,true,0.000000000071,0.003174452612,true,true,2018,T1_no_point_shrinkage_raked
397,45,true,0.000000000088,0.005515533169,true,true,2018,T1_no_point_shrinkage_raked
398,40,true,0.000000000084,0.001111776242,true,true,2018,T1_no_point_shrinkage_raked
399,39,true,0.000000000080,0.004544574908,true,true,2018,T1_no_point_shrinkage_raked
400,42,true,0.000000000085,0.002111206362,true,true,2018,T1_no_point_shrinkage_raked
401,46,true,0.000000000075,0.002676131493,true,true,2018,T1_no_point_shrinkage_raked
402,45,true,0.000000000070,0.002954125248,true,true,2018,T1_no_point_shrinkage_raked
403,40,true,0.000000000069,0.003179865233,true,true,2018,T1_no_point_shrinkage_raked
404,44,true,0.000000000100,0.001924757356,true,true,2018,T1_no_point_shrinkage_raked
405,42,true,0.000000000086,0.003469258309,true,true,2018,T1_no_point_shrinkage_raked
406,40,true,0.000000000070,0.004514961793,true,true,2018,T1_no_point_shrinkage_raked
407,42,true,0.000000000071,0.001591952134,true,true,2018,T1_no_point_shrinkage_raked
408,44,true,0.000000000099,0.004648472285,true,true,2018,T1_no_point_shrinkage_raked
409,43,true,0.000000000068,0.003600163300,true,true,2018,T1_no_point_shrinkage_raked
410,41,true,0.000000000095,0.003977026314,true,true,2018,T1_no_point_shrinkage_raked
411,42,true,0.000000000081,0.004987879228,true,true,2018,T1_no_point_shrinkage_raked
412,38,true,0.000000000081,0.001274939587,true,true,2018,T1_no_point_shrinkage_raked
413,40,true,0.000000000079,0.002283957926,true,true,2018,T1_no_point_shrinkage_raked
414,46,true,0.000000000084,0.002367526339,true,true,2018,T1_no_point_shrinkage_raked
415,38,true,0.000000000066,0.007737771653,true,true,2018,T1_no_point_shrinkage_raked
416,39,true,0.000000000075,0.001823179205,true,true,2018,T1_no_point_shrinkage_raked
417,44,true,0.000000000070,0.001775830189,true,true,2018,T1_no_point_shrinkage_raked
418,41,true,0.000000000098,0.005831685467,true,true,2018,T1_no_point_shrinkage_raked
419,43,true,0.000000000090,0.003090440125,true,true,2018,T1_no_point_shrinkage_raked
420,44,true,0.000000000077,0.002188285346,true,true,2018,T1_no_point_shrinkage_raked
421,42,true,0.000000000093,0.001913184350,true,true,2018,T1_no_point_shrinkage_raked
422,43,true,0.000000000091,0.001747216649,true,true,2018,T1_no_point_shrinkage_raked
423,45,true,0.000000000086,0.003700299154,true,true,2018,T1_no_point_shrinkage_raked
424,42,true,0.000000000092,0.005036422620,true,true,2018,T1_no_point_shrinkage_raked
425,44,true,0.000000000073,0.001978152767,true,true,2018,T1_no_point_shrinkage_raked
426,43,true,0.000000000071,0.002665460273,true,true,2018,T1_no_point_shrinkage_raked
427,43,true,0.000000000070,0.002260261575,true,true,2018,T1_no_point_shrinkage_raked
428,46,true,0.000000000072,0.002980582868,true,true,2018,T1_no_point_shrinkage_raked
429,42,true,0.000000000095,0.001341063505,true,true,2018,T1_no_point_shrinkage_raked
430,39,true,0.000000000079,0.001657177654,true,true,2018,T1_no_point_shrinkage_raked
431,38,true,0.000000000096,0.001724036284,true,true,2018,T1_no_point_shrinkage_raked
432,40,true,0.000000000089,0.004407465476,true,true,2018,T1_no_point_shrinkage_raked
433,44,true,0.000000000074,0.003362341723,true,true,2018,T1_no_point_shrinkage_raked
434,45,true,0.000000000080,0.003842265842,true,true,2018,T1_no_point_shrinkage_raked
435,42,true,0.000000000075,0.002132833127,true,true,2018,T1_no_point_shrinkage_raked
436,42,true,0.000000000098,0.001888056260,true,true,2018,T1_no_point_shrinkage_raked
437,47,true,0.000000000096,0.001444586711,true,true,2018,T1_no_point_shrinkage_raked
438,45,true,0.000000000087,0.003183076057,true,true,2018,T1_no_point_shrinkage_raked
439,42,true,0.000000000094,0.001184164462,true,true,2018,T1_no_point_shrinkage_raked
440,45,true,0.000000000088,0.002149344578,true,true,2018,T1_no_point_shrinkage_raked
441,42,true,0.000000000081,0.002456974091,true,true,2018,T1_no_point_shrinkage_raked
442,43,true,0.000000000069,0.001488131071,true,true,2018,T1_no_point_shrinkage_raked
443,38,true,0.000000000091,0.002558729145,true,true,2018,T1_no_point_shrinkage_raked
444,39,true,0.000000000068,0.004307175985,true,true,2018,T1_no_point_shrinkage_raked
445,41,true,0.000000000076,0.003010158677,true,true,2018,T1_no_point_shrinkage_raked
446,43,true,0.000000000087,0.002186013139,true,true,2018,T1_no_point_shrinkage_raked
447,45,true,0.000000000088,0.002268915989,true,true,2018,T1_no_point_shrinkage_raked
448,45,true,0.000000000084,0.001888887997,true,true,2018,T1_no_point_shrinkage_raked
449,45,true,0.000000000076,0.002202557169,true,true,2018,T1_no_point_shrinkage_raked
450,45,true,0.000000000099,0.001426846643,true,true,2018,T1_no_point_shrinkage_raked
451,40,true,0.000000000077,0.002280093975,true,true,2018,T1_no_point_shrinkage_raked
452,34,true,0.000000000076,0.002614526176,true,true,2018,T1_no_point_shrinkage_raked
453,48,true,0.000000000085,0.002926821879,true,true,2018,T1_no_point_shrinkage_raked
454,42,true,0.000000000081,0.001624308794,true,true,2018,T1_no_point_shrinkage_raked
455,43,true,0.000000000072,0.003254957184,true,true,2018,T1_no_point_shrinkage_raked
456,44,true,0.000000000083,0.001741880875,true,true,2018,T1_no_point_shrinkage_raked
457,43,true,0.000000000069,0.004189214140,true,true,2018,T1_no_point_shrinkage_raked
458,43,true,0.000000000080,0.004067289424,true,true,2018,T1_no_point_shrinkage_raked
459,41,true,0.000000000078,0.001774325164,true,true,2018,T1_no_point_shrinkage_raked
460,43,true,0.000000000089,0.003196480533,true,true,2018,T1_no_point_shrinkage_raked
461,48,true,0.000000000084,0.003495199403,true,true,2018,T1_no_point_shrinkage_raked
462,44,true,0.000000000082,0.001218554444,true,true,2018,T1_no_point_shrinkage_raked
463,37,true,0.000000000067,0.002812618248,true,true,2018,T1_no_point_shrinkage_raked
464,35,true,0.000000000068,0.003262379560,true,true,2018,T1_no_point_shrinkage_raked
465,34,true,0.000000000084,0.002740022765,true,true,2018,T1_no_point_shrinkage_raked
466,45,true,0.000000000070,0.004024954242,true,true,2018,T1_no_point_shrinkage_raked
467,42,true,0.000000000067,0.003660790585,true,true,2018,T1_no_point_shrinkage_raked
468,42,true,0.000000000072,0.001885468988,true,true,2018,T1_no_point_shrinkage_raked
469,46,true,0.000000000075,0.003478429520,true,true,2018,T1_no_point_shrinkage_raked
470,45,true,0.000000000092,0.003308681570,true,true,2018,T1_no_point_shrinkage_raked
471,45,true,0.000000000090,0.002196212853,true,true,2018,T1_no_point_shrinkage_raked
472,47,true,0.000000000077,0.002468717753,true,true,2018,T1_no_point_shrinkage_raked
473,44,true,0.000000000086,0.005581107906,true,true,2018,T1_no_point_shrinkage_raked
474,42,true,0.000000000080,0.003133922197,true,true,2018,T1_no_point_shrinkage_raked
475,44,true,0.000000000089,0.004214182792,true,true,2018,T1_no_point_shrinkage_raked
476,46,true,0.000000000081,0.002148329607,true,true,2018,T1_no_point_shrinkage_raked
477,39,true,0.000000000076,0.001561558134,true,true,2018,T1_no_point_shrinkage_raked
478,43,true,0.000000000085,0.001513861908,true,true,2018,T1_no_point_shrinkage_raked
479,38,true,0.000000000092,0.003434407889,true,true,2018,T1_no_point_shrinkage_raked
480,45,true,0.000000000073,0.003232595326,true,true,2018,T1_no_point_shrinkage_raked
481,34,true,0.000000000097,0.001487064450,true,true,2018,T1_no_point_shrinkage_raked
482,43,true,0.000000000094,0.004469540529,true,true,2018,T1_no_point_shrinkage_raked
483,42,true,0.000000000095,0.003227245310,true,true,2018,T1_no_point_shrinkage_raked
484,35,true,0.000000000075,0.002105596885,true,true,2018,T1_no_point_shrinkage_raked
485,44,true,0.000000000083,0.003794408900,true,true,2018,T1_no_point_shrinkage_raked
486,43,true,0.000000000088,0.002220999211,true,true,2018,T1_no_point_shrinkage_raked
487,42,true,0.000000000079,0.004290942688,true,true,2018,T1_no_point_shrinkage_raked
488,43,true,0.000000000098,0.002247227237,true,true,2018,T1_no_point_shrinkage_raked
489,42,true,0.000000000072,0.002682049060,true,true,2018,T1_no_point_shrinkage_raked
490,43,true,0.000000000098,0.002695356220,true,true,2018,T1_no_point_shrinkage_raked
491,44,true,0.000000000077,0.004760238915,true,true,2018,T1_no_point_shrinkage_raked
492,46,true,0.000000000081,0.003348175010,true,true,2018,T1_no_point_shrinkage_raked
493,43,true,0.000000000092,0.001716717431,true,true,2018,T1_no_point_shrinkage_raked
494,40,true,0.000000000083,0.003745509858,true,true,2018,T1_no_point_shrinkage_raked
495,45,true,0.000000000088,0.003798738812,true,true,2018,T1_no_point_shrinkage_raked
496,44,true,0.000000000090,0.005241709634,true,true,2018,T1_no_point_shrinkage_raked
497,39,true,0.000000000082,0.002128346153,true,true,2018,T1_no_point_shrinkage_raked
498,44,true,0.000000000091,0.001341642449,true,true,2018,T1_no_point_shrinkage_raked
499,46,true,0.000000000069,0.002229086855,true,true,2018,T1_no_point_shrinkage_raked
500,39,true,0.000000000098,0.004371425788,true,true,2018,T1_no_point_shrinkage_raked
501,43,true,0.000000000094,0.003948780197,true,true,2018,T1_no_point_shrinkage_raked
502,37,true,0.000000000093,0.002879856928,true,true,2018,T1_no_point_shrinkage_raked
503,46,true,0.000000000082,0.007430343827,true,true,2018,T1_no_point_shrinkage_raked
504,40,true,0.000000000070,0.001850508183,true,true,2018,T1_no_point_shrinkage_raked
505,35,true,0.000000000080,0.004323220551,true,true,2018,T1_no_point_shrinkage_raked
506,41,true,0.000000000068,0.006056611125,true,true,2018,T1_no_point_shrinkage_raked
507,42,true,0.000000000068,0.002662891845,true,true,2018,T1_no_point_shrinkage_raked
508,40,true,0.000000000088,0.003574999456,true,true,2018,T1_no_point_shrinkage_raked
509,39,true,0.000000000088,0.004183558480,true,true,2018,T1_no_point_shrinkage_raked
510,46,true,0.000000000072,0.002666851463,true,true,2018,T1_no_point_shrinkage_raked
511,42,true,0.000000000099,0.002421153684,true,true,2018,T1_no_point_shrinkage_raked
512,48,true,0.000000000090,0.002661991166,true,true,2018,T1_no_point_shrinkage_raked
513,48,true,0.000000000072,0.002788853548,true,true,2018,T1_no_point_shrinkage_raked
514,42,true,0.000000000095,0.003426125395,true,true,2018,T1_no_point_shrinkage_raked
515,45,true,0.000000000094,0.003004409409,true,true,2018,T1_no_point_shrinkage_raked
516,41,true,0.000000000092,0.001935072032,true,true,2018,T1_no_point_shrinkage_raked
517,30,true,0.000000000098,0.002605682678,true,true,2018,T1_no_point_shrinkage_raked
518,44,true,0.000000000098,0.003924016470,true,true,2018,T1_no_point_shrinkage_raked
519,42,true,0.000000000092,0.002426042548,true,true,2018,T1_no_point_shrinkage_raked
520,41,true,0.000000000090,0.001012552851,true,true,2018,T1_no_point_shrinkage_raked
521,37,true,0.000000000085,0.001543251889,true,true,2018,T1_no_point_shrinkage_raked
522,38,true,0.000000000095,0.001327939142,true,true,2018,T1_no_point_shrinkage_raked
523,41,true,0.000000000083,0.002270397186,true,true,2018,T1_no_point_shrinkage_raked
524,42,true,0.000000000079,0.002003730583,true,true,2018,T1_no_point_shrinkage_raked
525,43,true,0.000000000079,0.006669728171,true,true,2018,T1_no_point_shrinkage_raked
526,48,true,0.000000000085,0.000928042012,true,true,2018,T1_no_point_shrinkage_raked
527,38,true,0.000000000086,0.002475194593,true,true,2018,T1_no_point_shrinkage_raked
528,41,true,0.000000000078,0.004214736227,true,true,2018,T1_no_point_shrinkage_raked
529,45,true,0.000000000072,0.002316176488,true,true,2018,T1_no_point_shrinkage_raked
530,46,true,0.000000000078,0.002674482004,true,true,2018,T1_no_point_shrinkage_raked
531,32,true,0.000000000085,0.001708152831,true,true,2018,T1_no_point_shrinkage_raked
532,42,true,0.000000000068,0.003582462260,true,true,2018,T1_no_point_shrinkage_raked
533,43,true,0.000000000071,0.001408017810,true,true,2018,T1_no_point_shrinkage_raked
534,44,true,0.000000000066,0.003403323700,true,true,2018,T1_no_point_shrinkage_raked
535,43,true,0.000000000098,0.004584533477,true,true,2018,T1_no_point_shrinkage_raked
536,43,true,0.000000000090,0.001637781428,true,true,2018,T1_no_point_shrinkage_raked
537,44,true,0.000000000074,0.002603928609,true,true,2018,T1_no_point_shrinkage_raked
538,43,true,0.000000000073,0.003782512271,true,true,2018,T1_no_point_shrinkage_raked
539,44,true,0.000000000071,0.003868430729,true,true,2018,T1_no_point_shrinkage_raked
540,46,true,0.000000000082,0.002180105592,true,true,2018,T1_no_point_shrinkage_raked
541,47,true,0.000000000097,0.003573281409,true,true,2018,T1_no_point_shrinkage_raked
542,42,true,0.000000000085,0.005420037886,true,true,2018,T1_no_point_shrinkage_raked
543,39,true,0.000000000076,0.002851629497,true,true,2018,T1_no_point_shrinkage_raked
544,51,true,0.000000000077,0.002565633719,true,true,2018,T1_no_point_shrinkage_raked
545,44,true,0.000000000069,0.003215685768,true,true,2018,T1_no_point_shrinkage_raked
546,41,true,0.000000000073,0.004630873504,true,true,2018,T1_no_point_shrinkage_raked
547,43,true,0.000000000074,0.001954775814,true,true,2018,T1_no_point_shrinkage_raked
548,45,true,0.000000000081,0.001449207157,true,true,2018,T1_no_point_shrinkage_raked
549,45,true,0.000000000074,0.003147504699,true,true,2018,T1_no_point_shrinkage_raked
550,46,true,0.000000000097,0.002402853233,true,true,2018,T1_no_point_shrinkage_raked
551,44,true,0.000000000100,0.004447013409,true,true,2018,T1_no_point_shrinkage_raked
552,43,true,0.000000000089,0.003593984098,true,true,2018,T1_no_point_shrinkage_raked
553,45,true,0.000000000070,0.003608651653,true,true,2018,T1_no_point_shrinkage_raked
554,43,true,0.000000000089,0.002735731149,true,true,2018,T1_no_point_shrinkage_raked
555,49,true,0.000000000071,0.004492265200,true,true,2018,T1_no_point_shrinkage_raked
556,46,true,0.000000000093,0.003210782772,true,true,2018,T1_no_point_shrinkage_raked
557,40,true,0.000000000074,0.002977557827,true,true,2018,T1_no_point_shrinkage_raked
558,37,true,0.000000000068,0.002020631558,true,true,2018,T1_no_point_shrinkage_raked
559,45,true,0.000000000073,0.000974337924,true,true,2018,T1_no_point_shrinkage_raked
560,34,true,0.000000000099,0.002941287158,true,true,2018,T1_no_point_shrinkage_raked
561,43,true,0.000000000081,0.002335608043,true,true,2018,T1_no_point_shrinkage_raked
562,40,true,0.000000000069,0.001390489201,true,true,2018,T1_no_point_shrinkage_raked
563,45,true,0.000000000069,0.002794794406,true,true,2018,T1_no_point_shrinkage_raked
564,43,true,0.000000000078,0.003358763803,true,true,2018,T1_no_point_shrinkage_raked
565,41,true,0.000000000067,0.003458568715,true,true,2018,T1_no_point_shrinkage_raked
566,46,true,0.000000000099,0.003432639345,true,true,2018,T1_no_point_shrinkage_raked
567,37,true,0.000000000065,0.002319249892,true,true,2018,T1_no_point_shrinkage_raked
568,35,true,0.000000000073,0.004143970121,true,true,2018,T1_no_point_shrinkage_raked
569,42,true,0.000000000092,0.003639048982,true,true,2018,T1_no_point_shrinkage_raked
570,43,true,0.000000000078,0.004525518286,true,true,2018,T1_no_point_shrinkage_raked
571,36,true,0.000000000069,0.003779289263,true,true,2018,T1_no_point_shrinkage_raked
572,42,true,0.000000000067,0.003586317797,true,true,2018,T1_no_point_shrinkage_raked
573,46,true,0.000000000079,0.002140337815,true,true,2018,T1_no_point_shrinkage_raked
574,45,true,0.000000000068,0.003207211302,true,true,2018,T1_no_point_shrinkage_raked
575,45,true,0.000000000074,0.002294423829,true,true,2018,T1_no_point_shrinkage_raked
576,36,true,0.000000000098,0.002394867578,true,true,2018,T1_no_point_shrinkage_raked
577,42,true,0.000000000073,0.002105900873,true,true,2018,T1_no_point_shrinkage_raked
578,44,true,0.000000000081,0.003106195710,true,true,2018,T1_no_point_shrinkage_raked
579,45,true,0.000000000068,0.002049613658,true,true,2018,T1_no_point_shrinkage_raked
580,35,true,0.000000000087,0.000740897037,true,true,2018,T1_no_point_shrinkage_raked
581,45,true,0.000000000086,0.002494237505,true,true,2018,T1_no_point_shrinkage_raked
582,46,true,0.000000000080,0.003749491041,true,true,2018,T1_no_point_shrinkage_raked
583,42,true,0.000000000076,0.005953865336,true,true,2018,T1_no_point_shrinkage_raked
584,44,true,0.000000000089,0.004035170257,true,true,2018,T1_no_point_shrinkage_raked
585,47,true,0.000000000078,0.009069647903,true,true,2018,T1_no_point_shrinkage_raked
586,45,true,0.000000000077,0.002358111916,true,true,2018,T1_no_point_shrinkage_raked
587,45,true,0.000000000079,0.002855318644,true,true,2018,T1_no_point_shrinkage_raked
588,36,true,0.000000000097,0.002311159658,true,true,2018,T1_no_point_shrinkage_raked
589,40,true,0.000000000088,0.003605462759,true,true,2018,T1_no_point_shrinkage_raked
590,45,true,0.000000000090,0.004481871814,true,true,2018,T1_no_point_shrinkage_raked
591,45,true,0.000000000075,0.002206811409,true,true,2018,T1_no_point_shrinkage_raked
592,41,true,0.000000000084,0.001371278765,true,true,2018,T1_no_point_shrinkage_raked
593,37,true,0.000000000077,0.002978432705,true,true,2018,T1_no_point_shrinkage_raked
594,37,true,0.000000000095,0.003889471853,true,true,2018,T1_no_point_shrinkage_raked
595,45,true,0.000000000089,0.003296713805,true,true,2018,T1_no_point_shrinkage_raked
596,44,true,0.000000000068,0.003218784921,true,true,2018,T1_no_point_shrinkage_raked
597,46,true,0.000000000090,0.002787502244,true,true,2018,T1_no_point_shrinkage_raked
598,47,true,0.000000000069,0.005918241165,true,true,2018,T1_no_point_shrinkage_raked
599,45,true,0.000000000100,0.002282073968,true,true,2018,T1_no_point_shrinkage_raked
600,46,true,0.000000000089,0.003957486397,true,true,2018,T1_no_point_shrinkage_raked
601,49,true,0.000000000073,0.002742380069,true,true,2018,T1_no_point_shrinkage_raked
602,44,true,0.000000000079,0.002015603516,true,true,2018,T1_no_point_shrinkage_raked
603,43,true,0.000000000067,0.002820369674,true,true,2018,T1_no_point_shrinkage_raked
604,45,true,0.000000000092,0.002101405838,true,true,2018,T1_no_point_shrinkage_raked
605,42,true,0.000000000091,0.002136872647,true,true,2018,T1_no_point_shrinkage_raked
606,41,true,0.000000000085,0.002881088165,true,true,2018,T1_no_point_shrinkage_raked
607,42,true,0.000000000066,0.003022901110,true,true,2018,T1_no_point_shrinkage_raked
608,43,true,0.000000000094,0.001417023778,true,true,2018,T1_no_point_shrinkage_raked
609,42,true,0.000000000097,0.004812508340,true,true,2018,T1_no_point_shrinkage_raked
610,47,true,0.000000000080,0.002335992883,true,true,2018,T1_no_point_shrinkage_raked
611,43,true,0.000000000098,0.002811787439,true,true,2018,T1_no_point_shrinkage_raked
612,43,true,0.000000000085,0.003275232979,true,true,2018,T1_no_point_shrinkage_raked
613,44,true,0.000000000078,0.005195570466,true,true,2018,T1_no_point_shrinkage_raked
614,46,true,0.000000000089,0.004928816480,true,true,2018,T1_no_point_shrinkage_raked
615,42,true,0.000000000089,0.003826184432,true,true,2018,T1_no_point_shrinkage_raked
616,37,true,0.000000000083,0.005998589046,true,true,2018,T1_no_point_shrinkage_raked
617,41,true,0.000000000067,0.001628200459,true,true,2018,T1_no_point_shrinkage_raked
618,43,true,0.000000000070,0.001947732294,true,true,2018,T1_no_point_shrinkage_raked
619,43,true,0.000000000083,0.002148388735,true,true,2018,T1_no_point_shrinkage_raked
620,48,true,0.000000000071,0.003284481042,true,true,2018,T1_no_point_shrinkage_raked
621,47,true,0.000000000081,0.004325595182,true,true,2018,T1_no_point_shrinkage_raked
622,38,true,0.000000000079,0.002570506063,true,true,2018,T1_no_point_shrinkage_raked
623,39,true,0.000000000072,0.002490805929,true,true,2018,T1_no_point_shrinkage_raked
624,43,true,0.000000000091,0.003592202077,true,true,2018,T1_no_point_shrinkage_raked
625,36,true,0.000000000082,0.001165008212,true,true,2018,T1_no_point_shrinkage_raked
626,40,true,0.000000000085,0.002123130370,true,true,2018,T1_no_point_shrinkage_raked
627,41,true,0.000000000089,0.003105321256,true,true,2018,T1_no_point_shrinkage_raked
628,43,true,0.000000000080,0.003007996385,true,true,2018,T1_no_point_shrinkage_raked
629,46,true,0.000000000090,0.002203733451,true,true,2018,T1_no_point_shrinkage_raked
630,39,true,0.000000000077,0.003014982996,true,true,2018,T1_no_point_shrinkage_raked
631,46,true,0.000000000085,0.003516342455,true,true,2018,T1_no_point_shrinkage_raked
632,42,true,0.000000000071,0.003879567424,true,true,2018,T1_no_point_shrinkage_raked
633,44,true,0.000000000070,0.002875651788,true,true,2018,T1_no_point_shrinkage_raked
634,45,true,0.000000000086,0.002167916242,true,true,2018,T1_no_point_shrinkage_raked
635,38,true,0.000000000085,0.002587777721,true,true,2018,T1_no_point_shrinkage_raked
636,40,true,0.000000000076,0.003161045843,true,true,2018,T1_no_point_shrinkage_raked
637,41,true,0.000000000092,0.004179993206,true,true,2018,T1_no_point_shrinkage_raked
638,43,true,0.000000000068,0.002234022975,true,true,2018,T1_no_point_shrinkage_raked
639,44,true,0.000000000071,0.001553203176,true,true,2018,T1_no_point_shrinkage_raked
640,44,true,0.000000000072,0.003245423234,true,true,2018,T1_no_point_shrinkage_raked
641,38,true,0.000000000073,0.003262636012,true,true,2018,T1_no_point_shrinkage_raked
642,45,true,0.000000000099,0.002343485644,true,true,2018,T1_no_point_shrinkage_raked
643,35,true,0.000000000078,0.002440163543,true,true,2018,T1_no_point_shrinkage_raked
644,43,true,0.000000000085,0.002181942192,true,true,2018,T1_no_point_shrinkage_raked
645,42,true,0.000000000092,0.003332919671,true,true,2018,T1_no_point_shrinkage_raked
646,42,true,0.000000000094,0.005265437198,true,true,2018,T1_no_point_shrinkage_raked
647,38,true,0.000000000071,0.004902521556,true,true,2018,T1_no_point_shrinkage_raked
648,42,true,0.000000000099,0.003835003002,true,true,2018,T1_no_point_shrinkage_raked
649,43,true,0.000000000073,0.005436358664,true,true,2018,T1_no_point_shrinkage_raked
650,44,true,0.000000000079,0.002232322745,true,true,2018,T1_no_point_shrinkage_raked
651,39,true,0.000000000069,0.003702732377,true,true,2018,T1_no_point_shrinkage_raked
652,38,true,0.000000000065,0.001997439262,true,true,2018,T1_no_point_shrinkage_raked
653,44,true,0.000000000069,0.002896031295,true,true,2018,T1_no_point_shrinkage_raked
654,41,true,0.000000000070,0.004224451270,true,true,2018,T1_no_point_shrinkage_raked
655,38,true,0.000000000095,0.002624354797,true,true,2018,T1_no_point_shrinkage_raked
656,43,true,0.000000000087,0.004245748836,true,true,2018,T1_no_point_shrinkage_raked
657,47,true,0.000000000075,0.003790476420,true,true,2018,T1_no_point_shrinkage_raked
658,38,true,0.000000000069,0.002632036294,true,true,2018,T1_no_point_shrinkage_raked
659,44,true,0.000000000086,0.001959843529,true,true,2018,T1_no_point_shrinkage_raked
660,39,true,0.000000000086,0.002043848646,true,true,2018,T1_no_point_shrinkage_raked
661,37,true,0.000000000099,0.001072526234,true,true,2018,T1_no_point_shrinkage_raked
662,45,true,0.000000000072,0.003015465790,true,true,2018,T1_no_point_shrinkage_raked
663,44,true,0.000000000073,0.001296937914,true,true,2018,T1_no_point_shrinkage_raked
664,48,true,0.000000000095,0.005058113719,true,true,2018,T1_no_point_shrinkage_raked
665,44,true,0.000000000071,0.003465220522,true,true,2018,T1_no_point_shrinkage_raked
666,44,true,0.000000000091,0.002012292117,true,true,2018,T1_no_point_shrinkage_raked
667,43,true,0.000000000090,0.001233921528,true,true,2018,T1_no_point_shrinkage_raked
668,42,true,0.000000000099,0.002537067778,true,true,2018,T1_no_point_shrinkage_raked
669,44,true,0.000000000081,0.003025891069,true,true,2018,T1_no_point_shrinkage_raked
670,45,true,0.000000000076,0.003767664497,true,true,2018,T1_no_point_shrinkage_raked
671,43,true,0.000000000068,0.004010547178,true,true,2018,T1_no_point_shrinkage_raked
672,45,true,0.000000000073,0.002781153202,true,true,2018,T1_no_point_shrinkage_raked
673,39,true,0.000000000076,0.002754441770,true,true,2018,T1_no_point_shrinkage_raked
674,42,true,0.000000000084,0.003276398681,true,true,2018,T1_no_point_shrinkage_raked
675,42,true,0.000000000087,0.002069986875,true,true,2018,T1_no_point_shrinkage_raked
676,44,true,0.000000000075,0.003438114080,true,true,2018,T1_no_point_shrinkage_raked
677,48,true,0.000000000079,0.005609272122,true,true,2018,T1_no_point_shrinkage_raked
678,36,true,0.000000000080,0.002287031887,true,true,2018,T1_no_point_shrinkage_raked
679,42,true,0.000000000091,0.002639077458,true,true,2018,T1_no_point_shrinkage_raked
680,44,true,0.000000000076,0.001276654267,true,true,2018,T1_no_point_shrinkage_raked
681,48,true,0.000000000097,0.003756658838,true,true,2018,T1_no_point_shrinkage_raked
682,46,true,0.000000000079,0.003634948448,true,true,2018,T1_no_point_shrinkage_raked
683,41,true,0.000000000078,0.002607614644,true,true,2018,T1_no_point_shrinkage_raked
684,43,true,0.000000000080,0.001497698688,true,true,2018,T1_no_point_shrinkage_raked
685,43,true,0.000000000072,0.003803098365,true,true,2018,T1_no_point_shrinkage_raked
686,43,true,0.000000000081,0.003576679057,true,true,2018,T1_no_point_shrinkage_raked
687,43,true,0.000000000068,0.002026027954,true,true,2018,T1_no_point_shrinkage_raked
688,44,true,0.000000000077,0.001634476517,true,true,2018,T1_no_point_shrinkage_raked
689,45,true,0.000000000079,0.002265883759,true,true,2018,T1_no_point_shrinkage_raked
690,44,true,0.000000000084,0.002905486375,true,true,2018,T1_no_point_shrinkage_raked
691,41,true,0.000000000089,0.001195881980,true,true,2018,T1_no_point_shrinkage_raked
692,44,true,0.000000000081,0.001101690956,true,true,2018,T1_no_point_shrinkage_raked
693,42,true,0.000000000085,0.003354833617,true,true,2018,T1_no_point_shrinkage_raked
694,41,true,0.000000000073,0.002498104096,true,true,2018,T1_no_point_shrinkage_raked
695,44,true,0.000000000084,0.002198188098,true,true,2018,T1_no_point_shrinkage_raked
696,44,true,0.000000000092,0.000915656872,true,true,2018,T1_no_point_shrinkage_raked
697,41,true,0.000000000095,0.002894280487,true,true,2018,T1_no_point_shrinkage_raked
698,44,true,0.000000000078,0.002298174440,true,true,2018,T1_no_point_shrinkage_raked
699,42,true,0.000000000067,0.002563513733,true,true,2018,T1_no_point_shrinkage_raked
700,42,true,0.000000000076,0.004369997937,true,true,2018,T1_no_point_shrinkage_raked
701,41,true,0.000000000097,0.001133962848,true,true,2018,T1_no_point_shrinkage_raked
702,39,true,0.000000000072,0.001701905023,true,true,2018,T1_no_point_shrinkage_raked
703,43,true,0.000000000074,0.001450798386,true,true,2018,T1_no_point_shrinkage_raked
704,45,true,0.000000000084,0.004290854478,true,true,2018,T1_no_point_shrinkage_raked
705,47,true,0.000000000086,0.003449731326,true,true,2018,T1_no_point_shrinkage_raked
706,39,true,0.000000000079,0.003984584791,true,true,2018,T1_no_point_shrinkage_raked
707,34,true,0.000000000094,0.001452325747,true,true,2018,T1_no_point_shrinkage_raked
708,43,true,0.000000000075,0.003771016505,true,true,2018,T1_no_point_shrinkage_raked
709,49,true,0.000000000076,0.003414592408,true,true,2018,T1_no_point_shrinkage_raked
710,44,true,0.000000000083,0.001936114512,true,true,2018,T1_no_point_shrinkage_raked
711,44,true,0.000000000079,0.001373449672,true,true,2018,T1_no_point_shrinkage_raked
712,43,true,0.000000000083,0.004990781298,true,true,2018,T1_no_point_shrinkage_raked
713,40,true,0.000000000091,0.003700776550,true,true,2018,T1_no_point_shrinkage_raked
714,45,true,0.000000000082,0.003688558102,true,true,2018,T1_no_point_shrinkage_raked
715,35,true,0.000000000093,0.002579205351,true,true,2018,T1_no_point_shrinkage_raked
716,40,true,0.000000000074,0.002945529181,true,true,2018,T1_no_point_shrinkage_raked
717,43,true,0.000000000070,0.002500460418,true,true,2018,T1_no_point_shrinkage_raked
718,44,true,0.000000000090,0.002242924618,true,true,2018,T1_no_point_shrinkage_raked
719,40,true,0.000000000068,0.002265529980,true,true,2018,T1_no_point_shrinkage_raked
720,32,true,0.000000000095,0.001852495497,true,true,2018,T1_no_point_shrinkage_raked
721,37,true,0.000000000093,0.003075380098,true,true,2018,T1_no_point_shrinkage_raked
722,40,true,0.000000000081,0.002052396428,true,true,2018,T1_no_point_shrinkage_raked
723,48,true,0.000000000082,0.001749140370,true,true,2018,T1_no_point_shrinkage_raked
724,43,true,0.000000000089,0.001729760606,true,true,2018,T1_no_point_shrinkage_raked
725,43,true,0.000000000073,0.005006867612,true,true,2018,T1_no_point_shrinkage_raked
726,46,true,0.000000000078,0.001900155473,true,true,2018,T1_no_point_shrinkage_raked
727,45,true,0.000000000095,0.001505160115,true,true,2018,T1_no_point_shrinkage_raked
728,44,true,0.000000000076,0.002095426013,true,true,2018,T1_no_point_shrinkage_raked
729,40,true,0.000000000074,0.003301967279,true,true,2018,T1_no_point_shrinkage_raked
730,45,true,0.000000000091,0.003592994719,true,true,2018,T1_no_point_shrinkage_raked
731,46,true,0.000000000068,0.002623498798,true,true,2018,T1_no_point_shrinkage_raked
732,44,true,0.000000000069,0.001506308736,true,true,2018,T1_no_point_shrinkage_raked
733,42,true,0.000000000088,0.001481500786,true,true,2018,T1_no_point_shrinkage_raked
734,44,true,0.000000000070,0.002841696249,true,true,2018,T1_no_point_shrinkage_raked
735,38,true,0.000000000077,0.001425763522,true,true,2018,T1_no_point_shrinkage_raked
736,41,true,0.000000000077,0.004257342333,true,true,2018,T1_no_point_shrinkage_raked
737,31,true,0.000000000097,0.001608560194,true,true,2018,T1_no_point_shrinkage_raked
738,47,true,0.000000000099,0.006650942856,true,true,2018,T1_no_point_shrinkage_raked
739,37,true,0.000000000080,0.000609526412,true,true,2018,T1_no_point_shrinkage_raked
740,36,true,0.000000000069,0.003518566341,true,true,2018,T1_no_point_shrinkage_raked
741,42,true,0.000000000068,0.002437449379,true,true,2018,T1_no_point_shrinkage_raked
742,44,true,0.000000000083,0.005429951322,true,true,2018,T1_no_point_shrinkage_raked
743,46,true,0.000000000080,0.002376384208,true,true,2018,T1_no_point_shrinkage_raked
744,44,true,0.000000000087,0.002529669506,true,true,2018,T1_no_point_shrinkage_raked
745,37,true,0.000000000078,0.001412305206,true,true,2018,T1_no_point_shrinkage_raked
746,45,true,0.000000000096,0.003794333753,true,true,2018,T1_no_point_shrinkage_raked
747,45,true,0.000000000075,0.004333766194,true,true,2018,T1_no_point_shrinkage_raked
748,45,true,0.000000000071,0.004240253226,true,true,2018,T1_no_point_shrinkage_raked
749,41,true,0.000000000072,0.002381541248,true,true,2018,T1_no_point_shrinkage_raked
750,42,true,0.000000000070,0.003519935967,true,true,2018,T1_no_point_shrinkage_raked
751,45,true,0.000000000077,0.006095447475,true,true,2018,T1_no_point_shrinkage_raked
752,41,true,0.000000000087,0.003105567861,true,true,2018,T1_no_point_shrinkage_raked
753,44,true,0.000000000089,0.003560200177,true,true,2018,T1_no_point_shrinkage_raked
754,42,true,0.000000000091,0.001685994878,true,true,2018,T1_no_point_shrinkage_raked
755,44,true,0.000000000070,0.001257159081,true,true,2018,T1_no_point_shrinkage_raked
756,45,true,0.000000000087,0.006644011881,true,true,2018,T1_no_point_shrinkage_raked
757,42,true,0.000000000082,0.002594905431,true,true,2018,T1_no_point_shrinkage_raked
758,45,true,0.000000000073,0.002494707750,true,true,2018,T1_no_point_shrinkage_raked
759,39,true,0.000000000099,0.001468221269,true,true,2018,T1_no_point_shrinkage_raked
760,45,true,0.000000000071,0.001352226753,true,true,2018,T1_no_point_shrinkage_raked
761,37,true,0.000000000086,0.002440957601,true,true,2018,T1_no_point_shrinkage_raked
762,45,true,0.000000000084,0.001532406558,true,true,2018,T1_no_point_shrinkage_raked
763,36,true,0.000000000096,0.003541937519,true,true,2018,T1_no_point_shrinkage_raked
764,41,true,0.000000000067,0.002924448404,true,true,2018,T1_no_point_shrinkage_raked
765,46,true,0.000000000086,0.001481451903,true,true,2018,T1_no_point_shrinkage_raked
766,43,true,0.000000000079,0.002465939294,true,true,2018,T1_no_point_shrinkage_raked
767,43,true,0.000000000083,0.002308205247,true,true,2018,T1_no_point_shrinkage_raked
768,46,true,0.000000000081,0.002543856235,true,true,2018,T1_no_point_shrinkage_raked
769,41,true,0.000000000074,0.002984220694,true,true,2018,T1_no_point_shrinkage_raked
770,49,true,0.000000000069,0.004507562251,true,true,2018,T1_no_point_shrinkage_raked
771,43,true,0.000000000075,0.003402393224,true,true,2018,T1_no_point_shrinkage_raked
772,42,true,0.000000000068,0.003711198273,true,true,2018,T1_no_point_shrinkage_raked
773,41,true,0.000000000086,0.005083131213,true,true,2018,T1_no_point_shrinkage_raked
774,40,true,0.000000000075,0.004412777169,true,true,2018,T1_no_point_shrinkage_raked
775,37,true,0.000000000071,0.002065838275,true,true,2018,T1_no_point_shrinkage_raked
776,43,true,0.000000000091,0.002176477082,true,true,2018,T1_no_point_shrinkage_raked
777,39,true,0.000000000086,0.001373894492,true,true,2018,T1_no_point_shrinkage_raked
778,42,true,0.000000000068,0.001745405872,true,true,2018,T1_no_point_shrinkage_raked
779,43,true,0.000000000073,0.003650347395,true,true,2018,T1_no_point_shrinkage_raked
780,43,true,0.000000000098,0.004173743748,true,true,2018,T1_no_point_shrinkage_raked
781,44,true,0.000000000084,0.001157803253,true,true,2018,T1_no_point_shrinkage_raked
782,41,true,0.000000000098,0.001890784393,true,true,2018,T1_no_point_shrinkage_raked
783,43,true,0.000000000081,0.005846386061,true,true,2018,T1_no_point_shrinkage_raked
784,45,true,0.000000000087,0.002385539913,true,true,2018,T1_no_point_shrinkage_raked
785,45,true,0.000000000073,0.004713684098,true,true,2018,T1_no_point_shrinkage_raked
786,42,true,0.000000000078,0.002165359894,true,true,2018,T1_no_point_shrinkage_raked
787,42,true,0.000000000090,0.002245781895,true,true,2018,T1_no_point_shrinkage_raked
788,40,true,0.000000000087,0.001941853592,true,true,2018,T1_no_point_shrinkage_raked
789,41,true,0.000000000080,0.002830679618,true,true,2018,T1_no_point_shrinkage_raked
790,45,true,0.000000000083,0.002069022787,true,true,2018,T1_no_point_shrinkage_raked
791,39,true,0.000000000079,0.002760147565,true,true,2018,T1_no_point_shrinkage_raked
792,41,true,0.000000000093,0.004548334263,true,true,2018,T1_no_point_shrinkage_raked
793,40,true,0.000000000073,0.002376637054,true,true,2018,T1_no_point_shrinkage_raked
794,43,true,0.000000000073,0.002115240715,true,true,2018,T1_no_point_shrinkage_raked
795,43,true,0.000000000086,0.003353654850,true,true,2018,T1_no_point_shrinkage_raked
796,44,true,0.000000000068,0.002326164671,true,true,2018,T1_no_point_shrinkage_raked
797,36,true,0.000000000092,0.002145909554,true,true,2018,T1_no_point_shrinkage_raked
798,44,true,0.000000000074,0.001978444811,true,true,2018,T1_no_point_shrinkage_raked
799,43,true,0.000000000087,0.002571018205,true,true,2018,T1_no_point_shrinkage_raked
800,42,true,0.000000000084,0.001332042291,true,true,2018,T1_no_point_shrinkage_raked
801,36,true,0.000000000097,0.002146250903,true,true,2018,T1_no_point_shrinkage_raked
802,42,true,0.000000000092,0.002628034763,true,true,2018,T1_no_point_shrinkage_raked
803,32,true,0.000000000073,0.003798037567,true,true,2018,T1_no_point_shrinkage_raked
804,43,true,0.000000000090,0.005824187079,true,true,2018,T1_no_point_shrinkage_raked
805,38,true,0.000000000066,0.001171962544,true,true,2018,T1_no_point_shrinkage_raked
806,40,true,0.000000000070,0.001225508507,true,true,2018,T1_no_point_shrinkage_raked
807,43,true,0.000000000080,0.001916963069,true,true,2018,T1_no_point_shrinkage_raked
808,43,true,0.000000000074,0.003240398423,true,true,2018,T1_no_point_shrinkage_raked
809,37,true,0.000000000080,0.004513529013,true,true,2018,T1_no_point_shrinkage_raked
810,41,true,0.000000000075,0.004030253462,true,true,2018,T1_no_point_shrinkage_raked
811,42,true,0.000000000097,0.003013680705,true,true,2018,T1_no_point_shrinkage_raked
812,45,true,0.000000000073,0.005325300475,true,true,2018,T1_no_point_shrinkage_raked
813,44,true,0.000000000087,0.003970484468,true,true,2018,T1_no_point_shrinkage_raked
814,39,true,0.000000000075,0.002956033169,true,true,2018,T1_no_point_shrinkage_raked
815,42,true,0.000000000094,0.003724144579,true,true,2018,T1_no_point_shrinkage_raked
816,43,true,0.000000000087,0.002348332073,true,true,2018,T1_no_point_shrinkage_raked
817,45,true,0.000000000085,0.002317241611,true,true,2018,T1_no_point_shrinkage_raked
818,40,true,0.000000000085,0.003055431030,true,true,2018,T1_no_point_shrinkage_raked
819,44,true,0.000000000077,0.003057377916,true,true,2018,T1_no_point_shrinkage_raked
820,41,true,0.000000000080,0.002197358317,true,true,2018,T1_no_point_shrinkage_raked
821,38,true,0.000000000070,0.001875420424,true,true,2018,T1_no_point_shrinkage_raked
822,35,true,0.000000000072,0.003274550545,true,true,2018,T1_no_point_shrinkage_raked
823,42,true,0.000000000071,0.002825421754,true,true,2018,T1_no_point_shrinkage_raked
824,48,true,0.000000000093,0.003773741794,true,true,2018,T1_no_point_shrinkage_raked
825,39,true,0.000000000083,0.000769225102,true,true,2018,T1_no_point_shrinkage_raked
826,41,true,0.000000000070,0.004188367965,true,true,2018,T1_no_point_shrinkage_raked
827,38,true,0.000000000082,0.002315381563,true,true,2018,T1_no_point_shrinkage_raked
828,41,true,0.000000000075,0.001861400929,true,true,2018,T1_no_point_shrinkage_raked
829,39,true,0.000000000096,0.002279179302,true,true,2018,T1_no_point_shrinkage_raked
830,43,true,0.000000000076,0.002194703092,true,true,2018,T1_no_point_shrinkage_raked
831,45,true,0.000000000074,0.002000611225,true,true,2018,T1_no_point_shrinkage_raked
832,42,true,0.000000000090,0.003737008289,true,true,2018,T1_no_point_shrinkage_raked
833,41,true,0.000000000084,0.005499517100,true,true,2018,T1_no_point_shrinkage_raked
834,43,true,0.000000000076,0.005811578273,true,true,2018,T1_no_point_shrinkage_raked
835,41,true,0.000000000084,0.002340400285,true,true,2018,T1_no_point_shrinkage_raked
836,41,true,0.000000000079,0.001831081748,true,true,2018,T1_no_point_shrinkage_raked
837,41,true,0.000000000097,0.003405147206,true,true,2018,T1_no_point_shrinkage_raked
838,41,true,0.000000000095,0.004574807290,true,true,2018,T1_no_point_shrinkage_raked
839,43,true,0.000000000086,0.001306646626,true,true,2018,T1_no_point_shrinkage_raked
840,42,true,0.000000000069,0.003195003983,true,true,2018,T1_no_point_shrinkage_raked
841,51,true,0.000000000072,0.003761985495,true,true,2018,T1_no_point_shrinkage_raked
842,48,true,0.000000000085,0.006142349205,true,true,2018,T1_no_point_shrinkage_raked
843,52,true,0.000000000088,0.002831241856,true,true,2018,T1_no_point_shrinkage_raked
844,39,true,0.000000000073,0.005563744845,true,true,2018,T1_no_point_shrinkage_raked
845,41,true,0.000000000078,0.002377444564,true,true,2018,T1_no_point_shrinkage_raked
846,38,true,0.000000000098,0.003979483095,true,true,2018,T1_no_point_shrinkage_raked
847,43,true,0.000000000092,0.001765970629,true,true,2018,T1_no_point_shrinkage_raked
848,41,true,0.000000000073,0.001705822379,true,true,2018,T1_no_point_shrinkage_raked
849,38,true,0.000000000072,0.001722717916,true,true,2018,T1_no_point_shrinkage_raked
850,41,true,0.000000000066,0.001763825785,true,true,2018,T1_no_point_shrinkage_raked
851,43,true,0.000000000080,0.005029485882,true,true,2018,T1_no_point_shrinkage_raked
852,48,true,0.000000000082,0.004485368299,true,true,2018,T1_no_point_shrinkage_raked
853,41,true,0.000000000086,0.002646217625,true,true,2018,T1_no_point_shrinkage_raked
854,38,true,0.000000000088,0.001587509653,true,true,2018,T1_no_point_shrinkage_raked
855,44,true,0.000000000070,0.000860601086,true,true,2018,T1_no_point_shrinkage_raked
856,37,true,0.000000000098,0.004597462091,true,true,2018,T1_no_point_shrinkage_raked
857,42,true,0.000000000085,0.004424080392,true,true,2018,T1_no_point_shrinkage_raked
858,44,true,0.000000000087,0.005804805355,true,true,2018,T1_no_point_shrinkage_raked
859,45,true,0.000000000081,0.003000749461,true,true,2018,T1_no_point_shrinkage_raked
860,43,true,0.000000000078,0.000879950190,true,true,2018,T1_no_point_shrinkage_raked
861,38,true,0.000000000068,0.001675798006,true,true,2018,T1_no_point_shrinkage_raked
862,42,true,0.000000000073,0.000510426981,true,true,2018,T1_no_point_shrinkage_raked
863,45,true,0.000000000089,0.005405623047,true,true,2018,T1_no_point_shrinkage_raked
864,40,true,0.000000000068,0.001987667650,true,true,2018,T1_no_point_shrinkage_raked
865,39,true,0.000000000092,0.004630527285,true,true,2018,T1_no_point_shrinkage_raked
866,48,true,0.000000000072,0.003154746394,true,true,2018,T1_no_point_shrinkage_raked
867,49,true,0.000000000078,0.002612057243,true,true,2018,T1_no_point_shrinkage_raked
868,41,true,0.000000000073,0.004762705720,true,true,2018,T1_no_point_shrinkage_raked
869,42,true,0.000000000084,0.001765385807,true,true,2018,T1_no_point_shrinkage_raked
870,43,true,0.000000000070,0.002321226022,true,true,2018,T1_no_point_shrinkage_raked
871,34,true,0.000000000091,0.004562812859,true,true,2018,T1_no_point_shrinkage_raked
872,47,true,0.000000000073,0.005319993896,true,true,2018,T1_no_point_shrinkage_raked
873,44,true,0.000000000093,0.004995079756,true,true,2018,T1_no_point_shrinkage_raked
874,43,true,0.000000000084,0.004445185959,true,true,2018,T1_no_point_shrinkage_raked
875,43,true,0.000000000074,0.005725776148,true,true,2018,T1_no_point_shrinkage_raked
876,46,true,0.000000000071,0.001914860431,true,true,2018,T1_no_point_shrinkage_raked
877,46,true,0.000000000070,0.002425287826,true,true,2018,T1_no_point_shrinkage_raked
878,44,true,0.000000000072,0.002688176267,true,true,2018,T1_no_point_shrinkage_raked
879,42,true,0.000000000069,0.002933173249,true,true,2018,T1_no_point_shrinkage_raked
880,43,true,0.000000000099,0.003284820249,true,true,2018,T1_no_point_shrinkage_raked
881,42,true,0.000000000079,0.004831555260,true,true,2018,T1_no_point_shrinkage_raked
882,42,true,0.000000000078,0.001517781588,true,true,2018,T1_no_point_shrinkage_raked
883,44,true,0.000000000093,0.003034304148,true,true,2018,T1_no_point_shrinkage_raked
884,42,true,0.000000000086,0.004123233341,true,true,2018,T1_no_point_shrinkage_raked
885,44,true,0.000000000083,0.004469685685,true,true,2018,T1_no_point_shrinkage_raked
886,48,true,0.000000000073,0.002798776607,true,true,2018,T1_no_point_shrinkage_raked
887,39,true,0.000000000064,0.003306101252,true,true,2018,T1_no_point_shrinkage_raked
888,43,true,0.000000000073,0.004739407169,true,true,2018,T1_no_point_shrinkage_raked
889,36,true,0.000000000078,0.001176248910,true,true,2018,T1_no_point_shrinkage_raked
890,43,true,0.000000000084,0.004260783871,true,true,2018,T1_no_point_shrinkage_raked
891,42,true,0.000000000080,0.002513109390,true,true,2018,T1_no_point_shrinkage_raked
892,44,true,0.000000000092,0.002368499847,true,true,2018,T1_no_point_shrinkage_raked
893,41,true,0.000000000095,0.002046720315,true,true,2018,T1_no_point_shrinkage_raked
894,45,true,0.000000000088,0.004948987433,true,true,2018,T1_no_point_shrinkage_raked
895,42,true,0.000000000069,0.005632521482,true,true,2018,T1_no_point_shrinkage_raked
896,43,true,0.000000000075,0.004481942446,true,true,2018,T1_no_point_shrinkage_raked
897,37,true,0.000000000075,0.001018174155,true,true,2018,T1_no_point_shrinkage_raked
898,42,true,0.000000000085,0.002185855757,true,true,2018,T1_no_point_shrinkage_raked
899,39,true,0.000000000093,0.006022188712,true,true,2018,T1_no_point_shrinkage_raked
900,34,true,0.000000000100,0.002626641953,true,true,2018,T1_no_point_shrinkage_raked
901,41,true,0.000000000069,0.003128804633,true,true,2018,T1_no_point_shrinkage_raked
902,49,true,0.000000000085,0.003473970677,true,true,2018,T1_no_point_shrinkage_raked
903,34,true,0.000000000077,0.002032025450,true,true,2018,T1_no_point_shrinkage_raked
904,43,true,0.000000000069,0.001941146956,true,true,2018,T1_no_point_shrinkage_raked
905,44,true,0.000000000068,0.001920400352,true,true,2018,T1_no_point_shrinkage_raked
906,43,true,0.000000000091,0.003078766429,true,true,2018,T1_no_point_shrinkage_raked
907,44,true,0.000000000070,0.003482906877,true,true,2018,T1_no_point_shrinkage_raked
908,42,true,0.000000000071,0.001539787711,true,true,2018,T1_no_point_shrinkage_raked
909,46,true,0.000000000071,0.001869583389,true,true,2018,T1_no_point_shrinkage_raked
910,40,true,0.000000000070,0.003206293631,true,true,2018,T1_no_point_shrinkage_raked
911,45,true,0.000000000085,0.003033944729,true,true,2018,T1_no_point_shrinkage_raked
912,42,true,0.000000000100,0.003201312480,true,true,2018,T1_no_point_shrinkage_raked
913,46,true,0.000000000069,0.002673635631,true,true,2018,T1_no_point_shrinkage_raked
914,39,true,0.000000000066,0.002169456582,true,true,2018,T1_no_point_shrinkage_raked
915,42,true,0.000000000085,0.001084109210,true,true,2018,T1_no_point_shrinkage_raked
916,41,true,0.000000000081,0.005895091545,true,true,2018,T1_no_point_shrinkage_raked
917,45,true,0.000000000074,0.003187396311,true,true,2018,T1_no_point_shrinkage_raked
918,42,true,0.000000000083,0.005336404085,true,true,2018,T1_no_point_shrinkage_raked
919,42,true,0.000000000092,0.003445218103,true,true,2018,T1_no_point_shrinkage_raked
920,44,true,0.000000000089,0.004280098782,true,true,2018,T1_no_point_shrinkage_raked
921,40,true,0.000000000096,0.001282533641,true,true,2018,T1_no_point_shrinkage_raked
922,43,true,0.000000000068,0.004015690844,true,true,2018,T1_no_point_shrinkage_raked
923,41,true,0.000000000090,0.001496114882,true,true,2018,T1_no_point_shrinkage_raked
924,44,true,0.000000000070,0.005649648647,true,true,2018,T1_no_point_shrinkage_raked
925,45,true,0.000000000093,0.001257715417,true,true,2018,T1_no_point_shrinkage_raked
926,37,true,0.000000000093,0.002347261612,true,true,2018,T1_no_point_shrinkage_raked
927,41,true,0.000000000095,0.003402799058,true,true,2018,T1_no_point_shrinkage_raked
928,44,true,0.000000000090,0.002300949099,true,true,2018,T1_no_point_shrinkage_raked
929,43,true,0.000000000088,0.003742702358,true,true,2018,T1_no_point_shrinkage_raked
930,38,true,0.000000000083,0.001927900887,true,true,2018,T1_no_point_shrinkage_raked
931,46,true,0.000000000069,0.003162100636,true,true,2018,T1_no_point_shrinkage_raked
932,45,true,0.000000000077,0.001471783157,true,true,2018,T1_no_point_shrinkage_raked
933,38,true,0.000000000077,0.001996584122,true,true,2018,T1_no_point_shrinkage_raked
934,46,true,0.000000000088,0.002445737498,true,true,2018,T1_no_point_shrinkage_raked
935,48,true,0.000000000091,0.001756214452,true,true,2018,T1_no_point_shrinkage_raked
936,41,true,0.000000000079,0.003586483484,true,true,2018,T1_no_point_shrinkage_raked
937,43,true,0.000000000091,0.003306643050,true,true,2018,T1_no_point_shrinkage_raked
938,41,true,0.000000000097,0.005570732835,true,true,2018,T1_no_point_shrinkage_raked
939,43,true,0.000000000091,0.003404792519,true,true,2018,T1_no_point_shrinkage_raked
940,45,true,0.000000000068,0.003824214309,true,true,2018,T1_no_point_shrinkage_raked
941,43,true,0.000000000087,0.001473973410,true,true,2018,T1_no_point_shrinkage_raked
942,41,true,0.000000000075,0.003408311637,true,true,2018,T1_no_point_shrinkage_raked
943,43,true,0.000000000077,0.001920770388,true,true,2018,T1_no_point_shrinkage_raked
944,40,true,0.000000000078,0.002782812362,true,true,2018,T1_no_point_shrinkage_raked
945,43,true,0.000000000069,0.003663192114,true,true,2018,T1_no_point_shrinkage_raked
946,42,true,0.000000000073,0.002461461455,true,true,2018,T1_no_point_shrinkage_raked
947,40,true,0.000000000093,0.002393555549,true,true,2018,T1_no_point_shrinkage_raked
948,47,true,0.000000000076,0.004274590458,true,true,2018,T1_no_point_shrinkage_raked
949,41,true,0.000000000090,0.002114653953,true,true,2018,T1_no_point_shrinkage_raked
950,43,true,0.000000000069,0.003338382403,true,true,2018,T1_no_point_shrinkage_raked
951,38,true,0.000000000067,0.001582079639,true,true,2018,T1_no_point_shrinkage_raked
952,41,true,0.000000000073,0.001929943678,true,true,2018,T1_no_point_shrinkage_raked
953,40,true,0.000000000091,0.001362903047,true,true,2018,T1_no_point_shrinkage_raked
954,42,true,0.000000000099,0.002597947238,true,true,2018,T1_no_point_shrinkage_raked
955,40,true,0.000000000068,0.002463454666,true,true,2018,T1_no_point_shrinkage_raked
956,51,true,0.000000000071,0.002901586175,true,true,2018,T1_no_point_shrinkage_raked
957,40,true,0.000000000079,0.002700884811,true,true,2018,T1_no_point_shrinkage_raked
958,40,true,0.000000000084,0.001600908995,true,true,2018,T1_no_point_shrinkage_raked
959,44,true,0.000000000080,0.003558059701,true,true,2018,T1_no_point_shrinkage_raked
960,45,true,0.000000000083,0.001736799929,true,true,2018,T1_no_point_shrinkage_raked
961,43,true,0.000000000082,0.001374449700,true,true,2018,T1_no_point_shrinkage_raked
962,40,true,0.000000000093,0.004701095809,true,true,2018,T1_no_point_shrinkage_raked
963,41,true,0.000000000083,0.001853207024,true,true,2018,T1_no_point_shrinkage_raked
964,46,true,0.000000000085,0.002570618333,true,true,2018,T1_no_point_shrinkage_raked
965,46,true,0.000000000072,0.004187938602,true,true,2018,T1_no_point_shrinkage_raked
966,44,true,0.000000000071,0.002457404557,true,true,2018,T1_no_point_shrinkage_raked
967,42,true,0.000000000081,0.002194054146,true,true,2018,T1_no_point_shrinkage_raked
968,44,true,0.000000000069,0.002736522968,true,true,2018,T1_no_point_shrinkage_raked
969,43,true,0.000000000068,0.003956917573,true,true,2018,T1_no_point_shrinkage_raked
970,42,true,0.000000000072,0.002275769521,true,true,2018,T1_no_point_shrinkage_raked
971,42,true,0.000000000079,0.001841267285,true,true,2018,T1_no_point_shrinkage_raked
972,43,true,0.000000000069,0.002963266947,true,true,2018,T1_no_point_shrinkage_raked
973,37,true,0.000000000099,0.000816555377,true,true,2018,T1_no_point_shrinkage_raked
974,43,true,0.000000000068,0.004500773436,true,true,2018,T1_no_point_shrinkage_raked
975,41,true,0.000000000084,0.002271150174,true,true,2018,T1_no_point_shrinkage_raked
976,38,true,0.000000000076,0.002052936560,true,true,2018,T1_no_point_shrinkage_raked
977,40,true,0.000000000076,0.002587811484,true,true,2018,T1_no_point_shrinkage_raked
978,43,true,0.000000000069,0.001804334578,true,true,2018,T1_no_point_shrinkage_raked
979,47,true,0.000000000071,0.002194860186,true,true,2018,T1_no_point_shrinkage_raked
980,45,true,0.000000000097,0.004164277077,true,true,2018,T1_no_point_shrinkage_raked
981,44,true,0.000000000075,0.004240440473,true,true,2018,T1_no_point_shrinkage_raked
982,45,true,0.000000000092,0.003738270819,true,true,2018,T1_no_point_shrinkage_raked
983,34,true,0.000000000078,0.003950036291,true,true,2018,T1_no_point_shrinkage_raked
984,43,true,0.000000000084,0.002689241146,true,true,2018,T1_no_point_shrinkage_raked
985,45,true,0.000000000081,0.003325526153,true,true,2018,T1_no_point_shrinkage_raked
986,42,true,0.000000000099,0.002707664961,true,true,2018,T1_no_point_shrinkage_raked
987,45,true,0.000000000078,0.004490897701,true,true,2018,T1_no_point_shrinkage_raked
988,41,true,0.000000000081,0.002507622855,true,true,2018,T1_no_point_shrinkage_raked
989,43,true,0.000000000083,0.002146270258,true,true,2018,T1_no_point_shrinkage_raked
990,43,true,0.000000000068,0.001478459683,true,true,2018,T1_no_point_shrinkage_raked
991,50,true,0.000000000091,0.002534053200,true,true,2018,T1_no_point_shrinkage_raked
992,40,true,0.000000000082,0.002566859738,true,true,2018,T1_no_point_shrinkage_raked
993,44,true,0.000000000080,0.001628255860,true,true,2018,T1_no_point_shrinkage_raked
994,44,true,0.000000000098,0.003157622785,true,true,2018,T1_no_point_shrinkage_raked
995,45,true,0.000000000073,0.003787543101,true,true,2018,T1_no_point_shrinkage_raked
996,41,true,0.000000000074,0.001995966615,true,true,2018,T1_no_point_shrinkage_raked
997,43,true,0.000000000084,0.003661773673,true,true,2018,T1_no_point_shrinkage_raked
998,43,true,0.000000000068,0.001877991031,true,true,2018,T1_no_point_shrinkage_raked
999,40,true,0.000000000087,0.002849008270,true,true,2018,T1_no_point_shrinkage_raked
1000,46,true,0.000000000084,0.001868025347,true,true,2018,T1_no_point_shrinkage_raked
1001,42,true,0.000000000071,0.002080245997,true,true,2018,T1_no_point_shrinkage_raked
1002,44,true,0.000000000069,0.001753414630,true,true,2018,T1_no_point_shrinkage_raked
1003,35,true,0.000000000068,0.003485089960,true,true,2018,T1_no_point_shrinkage_raked
1004,45,true,0.000000000081,0.004443319914,true,true,2018,T1_no_point_shrinkage_raked
1005,39,true,0.000000000094,0.002705727170,true,true,2018,T1_no_point_shrinkage_raked
1006,45,true,0.000000000090,0.003680496153,true,true,2018,T1_no_point_shrinkage_raked
1007,41,true,0.000000000083,0.004543483650,true,true,2018,T1_no_point_shrinkage_raked
1008,38,true,0.000000000088,0.004338343698,true,true,2018,T1_no_point_shrinkage_raked
1009,44,true,0.000000000078,0.002175050069,true,true,2018,T1_no_point_shrinkage_raked
1010,44,true,0.000000000085,0.003725638664,true,true,2018,T1_no_point_shrinkage_raked
1011,45,true,0.000000000081,0.003578533297,true,true,2018,T1_no_point_shrinkage_raked
1012,51,true,0.000000000075,0.002738676029,true,true,2018,T1_no_point_shrinkage_raked
1013,41,true,0.000000000097,0.001419796582,true,true,2018,T1_no_point_shrinkage_raked
1014,42,true,0.000000000076,0.005554720530,true,true,2018,T1_no_point_shrinkage_raked
1015,39,true,0.000000000091,0.002876562543,true,true,2018,T1_no_point_shrinkage_raked
1016,31,true,0.000000000094,0.003097885375,true,true,2018,T1_no_point_shrinkage_raked
1017,39,true,0.000000000076,0.002205109738,true,true,2018,T1_no_point_shrinkage_raked
1018,44,true,0.000000000096,0.004034245841,true,true,2018,T1_no_point_shrinkage_raked
1019,44,true,0.000000000093,0.003645104495,true,true,2018,T1_no_point_shrinkage_raked
1020,43,true,0.000000000078,0.003297297283,true,true,2018,T1_no_point_shrinkage_raked
1021,46,true,0.000000000079,0.002375592644,true,true,2018,T1_no_point_shrinkage_raked
1022,46,true,0.000000000084,0.003272880533,true,true,2018,T1_no_point_shrinkage_raked
1023,42,true,0.000000000098,0.003367320328,true,true,2018,T1_no_point_shrinkage_raked
1024,39,true,0.000000000076,0.004118206576,true,true,2018,T1_no_point_shrinkage_raked
1025,47,true,0.000000000099,0.001905470789,true,true,2018,T1_no_point_shrinkage_raked
1026,43,true,0.000000000100,0.001484729412,true,true,2018,T1_no_point_shrinkage_raked
1027,36,true,0.000000000097,0.001867768219,true,true,2018,T1_no_point_shrinkage_raked
1028,43,true,0.000000000081,0.002293423850,true,true,2018,T1_no_point_shrinkage_raked
1029,47,true,0.000000000079,0.001681119747,true,true,2018,T1_no_point_shrinkage_raked
1030,39,true,0.000000000072,0.001679610983,true,true,2018,T1_no_point_shrinkage_raked
1031,43,true,0.000000000089,0.004383532155,true,true,2018,T1_no_point_shrinkage_raked
1032,40,true,0.000000000088,0.003465282200,true,true,2018,T1_no_point_shrinkage_raked
1033,49,true,0.000000000084,0.003478970133,true,true,2018,T1_no_point_shrinkage_raked
1034,40,true,0.000000000080,0.002291195254,true,true,2018,T1_no_point_shrinkage_raked
1035,46,true,0.000000000082,0.002573137740,true,true,2018,T1_no_point_shrinkage_raked
1036,43,true,0.000000000082,0.003303057231,true,true,2018,T1_no_point_shrinkage_raked
1037,41,true,0.000000000094,0.002515177000,true,true,2018,T1_no_point_shrinkage_raked
1038,42,true,0.000000000086,0.003546250292,true,true,2018,T1_no_point_shrinkage_raked
1039,44,true,0.000000000072,0.001463157115,true,true,2018,T1_no_point_shrinkage_raked
1040,43,true,0.000000000079,0.002734894748,true,true,2018,T1_no_point_shrinkage_raked
1041,38,true,0.000000000071,0.001590094084,true,true,2018,T1_no_point_shrinkage_raked
1042,46,true,0.000000000071,0.004720205883,true,true,2018,T1_no_point_shrinkage_raked
1043,38,true,0.000000000074,0.002652976159,true,true,2018,T1_no_point_shrinkage_raked
1044,44,true,0.000000000097,0.002371033748,true,true,2018,T1_no_point_shrinkage_raked
1045,37,true,0.000000000080,0.002775412847,true,true,2018,T1_no_point_shrinkage_raked
1046,41,true,0.000000000091,0.001718836798,true,true,2018,T1_no_point_shrinkage_raked
1047,41,true,0.000000000088,0.001612321644,true,true,2018,T1_no_point_shrinkage_raked
1048,32,true,0.000000000078,0.002460537101,true,true,2018,T1_no_point_shrinkage_raked
1049,38,true,0.000000000076,0.003921705458,true,true,2018,T1_no_point_shrinkage_raked
1050,42,true,0.000000000075,0.003615293959,true,true,2018,T1_no_point_shrinkage_raked
1051,46,true,0.000000000084,0.002211890996,true,true,2018,T1_no_point_shrinkage_raked
1052,47,true,0.000000000075,0.003591412744,true,true,2018,T1_no_point_shrinkage_raked
1053,40,true,0.000000000083,0.002122047485,true,true,2018,T1_no_point_shrinkage_raked
1054,44,true,0.000000000095,0.001544305598,true,true,2018,T1_no_point_shrinkage_raked
1055,47,true,0.000000000099,0.001402309913,true,true,2018,T1_no_point_shrinkage_raked
1056,44,true,0.000000000079,0.006004755770,true,true,2018,T1_no_point_shrinkage_raked
1057,48,true,0.000000000071,0.002653671203,true,true,2018,T1_no_point_shrinkage_raked
1058,46,true,0.000000000075,0.001350906419,true,true,2018,T1_no_point_shrinkage_raked
1059,38,true,0.000000000069,0.001436266530,true,true,2018,T1_no_point_shrinkage_raked
1060,45,true,0.000000000071,0.003558517343,true,true,2018,T1_no_point_shrinkage_raked
1061,42,true,0.000000000093,0.002444353298,true,true,2018,T1_no_point_shrinkage_raked
1062,47,true,0.000000000087,0.005303422344,true,true,2018,T1_no_point_shrinkage_raked
1063,48,true,0.000000000080,0.005603408434,true,true,2018,T1_no_point_shrinkage_raked
1064,38,true,0.000000000068,0.004513900308,true,true,2018,T1_no_point_shrinkage_raked
1065,43,true,0.000000000071,0.002300354836,true,true,2018,T1_no_point_shrinkage_raked
1066,43,true,0.000000000089,0.003010875864,true,true,2018,T1_no_point_shrinkage_raked
1067,43,true,0.000000000069,0.003199336629,true,true,2018,T1_no_point_shrinkage_raked
1068,46,true,0.000000000086,0.002775408021,true,true,2018,T1_no_point_shrinkage_raked
1069,42,true,0.000000000077,0.002165178941,true,true,2018,T1_no_point_shrinkage_raked
1070,43,true,0.000000000076,0.002815400583,true,true,2018,T1_no_point_shrinkage_raked
1071,42,true,0.000000000085,0.002286607988,true,true,2018,T1_no_point_shrinkage_raked
1072,34,true,0.000000000088,0.003265114680,true,true,2018,T1_no_point_shrinkage_raked
1073,43,true,0.000000000068,0.002533467974,true,true,2018,T1_no_point_shrinkage_raked
1074,40,true,0.000000000073,0.002205396017,true,true,2018,T1_no_point_shrinkage_raked
1075,47,true,0.000000000086,0.001317869423,true,true,2018,T1_no_point_shrinkage_raked
1076,47,true,0.000000000097,0.004145386248,true,true,2018,T1_no_point_shrinkage_raked
1077,43,true,0.000000000071,0.004117148657,true,true,2018,T1_no_point_shrinkage_raked
1078,46,true,0.000000000090,0.003701979073,true,true,2018,T1_no_point_shrinkage_raked
1079,45,true,0.000000000080,0.003168908471,true,true,2018,T1_no_point_shrinkage_raked
1080,44,true,0.000000000083,0.000888078341,true,true,2018,T1_no_point_shrinkage_raked
1081,39,true,0.000000000076,0.002987345158,true,true,2018,T1_no_point_shrinkage_raked
1082,41,true,0.000000000088,0.002220914638,true,true,2018,T1_no_point_shrinkage_raked
1083,43,true,0.000000000070,0.007395511682,true,true,2018,T1_no_point_shrinkage_raked
1084,34,true,0.000000000099,0.004834905656,true,true,2018,T1_no_point_shrinkage_raked
1085,42,true,0.000000000090,0.001893321572,true,true,2018,T1_no_point_shrinkage_raked
1086,47,true,0.000000000073,0.002516988862,true,true,2018,T1_no_point_shrinkage_raked
1087,44,true,0.000000000083,0.002948343915,true,true,2018,T1_no_point_shrinkage_raked
1088,39,true,0.000000000072,0.002812253426,true,true,2018,T1_no_point_shrinkage_raked
1089,43,true,0.000000000093,0.004667643724,true,true,2018,T1_no_point_shrinkage_raked
1090,39,true,0.000000000079,0.002305317139,true,true,2018,T1_no_point_shrinkage_raked
1091,42,true,0.000000000070,0.003479524187,true,true,2018,T1_no_point_shrinkage_raked
1092,42,true,0.000000000081,0.002960991013,true,true,2018,T1_no_point_shrinkage_raked
1093,46,true,0.000000000072,0.002256643000,true,true,2018,T1_no_point_shrinkage_raked
1094,40,true,0.000000000093,0.004503894069,true,true,2018,T1_no_point_shrinkage_raked
1095,37,true,0.000000000071,0.002478589139,true,true,2018,T1_no_point_shrinkage_raked
1096,39,true,0.000000000087,0.002594909716,true,true,2018,T1_no_point_shrinkage_raked
1097,39,true,0.000000000087,0.002601511001,true,true,2018,T1_no_point_shrinkage_raked
1098,41,true,0.000000000098,0.001582341267,true,true,2018,T1_no_point_shrinkage_raked
1099,40,true,0.000000000074,0.000611407984,true,true,2018,T1_no_point_shrinkage_raked
1100,40,true,0.000000000077,0.001636580348,true,true,2018,T1_no_point_shrinkage_raked
1101,42,true,0.000000000071,0.004135120269,true,true,2018,T1_no_point_shrinkage_raked
1102,44,true,0.000000000096,0.005262781182,true,true,2018,T1_no_point_shrinkage_raked
1103,39,true,0.000000000083,0.002839249875,true,true,2018,T1_no_point_shrinkage_raked
1104,44,true,0.000000000088,0.001275771163,true,true,2018,T1_no_point_shrinkage_raked
1105,38,true,0.000000000066,0.002629134410,true,true,2018,T1_no_point_shrinkage_raked
1106,43,true,0.000000000069,0.002831237860,true,true,2018,T1_no_point_shrinkage_raked
1107,40,true,0.000000000082,0.001807875405,true,true,2018,T1_no_point_shrinkage_raked
1108,39,true,0.000000000088,0.002835806843,true,true,2018,T1_no_point_shrinkage_raked
1109,45,true,0.000000000080,0.002023877023,true,true,2018,T1_no_point_shrinkage_raked
1110,45,true,0.000000000090,0.003532657258,true,true,2018,T1_no_point_shrinkage_raked
1111,46,true,0.000000000079,0.002699192462,true,true,2018,T1_no_point_shrinkage_raked
1112,45,true,0.000000000084,0.003399372519,true,true,2018,T1_no_point_shrinkage_raked
1113,41,true,0.000000000088,0.003422498840,true,true,2018,T1_no_point_shrinkage_raked
1114,40,true,0.000000000093,0.002588728822,true,true,2018,T1_no_point_shrinkage_raked
1115,43,true,0.000000000093,0.002224359201,true,true,2018,T1_no_point_shrinkage_raked
1116,46,true,0.000000000069,0.001576258079,true,true,2018,T1_no_point_shrinkage_raked
1117,48,true,0.000000000093,0.006155048905,true,true,2018,T1_no_point_shrinkage_raked
1118,46,true,0.000000000075,0.005614585524,true,true,2018,T1_no_point_shrinkage_raked
1119,42,true,0.000000000081,0.003818898686,true,true,2018,T1_no_point_shrinkage_raked
1120,42,true,0.000000000079,0.002350569415,true,true,2018,T1_no_point_shrinkage_raked
1121,44,true,0.000000000090,0.004458027179,true,true,2018,T1_no_point_shrinkage_raked
1122,40,true,0.000000000068,0.003132746026,true,true,2018,T1_no_point_shrinkage_raked
1123,41,true,0.000000000087,0.001998549922,true,true,2018,T1_no_point_shrinkage_raked
1124,47,true,0.000000000076,0.003624505974,true,true,2018,T1_no_point_shrinkage_raked
1125,43,true,0.000000000072,0.002709444997,true,true,2018,T1_no_point_shrinkage_raked
1126,46,true,0.000000000075,0.003842517449,true,true,2018,T1_no_point_shrinkage_raked
1127,38,true,0.000000000075,0.003061596293,true,true,2018,T1_no_point_shrinkage_raked
1128,47,true,0.000000000080,0.003777502316,true,true,2018,T1_no_point_shrinkage_raked
1129,41,true,0.000000000069,0.002257891491,true,true,2018,T1_no_point_shrinkage_raked
1130,49,true,0.000000000088,0.002499811006,true,true,2018,T1_no_point_shrinkage_raked
1131,42,true,0.000000000072,0.003056339737,true,true,2018,T1_no_point_shrinkage_raked
1132,41,true,0.000000000081,0.003698908979,true,true,2018,T1_no_point_shrinkage_raked
1133,41,true,0.000000000091,0.004334701522,true,true,2018,T1_no_point_shrinkage_raked
1134,45,true,0.000000000078,0.004088424957,true,true,2018,T1_no_point_shrinkage_raked
1135,41,true,0.000000000071,0.003085540440,true,true,2018,T1_no_point_shrinkage_raked
1136,41,true,0.000000000083,0.002047620428,true,true,2018,T1_no_point_shrinkage_raked
1137,43,true,0.000000000078,0.002633594459,true,true,2018,T1_no_point_shrinkage_raked
1138,41,true,0.000000000071,0.002583339773,true,true,2018,T1_no_point_shrinkage_raked
1139,42,true,0.000000000096,0.001908436478,true,true,2018,T1_no_point_shrinkage_raked
1140,41,true,0.000000000072,0.003405503742,true,true,2018,T1_no_point_shrinkage_raked
1141,42,true,0.000000000091,0.000691987057,true,true,2018,T1_no_point_shrinkage_raked
1142,39,true,0.000000000099,0.000621040044,true,true,2018,T1_no_point_shrinkage_raked
1143,33,true,0.000000000066,0.002373832364,true,true,2018,T1_no_point_shrinkage_raked
1144,49,true,0.000000000072,0.003195417237,true,true,2018,T1_no_point_shrinkage_raked
1145,43,true,0.000000000073,0.003803072733,true,true,2018,T1_no_point_shrinkage_raked
1146,39,true,0.000000000068,0.001575410341,true,true,2018,T1_no_point_shrinkage_raked
1147,37,true,0.000000000090,0.002548139840,true,true,2018,T1_no_point_shrinkage_raked
1148,42,true,0.000000000080,0.005888002377,true,true,2018,T1_no_point_shrinkage_raked
1149,43,true,0.000000000071,0.002692667737,true,true,2018,T1_no_point_shrinkage_raked
1150,50,true,0.000000000074,0.004284258624,true,true,2018,T1_no_point_shrinkage_raked
1151,44,true,0.000000000098,0.004313550636,true,true,2018,T1_no_point_shrinkage_raked
1152,42,true,0.000000000088,0.001244670643,true,true,2018,T1_no_point_shrinkage_raked
1153,41,true,0.000000000071,0.003035491155,true,true,2018,T1_no_point_shrinkage_raked
1154,40,true,0.000000000068,0.003220916900,true,true,2018,T1_no_point_shrinkage_raked
1155,43,true,0.000000000075,0.005000241781,true,true,2018,T1_no_point_shrinkage_raked
1156,43,true,0.000000000068,0.007170827361,true,true,2018,T1_no_point_shrinkage_raked
1157,40,true,0.000000000074,0.005232593277,true,true,2018,T1_no_point_shrinkage_raked
1158,45,true,0.000000000095,0.005634150858,true,true,2018,T1_no_point_shrinkage_raked
1159,43,true,0.000000000069,0.002355643844,true,true,2018,T1_no_point_shrinkage_raked
1160,42,true,0.000000000089,0.002668055453,true,true,2018,T1_no_point_shrinkage_raked
1161,47,true,0.000000000096,0.001561843244,true,true,2018,T1_no_point_shrinkage_raked
1162,45,true,0.000000000080,0.003086882515,true,true,2018,T1_no_point_shrinkage_raked
1163,41,true,0.000000000074,0.003707782140,true,true,2018,T1_no_point_shrinkage_raked
1164,38,true,0.000000000092,0.002524049703,true,true,2018,T1_no_point_shrinkage_raked
1165,40,true,0.000000000079,0.003859377271,true,true,2018,T1_no_point_shrinkage_raked
1166,43,true,0.000000000095,0.004134946910,true,true,2018,T1_no_point_shrinkage_raked
1167,43,true,0.000000000073,0.001949485947,true,true,2018,T1_no_point_shrinkage_raked
1168,36,true,0.000000000100,0.002774697552,true,true,2018,T1_no_point_shrinkage_raked
1169,46,true,0.000000000067,0.003475798322,true,true,2018,T1_no_point_shrinkage_raked
1170,46,true,0.000000000079,0.003741528499,true,true,2018,T1_no_point_shrinkage_raked
1171,44,true,0.000000000091,0.001431410760,true,true,2018,T1_no_point_shrinkage_raked
1172,43,true,0.000000000085,0.003035247358,true,true,2018,T1_no_point_shrinkage_raked
1173,43,true,0.000000000073,0.003029808450,true,true,2018,T1_no_point_shrinkage_raked
1174,45,true,0.000000000081,0.001844853054,true,true,2018,T1_no_point_shrinkage_raked
1175,42,true,0.000000000069,0.004333296520,true,true,2018,T1_no_point_shrinkage_raked
1176,41,true,0.000000000091,0.002111072085,true,true,2018,T1_no_point_shrinkage_raked
1177,45,true,0.000000000074,0.004538003578,true,true,2018,T1_no_point_shrinkage_raked
1178,46,true,0.000000000077,0.003673846554,true,true,2018,T1_no_point_shrinkage_raked
1179,41,true,0.000000000068,0.002317460720,true,true,2018,T1_no_point_shrinkage_raked
1180,42,true,0.000000000076,0.002690420706,true,true,2018,T1_no_point_shrinkage_raked
1181,45,true,0.000000000079,0.001947288826,true,true,2018,T1_no_point_shrinkage_raked
1182,43,true,0.000000000091,0.003390752826,true,true,2018,T1_no_point_shrinkage_raked
1183,47,true,0.000000000099,0.004254084235,true,true,2018,T1_no_point_shrinkage_raked
1184,44,true,0.000000000095,0.001666247965,true,true,2018,T1_no_point_shrinkage_raked
1185,44,true,0.000000000071,0.002256657387,true,true,2018,T1_no_point_shrinkage_raked
1186,48,true,0.000000000097,0.004691182241,true,true,2018,T1_no_point_shrinkage_raked
1187,42,true,0.000000000081,0.002352161520,true,true,2018,T1_no_point_shrinkage_raked
1188,41,true,0.000000000082,0.003393076868,true,true,2018,T1_no_point_shrinkage_raked
1189,42,true,0.000000000080,0.003704258733,true,true,2018,T1_no_point_shrinkage_raked
1190,38,true,0.000000000067,0.002683656046,true,true,2018,T1_no_point_shrinkage_raked
1191,37,true,0.000000000076,0.000917921970,true,true,2018,T1_no_point_shrinkage_raked
1192,44,true,0.000000000096,0.002248574505,true,true,2018,T1_no_point_shrinkage_raked
1193,45,true,0.000000000079,0.003084010133,true,true,2018,T1_no_point_shrinkage_raked
1194,42,true,0.000000000076,0.001945245994,true,true,2018,T1_no_point_shrinkage_raked
1195,45,true,0.000000000076,0.003823342038,true,true,2018,T1_no_point_shrinkage_raked
1196,39,true,0.000000000069,0.001311167932,true,true,2018,T1_no_point_shrinkage_raked
1197,45,true,0.000000000068,0.003954460087,true,true,2018,T1_no_point_shrinkage_raked
1198,39,true,0.000000000077,0.003624680604,true,true,2018,T1_no_point_shrinkage_raked
1199,42,true,0.000000000086,0.003268451531,true,true,2018,T1_no_point_shrinkage_raked
1200,41,true,0.000000000090,0.005067888785,true,true,2018,T1_no_point_shrinkage_raked
1201,42,true,0.000000000091,0.003175642527,true,true,2018,T1_no_point_shrinkage_raked
1202,43,true,0.000000000079,0.001930554579,true,true,2018,T1_no_point_shrinkage_raked
1203,43,true,0.000000000069,0.003587112781,true,true,2018,T1_no_point_shrinkage_raked
1204,41,true,0.000000000089,0.003112017195,true,true,2018,T1_no_point_shrinkage_raked
1205,42,true,0.000000000078,0.002725501542,true,true,2018,T1_no_point_shrinkage_raked
1206,39,true,0.000000000081,0.001920255249,true,true,2018,T1_no_point_shrinkage_raked
1207,39,true,0.000000000086,0.002719305338,true,true,2018,T1_no_point_shrinkage_raked
1208,41,true,0.000000000072,0.002335768397,true,true,2018,T1_no_point_shrinkage_raked
1209,44,true,0.000000000089,0.003365502283,true,true,2018,T1_no_point_shrinkage_raked
1210,43,true,0.000000000079,0.004187291608,true,true,2018,T1_no_point_shrinkage_raked
1211,49,true,0.000000000071,0.003750117450,true,true,2018,T1_no_point_shrinkage_raked
1212,41,true,0.000000000096,0.002573319153,true,true,2018,T1_no_point_shrinkage_raked
1213,32,true,0.000000000076,0.002107163311,true,true,2018,T1_no_point_shrinkage_raked
1214,41,true,0.000000000079,0.004423995878,true,true,2018,T1_no_point_shrinkage_raked
1215,38,true,0.000000000086,0.004035950187,true,true,2018,T1_no_point_shrinkage_raked
1216,43,true,0.000000000092,0.002168875893,true,true,2018,T1_no_point_shrinkage_raked
1217,44,true,0.000000000069,0.003474911672,true,true,2018,T1_no_point_shrinkage_raked
1218,46,true,0.000000000087,0.002308606659,true,true,2018,T1_no_point_shrinkage_raked
1219,49,true,0.000000000089,0.001791335310,true,true,2018,T1_no_point_shrinkage_raked
1220,45,true,0.000000000096,0.002486041359,true,true,2018,T1_no_point_shrinkage_raked
1221,42,true,0.000000000075,0.001915296834,true,true,2018,T1_no_point_shrinkage_raked
1222,45,true,0.000000000092,0.001393032886,true,true,2018,T1_no_point_shrinkage_raked
1223,37,true,0.000000000091,0.001270895794,true,true,2018,T1_no_point_shrinkage_raked
1224,46,true,0.000000000070,0.000900594656,true,true,2018,T1_no_point_shrinkage_raked
1225,36,true,0.000000000076,0.002174988764,true,true,2018,T1_no_point_shrinkage_raked
1226,43,true,0.000000000073,0.003018079256,true,true,2018,T1_no_point_shrinkage_raked
1227,41,true,0.000000000066,0.005383275859,true,true,2018,T1_no_point_shrinkage_raked
1228,44,true,0.000000000068,0.002243057896,true,true,2018,T1_no_point_shrinkage_raked
1229,40,true,0.000000000075,0.001693936652,true,true,2018,T1_no_point_shrinkage_raked
1230,47,true,0.000000000084,0.007102640245,true,true,2018,T1_no_point_shrinkage_raked
1231,43,true,0.000000000068,0.004186871091,true,true,2018,T1_no_point_shrinkage_raked
1232,36,true,0.000000000092,0.004387882632,true,true,2018,T1_no_point_shrinkage_raked
1233,46,true,0.000000000081,0.002189102777,true,true,2018,T1_no_point_shrinkage_raked
1234,41,true,0.000000000087,0.005903994821,true,true,2018,T1_no_point_shrinkage_raked
1235,44,true,0.000000000083,0.004883867091,true,true,2018,T1_no_point_shrinkage_raked
1236,45,true,0.000000000078,0.003582320321,true,true,2018,T1_no_point_shrinkage_raked
1237,43,true,0.000000000100,0.001448285118,true,true,2018,T1_no_point_shrinkage_raked
1238,40,true,0.000000000097,0.002577836327,true,true,2018,T1_no_point_shrinkage_raked
1239,44,true,0.000000000088,0.002461250348,true,true,2018,T1_no_point_shrinkage_raked
1240,36,true,0.000000000084,0.004994671894,true,true,2018,T1_no_point_shrinkage_raked
1241,42,true,0.000000000086,0.004579718888,true,true,2018,T1_no_point_shrinkage_raked
1242,38,true,0.000000000070,0.001617260681,true,true,2018,T1_no_point_shrinkage_raked
1243,38,true,0.000000000086,0.001548214414,true,true,2018,T1_no_point_shrinkage_raked
1244,40,true,0.000000000079,0.002447299401,true,true,2018,T1_no_point_shrinkage_raked
1245,46,true,0.000000000091,0.004374234859,true,true,2018,T1_no_point_shrinkage_raked
1246,40,true,0.000000000080,0.005005344273,true,true,2018,T1_no_point_shrinkage_raked
1247,44,true,0.000000000080,0.002655721257,true,true,2018,T1_no_point_shrinkage_raked
1248,46,true,0.000000000090,0.001647571081,true,true,2018,T1_no_point_shrinkage_raked
1249,42,true,0.000000000093,0.002957013849,true,true,2018,T1_no_point_shrinkage_raked
1250,42,true,0.000000000079,0.002739641140,true,true,2018,T1_no_point_shrinkage_raked
1251,44,true,0.000000000072,0.005736463317,true,true,2018,T1_no_point_shrinkage_raked
1252,43,true,0.000000000077,0.001596627075,true,true,2018,T1_no_point_shrinkage_raked
1253,44,true,0.000000000088,0.003030974515,true,true,2018,T1_no_point_shrinkage_raked
1254,43,true,0.000000000076,0.002172698008,true,true,2018,T1_no_point_shrinkage_raked
1255,37,true,0.000000000072,0.001723201170,true,true,2018,T1_no_point_shrinkage_raked
1256,41,true,0.000000000098,0.001911409108,true,true,2018,T1_no_point_shrinkage_raked
1257,37,true,0.000000000070,0.000861903546,true,true,2018,T1_no_point_shrinkage_raked
1258,44,true,0.000000000069,0.003251132721,true,true,2018,T1_no_point_shrinkage_raked
1259,44,true,0.000000000071,0.002492621499,true,true,2018,T1_no_point_shrinkage_raked
1260,45,true,0.000000000094,0.003108169878,true,true,2018,T1_no_point_shrinkage_raked
1261,46,true,0.000000000079,0.003651711774,true,true,2018,T1_no_point_shrinkage_raked
1262,41,true,0.000000000069,0.001724859290,true,true,2018,T1_no_point_shrinkage_raked
1263,44,true,0.000000000078,0.002420194143,true,true,2018,T1_no_point_shrinkage_raked
1264,45,true,0.000000000085,0.001894513653,true,true,2018,T1_no_point_shrinkage_raked
1265,45,true,0.000000000070,0.004315439815,true,true,2018,T1_no_point_shrinkage_raked
1266,46,true,0.000000000069,0.001841226176,true,true,2018,T1_no_point_shrinkage_raked
1267,35,true,0.000000000071,0.002196600538,true,true,2018,T1_no_point_shrinkage_raked
1268,36,true,0.000000000077,0.002881245623,true,true,2018,T1_no_point_shrinkage_raked
1269,43,true,0.000000000080,0.002035300897,true,true,2018,T1_no_point_shrinkage_raked
1270,44,true,0.000000000072,0.005089765900,true,true,2018,T1_no_point_shrinkage_raked
1271,44,true,0.000000000093,0.004601336949,true,true,2018,T1_no_point_shrinkage_raked
1272,46,true,0.000000000088,0.003327185869,true,true,2018,T1_no_point_shrinkage_raked
1273,42,true,0.000000000068,0.003489256700,true,true,2018,T1_no_point_shrinkage_raked
1274,44,true,0.000000000088,0.003871185531,true,true,2018,T1_no_point_shrinkage_raked
1275,43,true,0.000000000080,0.003230343187,true,true,2018,T1_no_point_shrinkage_raked
1276,42,true,0.000000000086,0.002075295364,true,true,2018,T1_no_point_shrinkage_raked
1277,42,true,0.000000000083,0.001346865092,true,true,2018,T1_no_point_shrinkage_raked
1278,45,true,0.000000000068,0.006280773021,true,true,2018,T1_no_point_shrinkage_raked
1279,40,true,0.000000000072,0.003300157755,true,true,2018,T1_no_point_shrinkage_raked
1280,40,true,0.000000000068,0.001645244271,true,true,2018,T1_no_point_shrinkage_raked
1281,34,true,0.000000000086,0.002402668863,true,true,2018,T1_no_point_shrinkage_raked
1282,45,true,0.000000000084,0.001238577244,true,true,2018,T1_no_point_shrinkage_raked
1283,43,true,0.000000000085,0.002101536159,true,true,2018,T1_no_point_shrinkage_raked
1284,52,true,0.000000000077,0.004711323653,true,true,2018,T1_no_point_shrinkage_raked
1285,41,true,0.000000000075,0.004251024206,true,true,2018,T1_no_point_shrinkage_raked
1286,34,true,0.000000000071,0.002108279987,true,true,2018,T1_no_point_shrinkage_raked
1287,32,true,0.000000000068,0.005869849704,true,true,2018,T1_no_point_shrinkage_raked
1288,40,true,0.000000000088,0.002931176277,true,true,2018,T1_no_point_shrinkage_raked
1289,45,true,0.000000000080,0.002988088907,true,true,2018,T1_no_point_shrinkage_raked
1290,38,true,0.000000000068,0.002483477505,true,true,2018,T1_no_point_shrinkage_raked
1291,43,true,0.000000000099,0.001470595315,true,true,2018,T1_no_point_shrinkage_raked
1292,38,true,0.000000000096,0.001323849285,true,true,2018,T1_no_point_shrinkage_raked
1293,43,true,0.000000000095,0.003557496083,true,true,2018,T1_no_point_shrinkage_raked
1294,40,true,0.000000000067,0.004553292615,true,true,2018,T1_no_point_shrinkage_raked
1295,41,true,0.000000000097,0.003263714765,true,true,2018,T1_no_point_shrinkage_raked
1296,45,true,0.000000000079,0.002353605769,true,true,2018,T1_no_point_shrinkage_raked
1297,43,true,0.000000000072,0.003777403153,true,true,2018,T1_no_point_shrinkage_raked
1298,42,true,0.000000000081,0.003196097286,true,true,2018,T1_no_point_shrinkage_raked
1299,42,true,0.000000000068,0.001919243547,true,true,2018,T1_no_point_shrinkage_raked
1300,42,true,0.000000000089,0.004155897008,true,true,2018,T1_no_point_shrinkage_raked
1301,42,true,0.000000000084,0.002100540839,true,true,2018,T1_no_point_shrinkage_raked
1302,43,true,0.000000000084,0.003321846869,true,true,2018,T1_no_point_shrinkage_raked
1303,45,true,0.000000000079,0.000772430058,true,true,2018,T1_no_point_shrinkage_raked
1304,40,true,0.000000000080,0.002025730024,true,true,2018,T1_no_point_shrinkage_raked
1305,37,true,0.000000000090,0.003482780819,true,true,2018,T1_no_point_shrinkage_raked
1306,42,true,0.000000000077,0.002938366551,true,true,2018,T1_no_point_shrinkage_raked
1307,44,true,0.000000000069,0.002659973058,true,true,2018,T1_no_point_shrinkage_raked
1308,40,true,0.000000000075,0.002715796768,true,true,2018,T1_no_point_shrinkage_raked
1309,44,true,0.000000000083,0.002306211163,true,true,2018,T1_no_point_shrinkage_raked
1310,41,true,0.000000000100,0.001468167421,true,true,2018,T1_no_point_shrinkage_raked
1311,42,true,0.000000000069,0.006363476057,true,true,2018,T1_no_point_shrinkage_raked
1312,42,true,0.000000000085,0.002920836714,true,true,2018,T1_no_point_shrinkage_raked
1313,37,true,0.000000000094,0.002557361842,true,true,2018,T1_no_point_shrinkage_raked
1314,41,true,0.000000000067,0.002097437552,true,true,2018,T1_no_point_shrinkage_raked
1315,41,true,0.000000000085,0.006222233085,true,true,2018,T1_no_point_shrinkage_raked
1316,32,true,0.000000000073,0.002948421551,true,true,2018,T1_no_point_shrinkage_raked
1317,37,true,0.000000000078,0.002218553950,true,true,2018,T1_no_point_shrinkage_raked
1318,42,true,0.000000000066,0.001799976444,true,true,2018,T1_no_point_shrinkage_raked
1319,39,true,0.000000000084,0.003534537403,true,true,2018,T1_no_point_shrinkage_raked
1320,41,true,0.000000000099,0.001666976410,true,true,2018,T1_no_point_shrinkage_raked
1321,44,true,0.000000000067,0.001785665260,true,true,2018,T1_no_point_shrinkage_raked
1322,41,true,0.000000000073,0.001248027730,true,true,2018,T1_no_point_shrinkage_raked
1323,36,true,0.000000000073,0.001301796339,true,true,2018,T1_no_point_shrinkage_raked
1324,41,true,0.000000000098,0.001656321706,true,true,2018,T1_no_point_shrinkage_raked
1325,38,true,0.000000000092,0.000764857754,true,true,2018,T1_no_point_shrinkage_raked
1326,47,true,0.000000000082,0.001129090293,true,true,2018,T1_no_point_shrinkage_raked
1327,44,true,0.000000000088,0.003461172085,true,true,2018,T1_no_point_shrinkage_raked
1328,45,true,0.000000000076,0.002442169498,true,true,2018,T1_no_point_shrinkage_raked
1329,40,true,0.000000000068,0.002952973570,true,true,2018,T1_no_point_shrinkage_raked
1330,41,true,0.000000000067,0.002044351477,true,true,2018,T1_no_point_shrinkage_raked
1331,39,true,0.000000000067,0.005285724324,true,true,2018,T1_no_point_shrinkage_raked
1332,44,true,0.000000000077,0.002569204492,true,true,2018,T1_no_point_shrinkage_raked
1333,42,true,0.000000000074,0.001888504321,true,true,2018,T1_no_point_shrinkage_raked
1334,42,true,0.000000000088,0.002534565193,true,true,2018,T1_no_point_shrinkage_raked
1335,43,true,0.000000000073,0.001814709593,true,true,2018,T1_no_point_shrinkage_raked
1336,46,true,0.000000000076,0.002356417322,true,true,2018,T1_no_point_shrinkage_raked
1337,41,true,0.000000000097,0.003498333095,true,true,2018,T1_no_point_shrinkage_raked
1338,41,true,0.000000000087,0.001537788779,true,true,2018,T1_no_point_shrinkage_raked
1339,46,true,0.000000000071,0.003016086068,true,true,2018,T1_no_point_shrinkage_raked
1340,42,true,0.000000000078,0.004072810176,true,true,2018,T1_no_point_shrinkage_raked
1341,40,true,0.000000000087,0.001177112993,true,true,2018,T1_no_point_shrinkage_raked
1342,36,true,0.000000000084,0.002534537274,true,true,2018,T1_no_point_shrinkage_raked
1343,43,true,0.000000000075,0.003745357953,true,true,2018,T1_no_point_shrinkage_raked
1344,40,true,0.000000000079,0.002329544138,true,true,2018,T1_no_point_shrinkage_raked
1345,35,true,0.000000000085,0.002431445508,true,true,2018,T1_no_point_shrinkage_raked
1346,44,true,0.000000000088,0.002663678067,true,true,2018,T1_no_point_shrinkage_raked
1347,42,true,0.000000000075,0.004534113065,true,true,2018,T1_no_point_shrinkage_raked
1348,46,true,0.000000000070,0.004700914271,true,true,2018,T1_no_point_shrinkage_raked
1349,43,true,0.000000000068,0.003060843111,true,true,2018,T1_no_point_shrinkage_raked
1350,45,true,0.000000000073,0.001954466588,true,true,2018,T1_no_point_shrinkage_raked
1351,43,true,0.000000000080,0.002894253013,true,true,2018,T1_no_point_shrinkage_raked
1352,42,true,0.000000000067,0.003475907652,true,true,2018,T1_no_point_shrinkage_raked
1353,45,true,0.000000000071,0.002023328839,true,true,2018,T1_no_point_shrinkage_raked
1354,45,true,0.000000000083,0.002950168244,true,true,2018,T1_no_point_shrinkage_raked
1355,42,true,0.000000000079,0.001956523782,true,true,2018,T1_no_point_shrinkage_raked
1356,40,true,0.000000000080,0.003228111464,true,true,2018,T1_no_point_shrinkage_raked
1357,42,true,0.000000000077,0.001979861735,true,true,2018,T1_no_point_shrinkage_raked
1358,45,true,0.000000000071,0.003125831816,true,true,2018,T1_no_point_shrinkage_raked
1359,43,true,0.000000000095,0.005035595461,true,true,2018,T1_no_point_shrinkage_raked
1360,43,true,0.000000000070,0.002633130157,true,true,2018,T1_no_point_shrinkage_raked
1361,41,true,0.000000000075,0.003466740094,true,true,2018,T1_no_point_shrinkage_raked
1362,48,true,0.000000000082,0.003377479873,true,true,2018,T1_no_point_shrinkage_raked
1363,40,true,0.000000000089,0.002931441800,true,true,2018,T1_no_point_shrinkage_raked
1364,32,true,0.000000000073,0.001673341925,true,true,2018,T1_no_point_shrinkage_raked
1365,49,true,0.000000000083,0.004103792145,true,true,2018,T1_no_point_shrinkage_raked
1366,36,true,0.000000000097,0.005142517041,true,true,2018,T1_no_point_shrinkage_raked
1367,39,true,0.000000000092,0.003974730536,true,true,2018,T1_no_point_shrinkage_raked
1368,46,true,0.000000000072,0.003915616321,true,true,2018,T1_no_point_shrinkage_raked
1369,43,true,0.000000000083,0.004183092116,true,true,2018,T1_no_point_shrinkage_raked
1370,43,true,0.000000000084,0.002226537842,true,true,2018,T1_no_point_shrinkage_raked
1371,44,true,0.000000000086,0.003426218281,true,true,2018,T1_no_point_shrinkage_raked
1372,43,true,0.000000000088,0.004322124764,true,true,2018,T1_no_point_shrinkage_raked
1373,44,true,0.000000000081,0.003450530686,true,true,2018,T1_no_point_shrinkage_raked
1374,42,true,0.000000000071,0.002476293952,true,true,2018,T1_no_point_shrinkage_raked
1375,41,true,0.000000000066,0.006702314975,true,true,2018,T1_no_point_shrinkage_raked
1376,43,true,0.000000000082,0.003266878332,true,true,2018,T1_no_point_shrinkage_raked
1377,42,true,0.000000000068,0.002793969807,true,true,2018,T1_no_point_shrinkage_raked
1378,39,true,0.000000000068,0.001805321216,true,true,2018,T1_no_point_shrinkage_raked
1379,44,true,0.000000000095,0.002591572827,true,true,2018,T1_no_point_shrinkage_raked
1380,43,true,0.000000000080,0.005411696757,true,true,2018,T1_no_point_shrinkage_raked
1381,42,true,0.000000000092,0.009154929648,true,true,2018,T1_no_point_shrinkage_raked
1382,40,true,0.000000000076,0.002080965191,true,true,2018,T1_no_point_shrinkage_raked
1383,43,true,0.000000000069,0.001688860404,true,true,2018,T1_no_point_shrinkage_raked
1384,41,true,0.000000000088,0.002325039817,true,true,2018,T1_no_point_shrinkage_raked
1385,41,true,0.000000000069,0.003723837681,true,true,2018,T1_no_point_shrinkage_raked
1386,43,true,0.000000000068,0.002175467866,true,true,2018,T1_no_point_shrinkage_raked
1387,33,true,0.000000000083,0.002872930928,true,true,2018,T1_no_point_shrinkage_raked
1388,38,true,0.000000000072,0.005183671321,true,true,2018,T1_no_point_shrinkage_raked
1389,43,true,0.000000000073,0.002448695837,true,true,2018,T1_no_point_shrinkage_raked
1390,35,true,0.000000000071,0.003205390343,true,true,2018,T1_no_point_shrinkage_raked
1391,43,true,0.000000000084,0.005201121365,true,true,2018,T1_no_point_shrinkage_raked
1392,46,true,0.000000000096,0.004150920660,true,true,2018,T1_no_point_shrinkage_raked
1393,44,true,0.000000000099,0.005143114240,true,true,2018,T1_no_point_shrinkage_raked
1394,41,true,0.000000000088,0.003904572780,true,true,2018,T1_no_point_shrinkage_raked
1395,42,true,0.000000000077,0.004346051848,true,true,2018,T1_no_point_shrinkage_raked
1396,41,true,0.000000000083,0.001334276385,true,true,2018,T1_no_point_shrinkage_raked
1397,41,true,0.000000000097,0.002108087903,true,true,2018,T1_no_point_shrinkage_raked
1398,43,true,0.000000000087,0.002305627813,true,true,2018,T1_no_point_shrinkage_raked
1399,40,true,0.000000000086,0.001652022343,true,true,2018,T1_no_point_shrinkage_raked
1400,41,true,0.000000000077,0.001231867808,true,true,2018,T1_no_point_shrinkage_raked
1401,46,true,0.000000000095,0.002525106412,true,true,2018,T1_no_point_shrinkage_raked
1402,37,true,0.000000000082,0.003484379209,true,true,2018,T1_no_point_shrinkage_raked
1403,44,true,0.000000000069,0.005279255367,true,true,2018,T1_no_point_shrinkage_raked
1404,44,true,0.000000000084,0.005188370757,true,true,2018,T1_no_point_shrinkage_raked
1405,39,true,0.000000000065,0.001806179639,true,true,2018,T1_no_point_shrinkage_raked
1406,39,true,0.000000000066,0.003858146988,true,true,2018,T1_no_point_shrinkage_raked
1407,46,true,0.000000000075,0.001235434569,true,true,2018,T1_no_point_shrinkage_raked
1408,40,true,0.000000000079,0.001910918139,true,true,2018,T1_no_point_shrinkage_raked
1409,47,true,0.000000000098,0.004523155824,true,true,2018,T1_no_point_shrinkage_raked
1410,45,true,0.000000000096,0.003843590161,true,true,2018,T1_no_point_shrinkage_raked
1411,40,true,0.000000000071,0.001556916370,true,true,2018,T1_no_point_shrinkage_raked
1412,49,true,0.000000000099,0.003372446266,true,true,2018,T1_no_point_shrinkage_raked
1413,44,true,0.000000000083,0.001267801828,true,true,2018,T1_no_point_shrinkage_raked
1414,43,true,0.000000000074,0.002806904068,true,true,2018,T1_no_point_shrinkage_raked
1415,44,true,0.000000000070,0.004650741546,true,true,2018,T1_no_point_shrinkage_raked
1416,39,true,0.000000000081,0.002991656451,true,true,2018,T1_no_point_shrinkage_raked
1417,43,true,0.000000000094,0.003214410732,true,true,2018,T1_no_point_shrinkage_raked
1418,42,true,0.000000000072,0.003765277858,true,true,2018,T1_no_point_shrinkage_raked
1419,45,true,0.000000000073,0.002445166204,true,true,2018,T1_no_point_shrinkage_raked
1420,38,true,0.000000000088,0.003296840340,true,true,2018,T1_no_point_shrinkage_raked
1421,41,true,0.000000000076,0.002018938280,true,true,2018,T1_no_point_shrinkage_raked
1422,46,true,0.000000000082,0.002857986777,true,true,2018,T1_no_point_shrinkage_raked
1423,43,true,0.000000000081,0.000861826876,true,true,2018,T1_no_point_shrinkage_raked
1424,37,true,0.000000000071,0.002662655599,true,true,2018,T1_no_point_shrinkage_raked
1425,42,true,0.000000000084,0.002476832693,true,true,2018,T1_no_point_shrinkage_raked
1426,43,true,0.000000000099,0.004559037986,true,true,2018,T1_no_point_shrinkage_raked
1427,44,true,0.000000000077,0.004075430739,true,true,2018,T1_no_point_shrinkage_raked
1428,43,true,0.000000000079,0.003581621154,true,true,2018,T1_no_point_shrinkage_raked
1429,44,true,0.000000000083,0.003687552809,true,true,2018,T1_no_point_shrinkage_raked
1430,46,true,0.000000000072,0.003656139198,true,true,2018,T1_no_point_shrinkage_raked
1431,43,true,0.000000000085,0.000987275726,true,true,2018,T1_no_point_shrinkage_raked
1432,42,true,0.000000000080,0.002273332691,true,true,2018,T1_no_point_shrinkage_raked
1433,45,true,0.000000000078,0.003190366538,true,true,2018,T1_no_point_shrinkage_raked
1434,43,true,0.000000000079,0.003632339363,true,true,2018,T1_no_point_shrinkage_raked
1435,39,true,0.000000000081,0.003943443223,true,true,2018,T1_no_point_shrinkage_raked
1436,40,true,0.000000000076,0.002870692600,true,true,2018,T1_no_point_shrinkage_raked
1437,39,true,0.000000000087,0.003154318047,true,true,2018,T1_no_point_shrinkage_raked
1438,45,true,0.000000000098,0.003481154130,true,true,2018,T1_no_point_shrinkage_raked
1439,40,true,0.000000000079,0.002746465514,true,true,2018,T1_no_point_shrinkage_raked
1440,45,true,0.000000000092,0.004827940238,true,true,2018,T1_no_point_shrinkage_raked
1441,42,true,0.000000000081,0.002784251811,true,true,2018,T1_no_point_shrinkage_raked
1442,39,true,0.000000000068,0.001682462791,true,true,2018,T1_no_point_shrinkage_raked
1443,42,true,0.000000000088,0.004468826477,true,true,2018,T1_no_point_shrinkage_raked
1444,44,true,0.000000000067,0.001632286172,true,true,2018,T1_no_point_shrinkage_raked
1445,39,true,0.000000000072,0.002698751574,true,true,2018,T1_no_point_shrinkage_raked
1446,47,true,0.000000000073,0.002028308092,true,true,2018,T1_no_point_shrinkage_raked
1447,43,true,0.000000000079,0.003732934795,true,true,2018,T1_no_point_shrinkage_raked
1448,41,true,0.000000000099,0.000846487642,true,true,2018,T1_no_point_shrinkage_raked
1449,40,true,0.000000000073,0.004020466974,true,true,2018,T1_no_point_shrinkage_raked
1450,43,true,0.000000000091,0.003567364604,true,true,2018,T1_no_point_shrinkage_raked
1451,40,true,0.000000000086,0.002977341471,true,true,2018,T1_no_point_shrinkage_raked
1452,41,true,0.000000000065,0.005548528585,true,true,2018,T1_no_point_shrinkage_raked
1453,41,true,0.000000000066,0.001771003942,true,true,2018,T1_no_point_shrinkage_raked
1454,45,true,0.000000000082,0.001062483680,true,true,2018,T1_no_point_shrinkage_raked
1455,41,true,0.000000000066,0.003532237944,true,true,2018,T1_no_point_shrinkage_raked
1456,42,true,0.000000000075,0.002426659530,true,true,2018,T1_no_point_shrinkage_raked
1457,43,true,0.000000000082,0.004539405347,true,true,2018,T1_no_point_shrinkage_raked
1458,43,true,0.000000000081,0.002527760093,true,true,2018,T1_no_point_shrinkage_raked
1459,43,true,0.000000000081,0.005501347433,true,true,2018,T1_no_point_shrinkage_raked
1460,38,true,0.000000000082,0.001385206714,true,true,2018,T1_no_point_shrinkage_raked
1461,48,true,0.000000000086,0.001696759073,true,true,2018,T1_no_point_shrinkage_raked
1462,46,true,0.000000000100,0.003189990090,true,true,2018,T1_no_point_shrinkage_raked
1463,40,true,0.000000000070,0.002137618017,true,true,2018,T1_no_point_shrinkage_raked
1464,45,true,0.000000000075,0.004525317300,true,true,2018,T1_no_point_shrinkage_raked
1465,41,true,0.000000000096,0.002971045871,true,true,2018,T1_no_point_shrinkage_raked
1466,39,true,0.000000000082,0.001380333599,true,true,2018,T1_no_point_shrinkage_raked
1467,45,true,0.000000000079,0.005062597122,true,true,2018,T1_no_point_shrinkage_raked
1468,40,true,0.000000000072,0.004049156852,true,true,2018,T1_no_point_shrinkage_raked
1469,38,true,0.000000000084,0.004032146784,true,true,2018,T1_no_point_shrinkage_raked
1470,43,true,0.000000000067,0.002862445775,true,true,2018,T1_no_point_shrinkage_raked
1471,37,true,0.000000000068,0.001005412517,true,true,2018,T1_no_point_shrinkage_raked
1472,45,true,0.000000000082,0.002251643580,true,true,2018,T1_no_point_shrinkage_raked
1473,37,true,0.000000000081,0.001931442902,true,true,2018,T1_no_point_shrinkage_raked
1474,40,true,0.000000000073,0.002263738130,true,true,2018,T1_no_point_shrinkage_raked
1475,44,true,0.000000000072,0.003894806264,true,true,2018,T1_no_point_shrinkage_raked
1476,38,true,0.000000000098,0.003482452269,true,true,2018,T1_no_point_shrinkage_raked
1477,44,true,0.000000000089,0.003422105417,true,true,2018,T1_no_point_shrinkage_raked
1478,45,true,0.000000000092,0.004120177833,true,true,2018,T1_no_point_shrinkage_raked
1479,42,true,0.000000000075,0.004045324984,true,true,2018,T1_no_point_shrinkage_raked
1480,44,true,0.000000000071,0.001954475096,true,true,2018,T1_no_point_shrinkage_raked
1481,40,true,0.000000000091,0.003600820970,true,true,2018,T1_no_point_shrinkage_raked
1482,37,true,0.000000000089,0.002860917237,true,true,2018,T1_no_point_shrinkage_raked
1483,47,true,0.000000000080,0.003335261639,true,true,2018,T1_no_point_shrinkage_raked
1484,43,true,0.000000000078,0.003362584636,true,true,2018,T1_no_point_shrinkage_raked
1485,45,true,0.000000000083,0.003560497063,true,true,2018,T1_no_point_shrinkage_raked
1486,46,true,0.000000000072,0.002889243243,true,true,2018,T1_no_point_shrinkage_raked
1487,39,true,0.000000000070,0.002342671674,true,true,2018,T1_no_point_shrinkage_raked
1488,45,true,0.000000000078,0.001804043691,true,true,2018,T1_no_point_shrinkage_raked
1489,41,true,0.000000000072,0.004289561645,true,true,2018,T1_no_point_shrinkage_raked
1490,45,true,0.000000000096,0.001916292032,true,true,2018,T1_no_point_shrinkage_raked
1491,46,true,0.000000000075,0.002109775352,true,true,2018,T1_no_point_shrinkage_raked
1492,41,true,0.000000000099,0.003248729180,true,true,2018,T1_no_point_shrinkage_raked
1493,43,true,0.000000000099,0.002139405963,true,true,2018,T1_no_point_shrinkage_raked
1494,47,true,0.000000000075,0.003380587801,true,true,2018,T1_no_point_shrinkage_raked
1495,46,true,0.000000000084,0.006185854787,true,true,2018,T1_no_point_shrinkage_raked
1496,41,true,0.000000000085,0.004380370946,true,true,2018,T1_no_point_shrinkage_raked
1497,39,true,0.000000000085,0.003073913116,true,true,2018,T1_no_point_shrinkage_raked
1498,41,true,0.000000000070,0.003549541332,true,true,2018,T1_no_point_shrinkage_raked
1499,43,true,0.000000000091,0.002466420981,true,true,2018,T1_no_point_shrinkage_raked
1500,35,true,0.000000000077,0.003386222663,true,true,2018,T1_no_point_shrinkage_raked
1501,41,true,0.000000000072,0.002117142584,true,true,2018,T1_no_point_shrinkage_raked
1502,40,true,0.000000000095,0.000892413247,true,true,2018,T1_no_point_shrinkage_raked
1503,40,true,0.000000000079,0.000855681149,true,true,2018,T1_no_point_shrinkage_raked
1504,39,true,0.000000000068,0.003911554728,true,true,2018,T1_no_point_shrinkage_raked
1505,43,true,0.000000000081,0.003898219731,true,true,2018,T1_no_point_shrinkage_raked
1506,37,true,0.000000000065,0.001999109574,true,true,2018,T1_no_point_shrinkage_raked
1507,46,true,0.000000000071,0.004226837402,true,true,2018,T1_no_point_shrinkage_raked
1508,46,true,0.000000000078,0.002066122286,true,true,2018,T1_no_point_shrinkage_raked
1509,41,true,0.000000000069,0.003357390338,true,true,2018,T1_no_point_shrinkage_raked
1510,42,true,0.000000000068,0.004374826178,true,true,2018,T1_no_point_shrinkage_raked
1511,48,true,0.000000000072,0.002517282945,true,true,2018,T1_no_point_shrinkage_raked
1512,39,true,0.000000000087,0.004687497265,true,true,2018,T1_no_point_shrinkage_raked
1513,39,true,0.000000000078,0.004832257942,true,true,2018,T1_no_point_shrinkage_raked
1514,41,true,0.000000000082,0.002567308980,true,true,2018,T1_no_point_shrinkage_raked
1515,34,true,0.000000000091,0.002822817646,true,true,2018,T1_no_point_shrinkage_raked
1516,42,true,0.000000000092,0.003325247262,true,true,2018,T1_no_point_shrinkage_raked
1517,39,true,0.000000000093,0.002036543086,true,true,2018,T1_no_point_shrinkage_raked
1518,40,true,0.000000000077,0.002803788872,true,true,2018,T1_no_point_shrinkage_raked
1519,41,true,0.000000000077,0.003253222137,true,true,2018,T1_no_point_shrinkage_raked
1520,46,true,0.000000000083,0.003401960048,true,true,2018,T1_no_point_shrinkage_raked
1521,45,true,0.000000000098,0.005874113440,true,true,2018,T1_no_point_shrinkage_raked
1522,41,true,0.000000000077,0.001033930170,true,true,2018,T1_no_point_shrinkage_raked
1523,45,true,0.000000000092,0.003562309260,true,true,2018,T1_no_point_shrinkage_raked
1524,40,true,0.000000000096,0.003827014280,true,true,2018,T1_no_point_shrinkage_raked
1525,41,true,0.000000000078,0.001634949266,true,true,2018,T1_no_point_shrinkage_raked
1526,46,true,0.000000000098,0.001830066777,true,true,2018,T1_no_point_shrinkage_raked
1527,47,true,0.000000000088,0.002292786712,true,true,2018,T1_no_point_shrinkage_raked
1528,38,true,0.000000000067,0.003383610156,true,true,2018,T1_no_point_shrinkage_raked
1529,45,true,0.000000000082,0.001971011919,true,true,2018,T1_no_point_shrinkage_raked
1530,43,true,0.000000000093,0.003752463269,true,true,2018,T1_no_point_shrinkage_raked
1531,42,true,0.000000000071,0.002977432191,true,true,2018,T1_no_point_shrinkage_raked
1532,42,true,0.000000000082,0.002335784211,true,true,2018,T1_no_point_shrinkage_raked
1533,38,true,0.000000000084,0.002590543839,true,true,2018,T1_no_point_shrinkage_raked
1534,46,true,0.000000000075,0.003116105054,true,true,2018,T1_no_point_shrinkage_raked
1535,42,true,0.000000000082,0.001672529868,true,true,2018,T1_no_point_shrinkage_raked
1536,44,true,0.000000000071,0.001872244745,true,true,2018,T1_no_point_shrinkage_raked
1537,36,true,0.000000000067,0.002746256136,true,true,2018,T1_no_point_shrinkage_raked
1538,45,true,0.000000000089,0.002572365595,true,true,2018,T1_no_point_shrinkage_raked
1539,39,true,0.000000000072,0.001518054357,true,true,2018,T1_no_point_shrinkage_raked
1540,47,true,0.000000000068,0.001875102851,true,true,2018,T1_no_point_shrinkage_raked
1541,44,true,0.000000000087,0.002777757135,true,true,2018,T1_no_point_shrinkage_raked
1542,45,true,0.000000000087,0.001651849165,true,true,2018,T1_no_point_shrinkage_raked
1543,43,true,0.000000000067,0.001331633769,true,true,2018,T1_no_point_shrinkage_raked
1544,43,true,0.000000000072,0.004771650097,true,true,2018,T1_no_point_shrinkage_raked
1545,40,true,0.000000000089,0.002451645690,true,true,2018,T1_no_point_shrinkage_raked
1546,41,true,0.000000000082,0.004727954763,true,true,2018,T1_no_point_shrinkage_raked
1547,43,true,0.000000000074,0.001807719367,true,true,2018,T1_no_point_shrinkage_raked
1548,41,true,0.000000000067,0.002956849071,true,true,2018,T1_no_point_shrinkage_raked
1549,43,true,0.000000000089,0.007559843541,true,true,2018,T1_no_point_shrinkage_raked
1550,40,true,0.000000000094,0.002061378214,true,true,2018,T1_no_point_shrinkage_raked
1551,45,true,0.000000000079,0.001741829951,true,true,2018,T1_no_point_shrinkage_raked
1552,44,true,0.000000000078,0.002526050455,true,true,2018,T1_no_point_shrinkage_raked
1553,41,true,0.000000000095,0.002377161550,true,true,2018,T1_no_point_shrinkage_raked
1554,36,true,0.000000000064,0.001912695481,true,true,2018,T1_no_point_shrinkage_raked
1555,41,true,0.000000000087,0.002156153363,true,true,2018,T1_no_point_shrinkage_raked
1556,41,true,0.000000000095,0.002546880999,true,true,2018,T1_no_point_shrinkage_raked
1557,40,true,0.000000000076,0.001996184337,true,true,2018,T1_no_point_shrinkage_raked
1558,43,true,0.000000000093,0.003749776851,true,true,2018,T1_no_point_shrinkage_raked
1559,41,true,0.000000000085,0.001753993624,true,true,2018,T1_no_point_shrinkage_raked
1560,43,true,0.000000000097,0.003106284883,true,true,2018,T1_no_point_shrinkage_raked
1561,39,true,0.000000000094,0.004352424268,true,true,2018,T1_no_point_shrinkage_raked
1562,44,true,0.000000000091,0.002650682827,true,true,2018,T1_no_point_shrinkage_raked
1563,35,true,0.000000000095,0.004267922464,true,true,2018,T1_no_point_shrinkage_raked
1564,37,true,0.000000000099,0.002590879126,true,true,2018,T1_no_point_shrinkage_raked
1565,46,true,0.000000000072,0.002311256298,true,true,2018,T1_no_point_shrinkage_raked
1566,36,true,0.000000000076,0.002803610207,true,true,2018,T1_no_point_shrinkage_raked
1567,42,true,0.000000000084,0.001606112864,true,true,2018,T1_no_point_shrinkage_raked
1568,43,true,0.000000000081,0.002293632881,true,true,2018,T1_no_point_shrinkage_raked
1569,43,true,0.000000000084,0.002923506263,true,true,2018,T1_no_point_shrinkage_raked
1570,36,true,0.000000000075,0.003783459061,true,true,2018,T1_no_point_shrinkage_raked
1571,43,true,0.000000000084,0.003590667927,true,true,2018,T1_no_point_shrinkage_raked
1572,46,true,0.000000000076,0.002700821148,true,true,2018,T1_no_point_shrinkage_raked
1573,47,true,0.000000000083,0.003374814511,true,true,2018,T1_no_point_shrinkage_raked
1574,45,true,0.000000000090,0.003197078183,true,true,2018,T1_no_point_shrinkage_raked
1575,42,true,0.000000000093,0.003115428497,true,true,2018,T1_no_point_shrinkage_raked
1576,38,true,0.000000000094,0.001487577957,true,true,2018,T1_no_point_shrinkage_raked
1577,44,true,0.000000000094,0.001785313705,true,true,2018,T1_no_point_shrinkage_raked
1578,41,true,0.000000000068,0.001427980939,true,true,2018,T1_no_point_shrinkage_raked
1579,44,true,0.000000000082,0.003742035063,true,true,2018,T1_no_point_shrinkage_raked
1580,45,true,0.000000000083,0.002377845845,true,true,2018,T1_no_point_shrinkage_raked
1581,41,true,0.000000000071,0.002658901416,true,true,2018,T1_no_point_shrinkage_raked
1582,44,true,0.000000000098,0.001632423301,true,true,2018,T1_no_point_shrinkage_raked
1583,44,true,0.000000000087,0.003749003727,true,true,2018,T1_no_point_shrinkage_raked
1584,44,true,0.000000000076,0.002712045038,true,true,2018,T1_no_point_shrinkage_raked
1585,44,true,0.000000000069,0.002006675141,true,true,2018,T1_no_point_shrinkage_raked
1586,44,true,0.000000000078,0.003011175064,true,true,2018,T1_no_point_shrinkage_raked
1587,43,true,0.000000000082,0.002358272631,true,true,2018,T1_no_point_shrinkage_raked
1588,44,true,0.000000000071,0.002773350231,true,true,2018,T1_no_point_shrinkage_raked
1589,40,true,0.000000000080,0.003150185389,true,true,2018,T1_no_point_shrinkage_raked
1590,41,true,0.000000000068,0.001261009120,true,true,2018,T1_no_point_shrinkage_raked
1591,45,true,0.000000000087,0.003113821349,true,true,2018,T1_no_point_shrinkage_raked
1592,40,true,0.000000000090,0.002277714146,true,true,2018,T1_no_point_shrinkage_raked
1593,45,true,0.000000000071,0.004094893962,true,true,2018,T1_no_point_shrinkage_raked
1594,45,true,0.000000000087,0.003392632763,true,true,2018,T1_no_point_shrinkage_raked
1595,41,true,0.000000000075,0.002028981575,true,true,2018,T1_no_point_shrinkage_raked
1596,42,true,0.000000000078,0.004165123905,true,true,2018,T1_no_point_shrinkage_raked
1597,46,true,0.000000000099,0.004530626613,true,true,2018,T1_no_point_shrinkage_raked
1598,42,true,0.000000000073,0.001590043734,true,true,2018,T1_no_point_shrinkage_raked
1599,44,true,0.000000000098,0.004992198180,true,true,2018,T1_no_point_shrinkage_raked
1600,39,true,0.000000000073,0.002232565153,true,true,2018,T1_no_point_shrinkage_raked
1601,42,true,0.000000000077,0.000818755328,true,true,2018,T1_no_point_shrinkage_raked
1602,41,true,0.000000000088,0.001416835786,true,true,2018,T1_no_point_shrinkage_raked
1603,49,true,0.000000000085,0.002661134883,true,true,2018,T1_no_point_shrinkage_raked
1604,44,true,0.000000000080,0.005294904883,true,true,2018,T1_no_point_shrinkage_raked
1605,44,true,0.000000000076,0.002689820966,true,true,2018,T1_no_point_shrinkage_raked
1606,38,true,0.000000000074,0.005123352553,true,true,2018,T1_no_point_shrinkage_raked
1607,42,true,0.000000000077,0.004879211198,true,true,2018,T1_no_point_shrinkage_raked
1608,41,true,0.000000000095,0.006804791006,true,true,2018,T1_no_point_shrinkage_raked
1609,43,true,0.000000000079,0.002483292749,true,true,2018,T1_no_point_shrinkage_raked
1610,42,true,0.000000000076,0.005690306729,true,true,2018,T1_no_point_shrinkage_raked
1611,42,true,0.000000000091,0.002513807262,true,true,2018,T1_no_point_shrinkage_raked
1612,45,true,0.000000000069,0.003884192820,true,true,2018,T1_no_point_shrinkage_raked
1613,37,true,0.000000000074,0.003394455407,true,true,2018,T1_no_point_shrinkage_raked
1614,43,true,0.000000000066,0.005454284603,true,true,2018,T1_no_point_shrinkage_raked
1615,39,true,0.000000000075,0.003055884571,true,true,2018,T1_no_point_shrinkage_raked
1616,39,true,0.000000000083,0.004930147436,true,true,2018,T1_no_point_shrinkage_raked
1617,43,true,0.000000000071,0.002306334973,true,true,2018,T1_no_point_shrinkage_raked
1618,36,true,0.000000000094,0.004168596354,true,true,2018,T1_no_point_shrinkage_raked
1619,43,true,0.000000000095,0.003927052881,true,true,2018,T1_no_point_shrinkage_raked
1620,39,true,0.000000000079,0.004007102360,true,true,2018,T1_no_point_shrinkage_raked
1621,40,true,0.000000000091,0.002174576277,true,true,2018,T1_no_point_shrinkage_raked
1622,41,true,0.000000000075,0.003801520035,true,true,2018,T1_no_point_shrinkage_raked
1623,43,true,0.000000000098,0.004199886464,true,true,2018,T1_no_point_shrinkage_raked
1624,39,true,0.000000000076,0.003366262375,true,true,2018,T1_no_point_shrinkage_raked
1625,41,true,0.000000000080,0.003553262815,true,true,2018,T1_no_point_shrinkage_raked
1626,42,true,0.000000000093,0.005132114035,true,true,2018,T1_no_point_shrinkage_raked
1627,42,true,0.000000000068,0.002873984127,true,true,2018,T1_no_point_shrinkage_raked
1628,42,true,0.000000000079,0.002468613286,true,true,2018,T1_no_point_shrinkage_raked
1629,44,true,0.000000000081,0.003915000946,true,true,2018,T1_no_point_shrinkage_raked
1630,42,true,0.000000000097,0.001464908496,true,true,2018,T1_no_point_shrinkage_raked
1631,41,true,0.000000000099,0.007560821092,true,true,2018,T1_no_point_shrinkage_raked
1632,44,true,0.000000000082,0.005494718456,true,true,2018,T1_no_point_shrinkage_raked
1633,46,true,0.000000000097,0.005016672324,true,true,2018,T1_no_point_shrinkage_raked
1634,45,true,0.000000000074,0.002529984649,true,true,2018,T1_no_point_shrinkage_raked
1635,44,true,0.000000000072,0.003157756509,true,true,2018,T1_no_point_shrinkage_raked
1636,44,true,0.000000000074,0.002015899291,true,true,2018,T1_no_point_shrinkage_raked
1637,43,true,0.000000000090,0.001495021515,true,true,2018,T1_no_point_shrinkage_raked
1638,43,true,0.000000000081,0.002692961750,true,true,2018,T1_no_point_shrinkage_raked
1639,49,true,0.000000000089,0.001545352729,true,true,2018,T1_no_point_shrinkage_raked
1640,40,true,0.000000000073,0.001614061471,true,true,2018,T1_no_point_shrinkage_raked
1641,43,true,0.000000000083,0.001841667803,true,true,2018,T1_no_point_shrinkage_raked
1642,42,true,0.000000000080,0.002403172590,true,true,2018,T1_no_point_shrinkage_raked
1643,36,true,0.000000000074,0.003947338061,true,true,2018,T1_no_point_shrinkage_raked
1644,29,true,0.000000000088,0.004095169745,true,true,2018,T1_no_point_shrinkage_raked
1645,46,true,0.000000000080,0.002308091689,true,true,2018,T1_no_point_shrinkage_raked
1646,42,true,0.000000000079,0.003931052924,true,true,2018,T1_no_point_shrinkage_raked
1647,49,true,0.000000000077,0.003334014356,true,true,2018,T1_no_point_shrinkage_raked
1648,43,true,0.000000000079,0.006172449753,true,true,2018,T1_no_point_shrinkage_raked
1649,45,true,0.000000000073,0.001866015977,true,true,2018,T1_no_point_shrinkage_raked
1650,48,true,0.000000000094,0.002612329340,true,true,2018,T1_no_point_shrinkage_raked
1651,40,true,0.000000000096,0.002847363934,true,true,2018,T1_no_point_shrinkage_raked
1652,42,true,0.000000000099,0.000948244822,true,true,2018,T1_no_point_shrinkage_raked
1653,50,true,0.000000000082,0.003552227265,true,true,2018,T1_no_point_shrinkage_raked
1654,44,true,0.000000000090,0.001980209010,true,true,2018,T1_no_point_shrinkage_raked
1655,42,true,0.000000000073,0.004087779059,true,true,2018,T1_no_point_shrinkage_raked
1656,44,true,0.000000000095,0.002782276788,true,true,2018,T1_no_point_shrinkage_raked
1657,39,true,0.000000000077,0.005690409329,true,true,2018,T1_no_point_shrinkage_raked
1658,46,true,0.000000000073,0.003559721940,true,true,2018,T1_no_point_shrinkage_raked
1659,40,true,0.000000000097,0.001812385830,true,true,2018,T1_no_point_shrinkage_raked
1660,41,true,0.000000000099,0.004348099221,true,true,2018,T1_no_point_shrinkage_raked
1661,40,true,0.000000000069,0.003918729095,true,true,2018,T1_no_point_shrinkage_raked
1662,45,true,0.000000000090,0.001794687802,true,true,2018,T1_no_point_shrinkage_raked
1663,44,true,0.000000000069,0.004144452955,true,true,2018,T1_no_point_shrinkage_raked
1664,45,true,0.000000000088,0.004417849574,true,true,2018,T1_no_point_shrinkage_raked
1665,44,true,0.000000000075,0.001100694278,true,true,2018,T1_no_point_shrinkage_raked
1666,34,true,0.000000000096,0.003710441019,true,true,2018,T1_no_point_shrinkage_raked
1667,39,true,0.000000000077,0.004365191271,true,true,2018,T1_no_point_shrinkage_raked
1668,45,true,0.000000000070,0.002173250904,true,true,2018,T1_no_point_shrinkage_raked
1669,40,true,0.000000000085,0.003381185700,true,true,2018,T1_no_point_shrinkage_raked
1670,43,true,0.000000000082,0.004554703628,true,true,2018,T1_no_point_shrinkage_raked
1671,39,true,0.000000000070,0.003004463697,true,true,2018,T1_no_point_shrinkage_raked
1672,42,true,0.000000000079,0.003908823342,true,true,2018,T1_no_point_shrinkage_raked
1673,38,true,0.000000000095,0.002114443406,true,true,2018,T1_no_point_shrinkage_raked
1674,42,true,0.000000000080,0.001772761031,true,true,2018,T1_no_point_shrinkage_raked
1675,43,true,0.000000000099,0.002650387356,true,true,2018,T1_no_point_shrinkage_raked
1676,43,true,0.000000000070,0.003610028187,true,true,2018,T1_no_point_shrinkage_raked
1677,39,true,0.000000000080,0.006312985366,true,true,2018,T1_no_point_shrinkage_raked
1678,40,true,0.000000000067,0.002133410251,true,true,2018,T1_no_point_shrinkage_raked
1679,44,true,0.000000000077,0.001260579658,true,true,2018,T1_no_point_shrinkage_raked
1680,36,true,0.000000000087,0.001914469128,true,true,2018,T1_no_point_shrinkage_raked
1681,39,true,0.000000000079,0.003593158229,true,true,2018,T1_no_point_shrinkage_raked
1682,46,true,0.000000000078,0.002114294145,true,true,2018,T1_no_point_shrinkage_raked
1683,38,true,0.000000000073,0.004041911644,true,true,2018,T1_no_point_shrinkage_raked
1684,37,true,0.000000000072,0.002072530434,true,true,2018,T1_no_point_shrinkage_raked
1685,41,true,0.000000000074,0.001463960378,true,true,2018,T1_no_point_shrinkage_raked
1686,45,true,0.000000000072,0.002882194121,true,true,2018,T1_no_point_shrinkage_raked
1687,43,true,0.000000000068,0.001039162114,true,true,2018,T1_no_point_shrinkage_raked
1688,41,true,0.000000000096,0.002430708558,true,true,2018,T1_no_point_shrinkage_raked
1689,44,true,0.000000000081,0.001851704163,true,true,2018,T1_no_point_shrinkage_raked
1690,42,true,0.000000000077,0.002815827673,true,true,2018,T1_no_point_shrinkage_raked
1691,45,true,0.000000000096,0.004033395983,true,true,2018,T1_no_point_shrinkage_raked
1692,44,true,0.000000000085,0.003520449840,true,true,2018,T1_no_point_shrinkage_raked
1693,47,true,0.000000000096,0.002042192970,true,true,2018,T1_no_point_shrinkage_raked
1694,47,true,0.000000000086,0.004729013686,true,true,2018,T1_no_point_shrinkage_raked
1695,43,true,0.000000000066,0.003795073319,true,true,2018,T1_no_point_shrinkage_raked
1696,48,true,0.000000000083,0.003191728320,true,true,2018,T1_no_point_shrinkage_raked
1697,50,true,0.000000000099,0.000870307329,true,true,2018,T1_no_point_shrinkage_raked
1698,45,true,0.000000000087,0.004813998595,true,true,2018,T1_no_point_shrinkage_raked
1699,39,true,0.000000000096,0.003091070016,true,true,2018,T1_no_point_shrinkage_raked
1700,36,true,0.000000000072,0.004633251725,true,true,2018,T1_no_point_shrinkage_raked
1701,37,true,0.000000000091,0.003034864938,true,true,2018,T1_no_point_shrinkage_raked
1702,46,true,0.000000000090,0.002567381338,true,true,2018,T1_no_point_shrinkage_raked
1703,43,true,0.000000000069,0.004461548039,true,true,2018,T1_no_point_shrinkage_raked
1704,44,true,0.000000000072,0.001076977018,true,true,2018,T1_no_point_shrinkage_raked
1705,42,true,0.000000000085,0.003287058759,true,true,2018,T1_no_point_shrinkage_raked
1706,42,true,0.000000000080,0.001733897667,true,true,2018,T1_no_point_shrinkage_raked
1707,47,true,0.000000000077,0.001677999647,true,true,2018,T1_no_point_shrinkage_raked
1708,39,true,0.000000000098,0.004485813624,true,true,2018,T1_no_point_shrinkage_raked
1709,48,true,0.000000000076,0.003117683960,true,true,2018,T1_no_point_shrinkage_raked
1710,42,true,0.000000000068,0.003881497236,true,true,2018,T1_no_point_shrinkage_raked
1711,47,true,0.000000000080,0.002783721014,true,true,2018,T1_no_point_shrinkage_raked
1712,46,true,0.000000000081,0.002767846157,true,true,2018,T1_no_point_shrinkage_raked
1713,41,true,0.000000000097,0.004545791582,true,true,2018,T1_no_point_shrinkage_raked
1714,46,true,0.000000000079,0.002303685306,true,true,2018,T1_no_point_shrinkage_raked
1715,41,true,0.000000000092,0.002929726702,true,true,2018,T1_no_point_shrinkage_raked
1716,37,true,0.000000000083,0.000876482264,true,true,2018,T1_no_point_shrinkage_raked
1717,38,true,0.000000000090,0.003594562356,true,true,2018,T1_no_point_shrinkage_raked
1718,45,true,0.000000000068,0.001537053116,true,true,2018,T1_no_point_shrinkage_raked
1719,42,true,0.000000000068,0.004011379861,true,true,2018,T1_no_point_shrinkage_raked
1720,44,true,0.000000000088,0.001215098007,true,true,2018,T1_no_point_shrinkage_raked
1721,47,true,0.000000000071,0.003854916039,true,true,2018,T1_no_point_shrinkage_raked
1722,40,true,0.000000000089,0.002332326694,true,true,2018,T1_no_point_shrinkage_raked
1723,44,true,0.000000000088,0.002400941448,true,true,2018,T1_no_point_shrinkage_raked
1724,41,true,0.000000000079,0.001020391272,true,true,2018,T1_no_point_shrinkage_raked
1725,46,true,0.000000000068,0.002692147880,true,true,2018,T1_no_point_shrinkage_raked
1726,43,true,0.000000000073,0.003166254990,true,true,2018,T1_no_point_shrinkage_raked
1727,39,true,0.000000000093,0.002049512015,true,true,2018,T1_no_point_shrinkage_raked
1728,44,true,0.000000000096,0.003368050062,true,true,2018,T1_no_point_shrinkage_raked
1729,44,true,0.000000000078,0.004618721842,true,true,2018,T1_no_point_shrinkage_raked
1730,41,true,0.000000000095,0.003490266958,true,true,2018,T1_no_point_shrinkage_raked
1731,42,true,0.000000000085,0.002963404801,true,true,2018,T1_no_point_shrinkage_raked
1732,43,true,0.000000000078,0.002583145727,true,true,2018,T1_no_point_shrinkage_raked
1733,44,true,0.000000000081,0.001957345353,true,true,2018,T1_no_point_shrinkage_raked
1734,44,true,0.000000000071,0.004258803241,true,true,2018,T1_no_point_shrinkage_raked
1735,42,true,0.000000000069,0.004601324795,true,true,2018,T1_no_point_shrinkage_raked
1736,46,true,0.000000000076,0.005108322625,true,true,2018,T1_no_point_shrinkage_raked
1737,39,true,0.000000000088,0.003664736505,true,true,2018,T1_no_point_shrinkage_raked
1738,47,true,0.000000000097,0.000840224249,true,true,2018,T1_no_point_shrinkage_raked
1739,40,true,0.000000000092,0.002448473911,true,true,2018,T1_no_point_shrinkage_raked
1740,41,true,0.000000000067,0.001769647100,true,true,2018,T1_no_point_shrinkage_raked
1741,46,true,0.000000000096,0.002513960160,true,true,2018,T1_no_point_shrinkage_raked
1742,48,true,0.000000000079,0.001805479530,true,true,2018,T1_no_point_shrinkage_raked
1743,44,true,0.000000000088,0.004237504661,true,true,2018,T1_no_point_shrinkage_raked
1744,45,true,0.000000000073,0.002506715926,true,true,2018,T1_no_point_shrinkage_raked
1745,46,true,0.000000000086,0.002963173653,true,true,2018,T1_no_point_shrinkage_raked
1746,43,true,0.000000000099,0.006739284025,true,true,2018,T1_no_point_shrinkage_raked
1747,42,true,0.000000000083,0.004379686245,true,true,2018,T1_no_point_shrinkage_raked
1748,43,true,0.000000000084,0.001097781392,true,true,2018,T1_no_point_shrinkage_raked
1749,45,true,0.000000000093,0.004360072884,true,true,2018,T1_no_point_shrinkage_raked
1750,48,true,0.000000000069,0.002549611478,true,true,2018,T1_no_point_shrinkage_raked
1751,36,true,0.000000000077,0.001563382268,true,true,2018,T1_no_point_shrinkage_raked
1752,44,true,0.000000000091,0.001888222206,true,true,2018,T1_no_point_shrinkage_raked
1753,42,true,0.000000000093,0.005211644158,true,true,2018,T1_no_point_shrinkage_raked
1754,42,true,0.000000000086,0.000784077966,true,true,2018,T1_no_point_shrinkage_raked
1755,47,true,0.000000000086,0.001674484579,true,true,2018,T1_no_point_shrinkage_raked
1756,42,true,0.000000000067,0.000745055343,true,true,2018,T1_no_point_shrinkage_raked
1757,36,true,0.000000000080,0.002588075644,true,true,2018,T1_no_point_shrinkage_raked
1758,38,true,0.000000000096,0.001810909865,true,true,2018,T1_no_point_shrinkage_raked
1759,44,true,0.000000000089,0.003928725623,true,true,2018,T1_no_point_shrinkage_raked
1760,43,true,0.000000000078,0.002796745196,true,true,2018,T1_no_point_shrinkage_raked
1761,44,true,0.000000000086,0.002480291691,true,true,2018,T1_no_point_shrinkage_raked
1762,39,true,0.000000000069,0.002144504709,true,true,2018,T1_no_point_shrinkage_raked
1763,43,true,0.000000000074,0.004222329718,true,true,2018,T1_no_point_shrinkage_raked
1764,43,true,0.000000000083,0.002219345234,true,true,2018,T1_no_point_shrinkage_raked
1765,44,true,0.000000000069,0.002219023776,true,true,2018,T1_no_point_shrinkage_raked
1766,43,true,0.000000000076,0.002482331914,true,true,2018,T1_no_point_shrinkage_raked
1767,44,true,0.000000000077,0.005240842192,true,true,2018,T1_no_point_shrinkage_raked
1768,43,true,0.000000000092,0.002583915121,true,true,2018,T1_no_point_shrinkage_raked
1769,48,true,0.000000000095,0.002408252443,true,true,2018,T1_no_point_shrinkage_raked
1770,43,true,0.000000000073,0.003048008856,true,true,2018,T1_no_point_shrinkage_raked
1771,45,true,0.000000000071,0.003559580543,true,true,2018,T1_no_point_shrinkage_raked
1772,44,true,0.000000000097,0.001005481373,true,true,2018,T1_no_point_shrinkage_raked
1773,42,true,0.000000000089,0.002340179085,true,true,2018,T1_no_point_shrinkage_raked
1774,42,true,0.000000000093,0.002216179472,true,true,2018,T1_no_point_shrinkage_raked
1775,41,true,0.000000000081,0.004135995492,true,true,2018,T1_no_point_shrinkage_raked
1776,34,true,0.000000000069,0.002746844661,true,true,2018,T1_no_point_shrinkage_raked
1777,43,true,0.000000000076,0.002723846168,true,true,2018,T1_no_point_shrinkage_raked
1778,50,true,0.000000000071,0.005424833203,true,true,2018,T1_no_point_shrinkage_raked
1779,40,true,0.000000000066,0.002527597660,true,true,2018,T1_no_point_shrinkage_raked
1780,49,true,0.000000000080,0.004721464912,true,true,2018,T1_no_point_shrinkage_raked
1781,39,true,0.000000000100,0.003531383055,true,true,2018,T1_no_point_shrinkage_raked
1782,34,true,0.000000000084,0.002266272934,true,true,2018,T1_no_point_shrinkage_raked
1783,43,true,0.000000000084,0.002984928810,true,true,2018,T1_no_point_shrinkage_raked
1784,45,true,0.000000000083,0.002915477869,true,true,2018,T1_no_point_shrinkage_raked
1785,39,true,0.000000000081,0.002073096317,true,true,2018,T1_no_point_shrinkage_raked
1786,42,true,0.000000000070,0.003896564628,true,true,2018,T1_no_point_shrinkage_raked
1787,40,true,0.000000000073,0.003857908126,true,true,2018,T1_no_point_shrinkage_raked
1788,43,true,0.000000000096,0.001427261500,true,true,2018,T1_no_point_shrinkage_raked
1789,30,true,0.000000000081,0.003548267546,true,true,2018,T1_no_point_shrinkage_raked
1790,41,true,0.000000000071,0.002307547023,true,true,2018,T1_no_point_shrinkage_raked
1791,45,true,0.000000000078,0.002680386333,true,true,2018,T1_no_point_shrinkage_raked
1792,42,true,0.000000000075,0.004344775315,true,true,2018,T1_no_point_shrinkage_raked
1793,40,true,0.000000000093,0.004253130445,true,true,2018,T1_no_point_shrinkage_raked
1794,38,true,0.000000000087,0.002868217537,true,true,2018,T1_no_point_shrinkage_raked
1795,46,true,0.000000000072,0.002309329257,true,true,2018,T1_no_point_shrinkage_raked
1796,41,true,0.000000000087,0.004456547277,true,true,2018,T1_no_point_shrinkage_raked
1797,38,true,0.000000000092,0.002345918940,true,true,2018,T1_no_point_shrinkage_raked
1798,43,true,0.000000000093,0.001846514025,true,true,2018,T1_no_point_shrinkage_raked
1799,41,true,0.000000000088,0.003427768951,true,true,2018,T1_no_point_shrinkage_raked
1800,43,true,0.000000000098,0.002995830592,true,true,2018,T1_no_point_shrinkage_raked
1801,42,true,0.000000000078,0.002911262680,true,true,2018,T1_no_point_shrinkage_raked
1802,41,true,0.000000000084,0.003168047699,true,true,2018,T1_no_point_shrinkage_raked
1803,41,true,0.000000000073,0.002662113347,true,true,2018,T1_no_point_shrinkage_raked
1804,45,true,0.000000000075,0.003952505991,true,true,2018,T1_no_point_shrinkage_raked
1805,37,true,0.000000000075,0.002497734997,true,true,2018,T1_no_point_shrinkage_raked
1806,43,true,0.000000000090,0.002921864747,true,true,2018,T1_no_point_shrinkage_raked
1807,41,true,0.000000000082,0.001926377308,true,true,2018,T1_no_point_shrinkage_raked
1808,44,true,0.000000000083,0.002753714476,true,true,2018,T1_no_point_shrinkage_raked
1809,40,true,0.000000000092,0.004524999293,true,true,2018,T1_no_point_shrinkage_raked
1810,38,true,0.000000000095,0.003096129777,true,true,2018,T1_no_point_shrinkage_raked
1811,45,true,0.000000000075,0.003219650020,true,true,2018,T1_no_point_shrinkage_raked
1812,45,true,0.000000000085,0.001951956313,true,true,2018,T1_no_point_shrinkage_raked
1813,41,true,0.000000000086,0.005006971128,true,true,2018,T1_no_point_shrinkage_raked
1814,45,true,0.000000000098,0.001880626986,true,true,2018,T1_no_point_shrinkage_raked
1815,40,true,0.000000000098,0.003826478339,true,true,2018,T1_no_point_shrinkage_raked
1816,40,true,0.000000000083,0.002783711158,true,true,2018,T1_no_point_shrinkage_raked
1817,43,true,0.000000000072,0.002480338731,true,true,2018,T1_no_point_shrinkage_raked
1818,45,true,0.000000000077,0.003551699044,true,true,2018,T1_no_point_shrinkage_raked
1819,39,true,0.000000000072,0.002709213607,true,true,2018,T1_no_point_shrinkage_raked
1820,42,true,0.000000000078,0.001699197533,true,true,2018,T1_no_point_shrinkage_raked
1821,46,true,0.000000000087,0.005163727968,true,true,2018,T1_no_point_shrinkage_raked
1822,43,true,0.000000000088,0.002618994767,true,true,2018,T1_no_point_shrinkage_raked
1823,42,true,0.000000000085,0.005107264913,true,true,2018,T1_no_point_shrinkage_raked
1824,42,true,0.000000000072,0.002379652924,true,true,2018,T1_no_point_shrinkage_raked
1825,45,true,0.000000000085,0.001788825796,true,true,2018,T1_no_point_shrinkage_raked
1826,42,true,0.000000000068,0.004221130403,true,true,2018,T1_no_point_shrinkage_raked
1827,46,true,0.000000000098,0.002296462843,true,true,2018,T1_no_point_shrinkage_raked
1828,41,true,0.000000000074,0.002675155189,true,true,2018,T1_no_point_shrinkage_raked
1829,44,true,0.000000000087,0.005367005073,true,true,2018,T1_no_point_shrinkage_raked
1830,42,true,0.000000000071,0.003191666843,true,true,2018,T1_no_point_shrinkage_raked
1831,44,true,0.000000000071,0.003099995146,true,true,2018,T1_no_point_shrinkage_raked
1832,46,true,0.000000000085,0.002209597967,true,true,2018,T1_no_point_shrinkage_raked
1833,51,true,0.000000000095,0.003639532588,true,true,2018,T1_no_point_shrinkage_raked
1834,42,true,0.000000000069,0.003368058249,true,true,2018,T1_no_point_shrinkage_raked
1835,45,true,0.000000000078,0.002391658609,true,true,2018,T1_no_point_shrinkage_raked
1836,44,true,0.000000000074,0.001233284484,true,true,2018,T1_no_point_shrinkage_raked
1837,44,true,0.000000000078,0.002002804384,true,true,2018,T1_no_point_shrinkage_raked
1838,41,true,0.000000000070,0.003941806656,true,true,2018,T1_no_point_shrinkage_raked
1839,43,true,0.000000000081,0.002258788811,true,true,2018,T1_no_point_shrinkage_raked
1840,44,true,0.000000000090,0.003706890324,true,true,2018,T1_no_point_shrinkage_raked
1841,38,true,0.000000000069,0.003840079847,true,true,2018,T1_no_point_shrinkage_raked
1842,41,true,0.000000000087,0.002339504173,true,true,2018,T1_no_point_shrinkage_raked
1843,40,true,0.000000000091,0.004066497785,true,true,2018,T1_no_point_shrinkage_raked
1844,46,true,0.000000000070,0.003780577854,true,true,2018,T1_no_point_shrinkage_raked
1845,46,true,0.000000000092,0.001663364086,true,true,2018,T1_no_point_shrinkage_raked
1846,43,true,0.000000000081,0.002694666045,true,true,2018,T1_no_point_shrinkage_raked
1847,40,true,0.000000000096,0.001856850825,true,true,2018,T1_no_point_shrinkage_raked
1848,42,true,0.000000000081,0.004244395892,true,true,2018,T1_no_point_shrinkage_raked
1849,36,true,0.000000000096,0.003254929437,true,true,2018,T1_no_point_shrinkage_raked
1850,46,true,0.000000000077,0.004637259138,true,true,2018,T1_no_point_shrinkage_raked
1851,41,true,0.000000000066,0.001056599228,true,true,2018,T1_no_point_shrinkage_raked
1852,43,true,0.000000000069,0.007194177355,true,true,2018,T1_no_point_shrinkage_raked
1853,46,true,0.000000000083,0.002468249646,true,true,2018,T1_no_point_shrinkage_raked
1854,40,true,0.000000000086,0.002773509432,true,true,2018,T1_no_point_shrinkage_raked
1855,43,true,0.000000000094,0.004191319051,true,true,2018,T1_no_point_shrinkage_raked
1856,41,true,0.000000000078,0.002244020017,true,true,2018,T1_no_point_shrinkage_raked
1857,42,true,0.000000000078,0.001088036154,true,true,2018,T1_no_point_shrinkage_raked
1858,43,true,0.000000000098,0.001981382880,true,true,2018,T1_no_point_shrinkage_raked
1859,43,true,0.000000000077,0.002626572899,true,true,2018,T1_no_point_shrinkage_raked
1860,45,true,0.000000000077,0.002596236992,true,true,2018,T1_no_point_shrinkage_raked
1861,42,true,0.000000000083,0.004417959301,true,true,2018,T1_no_point_shrinkage_raked
1862,33,true,0.000000000070,0.002622740775,true,true,2018,T1_no_point_shrinkage_raked
1863,42,true,0.000000000067,0.004995423958,true,true,2018,T1_no_point_shrinkage_raked
1864,46,true,0.000000000072,0.005115516207,true,true,2018,T1_no_point_shrinkage_raked
1865,33,true,0.000000000089,0.002855714727,true,true,2018,T1_no_point_shrinkage_raked
1866,39,true,0.000000000098,0.003905202386,true,true,2018,T1_no_point_shrinkage_raked
1867,42,true,0.000000000078,0.002052437781,true,true,2018,T1_no_point_shrinkage_raked
1868,41,true,0.000000000078,0.001155607645,true,true,2018,T1_no_point_shrinkage_raked
1869,38,true,0.000000000080,0.001443706281,true,true,2018,T1_no_point_shrinkage_raked
1870,41,true,0.000000000095,0.003857749853,true,true,2018,T1_no_point_shrinkage_raked
1871,43,true,0.000000000097,0.001913868299,true,true,2018,T1_no_point_shrinkage_raked
1872,34,true,0.000000000096,0.004982197941,true,true,2018,T1_no_point_shrinkage_raked
1873,41,true,0.000000000074,0.002679950009,true,true,2018,T1_no_point_shrinkage_raked
1874,44,true,0.000000000089,0.003166307143,true,true,2018,T1_no_point_shrinkage_raked
1875,39,true,0.000000000071,0.002797804243,true,true,2018,T1_no_point_shrinkage_raked
1876,47,true,0.000000000084,0.003238177512,true,true,2018,T1_no_point_shrinkage_raked
1877,46,true,0.000000000096,0.005012400485,true,true,2018,T1_no_point_shrinkage_raked
1878,38,true,0.000000000077,0.004880478317,true,true,2018,T1_no_point_shrinkage_raked
1879,44,true,0.000000000075,0.003388190778,true,true,2018,T1_no_point_shrinkage_raked
1880,46,true,0.000000000073,0.003923430119,true,true,2018,T1_no_point_shrinkage_raked
1881,39,true,0.000000000093,0.005777572740,true,true,2018,T1_no_point_shrinkage_raked
1882,39,true,0.000000000072,0.002025844224,true,true,2018,T1_no_point_shrinkage_raked
1883,43,true,0.000000000079,0.003950461532,true,true,2018,T1_no_point_shrinkage_raked
1884,41,true,0.000000000094,0.001880894197,true,true,2018,T1_no_point_shrinkage_raked
1885,46,true,0.000000000071,0.002616645781,true,true,2018,T1_no_point_shrinkage_raked
1886,33,true,0.000000000096,0.003091445162,true,true,2018,T1_no_point_shrinkage_raked
1887,39,true,0.000000000080,0.004218121211,true,true,2018,T1_no_point_shrinkage_raked
1888,43,true,0.000000000087,0.003472069160,true,true,2018,T1_no_point_shrinkage_raked
1889,42,true,0.000000000091,0.001773637477,true,true,2018,T1_no_point_shrinkage_raked
1890,44,true,0.000000000076,0.003228472384,true,true,2018,T1_no_point_shrinkage_raked
1891,36,true,0.000000000087,0.003909250756,true,true,2018,T1_no_point_shrinkage_raked
1892,42,true,0.000000000081,0.001229357893,true,true,2018,T1_no_point_shrinkage_raked
1893,46,true,0.000000000081,0.002455583843,true,true,2018,T1_no_point_shrinkage_raked
1894,42,true,0.000000000080,0.002199276441,true,true,2018,T1_no_point_shrinkage_raked
1895,40,true,0.000000000077,0.002888890566,true,true,2018,T1_no_point_shrinkage_raked
1896,41,true,0.000000000087,0.001576598491,true,true,2018,T1_no_point_shrinkage_raked
1897,46,true,0.000000000069,0.002755221709,true,true,2018,T1_no_point_shrinkage_raked
1898,40,true,0.000000000087,0.003009332790,true,true,2018,T1_no_point_shrinkage_raked
1899,42,true,0.000000000066,0.004921991846,true,true,2018,T1_no_point_shrinkage_raked
1900,45,true,0.000000000081,0.004783904386,true,true,2018,T1_no_point_shrinkage_raked
1901,42,true,0.000000000091,0.002685282364,true,true,2018,T1_no_point_shrinkage_raked
1902,41,true,0.000000000077,0.004531253924,true,true,2018,T1_no_point_shrinkage_raked
1903,42,true,0.000000000091,0.003964823446,true,true,2018,T1_no_point_shrinkage_raked
1904,46,true,0.000000000090,0.001529922478,true,true,2018,T1_no_point_shrinkage_raked
1905,38,true,0.000000000082,0.002988355202,true,true,2018,T1_no_point_shrinkage_raked
1906,38,true,0.000000000076,0.001998782673,true,true,2018,T1_no_point_shrinkage_raked
1907,42,true,0.000000000092,0.003147051921,true,true,2018,T1_no_point_shrinkage_raked
1908,40,true,0.000000000076,0.005136540514,true,true,2018,T1_no_point_shrinkage_raked
1909,40,true,0.000000000085,0.004235771671,true,true,2018,T1_no_point_shrinkage_raked
1910,40,true,0.000000000079,0.002914307289,true,true,2018,T1_no_point_shrinkage_raked
1911,38,true,0.000000000095,0.002103794766,true,true,2018,T1_no_point_shrinkage_raked
1912,37,true,0.000000000075,0.003988657308,true,true,2018,T1_no_point_shrinkage_raked
1913,39,true,0.000000000093,0.002959060737,true,true,2018,T1_no_point_shrinkage_raked
1914,42,true,0.000000000091,0.001991091806,true,true,2018,T1_no_point_shrinkage_raked
1915,44,true,0.000000000075,0.008025468994,true,true,2018,T1_no_point_shrinkage_raked
1916,39,true,0.000000000083,0.001602348906,true,true,2018,T1_no_point_shrinkage_raked
1917,47,true,0.000000000097,0.001469312875,true,true,2018,T1_no_point_shrinkage_raked
1918,40,true,0.000000000078,0.004396752105,true,true,2018,T1_no_point_shrinkage_raked
1919,43,true,0.000000000093,0.002340804326,true,true,2018,T1_no_point_shrinkage_raked
1920,41,true,0.000000000066,0.002786617542,true,true,2018,T1_no_point_shrinkage_raked
1921,44,true,0.000000000100,0.003293958739,true,true,2018,T1_no_point_shrinkage_raked
1922,45,true,0.000000000070,0.006153852560,true,true,2018,T1_no_point_shrinkage_raked
1923,42,true,0.000000000086,0.002658119866,true,true,2018,T1_no_point_shrinkage_raked
1924,37,true,0.000000000098,0.002305594417,true,true,2018,T1_no_point_shrinkage_raked
1925,40,true,0.000000000065,0.003246886728,true,true,2018,T1_no_point_shrinkage_raked
1926,44,true,0.000000000088,0.002698338072,true,true,2018,T1_no_point_shrinkage_raked
1927,39,true,0.000000000066,0.006646341478,true,true,2018,T1_no_point_shrinkage_raked
1928,44,true,0.000000000069,0.004521407463,true,true,2018,T1_no_point_shrinkage_raked
1929,41,true,0.000000000098,0.003740580926,true,true,2018,T1_no_point_shrinkage_raked
1930,41,true,0.000000000077,0.003941715460,true,true,2018,T1_no_point_shrinkage_raked
1931,43,true,0.000000000100,0.001952030210,true,true,2018,T1_no_point_shrinkage_raked
1932,44,true,0.000000000081,0.001765152870,true,true,2018,T1_no_point_shrinkage_raked
1933,41,true,0.000000000075,0.002720861863,true,true,2018,T1_no_point_shrinkage_raked
1934,43,true,0.000000000092,0.002845593581,true,true,2018,T1_no_point_shrinkage_raked
1935,36,true,0.000000000078,0.004412031508,true,true,2018,T1_no_point_shrinkage_raked
1936,41,true,0.000000000092,0.002978847037,true,true,2018,T1_no_point_shrinkage_raked
1937,45,true,0.000000000076,0.003721044326,true,true,2018,T1_no_point_shrinkage_raked
1938,40,true,0.000000000091,0.002192434503,true,true,2018,T1_no_point_shrinkage_raked
1939,37,true,0.000000000079,0.001876768965,true,true,2018,T1_no_point_shrinkage_raked
1940,44,true,0.000000000076,0.003544925132,true,true,2018,T1_no_point_shrinkage_raked
1941,40,true,0.000000000097,0.005751068027,true,true,2018,T1_no_point_shrinkage_raked
1942,43,true,0.000000000069,0.001954550278,true,true,2018,T1_no_point_shrinkage_raked
1943,44,true,0.000000000092,0.002830443888,true,true,2018,T1_no_point_shrinkage_raked
1944,44,true,0.000000000076,0.002623734722,true,true,2018,T1_no_point_shrinkage_raked
1945,43,true,0.000000000083,0.005217671376,true,true,2018,T1_no_point_shrinkage_raked
1946,47,true,0.000000000093,0.002219389809,true,true,2018,T1_no_point_shrinkage_raked
1947,44,true,0.000000000076,0.007245470250,true,true,2018,T1_no_point_shrinkage_raked
1948,43,true,0.000000000086,0.002105470956,true,true,2018,T1_no_point_shrinkage_raked
1949,46,true,0.000000000097,0.002205149948,true,true,2018,T1_no_point_shrinkage_raked
1950,43,true,0.000000000097,0.002727477906,true,true,2018,T1_no_point_shrinkage_raked
1951,47,true,0.000000000091,0.002809711326,true,true,2018,T1_no_point_shrinkage_raked
1952,46,true,0.000000000069,0.001206924518,true,true,2018,T1_no_point_shrinkage_raked
1953,46,true,0.000000000097,0.000931435051,true,true,2018,T1_no_point_shrinkage_raked
1954,35,true,0.000000000099,0.002111495106,true,true,2018,T1_no_point_shrinkage_raked
1955,44,true,0.000000000080,0.000552788594,true,true,2018,T1_no_point_shrinkage_raked
1956,40,true,0.000000000081,0.002397451221,true,true,2018,T1_no_point_shrinkage_raked
1957,39,true,0.000000000087,0.001945563114,true,true,2018,T1_no_point_shrinkage_raked
1958,41,true,0.000000000099,0.004640678321,true,true,2018,T1_no_point_shrinkage_raked
1959,47,true,0.000000000086,0.004003603293,true,true,2018,T1_no_point_shrinkage_raked
1960,36,true,0.000000000067,0.002926906203,true,true,2018,T1_no_point_shrinkage_raked
1961,41,true,0.000000000090,0.003042120063,true,true,2018,T1_no_point_shrinkage_raked
1962,44,true,0.000000000087,0.004833990412,true,true,2018,T1_no_point_shrinkage_raked
1963,38,true,0.000000000086,0.001438232270,true,true,2018,T1_no_point_shrinkage_raked
1964,46,true,0.000000000081,0.003303635755,true,true,2018,T1_no_point_shrinkage_raked
1965,43,true,0.000000000077,0.004030289945,true,true,2018,T1_no_point_shrinkage_raked
1966,42,true,0.000000000081,0.002305760192,true,true,2018,T1_no_point_shrinkage_raked
1967,39,true,0.000000000088,0.003625153620,true,true,2018,T1_no_point_shrinkage_raked
1968,40,true,0.000000000071,0.002347738183,true,true,2018,T1_no_point_shrinkage_raked
1969,42,true,0.000000000079,0.004831637688,true,true,2018,T1_no_point_shrinkage_raked
1970,44,true,0.000000000095,0.001397284434,true,true,2018,T1_no_point_shrinkage_raked
1971,42,true,0.000000000077,0.003146724827,true,true,2018,T1_no_point_shrinkage_raked
1972,46,true,0.000000000094,0.001833090233,true,true,2018,T1_no_point_shrinkage_raked
1973,43,true,0.000000000096,0.003650870371,true,true,2018,T1_no_point_shrinkage_raked
1974,33,true,0.000000000090,0.002002018877,true,true,2018,T1_no_point_shrinkage_raked
1975,44,true,0.000000000091,0.004258069889,true,true,2018,T1_no_point_shrinkage_raked
1976,42,true,0.000000000095,0.001909478911,true,true,2018,T1_no_point_shrinkage_raked
1977,39,true,0.000000000089,0.002536873707,true,true,2018,T1_no_point_shrinkage_raked
1978,42,true,0.000000000068,0.003401059048,true,true,2018,T1_no_point_shrinkage_raked
1979,40,true,0.000000000067,0.001810662686,true,true,2018,T1_no_point_shrinkage_raked
1980,42,true,0.000000000068,0.003634048698,true,true,2018,T1_no_point_shrinkage_raked
1981,29,true,0.000000000083,0.001030448102,true,true,2018,T1_no_point_shrinkage_raked
1982,40,true,0.000000000082,0.001436686935,true,true,2018,T1_no_point_shrinkage_raked
1983,37,true,0.000000000075,0.001717236137,true,true,2018,T1_no_point_shrinkage_raked
1984,39,true,0.000000000088,0.001294530344,true,true,2018,T1_no_point_shrinkage_raked
1985,43,true,0.000000000069,0.003221805830,true,true,2018,T1_no_point_shrinkage_raked
1986,43,true,0.000000000073,0.002771670108,true,true,2018,T1_no_point_shrinkage_raked
1987,47,true,0.000000000094,0.002574907276,true,true,2018,T1_no_point_shrinkage_raked
1988,48,true,0.000000000070,0.004113692323,true,true,2018,T1_no_point_shrinkage_raked
1989,44,true,0.000000000081,0.003491899803,true,true,2018,T1_no_point_shrinkage_raked
1990,38,true,0.000000000072,0.001820653288,true,true,2018,T1_no_point_shrinkage_raked
1991,43,true,0.000000000081,0.003796617227,true,true,2018,T1_no_point_shrinkage_raked
1992,43,true,0.000000000085,0.003189683421,true,true,2018,T1_no_point_shrinkage_raked
1993,37,true,0.000000000082,0.004130203150,true,true,2018,T1_no_point_shrinkage_raked
1994,40,true,0.000000000076,0.004787045150,true,true,2018,T1_no_point_shrinkage_raked
1995,47,true,0.000000000069,0.003921483718,true,true,2018,T1_no_point_shrinkage_raked
1996,40,true,0.000000000092,0.004272801763,true,true,2018,T1_no_point_shrinkage_raked
1997,41,true,0.000000000072,0.002933790234,true,true,2018,T1_no_point_shrinkage_raked
1998,47,true,0.000000000070,0.003418497665,true,true,2018,T1_no_point_shrinkage_raked
1999,42,true,0.000000000082,0.003139152400,true,true,2018,T1_no_point_shrinkage_raked
0,43,true,0.000000000092,0.003331504445,true,true,2018,T1_previous_party_hierarchical_raked
1,39,true,0.000000000084,0.001531202994,true,true,2018,T1_previous_party_hierarchical_raked
2,40,true,0.000000000072,0.001442763693,true,true,2018,T1_previous_party_hierarchical_raked
3,47,true,0.000000000077,0.002911011843,true,true,2018,T1_previous_party_hierarchical_raked
4,41,true,0.000000000070,0.001969360382,true,true,2018,T1_previous_party_hierarchical_raked
5,43,true,0.000000000085,0.001814837563,true,true,2018,T1_previous_party_hierarchical_raked
6,46,true,0.000000000074,0.003303166285,true,true,2018,T1_previous_party_hierarchical_raked
7,45,true,0.000000000081,0.001275239495,true,true,2018,T1_previous_party_hierarchical_raked
8,39,true,0.000000000093,0.003031168169,true,true,2018,T1_previous_party_hierarchical_raked
9,42,true,0.000000000078,0.003283373937,true,true,2018,T1_previous_party_hierarchical_raked
10,46,true,0.000000000068,0.002393495910,true,true,2018,T1_previous_party_hierarchical_raked
11,44,true,0.000000000094,0.002603693308,true,true,2018,T1_previous_party_hierarchical_raked
12,37,true,0.000000000089,0.001311458408,true,true,2018,T1_previous_party_hierarchical_raked
13,44,true,0.000000000077,0.001821991369,true,true,2018,T1_previous_party_hierarchical_raked
14,37,true,0.000000000099,0.002068725472,true,true,2018,T1_previous_party_hierarchical_raked
15,43,true,0.000000000070,0.001997965641,true,true,2018,T1_previous_party_hierarchical_raked
16,39,true,0.000000000097,0.002138493469,true,true,2018,T1_previous_party_hierarchical_raked
17,42,true,0.000000000075,0.002502808412,true,true,2018,T1_previous_party_hierarchical_raked
18,42,true,0.000000000083,0.001884705958,true,true,2018,T1_previous_party_hierarchical_raked
19,37,true,0.000000000074,0.001730661721,true,true,2018,T1_previous_party_hierarchical_raked
20,43,true,0.000000000093,0.003206184271,true,true,2018,T1_previous_party_hierarchical_raked
21,45,true,0.000000000086,0.003179645420,true,true,2018,T1_previous_party_hierarchical_raked
22,43,true,0.000000000099,0.002960318113,true,true,2018,T1_previous_party_hierarchical_raked
23,39,true,0.000000000075,0.001149726385,true,true,2018,T1_previous_party_hierarchical_raked
24,45,true,0.000000000093,0.003092047509,true,true,2018,T1_previous_party_hierarchical_raked
25,45,true,0.000000000084,0.005288754742,true,true,2018,T1_previous_party_hierarchical_raked
26,42,true,0.000000000097,0.001682980842,true,true,2018,T1_previous_party_hierarchical_raked
27,44,true,0.000000000083,0.002122431342,true,true,2018,T1_previous_party_hierarchical_raked
28,44,true,0.000000000076,0.004107688124,true,true,2018,T1_previous_party_hierarchical_raked
29,40,true,0.000000000086,0.001115924568,true,true,2018,T1_previous_party_hierarchical_raked
30,44,true,0.000000000079,0.002428539054,true,true,2018,T1_previous_party_hierarchical_raked
31,40,true,0.000000000067,0.002280915703,true,true,2018,T1_previous_party_hierarchical_raked
32,42,true,0.000000000075,0.001996977438,true,true,2018,T1_previous_party_hierarchical_raked
33,42,true,0.000000000079,0.002069055242,true,true,2018,T1_previous_party_hierarchical_raked
34,42,true,0.000000000081,0.003193192584,true,true,2018,T1_previous_party_hierarchical_raked
35,44,true,0.000000000094,0.001079332643,true,true,2018,T1_previous_party_hierarchical_raked
36,47,true,0.000000000070,0.003601489157,true,true,2018,T1_previous_party_hierarchical_raked
37,41,true,0.000000000073,0.001164904929,true,true,2018,T1_previous_party_hierarchical_raked
38,41,true,0.000000000075,0.002241071359,true,true,2018,T1_previous_party_hierarchical_raked
39,41,true,0.000000000098,0.002019743485,true,true,2018,T1_previous_party_hierarchical_raked
40,39,true,0.000000000093,0.002308523562,true,true,2018,T1_previous_party_hierarchical_raked
41,44,true,0.000000000089,0.001439531593,true,true,2018,T1_previous_party_hierarchical_raked
42,45,true,0.000000000077,0.002155979663,true,true,2018,T1_previous_party_hierarchical_raked
43,44,true,0.000000000083,0.003481699376,true,true,2018,T1_previous_party_hierarchical_raked
44,30,true,0.000000000095,0.002743112561,true,true,2018,T1_previous_party_hierarchical_raked
45,41,true,0.000000000073,0.002522800937,true,true,2018,T1_previous_party_hierarchical_raked
46,46,true,0.000000000079,0.001118541806,true,true,2018,T1_previous_party_hierarchical_raked
47,44,true,0.000000000085,0.002279634144,true,true,2018,T1_previous_party_hierarchical_raked
48,43,true,0.000000000098,0.002821292021,true,true,2018,T1_previous_party_hierarchical_raked
49,42,true,0.000000000097,0.000921458772,true,true,2018,T1_previous_party_hierarchical_raked
50,42,true,0.000000000100,0.003538110908,true,true,2018,T1_previous_party_hierarchical_raked
51,44,true,0.000000000094,0.002135722420,true,true,2018,T1_previous_party_hierarchical_raked
52,40,true,0.000000000077,0.002598002438,true,true,2018,T1_previous_party_hierarchical_raked
53,47,true,0.000000000079,0.002841385780,true,true,2018,T1_previous_party_hierarchical_raked
54,43,true,0.000000000075,0.002332606517,true,true,2018,T1_previous_party_hierarchical_raked
55,39,true,0.000000000074,0.001841332861,true,true,2018,T1_previous_party_hierarchical_raked
56,42,true,0.000000000080,0.002603369941,true,true,2018,T1_previous_party_hierarchical_raked
57,42,true,0.000000000097,0.001719607093,true,true,2018,T1_previous_party_hierarchical_raked
58,40,true,0.000000000097,0.002200086626,true,true,2018,T1_previous_party_hierarchical_raked
59,46,true,0.000000000084,0.002640215732,true,true,2018,T1_previous_party_hierarchical_raked
60,45,true,0.000000000094,0.002547064543,true,true,2018,T1_previous_party_hierarchical_raked
61,48,true,0.000000000090,0.005094996680,true,true,2018,T1_previous_party_hierarchical_raked
62,46,true,0.000000000079,0.002837067960,true,true,2018,T1_previous_party_hierarchical_raked
63,44,true,0.000000000072,0.002289234783,true,true,2018,T1_previous_party_hierarchical_raked
64,39,true,0.000000000070,0.002027051077,true,true,2018,T1_previous_party_hierarchical_raked
65,40,true,0.000000000098,0.001399019994,true,true,2018,T1_previous_party_hierarchical_raked
66,44,true,0.000000000079,0.001193173624,true,true,2018,T1_previous_party_hierarchical_raked
67,43,true,0.000000000070,0.001619242557,true,true,2018,T1_previous_party_hierarchical_raked
68,39,true,0.000000000068,0.001410108715,true,true,2018,T1_previous_party_hierarchical_raked
69,43,true,0.000000000073,0.001930628237,true,true,2018,T1_previous_party_hierarchical_raked
70,41,true,0.000000000099,0.001735814734,true,true,2018,T1_previous_party_hierarchical_raked
71,45,true,0.000000000081,0.003569904195,true,true,2018,T1_previous_party_hierarchical_raked
72,46,true,0.000000000072,0.002998633675,true,true,2018,T1_previous_party_hierarchical_raked
73,39,true,0.000000000068,0.001729500569,true,true,2018,T1_previous_party_hierarchical_raked
74,42,true,0.000000000067,0.004231658773,true,true,2018,T1_previous_party_hierarchical_raked
75,44,true,0.000000000093,0.002136118330,true,true,2018,T1_previous_party_hierarchical_raked
76,38,true,0.000000000083,0.003837945263,true,true,2018,T1_previous_party_hierarchical_raked
77,46,true,0.000000000078,0.003729221089,true,true,2018,T1_previous_party_hierarchical_raked
78,45,true,0.000000000073,0.002365720872,true,true,2018,T1_previous_party_hierarchical_raked
79,48,true,0.000000000077,0.002411411561,true,true,2018,T1_previous_party_hierarchical_raked
80,44,true,0.000000000087,0.002495572008,true,true,2018,T1_previous_party_hierarchical_raked
81,44,true,0.000000000081,0.003265046635,true,true,2018,T1_previous_party_hierarchical_raked
82,42,true,0.000000000081,0.001692040191,true,true,2018,T1_previous_party_hierarchical_raked
83,43,true,0.000000000099,0.002686463274,true,true,2018,T1_previous_party_hierarchical_raked
84,44,true,0.000000000072,0.004516503226,true,true,2018,T1_previous_party_hierarchical_raked
85,43,true,0.000000000089,0.004094045108,true,true,2018,T1_previous_party_hierarchical_raked
86,39,true,0.000000000093,0.003453007802,true,true,2018,T1_previous_party_hierarchical_raked
87,45,true,0.000000000083,0.000888419364,true,true,2018,T1_previous_party_hierarchical_raked
88,45,true,0.000000000092,0.003537619683,true,true,2018,T1_previous_party_hierarchical_raked
89,41,true,0.000000000092,0.002120159784,true,true,2018,T1_previous_party_hierarchical_raked
90,44,true,0.000000000076,0.002826539689,true,true,2018,T1_previous_party_hierarchical_raked
91,40,true,0.000000000074,0.002376265610,true,true,2018,T1_previous_party_hierarchical_raked
92,32,true,0.000000000095,0.001583061905,true,true,2018,T1_previous_party_hierarchical_raked
93,42,true,0.000000000085,0.002796525538,true,true,2018,T1_previous_party_hierarchical_raked
94,33,true,0.000000000083,0.002154299215,true,true,2018,T1_previous_party_hierarchical_raked
95,39,true,0.000000000087,0.002803759078,true,true,2018,T1_previous_party_hierarchical_raked
96,41,true,0.000000000069,0.002948215451,true,true,2018,T1_previous_party_hierarchical_raked
97,42,true,0.000000000081,0.003491865157,true,true,2018,T1_previous_party_hierarchical_raked
98,44,true,0.000000000086,0.001848042046,true,true,2018,T1_previous_party_hierarchical_raked
99,37,true,0.000000000081,0.003161253237,true,true,2018,T1_previous_party_hierarchical_raked
100,31,true,0.000000000073,0.001898623853,true,true,2018,T1_previous_party_hierarchical_raked
101,41,true,0.000000000085,0.001621057373,true,true,2018,T1_previous_party_hierarchical_raked
102,44,true,0.000000000096,0.002443549154,true,true,2018,T1_previous_party_hierarchical_raked
103,38,true,0.000000000098,0.002438792834,true,true,2018,T1_previous_party_hierarchical_raked
104,49,true,0.000000000083,0.002869343432,true,true,2018,T1_previous_party_hierarchical_raked
105,45,true,0.000000000100,0.002016915153,true,true,2018,T1_previous_party_hierarchical_raked
106,44,true,0.000000000083,0.002591587871,true,true,2018,T1_previous_party_hierarchical_raked
107,36,true,0.000000000085,0.001673722715,true,true,2018,T1_previous_party_hierarchical_raked
108,43,true,0.000000000092,0.002569542453,true,true,2018,T1_previous_party_hierarchical_raked
109,44,true,0.000000000083,0.005386134357,true,true,2018,T1_previous_party_hierarchical_raked
110,44,true,0.000000000097,0.002333149374,true,true,2018,T1_previous_party_hierarchical_raked
111,42,true,0.000000000075,0.003014590248,true,true,2018,T1_previous_party_hierarchical_raked
112,42,true,0.000000000080,0.002192259263,true,true,2018,T1_previous_party_hierarchical_raked
113,36,true,0.000000000082,0.001958243072,true,true,2018,T1_previous_party_hierarchical_raked
114,45,true,0.000000000074,0.003421500120,true,true,2018,T1_previous_party_hierarchical_raked
115,42,true,0.000000000087,0.002670812375,true,true,2018,T1_previous_party_hierarchical_raked
116,42,true,0.000000000088,0.001115412682,true,true,2018,T1_previous_party_hierarchical_raked
117,43,true,0.000000000092,0.002935453713,true,true,2018,T1_previous_party_hierarchical_raked
118,44,true,0.000000000072,0.002045215187,true,true,2018,T1_previous_party_hierarchical_raked
119,41,true,0.000000000090,0.003495759859,true,true,2018,T1_previous_party_hierarchical_raked
120,38,true,0.000000000094,0.004588760982,true,true,2018,T1_previous_party_hierarchical_raked
121,40,true,0.000000000075,0.003796530077,true,true,2018,T1_previous_party_hierarchical_raked
122,44,true,0.000000000075,0.000746677854,true,true,2018,T1_previous_party_hierarchical_raked
123,37,true,0.000000000072,0.002151638600,true,true,2018,T1_previous_party_hierarchical_raked
124,38,true,0.000000000079,0.002855873973,true,true,2018,T1_previous_party_hierarchical_raked
125,44,true,0.000000000097,0.002868071510,true,true,2018,T1_previous_party_hierarchical_raked
126,42,true,0.000000000094,0.002061335063,true,true,2018,T1_previous_party_hierarchical_raked
127,37,true,0.000000000078,0.001513410292,true,true,2018,T1_previous_party_hierarchical_raked
128,42,true,0.000000000070,0.002102765715,true,true,2018,T1_previous_party_hierarchical_raked
129,41,true,0.000000000067,0.002360978313,true,true,2018,T1_previous_party_hierarchical_raked
130,26,true,0.000000000100,0.002890545134,true,true,2018,T1_previous_party_hierarchical_raked
131,39,true,0.000000000085,0.002460887013,true,true,2018,T1_previous_party_hierarchical_raked
132,39,true,0.000000000069,0.002440009094,true,true,2018,T1_previous_party_hierarchical_raked
133,43,true,0.000000000092,0.002399212677,true,true,2018,T1_previous_party_hierarchical_raked
134,45,true,0.000000000095,0.002179098101,true,true,2018,T1_previous_party_hierarchical_raked
135,38,true,0.000000000077,0.001890900603,true,true,2018,T1_previous_party_hierarchical_raked
136,45,true,0.000000000077,0.002410680765,true,true,2018,T1_previous_party_hierarchical_raked
137,39,true,0.000000000083,0.002147080115,true,true,2018,T1_previous_party_hierarchical_raked
138,44,true,0.000000000099,0.001663375879,true,true,2018,T1_previous_party_hierarchical_raked
139,38,true,0.000000000077,0.003839618024,true,true,2018,T1_previous_party_hierarchical_raked
140,40,true,0.000000000080,0.003695269623,true,true,2018,T1_previous_party_hierarchical_raked
141,42,true,0.000000000084,0.002851410655,true,true,2018,T1_previous_party_hierarchical_raked
142,43,true,0.000000000086,0.003462908998,true,true,2018,T1_previous_party_hierarchical_raked
143,39,true,0.000000000096,0.003595254891,true,true,2018,T1_previous_party_hierarchical_raked
144,41,true,0.000000000083,0.001790658769,true,true,2018,T1_previous_party_hierarchical_raked
145,39,true,0.000000000091,0.003745346772,true,true,2018,T1_previous_party_hierarchical_raked
146,44,true,0.000000000069,0.002502584974,true,true,2018,T1_previous_party_hierarchical_raked
147,40,true,0.000000000100,0.001750674898,true,true,2018,T1_previous_party_hierarchical_raked
148,42,true,0.000000000077,0.001171412545,true,true,2018,T1_previous_party_hierarchical_raked
149,40,true,0.000000000080,0.001116126847,true,true,2018,T1_previous_party_hierarchical_raked
150,42,true,0.000000000081,0.003286846511,true,true,2018,T1_previous_party_hierarchical_raked
151,45,true,0.000000000084,0.000804542869,true,true,2018,T1_previous_party_hierarchical_raked
152,46,true,0.000000000093,0.002796587636,true,true,2018,T1_previous_party_hierarchical_raked
153,39,true,0.000000000083,0.002734251874,true,true,2018,T1_previous_party_hierarchical_raked
154,39,true,0.000000000075,0.002229848029,true,true,2018,T1_previous_party_hierarchical_raked
155,41,true,0.000000000083,0.002866650273,true,true,2018,T1_previous_party_hierarchical_raked
156,47,true,0.000000000073,0.002029109800,true,true,2018,T1_previous_party_hierarchical_raked
157,44,true,0.000000000076,0.001697711044,true,true,2018,T1_previous_party_hierarchical_raked
158,39,true,0.000000000072,0.002329009844,true,true,2018,T1_previous_party_hierarchical_raked
159,44,true,0.000000000100,0.003404188111,true,true,2018,T1_previous_party_hierarchical_raked
160,47,true,0.000000000073,0.002847780662,true,true,2018,T1_previous_party_hierarchical_raked
161,41,true,0.000000000081,0.001783875991,true,true,2018,T1_previous_party_hierarchical_raked
162,46,true,0.000000000082,0.004503344433,true,true,2018,T1_previous_party_hierarchical_raked
163,37,true,0.000000000088,0.001772091178,true,true,2018,T1_previous_party_hierarchical_raked
164,44,true,0.000000000072,0.001914133072,true,true,2018,T1_previous_party_hierarchical_raked
165,48,true,0.000000000069,0.003640283299,true,true,2018,T1_previous_party_hierarchical_raked
166,40,true,0.000000000086,0.001873753089,true,true,2018,T1_previous_party_hierarchical_raked
167,43,true,0.000000000066,0.001371512340,true,true,2018,T1_previous_party_hierarchical_raked
168,46,true,0.000000000073,0.002428974539,true,true,2018,T1_previous_party_hierarchical_raked
169,41,true,0.000000000069,0.001170812086,true,true,2018,T1_previous_party_hierarchical_raked
170,37,true,0.000000000078,0.001581988634,true,true,2018,T1_previous_party_hierarchical_raked
171,38,true,0.000000000095,0.000746871767,true,true,2018,T1_previous_party_hierarchical_raked
172,39,true,0.000000000092,0.001799841526,true,true,2018,T1_previous_party_hierarchical_raked
173,44,true,0.000000000084,0.002903851707,true,true,2018,T1_previous_party_hierarchical_raked
174,47,true,0.000000000072,0.002745579690,true,true,2018,T1_previous_party_hierarchical_raked
175,43,true,0.000000000068,0.001683995283,true,true,2018,T1_previous_party_hierarchical_raked
176,42,true,0.000000000079,0.001628235683,true,true,2018,T1_previous_party_hierarchical_raked
177,35,true,0.000000000081,0.001322077313,true,true,2018,T1_previous_party_hierarchical_raked
178,44,true,0.000000000095,0.003460330289,true,true,2018,T1_previous_party_hierarchical_raked
179,42,true,0.000000000100,0.001124922982,true,true,2018,T1_previous_party_hierarchical_raked
180,48,true,0.000000000070,0.003316011010,true,true,2018,T1_previous_party_hierarchical_raked
181,45,true,0.000000000096,0.001810703537,true,true,2018,T1_previous_party_hierarchical_raked
182,47,true,0.000000000077,0.002553324732,true,true,2018,T1_previous_party_hierarchical_raked
183,43,true,0.000000000077,0.002184922374,true,true,2018,T1_previous_party_hierarchical_raked
184,40,true,0.000000000094,0.002365518232,true,true,2018,T1_previous_party_hierarchical_raked
185,41,true,0.000000000067,0.002560777157,true,true,2018,T1_previous_party_hierarchical_raked
186,44,true,0.000000000088,0.003789519207,true,true,2018,T1_previous_party_hierarchical_raked
187,44,true,0.000000000098,0.002442806949,true,true,2018,T1_previous_party_hierarchical_raked
188,42,true,0.000000000078,0.001850013104,true,true,2018,T1_previous_party_hierarchical_raked
189,46,true,0.000000000098,0.002664470433,true,true,2018,T1_previous_party_hierarchical_raked
190,47,true,0.000000000069,0.002589458778,true,true,2018,T1_previous_party_hierarchical_raked
191,41,true,0.000000000068,0.001737284971,true,true,2018,T1_previous_party_hierarchical_raked
192,41,true,0.000000000089,0.003024192513,true,true,2018,T1_previous_party_hierarchical_raked
193,44,true,0.000000000092,0.001942989066,true,true,2018,T1_previous_party_hierarchical_raked
194,42,true,0.000000000072,0.001480020618,true,true,2018,T1_previous_party_hierarchical_raked
195,39,true,0.000000000074,0.001938033362,true,true,2018,T1_previous_party_hierarchical_raked
196,35,true,0.000000000080,0.001577625212,true,true,2018,T1_previous_party_hierarchical_raked
197,40,true,0.000000000070,0.002814119652,true,true,2018,T1_previous_party_hierarchical_raked
198,46,true,0.000000000076,0.001604778372,true,true,2018,T1_previous_party_hierarchical_raked
199,42,true,0.000000000074,0.002508758126,true,true,2018,T1_previous_party_hierarchical_raked
200,37,true,0.000000000092,0.001549748223,true,true,2018,T1_previous_party_hierarchical_raked
201,42,true,0.000000000096,0.003538694617,true,true,2018,T1_previous_party_hierarchical_raked
202,43,true,0.000000000078,0.001800849934,true,true,2018,T1_previous_party_hierarchical_raked
203,42,true,0.000000000077,0.001951723569,true,true,2018,T1_previous_party_hierarchical_raked
204,40,true,0.000000000093,0.002736244802,true,true,2018,T1_previous_party_hierarchical_raked
205,37,true,0.000000000096,0.001801276170,true,true,2018,T1_previous_party_hierarchical_raked
206,48,true,0.000000000083,0.001866845421,true,true,2018,T1_previous_party_hierarchical_raked
207,41,true,0.000000000084,0.002004238627,true,true,2018,T1_previous_party_hierarchical_raked
208,42,true,0.000000000086,0.001924055023,true,true,2018,T1_previous_party_hierarchical_raked
209,39,true,0.000000000089,0.003127414079,true,true,2018,T1_previous_party_hierarchical_raked
210,44,true,0.000000000085,0.001295082256,true,true,2018,T1_previous_party_hierarchical_raked
211,41,true,0.000000000098,0.002048055645,true,true,2018,T1_previous_party_hierarchical_raked
212,45,true,0.000000000099,0.003338540919,true,true,2018,T1_previous_party_hierarchical_raked
213,39,true,0.000000000074,0.002115961364,true,true,2018,T1_previous_party_hierarchical_raked
214,40,true,0.000000000089,0.002770261226,true,true,2018,T1_previous_party_hierarchical_raked
215,47,true,0.000000000099,0.001345896379,true,true,2018,T1_previous_party_hierarchical_raked
216,47,true,0.000000000084,0.001307706979,true,true,2018,T1_previous_party_hierarchical_raked
217,45,true,0.000000000096,0.003373192458,true,true,2018,T1_previous_party_hierarchical_raked
218,45,true,0.000000000084,0.004292423460,true,true,2018,T1_previous_party_hierarchical_raked
219,44,true,0.000000000077,0.002269260765,true,true,2018,T1_previous_party_hierarchical_raked
220,40,true,0.000000000094,0.002978807642,true,true,2018,T1_previous_party_hierarchical_raked
221,47,true,0.000000000069,0.003907467370,true,true,2018,T1_previous_party_hierarchical_raked
222,45,true,0.000000000073,0.002762422642,true,true,2018,T1_previous_party_hierarchical_raked
223,45,true,0.000000000071,0.003090013356,true,true,2018,T1_previous_party_hierarchical_raked
224,42,true,0.000000000081,0.001771999672,true,true,2018,T1_previous_party_hierarchical_raked
225,43,true,0.000000000083,0.003206473921,true,true,2018,T1_previous_party_hierarchical_raked
226,44,true,0.000000000084,0.003605849102,true,true,2018,T1_previous_party_hierarchical_raked
227,44,true,0.000000000094,0.002323415043,true,true,2018,T1_previous_party_hierarchical_raked
228,46,true,0.000000000076,0.002521836828,true,true,2018,T1_previous_party_hierarchical_raked
229,48,true,0.000000000076,0.003850840504,true,true,2018,T1_previous_party_hierarchical_raked
230,36,true,0.000000000068,0.001393349291,true,true,2018,T1_previous_party_hierarchical_raked
231,41,true,0.000000000069,0.002223803772,true,true,2018,T1_previous_party_hierarchical_raked
232,41,true,0.000000000088,0.002565920536,true,true,2018,T1_previous_party_hierarchical_raked
233,46,true,0.000000000077,0.003069240729,true,true,2018,T1_previous_party_hierarchical_raked
234,43,true,0.000000000074,0.002890726334,true,true,2018,T1_previous_party_hierarchical_raked
235,47,true,0.000000000091,0.003634978336,true,true,2018,T1_previous_party_hierarchical_raked
236,47,true,0.000000000085,0.003415970070,true,true,2018,T1_previous_party_hierarchical_raked
237,30,true,0.000000000098,0.003854344081,true,true,2018,T1_previous_party_hierarchical_raked
238,40,true,0.000000000098,0.001938420127,true,true,2018,T1_previous_party_hierarchical_raked
239,41,true,0.000000000069,0.001024079576,true,true,2018,T1_previous_party_hierarchical_raked
240,45,true,0.000000000093,0.001497319716,true,true,2018,T1_previous_party_hierarchical_raked
241,43,true,0.000000000071,0.003401329306,true,true,2018,T1_previous_party_hierarchical_raked
242,35,true,0.000000000099,0.002601806135,true,true,2018,T1_previous_party_hierarchical_raked
243,45,true,0.000000000088,0.002010772650,true,true,2018,T1_previous_party_hierarchical_raked
244,41,true,0.000000000083,0.002602465804,true,true,2018,T1_previous_party_hierarchical_raked
245,38,true,0.000000000071,0.002337728797,true,true,2018,T1_previous_party_hierarchical_raked
246,37,true,0.000000000098,0.003750235639,true,true,2018,T1_previous_party_hierarchical_raked
247,41,true,0.000000000094,0.003050500969,true,true,2018,T1_previous_party_hierarchical_raked
248,41,true,0.000000000080,0.002630827562,true,true,2018,T1_previous_party_hierarchical_raked
249,45,true,0.000000000091,0.003083014996,true,true,2018,T1_previous_party_hierarchical_raked
250,43,true,0.000000000076,0.002821172695,true,true,2018,T1_previous_party_hierarchical_raked
251,42,true,0.000000000077,0.001053124444,true,true,2018,T1_previous_party_hierarchical_raked
252,44,true,0.000000000081,0.002696181633,true,true,2018,T1_previous_party_hierarchical_raked
253,44,true,0.000000000077,0.002603300000,true,true,2018,T1_previous_party_hierarchical_raked
254,44,true,0.000000000075,0.002962782131,true,true,2018,T1_previous_party_hierarchical_raked
255,48,true,0.000000000071,0.003586766056,true,true,2018,T1_previous_party_hierarchical_raked
256,38,true,0.000000000093,0.002460752531,true,true,2018,T1_previous_party_hierarchical_raked
257,43,true,0.000000000085,0.002508189407,true,true,2018,T1_previous_party_hierarchical_raked
258,41,true,0.000000000069,0.002960226603,true,true,2018,T1_previous_party_hierarchical_raked
259,40,true,0.000000000100,0.002883887198,true,true,2018,T1_previous_party_hierarchical_raked
260,40,true,0.000000000072,0.001672052920,true,true,2018,T1_previous_party_hierarchical_raked
261,38,true,0.000000000070,0.002368347937,true,true,2018,T1_previous_party_hierarchical_raked
262,45,true,0.000000000067,0.002752305329,true,true,2018,T1_previous_party_hierarchical_raked
263,38,true,0.000000000081,0.001392602318,true,true,2018,T1_previous_party_hierarchical_raked
264,43,true,0.000000000096,0.001811613885,true,true,2018,T1_previous_party_hierarchical_raked
265,39,true,0.000000000089,0.002703577823,true,true,2018,T1_previous_party_hierarchical_raked
266,38,true,0.000000000092,0.001327171390,true,true,2018,T1_previous_party_hierarchical_raked
267,36,true,0.000000000076,0.001134496477,true,true,2018,T1_previous_party_hierarchical_raked
268,41,true,0.000000000067,0.003564228237,true,true,2018,T1_previous_party_hierarchical_raked
269,37,true,0.000000000078,0.002500955705,true,true,2018,T1_previous_party_hierarchical_raked
270,40,true,0.000000000089,0.003935162368,true,true,2018,T1_previous_party_hierarchical_raked
271,41,true,0.000000000088,0.001370441033,true,true,2018,T1_previous_party_hierarchical_raked
272,44,true,0.000000000071,0.002945041586,true,true,2018,T1_previous_party_hierarchical_raked
273,41,true,0.000000000081,0.001893633784,true,true,2018,T1_previous_party_hierarchical_raked
274,42,true,0.000000000075,0.000980997767,true,true,2018,T1_previous_party_hierarchical_raked
275,44,true,0.000000000073,0.003392621284,true,true,2018,T1_previous_party_hierarchical_raked
276,45,true,0.000000000085,0.001649132933,true,true,2018,T1_previous_party_hierarchical_raked
277,40,true,0.000000000091,0.001560862152,true,true,2018,T1_previous_party_hierarchical_raked
278,42,true,0.000000000084,0.003227115185,true,true,2018,T1_previous_party_hierarchical_raked
279,44,true,0.000000000074,0.002200094161,true,true,2018,T1_previous_party_hierarchical_raked
280,42,true,0.000000000083,0.001426540982,true,true,2018,T1_previous_party_hierarchical_raked
281,43,true,0.000000000080,0.001980567679,true,true,2018,T1_previous_party_hierarchical_raked
282,43,true,0.000000000098,0.001802441167,true,true,2018,T1_previous_party_hierarchical_raked
283,33,true,0.000000000075,0.002028721595,true,true,2018,T1_previous_party_hierarchical_raked
284,47,true,0.000000000094,0.003239324192,true,true,2018,T1_previous_party_hierarchical_raked
285,47,true,0.000000000074,0.002147422945,true,true,2018,T1_previous_party_hierarchical_raked
286,42,true,0.000000000068,0.003868046056,true,true,2018,T1_previous_party_hierarchical_raked
287,43,true,0.000000000087,0.002779772277,true,true,2018,T1_previous_party_hierarchical_raked
288,43,true,0.000000000078,0.002118572115,true,true,2018,T1_previous_party_hierarchical_raked
289,43,true,0.000000000095,0.002434374133,true,true,2018,T1_previous_party_hierarchical_raked
290,42,true,0.000000000068,0.002346193929,true,true,2018,T1_previous_party_hierarchical_raked
291,39,true,0.000000000078,0.002514872930,true,true,2018,T1_previous_party_hierarchical_raked
292,44,true,0.000000000084,0.001630536172,true,true,2018,T1_previous_party_hierarchical_raked
293,42,true,0.000000000099,0.001875142899,true,true,2018,T1_previous_party_hierarchical_raked
294,47,true,0.000000000073,0.002657926430,true,true,2018,T1_previous_party_hierarchical_raked
295,40,true,0.000000000092,0.001866594536,true,true,2018,T1_previous_party_hierarchical_raked
296,34,true,0.000000000088,0.002437320229,true,true,2018,T1_previous_party_hierarchical_raked
297,42,true,0.000000000070,0.002213135113,true,true,2018,T1_previous_party_hierarchical_raked
298,45,true,0.000000000084,0.001457875615,true,true,2018,T1_previous_party_hierarchical_raked
299,41,true,0.000000000074,0.003092207849,true,true,2018,T1_previous_party_hierarchical_raked
300,44,true,0.000000000091,0.001547062748,true,true,2018,T1_previous_party_hierarchical_raked
301,40,true,0.000000000070,0.001988530655,true,true,2018,T1_previous_party_hierarchical_raked
302,39,true,0.000000000091,0.003865899975,true,true,2018,T1_previous_party_hierarchical_raked
303,46,true,0.000000000083,0.000971244004,true,true,2018,T1_previous_party_hierarchical_raked
304,41,true,0.000000000068,0.002339159487,true,true,2018,T1_previous_party_hierarchical_raked
305,39,true,0.000000000087,0.001180445527,true,true,2018,T1_previous_party_hierarchical_raked
306,40,true,0.000000000076,0.001375516006,true,true,2018,T1_previous_party_hierarchical_raked
307,34,true,0.000000000085,0.002675107145,true,true,2018,T1_previous_party_hierarchical_raked
308,43,true,0.000000000069,0.002834257129,true,true,2018,T1_previous_party_hierarchical_raked
309,46,true,0.000000000094,0.001415226775,true,true,2018,T1_previous_party_hierarchical_raked
310,43,true,0.000000000084,0.001342886875,true,true,2018,T1_previous_party_hierarchical_raked
311,42,true,0.000000000069,0.002138410529,true,true,2018,T1_previous_party_hierarchical_raked
312,46,true,0.000000000079,0.003120615597,true,true,2018,T1_previous_party_hierarchical_raked
313,40,true,0.000000000096,0.001631834739,true,true,2018,T1_previous_party_hierarchical_raked
314,42,true,0.000000000085,0.001814123360,true,true,2018,T1_previous_party_hierarchical_raked
315,41,true,0.000000000086,0.001918955179,true,true,2018,T1_previous_party_hierarchical_raked
316,34,true,0.000000000094,0.001707380083,true,true,2018,T1_previous_party_hierarchical_raked
317,41,true,0.000000000095,0.001160986134,true,true,2018,T1_previous_party_hierarchical_raked
318,41,true,0.000000000094,0.001813429439,true,true,2018,T1_previous_party_hierarchical_raked
319,41,true,0.000000000079,0.001008346502,true,true,2018,T1_previous_party_hierarchical_raked
320,41,true,0.000000000075,0.002335024993,true,true,2018,T1_previous_party_hierarchical_raked
321,44,true,0.000000000071,0.002470126124,true,true,2018,T1_previous_party_hierarchical_raked
322,45,true,0.000000000068,0.001792609891,true,true,2018,T1_previous_party_hierarchical_raked
323,38,true,0.000000000071,0.000963114455,true,true,2018,T1_previous_party_hierarchical_raked
324,45,true,0.000000000071,0.002922976912,true,true,2018,T1_previous_party_hierarchical_raked
325,45,true,0.000000000083,0.001903774633,true,true,2018,T1_previous_party_hierarchical_raked
326,34,true,0.000000000088,0.002658070213,true,true,2018,T1_previous_party_hierarchical_raked
327,39,true,0.000000000098,0.001874455210,true,true,2018,T1_previous_party_hierarchical_raked
328,38,true,0.000000000096,0.002853940197,true,true,2018,T1_previous_party_hierarchical_raked
329,45,true,0.000000000070,0.001242401573,true,true,2018,T1_previous_party_hierarchical_raked
330,46,true,0.000000000072,0.003440720155,true,true,2018,T1_previous_party_hierarchical_raked
331,38,true,0.000000000072,0.002666742031,true,true,2018,T1_previous_party_hierarchical_raked
332,46,true,0.000000000077,0.002223393252,true,true,2018,T1_previous_party_hierarchical_raked
333,43,true,0.000000000079,0.003143987799,true,true,2018,T1_previous_party_hierarchical_raked
334,44,true,0.000000000089,0.002460477304,true,true,2018,T1_previous_party_hierarchical_raked
335,41,true,0.000000000089,0.002393695661,true,true,2018,T1_previous_party_hierarchical_raked
336,46,true,0.000000000068,0.002700145088,true,true,2018,T1_previous_party_hierarchical_raked
337,45,true,0.000000000092,0.002104655366,true,true,2018,T1_previous_party_hierarchical_raked
338,40,true,0.000000000100,0.001674258173,true,true,2018,T1_previous_party_hierarchical_raked
339,39,true,0.000000000078,0.002480097426,true,true,2018,T1_previous_party_hierarchical_raked
340,44,true,0.000000000069,0.002554672430,true,true,2018,T1_previous_party_hierarchical_raked
341,42,true,0.000000000071,0.002783899589,true,true,2018,T1_previous_party_hierarchical_raked
342,42,true,0.000000000095,0.002716835192,true,true,2018,T1_previous_party_hierarchical_raked
343,43,true,0.000000000075,0.003731111699,true,true,2018,T1_previous_party_hierarchical_raked
344,43,true,0.000000000071,0.003166711782,true,true,2018,T1_previous_party_hierarchical_raked
345,43,true,0.000000000098,0.001961109575,true,true,2018,T1_previous_party_hierarchical_raked
346,43,true,0.000000000079,0.001742517341,true,true,2018,T1_previous_party_hierarchical_raked
347,41,true,0.000000000075,0.002957770347,true,true,2018,T1_previous_party_hierarchical_raked
348,40,true,0.000000000093,0.001043142632,true,true,2018,T1_previous_party_hierarchical_raked
349,41,true,0.000000000091,0.002287082676,true,true,2018,T1_previous_party_hierarchical_raked
350,29,true,0.000000000091,0.001992041472,true,true,2018,T1_previous_party_hierarchical_raked
351,44,true,0.000000000094,0.001602593670,true,true,2018,T1_previous_party_hierarchical_raked
352,42,true,0.000000000088,0.001507194364,true,true,2018,T1_previous_party_hierarchical_raked
353,45,true,0.000000000077,0.001754860779,true,true,2018,T1_previous_party_hierarchical_raked
354,47,true,0.000000000070,0.003144495937,true,true,2018,T1_previous_party_hierarchical_raked
355,42,true,0.000000000093,0.002925674426,true,true,2018,T1_previous_party_hierarchical_raked
356,44,true,0.000000000068,0.003009287843,true,true,2018,T1_previous_party_hierarchical_raked
357,44,true,0.000000000093,0.002598314532,true,true,2018,T1_previous_party_hierarchical_raked
358,45,true,0.000000000086,0.002393437899,true,true,2018,T1_previous_party_hierarchical_raked
359,44,true,0.000000000083,0.002895057739,true,true,2018,T1_previous_party_hierarchical_raked
360,38,true,0.000000000097,0.002289294291,true,true,2018,T1_previous_party_hierarchical_raked
361,45,true,0.000000000069,0.003359451434,true,true,2018,T1_previous_party_hierarchical_raked
362,42,true,0.000000000087,0.001486676743,true,true,2018,T1_previous_party_hierarchical_raked
363,42,true,0.000000000077,0.001901411693,true,true,2018,T1_previous_party_hierarchical_raked
364,42,true,0.000000000093,0.002398213666,true,true,2018,T1_previous_party_hierarchical_raked
365,38,true,0.000000000066,0.002854554294,true,true,2018,T1_previous_party_hierarchical_raked
366,44,true,0.000000000074,0.002924280964,true,true,2018,T1_previous_party_hierarchical_raked
367,41,true,0.000000000070,0.000748948255,true,true,2018,T1_previous_party_hierarchical_raked
368,45,true,0.000000000092,0.000887340511,true,true,2018,T1_previous_party_hierarchical_raked
369,42,true,0.000000000082,0.002625358008,true,true,2018,T1_previous_party_hierarchical_raked
370,40,true,0.000000000073,0.001352289847,true,true,2018,T1_previous_party_hierarchical_raked
371,44,true,0.000000000077,0.002321321995,true,true,2018,T1_previous_party_hierarchical_raked
372,46,true,0.000000000097,0.002371898365,true,true,2018,T1_previous_party_hierarchical_raked
373,44,true,0.000000000068,0.002249938863,true,true,2018,T1_previous_party_hierarchical_raked
374,45,true,0.000000000091,0.002685346035,true,true,2018,T1_previous_party_hierarchical_raked
375,45,true,0.000000000075,0.001664260758,true,true,2018,T1_previous_party_hierarchical_raked
376,44,true,0.000000000071,0.004048962560,true,true,2018,T1_previous_party_hierarchical_raked
377,38,true,0.000000000075,0.001603081433,true,true,2018,T1_previous_party_hierarchical_raked
378,41,true,0.000000000100,0.001828455290,true,true,2018,T1_previous_party_hierarchical_raked
379,39,true,0.000000000087,0.005750998089,true,true,2018,T1_previous_party_hierarchical_raked
380,44,true,0.000000000087,0.002523483243,true,true,2018,T1_previous_party_hierarchical_raked
381,42,true,0.000000000083,0.001557025573,true,true,2018,T1_previous_party_hierarchical_raked
382,40,true,0.000000000093,0.002893807296,true,true,2018,T1_previous_party_hierarchical_raked
383,45,true,0.000000000082,0.001685199455,true,true,2018,T1_previous_party_hierarchical_raked
384,41,true,0.000000000080,0.002016352208,true,true,2018,T1_previous_party_hierarchical_raked
385,44,true,0.000000000094,0.003152189777,true,true,2018,T1_previous_party_hierarchical_raked
386,40,true,0.000000000068,0.003263842949,true,true,2018,T1_previous_party_hierarchical_raked
387,36,true,0.000000000070,0.001840519462,true,true,2018,T1_previous_party_hierarchical_raked
388,44,true,0.000000000076,0.003584861746,true,true,2018,T1_previous_party_hierarchical_raked
389,43,true,0.000000000090,0.003100819120,true,true,2018,T1_previous_party_hierarchical_raked
390,43,true,0.000000000085,0.002347032110,true,true,2018,T1_previous_party_hierarchical_raked
391,43,true,0.000000000078,0.002194405341,true,true,2018,T1_previous_party_hierarchical_raked
392,37,true,0.000000000083,0.001896495789,true,true,2018,T1_previous_party_hierarchical_raked
393,35,true,0.000000000084,0.002003028551,true,true,2018,T1_previous_party_hierarchical_raked
394,43,true,0.000000000085,0.002313061136,true,true,2018,T1_previous_party_hierarchical_raked
395,36,true,0.000000000080,0.002232010575,true,true,2018,T1_previous_party_hierarchical_raked
396,46,true,0.000000000078,0.003006439715,true,true,2018,T1_previous_party_hierarchical_raked
397,41,true,0.000000000094,0.003293237607,true,true,2018,T1_previous_party_hierarchical_raked
398,43,true,0.000000000076,0.002832373582,true,true,2018,T1_previous_party_hierarchical_raked
399,38,true,0.000000000086,0.003843651374,true,true,2018,T1_previous_party_hierarchical_raked
400,38,true,0.000000000077,0.001153571351,true,true,2018,T1_previous_party_hierarchical_raked
401,43,true,0.000000000069,0.002996475360,true,true,2018,T1_previous_party_hierarchical_raked
402,41,true,0.000000000077,0.002644022243,true,true,2018,T1_previous_party_hierarchical_raked
403,33,true,0.000000000099,0.001491793804,true,true,2018,T1_previous_party_hierarchical_raked
404,45,true,0.000000000072,0.002106018452,true,true,2018,T1_previous_party_hierarchical_raked
405,42,true,0.000000000075,0.002282291244,true,true,2018,T1_previous_party_hierarchical_raked
406,44,true,0.000000000076,0.001411688587,true,true,2018,T1_previous_party_hierarchical_raked
407,42,true,0.000000000080,0.001327533032,true,true,2018,T1_previous_party_hierarchical_raked
408,41,true,0.000000000076,0.003244348463,true,true,2018,T1_previous_party_hierarchical_raked
409,42,true,0.000000000080,0.001649819724,true,true,2018,T1_previous_party_hierarchical_raked
410,49,true,0.000000000098,0.001983670115,true,true,2018,T1_previous_party_hierarchical_raked
411,43,true,0.000000000081,0.002635182025,true,true,2018,T1_previous_party_hierarchical_raked
412,45,true,0.000000000071,0.001861543286,true,true,2018,T1_previous_party_hierarchical_raked
413,40,true,0.000000000098,0.002677401489,true,true,2018,T1_previous_party_hierarchical_raked
414,43,true,0.000000000079,0.001912798060,true,true,2018,T1_previous_party_hierarchical_raked
415,41,true,0.000000000089,0.002833142879,true,true,2018,T1_previous_party_hierarchical_raked
416,40,true,0.000000000078,0.004813451383,true,true,2018,T1_previous_party_hierarchical_raked
417,41,true,0.000000000088,0.004177546968,true,true,2018,T1_previous_party_hierarchical_raked
418,43,true,0.000000000087,0.003552593216,true,true,2018,T1_previous_party_hierarchical_raked
419,41,true,0.000000000078,0.001467006766,true,true,2018,T1_previous_party_hierarchical_raked
420,43,true,0.000000000070,0.002631347911,true,true,2018,T1_previous_party_hierarchical_raked
421,41,true,0.000000000096,0.001942160263,true,true,2018,T1_previous_party_hierarchical_raked
422,45,true,0.000000000083,0.003014062112,true,true,2018,T1_previous_party_hierarchical_raked
423,36,true,0.000000000086,0.002066909052,true,true,2018,T1_previous_party_hierarchical_raked
424,45,true,0.000000000095,0.003011931552,true,true,2018,T1_previous_party_hierarchical_raked
425,42,true,0.000000000085,0.002178465287,true,true,2018,T1_previous_party_hierarchical_raked
426,35,true,0.000000000096,0.001566643299,true,true,2018,T1_previous_party_hierarchical_raked
427,44,true,0.000000000068,0.001944765819,true,true,2018,T1_previous_party_hierarchical_raked
428,42,true,0.000000000071,0.002539301467,true,true,2018,T1_previous_party_hierarchical_raked
429,43,true,0.000000000077,0.003634247552,true,true,2018,T1_previous_party_hierarchical_raked
430,42,true,0.000000000084,0.003187122782,true,true,2018,T1_previous_party_hierarchical_raked
431,43,true,0.000000000074,0.003333662119,true,true,2018,T1_previous_party_hierarchical_raked
432,40,true,0.000000000088,0.002938162908,true,true,2018,T1_previous_party_hierarchical_raked
433,45,true,0.000000000086,0.002488909907,true,true,2018,T1_previous_party_hierarchical_raked
434,41,true,0.000000000072,0.002143687903,true,true,2018,T1_previous_party_hierarchical_raked
435,44,true,0.000000000080,0.002276713426,true,true,2018,T1_previous_party_hierarchical_raked
436,39,true,0.000000000077,0.003273512926,true,true,2018,T1_previous_party_hierarchical_raked
437,46,true,0.000000000094,0.002588301993,true,true,2018,T1_previous_party_hierarchical_raked
438,46,true,0.000000000068,0.003193217545,true,true,2018,T1_previous_party_hierarchical_raked
439,45,true,0.000000000082,0.002513526617,true,true,2018,T1_previous_party_hierarchical_raked
440,45,true,0.000000000092,0.003043027488,true,true,2018,T1_previous_party_hierarchical_raked
441,47,true,0.000000000068,0.003052323308,true,true,2018,T1_previous_party_hierarchical_raked
442,42,true,0.000000000074,0.003202338293,true,true,2018,T1_previous_party_hierarchical_raked
443,45,true,0.000000000087,0.001692183021,true,true,2018,T1_previous_party_hierarchical_raked
444,40,true,0.000000000070,0.002006847090,true,true,2018,T1_previous_party_hierarchical_raked
445,40,true,0.000000000093,0.001475776217,true,true,2018,T1_previous_party_hierarchical_raked
446,33,true,0.000000000068,0.000961018337,true,true,2018,T1_previous_party_hierarchical_raked
447,41,true,0.000000000094,0.004602928192,true,true,2018,T1_previous_party_hierarchical_raked
448,40,true,0.000000000092,0.002368348336,true,true,2018,T1_previous_party_hierarchical_raked
449,43,true,0.000000000095,0.002756723990,true,true,2018,T1_previous_party_hierarchical_raked
450,41,true,0.000000000076,0.001708077685,true,true,2018,T1_previous_party_hierarchical_raked
451,41,true,0.000000000094,0.002375628324,true,true,2018,T1_previous_party_hierarchical_raked
452,41,true,0.000000000075,0.001894000585,true,true,2018,T1_previous_party_hierarchical_raked
453,44,true,0.000000000094,0.004741424272,true,true,2018,T1_previous_party_hierarchical_raked
454,44,true,0.000000000090,0.002288032566,true,true,2018,T1_previous_party_hierarchical_raked
455,42,true,0.000000000088,0.002697327687,true,true,2018,T1_previous_party_hierarchical_raked
456,37,true,0.000000000074,0.002507556656,true,true,2018,T1_previous_party_hierarchical_raked
457,42,true,0.000000000083,0.002445890839,true,true,2018,T1_previous_party_hierarchical_raked
458,45,true,0.000000000097,0.003578094654,true,true,2018,T1_previous_party_hierarchical_raked
459,42,true,0.000000000069,0.003027484492,true,true,2018,T1_previous_party_hierarchical_raked
460,40,true,0.000000000069,0.003228595496,true,true,2018,T1_previous_party_hierarchical_raked
461,45,true,0.000000000089,0.003051297107,true,true,2018,T1_previous_party_hierarchical_raked
462,41,true,0.000000000096,0.001083958607,true,true,2018,T1_previous_party_hierarchical_raked
463,42,true,0.000000000094,0.002916941295,true,true,2018,T1_previous_party_hierarchical_raked
464,46,true,0.000000000084,0.003306452567,true,true,2018,T1_previous_party_hierarchical_raked
465,41,true,0.000000000070,0.002271461794,true,true,2018,T1_previous_party_hierarchical_raked
466,43,true,0.000000000076,0.001506271746,true,true,2018,T1_previous_party_hierarchical_raked
467,41,true,0.000000000077,0.002512867621,true,true,2018,T1_previous_party_hierarchical_raked
468,37,true,0.000000000091,0.002614608641,true,true,2018,T1_previous_party_hierarchical_raked
469,47,true,0.000000000098,0.004292361967,true,true,2018,T1_previous_party_hierarchical_raked
470,41,true,0.000000000069,0.002711066395,true,true,2018,T1_previous_party_hierarchical_raked
471,42,true,0.000000000082,0.002076437284,true,true,2018,T1_previous_party_hierarchical_raked
472,37,true,0.000000000084,0.001721055606,true,true,2018,T1_previous_party_hierarchical_raked
473,42,true,0.000000000092,0.002396969185,true,true,2018,T1_previous_party_hierarchical_raked
474,45,true,0.000000000085,0.002695647605,true,true,2018,T1_previous_party_hierarchical_raked
475,38,true,0.000000000098,0.003588561641,true,true,2018,T1_previous_party_hierarchical_raked
476,45,true,0.000000000084,0.003976753735,true,true,2018,T1_previous_party_hierarchical_raked
477,42,true,0.000000000080,0.003667584382,true,true,2018,T1_previous_party_hierarchical_raked
478,43,true,0.000000000073,0.003007825980,true,true,2018,T1_previous_party_hierarchical_raked
479,44,true,0.000000000094,0.002104195111,true,true,2018,T1_previous_party_hierarchical_raked
480,40,true,0.000000000071,0.002738533975,true,true,2018,T1_previous_party_hierarchical_raked
481,39,true,0.000000000099,0.001509462205,true,true,2018,T1_previous_party_hierarchical_raked
482,33,true,0.000000000087,0.002823972713,true,true,2018,T1_previous_party_hierarchical_raked
483,41,true,0.000000000073,0.002965462071,true,true,2018,T1_previous_party_hierarchical_raked
484,42,true,0.000000000070,0.002362169769,true,true,2018,T1_previous_party_hierarchical_raked
485,36,true,0.000000000099,0.002327770893,true,true,2018,T1_previous_party_hierarchical_raked
486,44,true,0.000000000092,0.002448758045,true,true,2018,T1_previous_party_hierarchical_raked
487,42,true,0.000000000074,0.002618699138,true,true,2018,T1_previous_party_hierarchical_raked
488,41,true,0.000000000076,0.001692396684,true,true,2018,T1_previous_party_hierarchical_raked
489,38,true,0.000000000074,0.001908583834,true,true,2018,T1_previous_party_hierarchical_raked
490,41,true,0.000000000092,0.002829620760,true,true,2018,T1_previous_party_hierarchical_raked
491,45,true,0.000000000092,0.002385235262,true,true,2018,T1_previous_party_hierarchical_raked
492,44,true,0.000000000099,0.005574874672,true,true,2018,T1_previous_party_hierarchical_raked
493,44,true,0.000000000074,0.004634577294,true,true,2018,T1_previous_party_hierarchical_raked
494,44,true,0.000000000091,0.002087805647,true,true,2018,T1_previous_party_hierarchical_raked
495,45,true,0.000000000093,0.001640547930,true,true,2018,T1_previous_party_hierarchical_raked
496,42,true,0.000000000078,0.002500816481,true,true,2018,T1_previous_party_hierarchical_raked
497,41,true,0.000000000069,0.001600690032,true,true,2018,T1_previous_party_hierarchical_raked
498,43,true,0.000000000081,0.004635246762,true,true,2018,T1_previous_party_hierarchical_raked
499,41,true,0.000000000068,0.002006752433,true,true,2018,T1_previous_party_hierarchical_raked
500,40,true,0.000000000097,0.002265620782,true,true,2018,T1_previous_party_hierarchical_raked
501,43,true,0.000000000081,0.003173396528,true,true,2018,T1_previous_party_hierarchical_raked
502,46,true,0.000000000083,0.003405207283,true,true,2018,T1_previous_party_hierarchical_raked
503,40,true,0.000000000092,0.003056445683,true,true,2018,T1_previous_party_hierarchical_raked
504,39,true,0.000000000098,0.001856371796,true,true,2018,T1_previous_party_hierarchical_raked
505,37,true,0.000000000069,0.002674194996,true,true,2018,T1_previous_party_hierarchical_raked
506,29,true,0.000000000097,0.002583635534,true,true,2018,T1_previous_party_hierarchical_raked
507,40,true,0.000000000080,0.001755229461,true,true,2018,T1_previous_party_hierarchical_raked
508,41,true,0.000000000094,0.002504729593,true,true,2018,T1_previous_party_hierarchical_raked
509,40,true,0.000000000097,0.003823458752,true,true,2018,T1_previous_party_hierarchical_raked
510,41,true,0.000000000075,0.001704080792,true,true,2018,T1_previous_party_hierarchical_raked
511,41,true,0.000000000095,0.002613325510,true,true,2018,T1_previous_party_hierarchical_raked
512,41,true,0.000000000095,0.003582335697,true,true,2018,T1_previous_party_hierarchical_raked
513,43,true,0.000000000084,0.002359772614,true,true,2018,T1_previous_party_hierarchical_raked
514,45,true,0.000000000085,0.002347692692,true,true,2018,T1_previous_party_hierarchical_raked
515,45,true,0.000000000095,0.002095858464,true,true,2018,T1_previous_party_hierarchical_raked
516,46,true,0.000000000080,0.002486366695,true,true,2018,T1_previous_party_hierarchical_raked
517,47,true,0.000000000074,0.003653748287,true,true,2018,T1_previous_party_hierarchical_raked
518,44,true,0.000000000077,0.002773610380,true,true,2018,T1_previous_party_hierarchical_raked
519,43,true,0.000000000088,0.001759518124,true,true,2018,T1_previous_party_hierarchical_raked
520,45,true,0.000000000099,0.002473923651,true,true,2018,T1_previous_party_hierarchical_raked
521,43,true,0.000000000095,0.002907043622,true,true,2018,T1_previous_party_hierarchical_raked
522,36,true,0.000000000067,0.002549060765,true,true,2018,T1_previous_party_hierarchical_raked
523,38,true,0.000000000070,0.000955365249,true,true,2018,T1_previous_party_hierarchical_raked
524,40,true,0.000000000072,0.002175313211,true,true,2018,T1_previous_party_hierarchical_raked
525,39,true,0.000000000079,0.001857758324,true,true,2018,T1_previous_party_hierarchical_raked
526,41,true,0.000000000071,0.001768997239,true,true,2018,T1_previous_party_hierarchical_raked
527,42,true,0.000000000080,0.002933651828,true,true,2018,T1_previous_party_hierarchical_raked
528,45,true,0.000000000084,0.002519423767,true,true,2018,T1_previous_party_hierarchical_raked
529,36,true,0.000000000095,0.002839941031,true,true,2018,T1_previous_party_hierarchical_raked
530,44,true,0.000000000074,0.002529225138,true,true,2018,T1_previous_party_hierarchical_raked
531,46,true,0.000000000075,0.002739943255,true,true,2018,T1_previous_party_hierarchical_raked
532,41,true,0.000000000098,0.002056459302,true,true,2018,T1_previous_party_hierarchical_raked
533,45,true,0.000000000070,0.000856643350,true,true,2018,T1_previous_party_hierarchical_raked
534,41,true,0.000000000088,0.002315878592,true,true,2018,T1_previous_party_hierarchical_raked
535,38,true,0.000000000073,0.003038609433,true,true,2018,T1_previous_party_hierarchical_raked
536,43,true,0.000000000069,0.002373895481,true,true,2018,T1_previous_party_hierarchical_raked
537,42,true,0.000000000076,0.004476923859,true,true,2018,T1_previous_party_hierarchical_raked
538,40,true,0.000000000066,0.004385416485,true,true,2018,T1_previous_party_hierarchical_raked
539,40,true,0.000000000094,0.003533546269,true,true,2018,T1_previous_party_hierarchical_raked
540,48,true,0.000000000091,0.001303291009,true,true,2018,T1_previous_party_hierarchical_raked
541,44,true,0.000000000079,0.002705274423,true,true,2018,T1_previous_party_hierarchical_raked
542,39,true,0.000000000080,0.002946531932,true,true,2018,T1_previous_party_hierarchical_raked
543,40,true,0.000000000068,0.002590670386,true,true,2018,T1_previous_party_hierarchical_raked
544,44,true,0.000000000068,0.003104872892,true,true,2018,T1_previous_party_hierarchical_raked
545,43,true,0.000000000074,0.001138404913,true,true,2018,T1_previous_party_hierarchical_raked
546,43,true,0.000000000075,0.002199314108,true,true,2018,T1_previous_party_hierarchical_raked
547,44,true,0.000000000093,0.001726813891,true,true,2018,T1_previous_party_hierarchical_raked
548,37,true,0.000000000092,0.002018165189,true,true,2018,T1_previous_party_hierarchical_raked
549,41,true,0.000000000092,0.001134611995,true,true,2018,T1_previous_party_hierarchical_raked
550,41,true,0.000000000070,0.002357532496,true,true,2018,T1_previous_party_hierarchical_raked
551,39,true,0.000000000075,0.002843357793,true,true,2018,T1_previous_party_hierarchical_raked
552,43,true,0.000000000078,0.002026243766,true,true,2018,T1_previous_party_hierarchical_raked
553,33,true,0.000000000088,0.002237017785,true,true,2018,T1_previous_party_hierarchical_raked
554,44,true,0.000000000092,0.002822921568,true,true,2018,T1_previous_party_hierarchical_raked
555,40,true,0.000000000100,0.001062501322,true,true,2018,T1_previous_party_hierarchical_raked
556,45,true,0.000000000084,0.004182132950,true,true,2018,T1_previous_party_hierarchical_raked
557,44,true,0.000000000070,0.002786278940,true,true,2018,T1_previous_party_hierarchical_raked
558,40,true,0.000000000081,0.001545613402,true,true,2018,T1_previous_party_hierarchical_raked
559,43,true,0.000000000074,0.002020973869,true,true,2018,T1_previous_party_hierarchical_raked
560,42,true,0.000000000097,0.002752819485,true,true,2018,T1_previous_party_hierarchical_raked
561,45,true,0.000000000074,0.002244697329,true,true,2018,T1_previous_party_hierarchical_raked
562,39,true,0.000000000081,0.001252309763,true,true,2018,T1_previous_party_hierarchical_raked
563,43,true,0.000000000087,0.001915467735,true,true,2018,T1_previous_party_hierarchical_raked
564,47,true,0.000000000084,0.004282364170,true,true,2018,T1_previous_party_hierarchical_raked
565,41,true,0.000000000089,0.002504058590,true,true,2018,T1_previous_party_hierarchical_raked
566,44,true,0.000000000084,0.001810952177,true,true,2018,T1_previous_party_hierarchical_raked
567,43,true,0.000000000086,0.002653329669,true,true,2018,T1_previous_party_hierarchical_raked
568,45,true,0.000000000093,0.003950570454,true,true,2018,T1_previous_party_hierarchical_raked
569,41,true,0.000000000080,0.001074414666,true,true,2018,T1_previous_party_hierarchical_raked
570,37,true,0.000000000092,0.002852676614,true,true,2018,T1_previous_party_hierarchical_raked
571,41,true,0.000000000069,0.003568053914,true,true,2018,T1_previous_party_hierarchical_raked
572,41,true,0.000000000069,0.003314225894,true,true,2018,T1_previous_party_hierarchical_raked
573,43,true,0.000000000078,0.001847729521,true,true,2018,T1_previous_party_hierarchical_raked
574,41,true,0.000000000076,0.001913758475,true,true,2018,T1_previous_party_hierarchical_raked
575,40,true,0.000000000073,0.004575173422,true,true,2018,T1_previous_party_hierarchical_raked
576,41,true,0.000000000081,0.003889803704,true,true,2018,T1_previous_party_hierarchical_raked
577,43,true,0.000000000078,0.002402228293,true,true,2018,T1_previous_party_hierarchical_raked
578,43,true,0.000000000093,0.002318457930,true,true,2018,T1_previous_party_hierarchical_raked
579,43,true,0.000000000068,0.003311314814,true,true,2018,T1_previous_party_hierarchical_raked
580,45,true,0.000000000081,0.003907911576,true,true,2018,T1_previous_party_hierarchical_raked
581,41,true,0.000000000082,0.002901505912,true,true,2018,T1_previous_party_hierarchical_raked
582,40,true,0.000000000091,0.001638448326,true,true,2018,T1_previous_party_hierarchical_raked
583,39,true,0.000000000092,0.002524825496,true,true,2018,T1_previous_party_hierarchical_raked
584,43,true,0.000000000097,0.001320016221,true,true,2018,T1_previous_party_hierarchical_raked
585,39,true,0.000000000078,0.001198948230,true,true,2018,T1_previous_party_hierarchical_raked
586,42,true,0.000000000097,0.002270582293,true,true,2018,T1_previous_party_hierarchical_raked
587,43,true,0.000000000070,0.001219480299,true,true,2018,T1_previous_party_hierarchical_raked
588,43,true,0.000000000099,0.000686644588,true,true,2018,T1_previous_party_hierarchical_raked
589,41,true,0.000000000094,0.001386674885,true,true,2018,T1_previous_party_hierarchical_raked
590,39,true,0.000000000075,0.003294600504,true,true,2018,T1_previous_party_hierarchical_raked
591,40,true,0.000000000068,0.001671965712,true,true,2018,T1_previous_party_hierarchical_raked
592,43,true,0.000000000070,0.002889331534,true,true,2018,T1_previous_party_hierarchical_raked
593,32,true,0.000000000088,0.002576301726,true,true,2018,T1_previous_party_hierarchical_raked
594,40,true,0.000000000088,0.002220639958,true,true,2018,T1_previous_party_hierarchical_raked
595,46,true,0.000000000074,0.004111978634,true,true,2018,T1_previous_party_hierarchical_raked
596,42,true,0.000000000079,0.001457841207,true,true,2018,T1_previous_party_hierarchical_raked
597,43,true,0.000000000070,0.005148322899,true,true,2018,T1_previous_party_hierarchical_raked
598,45,true,0.000000000076,0.001863948219,true,true,2018,T1_previous_party_hierarchical_raked
599,35,true,0.000000000087,0.002855227635,true,true,2018,T1_previous_party_hierarchical_raked
600,45,true,0.000000000091,0.001932277109,true,true,2018,T1_previous_party_hierarchical_raked
601,36,true,0.000000000068,0.001417745829,true,true,2018,T1_previous_party_hierarchical_raked
602,45,true,0.000000000078,0.002894996620,true,true,2018,T1_previous_party_hierarchical_raked
603,38,true,0.000000000077,0.001443309536,true,true,2018,T1_previous_party_hierarchical_raked
604,45,true,0.000000000084,0.001882837321,true,true,2018,T1_previous_party_hierarchical_raked
605,36,true,0.000000000077,0.001692566752,true,true,2018,T1_previous_party_hierarchical_raked
606,45,true,0.000000000074,0.001641300025,true,true,2018,T1_previous_party_hierarchical_raked
607,42,true,0.000000000086,0.003660084039,true,true,2018,T1_previous_party_hierarchical_raked
608,32,true,0.000000000069,0.002125317216,true,true,2018,T1_previous_party_hierarchical_raked
609,42,true,0.000000000074,0.001938842903,true,true,2018,T1_previous_party_hierarchical_raked
610,45,true,0.000000000068,0.003187445456,true,true,2018,T1_previous_party_hierarchical_raked
611,39,true,0.000000000097,0.003993166679,true,true,2018,T1_previous_party_hierarchical_raked
612,35,true,0.000000000097,0.001598775157,true,true,2018,T1_previous_party_hierarchical_raked
613,31,true,0.000000000081,0.001850834820,true,true,2018,T1_previous_party_hierarchical_raked
614,42,true,0.000000000085,0.001455302946,true,true,2018,T1_previous_party_hierarchical_raked
615,42,true,0.000000000091,0.002582611701,true,true,2018,T1_previous_party_hierarchical_raked
616,47,true,0.000000000076,0.002617525167,true,true,2018,T1_previous_party_hierarchical_raked
617,43,true,0.000000000080,0.003598886282,true,true,2018,T1_previous_party_hierarchical_raked
618,40,true,0.000000000073,0.001447659151,true,true,2018,T1_previous_party_hierarchical_raked
619,44,true,0.000000000071,0.000750939820,true,true,2018,T1_previous_party_hierarchical_raked
620,41,true,0.000000000074,0.001786695747,true,true,2018,T1_previous_party_hierarchical_raked
621,41,true,0.000000000092,0.002118284760,true,true,2018,T1_previous_party_hierarchical_raked
622,32,true,0.000000000066,0.001993672579,true,true,2018,T1_previous_party_hierarchical_raked
623,42,true,0.000000000085,0.003813358078,true,true,2018,T1_previous_party_hierarchical_raked
624,44,true,0.000000000085,0.002352983457,true,true,2018,T1_previous_party_hierarchical_raked
625,41,true,0.000000000076,0.002899020489,true,true,2018,T1_previous_party_hierarchical_raked
626,41,true,0.000000000096,0.002676988216,true,true,2018,T1_previous_party_hierarchical_raked
627,43,true,0.000000000088,0.001747115092,true,true,2018,T1_previous_party_hierarchical_raked
628,42,true,0.000000000089,0.003701137580,true,true,2018,T1_previous_party_hierarchical_raked
629,41,true,0.000000000082,0.003767782058,true,true,2018,T1_previous_party_hierarchical_raked
630,41,true,0.000000000072,0.002158589675,true,true,2018,T1_previous_party_hierarchical_raked
631,43,true,0.000000000072,0.002620862446,true,true,2018,T1_previous_party_hierarchical_raked
632,42,true,0.000000000072,0.002110008284,true,true,2018,T1_previous_party_hierarchical_raked
633,43,true,0.000000000098,0.002554620382,true,true,2018,T1_previous_party_hierarchical_raked
634,39,true,0.000000000088,0.002384247260,true,true,2018,T1_previous_party_hierarchical_raked
635,39,true,0.000000000066,0.002886828945,true,true,2018,T1_previous_party_hierarchical_raked
636,45,true,0.000000000088,0.001974823023,true,true,2018,T1_previous_party_hierarchical_raked
637,46,true,0.000000000073,0.001503172174,true,true,2018,T1_previous_party_hierarchical_raked
638,44,true,0.000000000078,0.002092208479,true,true,2018,T1_previous_party_hierarchical_raked
639,44,true,0.000000000082,0.004069151757,true,true,2018,T1_previous_party_hierarchical_raked
640,44,true,0.000000000073,0.001131081833,true,true,2018,T1_previous_party_hierarchical_raked
641,43,true,0.000000000087,0.001783806305,true,true,2018,T1_previous_party_hierarchical_raked
642,40,true,0.000000000091,0.001081193349,true,true,2018,T1_previous_party_hierarchical_raked
643,45,true,0.000000000094,0.001983445359,true,true,2018,T1_previous_party_hierarchical_raked
644,46,true,0.000000000084,0.002643973106,true,true,2018,T1_previous_party_hierarchical_raked
645,44,true,0.000000000074,0.002501852799,true,true,2018,T1_previous_party_hierarchical_raked
646,44,true,0.000000000073,0.001958814595,true,true,2018,T1_previous_party_hierarchical_raked
647,45,true,0.000000000082,0.001826916848,true,true,2018,T1_previous_party_hierarchical_raked
648,42,true,0.000000000070,0.003395967675,true,true,2018,T1_previous_party_hierarchical_raked
649,40,true,0.000000000067,0.003613987787,true,true,2018,T1_previous_party_hierarchical_raked
650,39,true,0.000000000092,0.001301223302,true,true,2018,T1_previous_party_hierarchical_raked
651,44,true,0.000000000099,0.002093424878,true,true,2018,T1_previous_party_hierarchical_raked
652,45,true,0.000000000097,0.003406884448,true,true,2018,T1_previous_party_hierarchical_raked
653,45,true,0.000000000089,0.002203279035,true,true,2018,T1_previous_party_hierarchical_raked
654,43,true,0.000000000091,0.002736641784,true,true,2018,T1_previous_party_hierarchical_raked
655,41,true,0.000000000095,0.002412940836,true,true,2018,T1_previous_party_hierarchical_raked
656,41,true,0.000000000087,0.002651111543,true,true,2018,T1_previous_party_hierarchical_raked
657,42,true,0.000000000073,0.002983821503,true,true,2018,T1_previous_party_hierarchical_raked
658,36,true,0.000000000086,0.001395150925,true,true,2018,T1_previous_party_hierarchical_raked
659,48,true,0.000000000095,0.001543689844,true,true,2018,T1_previous_party_hierarchical_raked
660,46,true,0.000000000075,0.002651780302,true,true,2018,T1_previous_party_hierarchical_raked
661,42,true,0.000000000085,0.002293398156,true,true,2018,T1_previous_party_hierarchical_raked
662,42,true,0.000000000070,0.001708690332,true,true,2018,T1_previous_party_hierarchical_raked
663,45,true,0.000000000084,0.004146769459,true,true,2018,T1_previous_party_hierarchical_raked
664,44,true,0.000000000091,0.002118429720,true,true,2018,T1_previous_party_hierarchical_raked
665,40,true,0.000000000081,0.001256819417,true,true,2018,T1_previous_party_hierarchical_raked
666,46,true,0.000000000070,0.001881384639,true,true,2018,T1_previous_party_hierarchical_raked
667,40,true,0.000000000077,0.001652423434,true,true,2018,T1_previous_party_hierarchical_raked
668,37,true,0.000000000091,0.002214934808,true,true,2018,T1_previous_party_hierarchical_raked
669,40,true,0.000000000084,0.001416372145,true,true,2018,T1_previous_party_hierarchical_raked
670,44,true,0.000000000082,0.001441501305,true,true,2018,T1_previous_party_hierarchical_raked
671,46,true,0.000000000084,0.001230195816,true,true,2018,T1_previous_party_hierarchical_raked
672,38,true,0.000000000074,0.002360607093,true,true,2018,T1_previous_party_hierarchical_raked
673,41,true,0.000000000075,0.001153209656,true,true,2018,T1_previous_party_hierarchical_raked
674,39,true,0.000000000078,0.002584957567,true,true,2018,T1_previous_party_hierarchical_raked
675,43,true,0.000000000091,0.001687227743,true,true,2018,T1_previous_party_hierarchical_raked
676,40,true,0.000000000098,0.003570598298,true,true,2018,T1_previous_party_hierarchical_raked
677,43,true,0.000000000083,0.003558392766,true,true,2018,T1_previous_party_hierarchical_raked
678,39,true,0.000000000093,0.002129188661,true,true,2018,T1_previous_party_hierarchical_raked
679,42,true,0.000000000095,0.003190810214,true,true,2018,T1_previous_party_hierarchical_raked
680,41,true,0.000000000073,0.001983148321,true,true,2018,T1_previous_party_hierarchical_raked
681,39,true,0.000000000094,0.001419373893,true,true,2018,T1_previous_party_hierarchical_raked
682,42,true,0.000000000074,0.002318567807,true,true,2018,T1_previous_party_hierarchical_raked
683,35,true,0.000000000083,0.001415999603,true,true,2018,T1_previous_party_hierarchical_raked
684,38,true,0.000000000098,0.001638092769,true,true,2018,T1_previous_party_hierarchical_raked
685,35,true,0.000000000078,0.001494038471,true,true,2018,T1_previous_party_hierarchical_raked
686,38,true,0.000000000076,0.004898560323,true,true,2018,T1_previous_party_hierarchical_raked
687,40,true,0.000000000084,0.001927490478,true,true,2018,T1_previous_party_hierarchical_raked
688,43,true,0.000000000091,0.002655831643,true,true,2018,T1_previous_party_hierarchical_raked
689,43,true,0.000000000074,0.003140641426,true,true,2018,T1_previous_party_hierarchical_raked
690,35,true,0.000000000072,0.001937866400,true,true,2018,T1_previous_party_hierarchical_raked
691,41,true,0.000000000087,0.002173439174,true,true,2018,T1_previous_party_hierarchical_raked
692,45,true,0.000000000098,0.003226328803,true,true,2018,T1_previous_party_hierarchical_raked
693,40,true,0.000000000072,0.002379880908,true,true,2018,T1_previous_party_hierarchical_raked
694,44,true,0.000000000073,0.001723902586,true,true,2018,T1_previous_party_hierarchical_raked
695,37,true,0.000000000090,0.002407327268,true,true,2018,T1_previous_party_hierarchical_raked
696,43,true,0.000000000083,0.001368016381,true,true,2018,T1_previous_party_hierarchical_raked
697,48,true,0.000000000085,0.002935303208,true,true,2018,T1_previous_party_hierarchical_raked
698,46,true,0.000000000083,0.001086273363,true,true,2018,T1_previous_party_hierarchical_raked
699,48,true,0.000000000077,0.002295899496,true,true,2018,T1_previous_party_hierarchical_raked
700,36,true,0.000000000073,0.002337301754,true,true,2018,T1_previous_party_hierarchical_raked
701,41,true,0.000000000099,0.001631775050,true,true,2018,T1_previous_party_hierarchical_raked
702,41,true,0.000000000079,0.002053792153,true,true,2018,T1_previous_party_hierarchical_raked
703,41,true,0.000000000082,0.002526642281,true,true,2018,T1_previous_party_hierarchical_raked
704,42,true,0.000000000078,0.002378900833,true,true,2018,T1_previous_party_hierarchical_raked
705,45,true,0.000000000069,0.002722456134,true,true,2018,T1_previous_party_hierarchical_raked
706,44,true,0.000000000097,0.002303398099,true,true,2018,T1_previous_party_hierarchical_raked
707,40,true,0.000000000094,0.002219116631,true,true,2018,T1_previous_party_hierarchical_raked
708,41,true,0.000000000079,0.002921643853,true,true,2018,T1_previous_party_hierarchical_raked
709,44,true,0.000000000090,0.002131862264,true,true,2018,T1_previous_party_hierarchical_raked
710,45,true,0.000000000081,0.003307053748,true,true,2018,T1_previous_party_hierarchical_raked
711,42,true,0.000000000070,0.002067996497,true,true,2018,T1_previous_party_hierarchical_raked
712,44,true,0.000000000071,0.002724349022,true,true,2018,T1_previous_party_hierarchical_raked
713,37,true,0.000000000099,0.002352089483,true,true,2018,T1_previous_party_hierarchical_raked
714,43,true,0.000000000087,0.003239338564,true,true,2018,T1_previous_party_hierarchical_raked
715,41,true,0.000000000099,0.001721733405,true,true,2018,T1_previous_party_hierarchical_raked
716,47,true,0.000000000092,0.002495817175,true,true,2018,T1_previous_party_hierarchical_raked
717,44,true,0.000000000082,0.001832844231,true,true,2018,T1_previous_party_hierarchical_raked
718,41,true,0.000000000074,0.001689215760,true,true,2018,T1_previous_party_hierarchical_raked
719,46,true,0.000000000070,0.002036760382,true,true,2018,T1_previous_party_hierarchical_raked
720,42,true,0.000000000084,0.002439431106,true,true,2018,T1_previous_party_hierarchical_raked
721,38,true,0.000000000085,0.001894227554,true,true,2018,T1_previous_party_hierarchical_raked
722,34,true,0.000000000086,0.002143859775,true,true,2018,T1_previous_party_hierarchical_raked
723,32,true,0.000000000083,0.003330108643,true,true,2018,T1_previous_party_hierarchical_raked
724,46,true,0.000000000081,0.002369888919,true,true,2018,T1_previous_party_hierarchical_raked
725,43,true,0.000000000091,0.003371463530,true,true,2018,T1_previous_party_hierarchical_raked
726,46,true,0.000000000093,0.002660341518,true,true,2018,T1_previous_party_hierarchical_raked
727,41,true,0.000000000094,0.004664304883,true,true,2018,T1_previous_party_hierarchical_raked
728,44,true,0.000000000069,0.001380085936,true,true,2018,T1_previous_party_hierarchical_raked
729,41,true,0.000000000072,0.003509474839,true,true,2018,T1_previous_party_hierarchical_raked
730,37,true,0.000000000089,0.003110435342,true,true,2018,T1_previous_party_hierarchical_raked
731,43,true,0.000000000094,0.001778783726,true,true,2018,T1_previous_party_hierarchical_raked
732,40,true,0.000000000087,0.002392560581,true,true,2018,T1_previous_party_hierarchical_raked
733,46,true,0.000000000080,0.002658796650,true,true,2018,T1_previous_party_hierarchical_raked
734,43,true,0.000000000072,0.002277241799,true,true,2018,T1_previous_party_hierarchical_raked
735,41,true,0.000000000094,0.003335467501,true,true,2018,T1_previous_party_hierarchical_raked
736,38,true,0.000000000088,0.001873199352,true,true,2018,T1_previous_party_hierarchical_raked
737,45,true,0.000000000098,0.001405474069,true,true,2018,T1_previous_party_hierarchical_raked
738,48,true,0.000000000071,0.003609806093,true,true,2018,T1_previous_party_hierarchical_raked
739,46,true,0.000000000085,0.002128034603,true,true,2018,T1_previous_party_hierarchical_raked
740,41,true,0.000000000079,0.001916707105,true,true,2018,T1_previous_party_hierarchical_raked
741,37,true,0.000000000084,0.002568942307,true,true,2018,T1_previous_party_hierarchical_raked
742,44,true,0.000000000077,0.002371341144,true,true,2018,T1_previous_party_hierarchical_raked
743,46,true,0.000000000075,0.001269472313,true,true,2018,T1_previous_party_hierarchical_raked
744,45,true,0.000000000074,0.002458164630,true,true,2018,T1_previous_party_hierarchical_raked
745,41,true,0.000000000083,0.002316797289,true,true,2018,T1_previous_party_hierarchical_raked
746,38,true,0.000000000085,0.001449663505,true,true,2018,T1_previous_party_hierarchical_raked
747,34,true,0.000000000078,0.000637486587,true,true,2018,T1_previous_party_hierarchical_raked
748,42,true,0.000000000093,0.001932609333,true,true,2018,T1_previous_party_hierarchical_raked
749,46,true,0.000000000072,0.002157150578,true,true,2018,T1_previous_party_hierarchical_raked
750,42,true,0.000000000068,0.002573956651,true,true,2018,T1_previous_party_hierarchical_raked
751,37,true,0.000000000074,0.002849069688,true,true,2018,T1_previous_party_hierarchical_raked
752,40,true,0.000000000097,0.001952545222,true,true,2018,T1_previous_party_hierarchical_raked
753,38,true,0.000000000081,0.002443746692,true,true,2018,T1_previous_party_hierarchical_raked
754,44,true,0.000000000100,0.002903532956,true,true,2018,T1_previous_party_hierarchical_raked
755,45,true,0.000000000070,0.001789900406,true,true,2018,T1_previous_party_hierarchical_raked
756,41,true,0.000000000068,0.001207470899,true,true,2018,T1_previous_party_hierarchical_raked
757,41,true,0.000000000073,0.001639541379,true,true,2018,T1_previous_party_hierarchical_raked
758,41,true,0.000000000071,0.002814675444,true,true,2018,T1_previous_party_hierarchical_raked
759,43,true,0.000000000072,0.003698687168,true,true,2018,T1_previous_party_hierarchical_raked
760,43,true,0.000000000089,0.002276164714,true,true,2018,T1_previous_party_hierarchical_raked
761,39,true,0.000000000069,0.002330247464,true,true,2018,T1_previous_party_hierarchical_raked
762,43,true,0.000000000074,0.002385254745,true,true,2018,T1_previous_party_hierarchical_raked
763,45,true,0.000000000074,0.002394687554,true,true,2018,T1_previous_party_hierarchical_raked
764,44,true,0.000000000098,0.002632511197,true,true,2018,T1_previous_party_hierarchical_raked
765,46,true,0.000000000081,0.002711881841,true,true,2018,T1_previous_party_hierarchical_raked
766,43,true,0.000000000096,0.002521996353,true,true,2018,T1_previous_party_hierarchical_raked
767,43,true,0.000000000072,0.003056742993,true,true,2018,T1_previous_party_hierarchical_raked
768,41,true,0.000000000092,0.002848633319,true,true,2018,T1_previous_party_hierarchical_raked
769,41,true,0.000000000092,0.002163646644,true,true,2018,T1_previous_party_hierarchical_raked
770,44,true,0.000000000087,0.002941297585,true,true,2018,T1_previous_party_hierarchical_raked
771,46,true,0.000000000093,0.001735497817,true,true,2018,T1_previous_party_hierarchical_raked
772,45,true,0.000000000073,0.001789404881,true,true,2018,T1_previous_party_hierarchical_raked
773,41,true,0.000000000070,0.001910710448,true,true,2018,T1_previous_party_hierarchical_raked
774,42,true,0.000000000079,0.002024161468,true,true,2018,T1_previous_party_hierarchical_raked
775,43,true,0.000000000096,0.003294868343,true,true,2018,T1_previous_party_hierarchical_raked
776,45,true,0.000000000073,0.004581707196,true,true,2018,T1_previous_party_hierarchical_raked
777,44,true,0.000000000090,0.001637586672,true,true,2018,T1_previous_party_hierarchical_raked
778,43,true,0.000000000083,0.002603733748,true,true,2018,T1_previous_party_hierarchical_raked
779,39,true,0.000000000084,0.001935032879,true,true,2018,T1_previous_party_hierarchical_raked
780,39,true,0.000000000096,0.002737003737,true,true,2018,T1_previous_party_hierarchical_raked
781,38,true,0.000000000077,0.002222134938,true,true,2018,T1_previous_party_hierarchical_raked
782,44,true,0.000000000068,0.002491530291,true,true,2018,T1_previous_party_hierarchical_raked
783,43,true,0.000000000096,0.001979290992,true,true,2018,T1_previous_party_hierarchical_raked
784,41,true,0.000000000090,0.001812914028,true,true,2018,T1_previous_party_hierarchical_raked
785,41,true,0.000000000091,0.001452268228,true,true,2018,T1_previous_party_hierarchical_raked
786,37,true,0.000000000087,0.002388452385,true,true,2018,T1_previous_party_hierarchical_raked
787,41,true,0.000000000070,0.002052466903,true,true,2018,T1_previous_party_hierarchical_raked
788,34,true,0.000000000096,0.001983751828,true,true,2018,T1_previous_party_hierarchical_raked
789,39,true,0.000000000088,0.001861958992,true,true,2018,T1_previous_party_hierarchical_raked
790,36,true,0.000000000096,0.002002092292,true,true,2018,T1_previous_party_hierarchical_raked
791,37,true,0.000000000096,0.002327429858,true,true,2018,T1_previous_party_hierarchical_raked
792,45,true,0.000000000082,0.002462335437,true,true,2018,T1_previous_party_hierarchical_raked
793,41,true,0.000000000074,0.003627105460,true,true,2018,T1_previous_party_hierarchical_raked
794,41,true,0.000000000083,0.002840995576,true,true,2018,T1_previous_party_hierarchical_raked
795,37,true,0.000000000095,0.002040483263,true,true,2018,T1_previous_party_hierarchical_raked
796,43,true,0.000000000089,0.002856620712,true,true,2018,T1_previous_party_hierarchical_raked
797,40,true,0.000000000088,0.001980365970,true,true,2018,T1_previous_party_hierarchical_raked
798,38,true,0.000000000097,0.002649514441,true,true,2018,T1_previous_party_hierarchical_raked
799,45,true,0.000000000083,0.002287740395,true,true,2018,T1_previous_party_hierarchical_raked
800,38,true,0.000000000094,0.003051995508,true,true,2018,T1_previous_party_hierarchical_raked
801,35,true,0.000000000075,0.001800655832,true,true,2018,T1_previous_party_hierarchical_raked
802,40,true,0.000000000079,0.001860353427,true,true,2018,T1_previous_party_hierarchical_raked
803,40,true,0.000000000091,0.003611213149,true,true,2018,T1_previous_party_hierarchical_raked
804,47,true,0.000000000098,0.003432840361,true,true,2018,T1_previous_party_hierarchical_raked
805,27,true,0.000000000094,0.003430110856,true,true,2018,T1_previous_party_hierarchical_raked
806,44,true,0.000000000072,0.003048342830,true,true,2018,T1_previous_party_hierarchical_raked
807,43,true,0.000000000092,0.001627007571,true,true,2018,T1_previous_party_hierarchical_raked
808,39,true,0.000000000089,0.001747610338,true,true,2018,T1_previous_party_hierarchical_raked
809,45,true,0.000000000092,0.002182507986,true,true,2018,T1_previous_party_hierarchical_raked
810,43,true,0.000000000070,0.002409580192,true,true,2018,T1_previous_party_hierarchical_raked
811,41,true,0.000000000085,0.003033089975,true,true,2018,T1_previous_party_hierarchical_raked
812,42,true,0.000000000086,0.002623829740,true,true,2018,T1_previous_party_hierarchical_raked
813,40,true,0.000000000088,0.001218178407,true,true,2018,T1_previous_party_hierarchical_raked
814,36,true,0.000000000085,0.001456671759,true,true,2018,T1_previous_party_hierarchical_raked
815,40,true,0.000000000077,0.001950341751,true,true,2018,T1_previous_party_hierarchical_raked
816,39,true,0.000000000067,0.002116593695,true,true,2018,T1_previous_party_hierarchical_raked
817,42,true,0.000000000075,0.002201799234,true,true,2018,T1_previous_party_hierarchical_raked
818,44,true,0.000000000086,0.001994709905,true,true,2018,T1_previous_party_hierarchical_raked
819,39,true,0.000000000097,0.004409053972,true,true,2018,T1_previous_party_hierarchical_raked
820,42,true,0.000000000093,0.002498824056,true,true,2018,T1_previous_party_hierarchical_raked
821,39,true,0.000000000073,0.001542385924,true,true,2018,T1_previous_party_hierarchical_raked
822,45,true,0.000000000077,0.001459577317,true,true,2018,T1_previous_party_hierarchical_raked
823,43,true,0.000000000075,0.002398589538,true,true,2018,T1_previous_party_hierarchical_raked
824,42,true,0.000000000069,0.003369725983,true,true,2018,T1_previous_party_hierarchical_raked
825,40,true,0.000000000089,0.001458739127,true,true,2018,T1_previous_party_hierarchical_raked
826,36,true,0.000000000085,0.001680092039,true,true,2018,T1_previous_party_hierarchical_raked
827,39,true,0.000000000083,0.001855587667,true,true,2018,T1_previous_party_hierarchical_raked
828,41,true,0.000000000072,0.003256632436,true,true,2018,T1_previous_party_hierarchical_raked
829,36,true,0.000000000080,0.001602137540,true,true,2018,T1_previous_party_hierarchical_raked
830,45,true,0.000000000083,0.001871211383,true,true,2018,T1_previous_party_hierarchical_raked
831,36,true,0.000000000094,0.001647040977,true,true,2018,T1_previous_party_hierarchical_raked
832,44,true,0.000000000071,0.002634475013,true,true,2018,T1_previous_party_hierarchical_raked
833,40,true,0.000000000074,0.002597635962,true,true,2018,T1_previous_party_hierarchical_raked
834,40,true,0.000000000082,0.002216132454,true,true,2018,T1_previous_party_hierarchical_raked
835,43,true,0.000000000068,0.003127290080,true,true,2018,T1_previous_party_hierarchical_raked
836,44,true,0.000000000081,0.002713466004,true,true,2018,T1_previous_party_hierarchical_raked
837,45,true,0.000000000078,0.002232578918,true,true,2018,T1_previous_party_hierarchical_raked
838,43,true,0.000000000099,0.004630894223,true,true,2018,T1_previous_party_hierarchical_raked
839,43,true,0.000000000083,0.002413805867,true,true,2018,T1_previous_party_hierarchical_raked
840,41,true,0.000000000072,0.002004869178,true,true,2018,T1_previous_party_hierarchical_raked
841,40,true,0.000000000091,0.001531387293,true,true,2018,T1_previous_party_hierarchical_raked
842,43,true,0.000000000070,0.001703279939,true,true,2018,T1_previous_party_hierarchical_raked
843,39,true,0.000000000067,0.003227055041,true,true,2018,T1_previous_party_hierarchical_raked
844,40,true,0.000000000088,0.001252764122,true,true,2018,T1_previous_party_hierarchical_raked
845,43,true,0.000000000082,0.002924028908,true,true,2018,T1_previous_party_hierarchical_raked
846,44,true,0.000000000070,0.001579337759,true,true,2018,T1_previous_party_hierarchical_raked
847,42,true,0.000000000100,0.001928683886,true,true,2018,T1_previous_party_hierarchical_raked
848,41,true,0.000000000071,0.004356448835,true,true,2018,T1_previous_party_hierarchical_raked
849,45,true,0.000000000075,0.001443825525,true,true,2018,T1_previous_party_hierarchical_raked
850,43,true,0.000000000091,0.003667655999,true,true,2018,T1_previous_party_hierarchical_raked
851,43,true,0.000000000098,0.001958657209,true,true,2018,T1_previous_party_hierarchical_raked
852,44,true,0.000000000086,0.001721459189,true,true,2018,T1_previous_party_hierarchical_raked
853,42,true,0.000000000076,0.003129428491,true,true,2018,T1_previous_party_hierarchical_raked
854,40,true,0.000000000096,0.002686267684,true,true,2018,T1_previous_party_hierarchical_raked
855,40,true,0.000000000086,0.002726866850,true,true,2018,T1_previous_party_hierarchical_raked
856,38,true,0.000000000084,0.002307887049,true,true,2018,T1_previous_party_hierarchical_raked
857,38,true,0.000000000083,0.002439991402,true,true,2018,T1_previous_party_hierarchical_raked
858,44,true,0.000000000075,0.003470050366,true,true,2018,T1_previous_party_hierarchical_raked
859,45,true,0.000000000087,0.004458864359,true,true,2018,T1_previous_party_hierarchical_raked
860,47,true,0.000000000078,0.002111465711,true,true,2018,T1_previous_party_hierarchical_raked
861,40,true,0.000000000095,0.002750317705,true,true,2018,T1_previous_party_hierarchical_raked
862,45,true,0.000000000074,0.002411835770,true,true,2018,T1_previous_party_hierarchical_raked
863,45,true,0.000000000090,0.001927386949,true,true,2018,T1_previous_party_hierarchical_raked
864,43,true,0.000000000072,0.001118017812,true,true,2018,T1_previous_party_hierarchical_raked
865,46,true,0.000000000081,0.001130589198,true,true,2018,T1_previous_party_hierarchical_raked
866,33,true,0.000000000086,0.006672825716,true,true,2018,T1_previous_party_hierarchical_raked
867,30,true,0.000000000099,0.001823263534,true,true,2018,T1_previous_party_hierarchical_raked
868,40,true,0.000000000076,0.002251740963,true,true,2018,T1_previous_party_hierarchical_raked
869,44,true,0.000000000074,0.002299303346,true,true,2018,T1_previous_party_hierarchical_raked
870,42,true,0.000000000067,0.002602462619,true,true,2018,T1_previous_party_hierarchical_raked
871,43,true,0.000000000076,0.002398081636,true,true,2018,T1_previous_party_hierarchical_raked
872,43,true,0.000000000095,0.003848574176,true,true,2018,T1_previous_party_hierarchical_raked
873,43,true,0.000000000068,0.003525403583,true,true,2018,T1_previous_party_hierarchical_raked
874,44,true,0.000000000075,0.002606470583,true,true,2018,T1_previous_party_hierarchical_raked
875,41,true,0.000000000095,0.002383922533,true,true,2018,T1_previous_party_hierarchical_raked
876,45,true,0.000000000086,0.003450562469,true,true,2018,T1_previous_party_hierarchical_raked
877,44,true,0.000000000091,0.001041371655,true,true,2018,T1_previous_party_hierarchical_raked
878,41,true,0.000000000068,0.001840981097,true,true,2018,T1_previous_party_hierarchical_raked
879,45,true,0.000000000090,0.002050292825,true,true,2018,T1_previous_party_hierarchical_raked
880,34,true,0.000000000090,0.003595581478,true,true,2018,T1_previous_party_hierarchical_raked
881,34,true,0.000000000089,0.003217964419,true,true,2018,T1_previous_party_hierarchical_raked
882,41,true,0.000000000086,0.001548828158,true,true,2018,T1_previous_party_hierarchical_raked
883,39,true,0.000000000080,0.001881938105,true,true,2018,T1_previous_party_hierarchical_raked
884,45,true,0.000000000096,0.001848650654,true,true,2018,T1_previous_party_hierarchical_raked
885,44,true,0.000000000085,0.003374064582,true,true,2018,T1_previous_party_hierarchical_raked
886,40,true,0.000000000096,0.002773752377,true,true,2018,T1_previous_party_hierarchical_raked
887,43,true,0.000000000075,0.001285789792,true,true,2018,T1_previous_party_hierarchical_raked
888,44,true,0.000000000089,0.003830350455,true,true,2018,T1_previous_party_hierarchical_raked
889,48,true,0.000000000073,0.001513681606,true,true,2018,T1_previous_party_hierarchical_raked
890,38,true,0.000000000071,0.003240534391,true,true,2018,T1_previous_party_hierarchical_raked
891,42,true,0.000000000088,0.003299955574,true,true,2018,T1_previous_party_hierarchical_raked
892,46,true,0.000000000077,0.002581374954,true,true,2018,T1_previous_party_hierarchical_raked
893,37,true,0.000000000098,0.003457119366,true,true,2018,T1_previous_party_hierarchical_raked
894,44,true,0.000000000067,0.001604353367,true,true,2018,T1_previous_party_hierarchical_raked
895,44,true,0.000000000076,0.002536223009,true,true,2018,T1_previous_party_hierarchical_raked
896,43,true,0.000000000070,0.002355321144,true,true,2018,T1_previous_party_hierarchical_raked
897,39,true,0.000000000095,0.000947141733,true,true,2018,T1_previous_party_hierarchical_raked
898,46,true,0.000000000088,0.003799968088,true,true,2018,T1_previous_party_hierarchical_raked
899,43,true,0.000000000076,0.001423810222,true,true,2018,T1_previous_party_hierarchical_raked
900,43,true,0.000000000078,0.002745558271,true,true,2018,T1_previous_party_hierarchical_raked
901,39,true,0.000000000087,0.002215231615,true,true,2018,T1_previous_party_hierarchical_raked
902,44,true,0.000000000095,0.003886863145,true,true,2018,T1_previous_party_hierarchical_raked
903,40,true,0.000000000086,0.002569844160,true,true,2018,T1_previous_party_hierarchical_raked
904,39,true,0.000000000093,0.003632087436,true,true,2018,T1_previous_party_hierarchical_raked
905,41,true,0.000000000086,0.002358326930,true,true,2018,T1_previous_party_hierarchical_raked
906,43,true,0.000000000085,0.001974784438,true,true,2018,T1_previous_party_hierarchical_raked
907,39,true,0.000000000081,0.002166702395,true,true,2018,T1_previous_party_hierarchical_raked
908,47,true,0.000000000080,0.004125039069,true,true,2018,T1_previous_party_hierarchical_raked
909,42,true,0.000000000085,0.002925974449,true,true,2018,T1_previous_party_hierarchical_raked
910,40,true,0.000000000082,0.003269192290,true,true,2018,T1_previous_party_hierarchical_raked
911,43,true,0.000000000078,0.001213618162,true,true,2018,T1_previous_party_hierarchical_raked
912,44,true,0.000000000090,0.002782344007,true,true,2018,T1_previous_party_hierarchical_raked
913,36,true,0.000000000069,0.004197000280,true,true,2018,T1_previous_party_hierarchical_raked
914,40,true,0.000000000091,0.001453400709,true,true,2018,T1_previous_party_hierarchical_raked
915,47,true,0.000000000086,0.003848912779,true,true,2018,T1_previous_party_hierarchical_raked
916,37,true,0.000000000099,0.001175633176,true,true,2018,T1_previous_party_hierarchical_raked
917,45,true,0.000000000081,0.002049545391,true,true,2018,T1_previous_party_hierarchical_raked
918,40,true,0.000000000095,0.003249307863,true,true,2018,T1_previous_party_hierarchical_raked
919,38,true,0.000000000097,0.004304300568,true,true,2018,T1_previous_party_hierarchical_raked
920,45,true,0.000000000092,0.004029859217,true,true,2018,T1_previous_party_hierarchical_raked
921,45,true,0.000000000072,0.002587346186,true,true,2018,T1_previous_party_hierarchical_raked
922,44,true,0.000000000072,0.002546838070,true,true,2018,T1_previous_party_hierarchical_raked
923,45,true,0.000000000080,0.002693446245,true,true,2018,T1_previous_party_hierarchical_raked
924,40,true,0.000000000077,0.003250975728,true,true,2018,T1_previous_party_hierarchical_raked
925,48,true,0.000000000071,0.002769753301,true,true,2018,T1_previous_party_hierarchical_raked
926,41,true,0.000000000099,0.003383858916,true,true,2018,T1_previous_party_hierarchical_raked
927,45,true,0.000000000100,0.002096229782,true,true,2018,T1_previous_party_hierarchical_raked
928,43,true,0.000000000070,0.001189351888,true,true,2018,T1_previous_party_hierarchical_raked
929,42,true,0.000000000068,0.002444536326,true,true,2018,T1_previous_party_hierarchical_raked
930,45,true,0.000000000072,0.003540238931,true,true,2018,T1_previous_party_hierarchical_raked
931,45,true,0.000000000070,0.002713827594,true,true,2018,T1_previous_party_hierarchical_raked
932,39,true,0.000000000075,0.002325411368,true,true,2018,T1_previous_party_hierarchical_raked
933,40,true,0.000000000090,0.000893298002,true,true,2018,T1_previous_party_hierarchical_raked
934,45,true,0.000000000072,0.003484570196,true,true,2018,T1_previous_party_hierarchical_raked
935,40,true,0.000000000070,0.002788756649,true,true,2018,T1_previous_party_hierarchical_raked
936,29,true,0.000000000077,0.001428698100,true,true,2018,T1_previous_party_hierarchical_raked
937,46,true,0.000000000074,0.004324599654,true,true,2018,T1_previous_party_hierarchical_raked
938,42,true,0.000000000068,0.002100517347,true,true,2018,T1_previous_party_hierarchical_raked
939,46,true,0.000000000092,0.002728944595,true,true,2018,T1_previous_party_hierarchical_raked
940,45,true,0.000000000069,0.002157801186,true,true,2018,T1_previous_party_hierarchical_raked
941,37,true,0.000000000070,0.001692548629,true,true,2018,T1_previous_party_hierarchical_raked
942,38,true,0.000000000076,0.002117965473,true,true,2018,T1_previous_party_hierarchical_raked
943,42,true,0.000000000090,0.003039289096,true,true,2018,T1_previous_party_hierarchical_raked
944,45,true,0.000000000076,0.002438570326,true,true,2018,T1_previous_party_hierarchical_raked
945,48,true,0.000000000083,0.003837598954,true,true,2018,T1_previous_party_hierarchical_raked
946,38,true,0.000000000069,0.002456864615,true,true,2018,T1_previous_party_hierarchical_raked
947,44,true,0.000000000091,0.002081954200,true,true,2018,T1_previous_party_hierarchical_raked
948,43,true,0.000000000069,0.002277619496,true,true,2018,T1_previous_party_hierarchical_raked
949,45,true,0.000000000090,0.001565835841,true,true,2018,T1_previous_party_hierarchical_raked
950,40,true,0.000000000095,0.002020571653,true,true,2018,T1_previous_party_hierarchical_raked
951,47,true,0.000000000094,0.003689359680,true,true,2018,T1_previous_party_hierarchical_raked
952,40,true,0.000000000081,0.003579974167,true,true,2018,T1_previous_party_hierarchical_raked
953,40,true,0.000000000095,0.002971981180,true,true,2018,T1_previous_party_hierarchical_raked
954,39,true,0.000000000069,0.001725196262,true,true,2018,T1_previous_party_hierarchical_raked
955,44,true,0.000000000070,0.002535969621,true,true,2018,T1_previous_party_hierarchical_raked
956,44,true,0.000000000071,0.002435759632,true,true,2018,T1_previous_party_hierarchical_raked
957,43,true,0.000000000071,0.001732311386,true,true,2018,T1_previous_party_hierarchical_raked
958,47,true,0.000000000086,0.003265504749,true,true,2018,T1_previous_party_hierarchical_raked
959,40,true,0.000000000084,0.002461790732,true,true,2018,T1_previous_party_hierarchical_raked
960,43,true,0.000000000089,0.003700688481,true,true,2018,T1_previous_party_hierarchical_raked
961,44,true,0.000000000076,0.002703333220,true,true,2018,T1_previous_party_hierarchical_raked
962,45,true,0.000000000095,0.003089294857,true,true,2018,T1_previous_party_hierarchical_raked
963,42,true,0.000000000074,0.002234152323,true,true,2018,T1_previous_party_hierarchical_raked
964,41,true,0.000000000088,0.002238583136,true,true,2018,T1_previous_party_hierarchical_raked
965,42,true,0.000000000100,0.001968339585,true,true,2018,T1_previous_party_hierarchical_raked
966,43,true,0.000000000074,0.001557586167,true,true,2018,T1_previous_party_hierarchical_raked
967,43,true,0.000000000069,0.002886982987,true,true,2018,T1_previous_party_hierarchical_raked
968,44,true,0.000000000080,0.002872830943,true,true,2018,T1_previous_party_hierarchical_raked
969,46,true,0.000000000087,0.002459259372,true,true,2018,T1_previous_party_hierarchical_raked
970,39,true,0.000000000072,0.002926393448,true,true,2018,T1_previous_party_hierarchical_raked
971,40,true,0.000000000075,0.003825369922,true,true,2018,T1_previous_party_hierarchical_raked
972,40,true,0.000000000093,0.003022972664,true,true,2018,T1_previous_party_hierarchical_raked
973,47,true,0.000000000080,0.002041739371,true,true,2018,T1_previous_party_hierarchical_raked
974,43,true,0.000000000097,0.002295840345,true,true,2018,T1_previous_party_hierarchical_raked
975,35,true,0.000000000072,0.003426876144,true,true,2018,T1_previous_party_hierarchical_raked
976,45,true,0.000000000075,0.001165354819,true,true,2018,T1_previous_party_hierarchical_raked
977,41,true,0.000000000095,0.002165953591,true,true,2018,T1_previous_party_hierarchical_raked
978,37,true,0.000000000072,0.004251054777,true,true,2018,T1_previous_party_hierarchical_raked
979,44,true,0.000000000094,0.002959762371,true,true,2018,T1_previous_party_hierarchical_raked
980,49,true,0.000000000083,0.003672533687,true,true,2018,T1_previous_party_hierarchical_raked
981,43,true,0.000000000078,0.002073132499,true,true,2018,T1_previous_party_hierarchical_raked
982,42,true,0.000000000092,0.002559963579,true,true,2018,T1_previous_party_hierarchical_raked
983,41,true,0.000000000092,0.002131093091,true,true,2018,T1_previous_party_hierarchical_raked
984,45,true,0.000000000073,0.001503561685,true,true,2018,T1_previous_party_hierarchical_raked
985,44,true,0.000000000067,0.003249047842,true,true,2018,T1_previous_party_hierarchical_raked
986,41,true,0.000000000075,0.002668767538,true,true,2018,T1_previous_party_hierarchical_raked
987,48,true,0.000000000082,0.002626814539,true,true,2018,T1_previous_party_hierarchical_raked
988,42,true,0.000000000075,0.001485153020,true,true,2018,T1_previous_party_hierarchical_raked
989,46,true,0.000000000075,0.003464674145,true,true,2018,T1_previous_party_hierarchical_raked
990,43,true,0.000000000077,0.002528671389,true,true,2018,T1_previous_party_hierarchical_raked
991,39,true,0.000000000073,0.001968226108,true,true,2018,T1_previous_party_hierarchical_raked
992,42,true,0.000000000080,0.002074815607,true,true,2018,T1_previous_party_hierarchical_raked
993,41,true,0.000000000085,0.004434449607,true,true,2018,T1_previous_party_hierarchical_raked
994,41,true,0.000000000088,0.004002878351,true,true,2018,T1_previous_party_hierarchical_raked
995,44,true,0.000000000072,0.002089918891,true,true,2018,T1_previous_party_hierarchical_raked
996,44,true,0.000000000097,0.001600897397,true,true,2018,T1_previous_party_hierarchical_raked
997,41,true,0.000000000089,0.002228395391,true,true,2018,T1_previous_party_hierarchical_raked
998,36,true,0.000000000097,0.002406662165,true,true,2018,T1_previous_party_hierarchical_raked
999,37,true,0.000000000084,0.001693319606,true,true,2018,T1_previous_party_hierarchical_raked
1000,39,true,0.000000000075,0.002085820360,true,true,2018,T1_previous_party_hierarchical_raked
1001,42,true,0.000000000072,0.001989742268,true,true,2018,T1_previous_party_hierarchical_raked
1002,43,true,0.000000000085,0.003451685341,true,true,2018,T1_previous_party_hierarchical_raked
1003,42,true,0.000000000076,0.002657377333,true,true,2018,T1_previous_party_hierarchical_raked
1004,41,true,0.000000000086,0.003834093953,true,true,2018,T1_previous_party_hierarchical_raked
1005,44,true,0.000000000073,0.001475360557,true,true,2018,T1_previous_party_hierarchical_raked
1006,45,true,0.000000000071,0.003069507965,true,true,2018,T1_previous_party_hierarchical_raked
1007,42,true,0.000000000073,0.002339148636,true,true,2018,T1_previous_party_hierarchical_raked
1008,43,true,0.000000000079,0.002518682094,true,true,2018,T1_previous_party_hierarchical_raked
1009,45,true,0.000000000068,0.002399645330,true,true,2018,T1_previous_party_hierarchical_raked
1010,44,true,0.000000000076,0.001265935380,true,true,2018,T1_previous_party_hierarchical_raked
1011,42,true,0.000000000092,0.001943321074,true,true,2018,T1_previous_party_hierarchical_raked
1012,41,true,0.000000000072,0.002079092870,true,true,2018,T1_previous_party_hierarchical_raked
1013,44,true,0.000000000083,0.002455687228,true,true,2018,T1_previous_party_hierarchical_raked
1014,47,true,0.000000000070,0.002708585439,true,true,2018,T1_previous_party_hierarchical_raked
1015,40,true,0.000000000077,0.002533759791,true,true,2018,T1_previous_party_hierarchical_raked
1016,36,true,0.000000000087,0.003299227615,true,true,2018,T1_previous_party_hierarchical_raked
1017,45,true,0.000000000072,0.002414375627,true,true,2018,T1_previous_party_hierarchical_raked
1018,38,true,0.000000000076,0.002215694090,true,true,2018,T1_previous_party_hierarchical_raked
1019,43,true,0.000000000099,0.001306729776,true,true,2018,T1_previous_party_hierarchical_raked
1020,42,true,0.000000000093,0.002996282150,true,true,2018,T1_previous_party_hierarchical_raked
1021,43,true,0.000000000096,0.001523661386,true,true,2018,T1_previous_party_hierarchical_raked
1022,41,true,0.000000000090,0.003657133694,true,true,2018,T1_previous_party_hierarchical_raked
1023,45,true,0.000000000068,0.002585272942,true,true,2018,T1_previous_party_hierarchical_raked
1024,44,true,0.000000000078,0.003355949304,true,true,2018,T1_previous_party_hierarchical_raked
1025,43,true,0.000000000085,0.003359574127,true,true,2018,T1_previous_party_hierarchical_raked
1026,46,true,0.000000000072,0.002744201909,true,true,2018,T1_previous_party_hierarchical_raked
1027,43,true,0.000000000089,0.002034775703,true,true,2018,T1_previous_party_hierarchical_raked
1028,45,true,0.000000000077,0.003058584840,true,true,2018,T1_previous_party_hierarchical_raked
1029,45,true,0.000000000093,0.004574091277,true,true,2018,T1_previous_party_hierarchical_raked
1030,43,true,0.000000000087,0.002683788678,true,true,2018,T1_previous_party_hierarchical_raked
1031,45,true,0.000000000083,0.003949060422,true,true,2018,T1_previous_party_hierarchical_raked
1032,41,true,0.000000000079,0.003446112539,true,true,2018,T1_previous_party_hierarchical_raked
1033,40,true,0.000000000076,0.005007981518,true,true,2018,T1_previous_party_hierarchical_raked
1034,44,true,0.000000000099,0.003320392708,true,true,2018,T1_previous_party_hierarchical_raked
1035,42,true,0.000000000080,0.002154619554,true,true,2018,T1_previous_party_hierarchical_raked
1036,44,true,0.000000000099,0.002682100870,true,true,2018,T1_previous_party_hierarchical_raked
1037,42,true,0.000000000081,0.002112488307,true,true,2018,T1_previous_party_hierarchical_raked
1038,42,true,0.000000000079,0.002284889683,true,true,2018,T1_previous_party_hierarchical_raked
1039,45,true,0.000000000080,0.001651434715,true,true,2018,T1_previous_party_hierarchical_raked
1040,46,true,0.000000000091,0.002833543510,true,true,2018,T1_previous_party_hierarchical_raked
1041,43,true,0.000000000078,0.003381519551,true,true,2018,T1_previous_party_hierarchical_raked
1042,44,true,0.000000000078,0.002492878842,true,true,2018,T1_previous_party_hierarchical_raked
1043,39,true,0.000000000069,0.002386152217,true,true,2018,T1_previous_party_hierarchical_raked
1044,45,true,0.000000000078,0.002577379052,true,true,2018,T1_previous_party_hierarchical_raked
1045,29,true,0.000000000074,0.002565067702,true,true,2018,T1_previous_party_hierarchical_raked
1046,44,true,0.000000000091,0.003199462181,true,true,2018,T1_previous_party_hierarchical_raked
1047,45,true,0.000000000096,0.003107342006,true,true,2018,T1_previous_party_hierarchical_raked
1048,42,true,0.000000000078,0.001639295808,true,true,2018,T1_previous_party_hierarchical_raked
1049,33,true,0.000000000097,0.002185286507,true,true,2018,T1_previous_party_hierarchical_raked
1050,42,true,0.000000000076,0.002758115557,true,true,2018,T1_previous_party_hierarchical_raked
1051,45,true,0.000000000079,0.002160460745,true,true,2018,T1_previous_party_hierarchical_raked
1052,40,true,0.000000000096,0.002955215100,true,true,2018,T1_previous_party_hierarchical_raked
1053,43,true,0.000000000068,0.002369831623,true,true,2018,T1_previous_party_hierarchical_raked
1054,33,true,0.000000000068,0.004064029207,true,true,2018,T1_previous_party_hierarchical_raked
1055,42,true,0.000000000072,0.002149063971,true,true,2018,T1_previous_party_hierarchical_raked
1056,42,true,0.000000000087,0.003134990967,true,true,2018,T1_previous_party_hierarchical_raked
1057,37,true,0.000000000075,0.001062172035,true,true,2018,T1_previous_party_hierarchical_raked
1058,40,true,0.000000000097,0.002551009517,true,true,2018,T1_previous_party_hierarchical_raked
1059,43,true,0.000000000096,0.002063762631,true,true,2018,T1_previous_party_hierarchical_raked
1060,43,true,0.000000000071,0.003218649909,true,true,2018,T1_previous_party_hierarchical_raked
1061,39,true,0.000000000094,0.003003259942,true,true,2018,T1_previous_party_hierarchical_raked
1062,44,true,0.000000000074,0.002745098452,true,true,2018,T1_previous_party_hierarchical_raked
1063,42,true,0.000000000071,0.002240528090,true,true,2018,T1_previous_party_hierarchical_raked
1064,40,true,0.000000000097,0.002701754445,true,true,2018,T1_previous_party_hierarchical_raked
1065,44,true,0.000000000080,0.002804311779,true,true,2018,T1_previous_party_hierarchical_raked
1066,42,true,0.000000000080,0.001267960213,true,true,2018,T1_previous_party_hierarchical_raked
1067,43,true,0.000000000069,0.001015984908,true,true,2018,T1_previous_party_hierarchical_raked
1068,41,true,0.000000000088,0.002101843611,true,true,2018,T1_previous_party_hierarchical_raked
1069,42,true,0.000000000091,0.002524815202,true,true,2018,T1_previous_party_hierarchical_raked
1070,41,true,0.000000000071,0.003421598804,true,true,2018,T1_previous_party_hierarchical_raked
1071,43,true,0.000000000089,0.002218124591,true,true,2018,T1_previous_party_hierarchical_raked
1072,40,true,0.000000000081,0.002107976697,true,true,2018,T1_previous_party_hierarchical_raked
1073,45,true,0.000000000083,0.003289972331,true,true,2018,T1_previous_party_hierarchical_raked
1074,39,true,0.000000000096,0.001878702750,true,true,2018,T1_previous_party_hierarchical_raked
1075,40,true,0.000000000079,0.002759237135,true,true,2018,T1_previous_party_hierarchical_raked
1076,41,true,0.000000000077,0.003111926988,true,true,2018,T1_previous_party_hierarchical_raked
1077,46,true,0.000000000070,0.001285786878,true,true,2018,T1_previous_party_hierarchical_raked
1078,47,true,0.000000000074,0.003383419996,true,true,2018,T1_previous_party_hierarchical_raked
1079,40,true,0.000000000074,0.001466003992,true,true,2018,T1_previous_party_hierarchical_raked
1080,42,true,0.000000000082,0.002264337319,true,true,2018,T1_previous_party_hierarchical_raked
1081,40,true,0.000000000077,0.001930731420,true,true,2018,T1_previous_party_hierarchical_raked
1082,41,true,0.000000000091,0.003401400366,true,true,2018,T1_previous_party_hierarchical_raked
1083,44,true,0.000000000082,0.001491814304,true,true,2018,T1_previous_party_hierarchical_raked
1084,40,true,0.000000000094,0.003543653187,true,true,2018,T1_previous_party_hierarchical_raked
1085,42,true,0.000000000088,0.002140242111,true,true,2018,T1_previous_party_hierarchical_raked
1086,43,true,0.000000000080,0.002480381161,true,true,2018,T1_previous_party_hierarchical_raked
1087,36,true,0.000000000099,0.001896498911,true,true,2018,T1_previous_party_hierarchical_raked
1088,49,true,0.000000000076,0.002541153493,true,true,2018,T1_previous_party_hierarchical_raked
1089,40,true,0.000000000080,0.001720803446,true,true,2018,T1_previous_party_hierarchical_raked
1090,38,true,0.000000000068,0.000883551421,true,true,2018,T1_previous_party_hierarchical_raked
1091,44,true,0.000000000099,0.002462646032,true,true,2018,T1_previous_party_hierarchical_raked
1092,38,true,0.000000000088,0.001606842515,true,true,2018,T1_previous_party_hierarchical_raked
1093,45,true,0.000000000083,0.003461602892,true,true,2018,T1_previous_party_hierarchical_raked
1094,40,true,0.000000000078,0.003377758827,true,true,2018,T1_previous_party_hierarchical_raked
1095,45,true,0.000000000076,0.002748749225,true,true,2018,T1_previous_party_hierarchical_raked
1096,42,true,0.000000000095,0.001911467969,true,true,2018,T1_previous_party_hierarchical_raked
1097,43,true,0.000000000097,0.001785683775,true,true,2018,T1_previous_party_hierarchical_raked
1098,46,true,0.000000000074,0.002929033266,true,true,2018,T1_previous_party_hierarchical_raked
1099,42,true,0.000000000097,0.002745164588,true,true,2018,T1_previous_party_hierarchical_raked
1100,40,true,0.000000000081,0.001351246120,true,true,2018,T1_previous_party_hierarchical_raked
1101,43,true,0.000000000084,0.001886239955,true,true,2018,T1_previous_party_hierarchical_raked
1102,38,true,0.000000000078,0.000786770902,true,true,2018,T1_previous_party_hierarchical_raked
1103,42,true,0.000000000080,0.002046678085,true,true,2018,T1_previous_party_hierarchical_raked
1104,44,true,0.000000000080,0.001479448153,true,true,2018,T1_previous_party_hierarchical_raked
1105,42,true,0.000000000074,0.002434677432,true,true,2018,T1_previous_party_hierarchical_raked
1106,43,true,0.000000000085,0.005661770525,true,true,2018,T1_previous_party_hierarchical_raked
1107,45,true,0.000000000079,0.004016906749,true,true,2018,T1_previous_party_hierarchical_raked
1108,43,true,0.000000000089,0.004489827848,true,true,2018,T1_previous_party_hierarchical_raked
1109,39,true,0.000000000073,0.003437848346,true,true,2018,T1_previous_party_hierarchical_raked
1110,42,true,0.000000000086,0.004016426611,true,true,2018,T1_previous_party_hierarchical_raked
1111,43,true,0.000000000068,0.003437515060,true,true,2018,T1_previous_party_hierarchical_raked
1112,39,true,0.000000000069,0.003213844701,true,true,2018,T1_previous_party_hierarchical_raked
1113,41,true,0.000000000076,0.001461410702,true,true,2018,T1_previous_party_hierarchical_raked
1114,47,true,0.000000000090,0.001325256582,true,true,2018,T1_previous_party_hierarchical_raked
1115,40,true,0.000000000069,0.001878818964,true,true,2018,T1_previous_party_hierarchical_raked
1116,43,true,0.000000000089,0.003070801573,true,true,2018,T1_previous_party_hierarchical_raked
1117,41,true,0.000000000081,0.004138940535,true,true,2018,T1_previous_party_hierarchical_raked
1118,46,true,0.000000000094,0.001446220040,true,true,2018,T1_previous_party_hierarchical_raked
1119,39,true,0.000000000074,0.003101077906,true,true,2018,T1_previous_party_hierarchical_raked
1120,41,true,0.000000000077,0.003250109600,true,true,2018,T1_previous_party_hierarchical_raked
1121,48,true,0.000000000069,0.003148210629,true,true,2018,T1_previous_party_hierarchical_raked
1122,43,true,0.000000000090,0.002417993773,true,true,2018,T1_previous_party_hierarchical_raked
1123,35,true,0.000000000089,0.002319474476,true,true,2018,T1_previous_party_hierarchical_raked
1124,45,true,0.000000000077,0.001638084289,true,true,2018,T1_previous_party_hierarchical_raked
1125,38,true,0.000000000089,0.002494945504,true,true,2018,T1_previous_party_hierarchical_raked
1126,41,true,0.000000000098,0.002677962081,true,true,2018,T1_previous_party_hierarchical_raked
1127,46,true,0.000000000084,0.001075501443,true,true,2018,T1_previous_party_hierarchical_raked
1128,44,true,0.000000000085,0.002848295938,true,true,2018,T1_previous_party_hierarchical_raked
1129,43,true,0.000000000070,0.002915476431,true,true,2018,T1_previous_party_hierarchical_raked
1130,47,true,0.000000000097,0.002636875500,true,true,2018,T1_previous_party_hierarchical_raked
1131,44,true,0.000000000092,0.002341953080,true,true,2018,T1_previous_party_hierarchical_raked
1132,43,true,0.000000000089,0.002421918481,true,true,2018,T1_previous_party_hierarchical_raked
1133,44,true,0.000000000097,0.003829125080,true,true,2018,T1_previous_party_hierarchical_raked
1134,43,true,0.000000000086,0.003362793782,true,true,2018,T1_previous_party_hierarchical_raked
1135,44,true,0.000000000087,0.001418102516,true,true,2018,T1_previous_party_hierarchical_raked
1136,45,true,0.000000000073,0.001860853995,true,true,2018,T1_previous_party_hierarchical_raked
1137,40,true,0.000000000075,0.002558130071,true,true,2018,T1_previous_party_hierarchical_raked
1138,43,true,0.000000000093,0.002088725894,true,true,2018,T1_previous_party_hierarchical_raked
1139,33,true,0.000000000082,0.002387373226,true,true,2018,T1_previous_party_hierarchical_raked
1140,42,true,0.000000000070,0.001012876162,true,true,2018,T1_previous_party_hierarchical_raked
1141,44,true,0.000000000087,0.002301081914,true,true,2018,T1_previous_party_hierarchical_raked
1142,46,true,0.000000000090,0.002284912257,true,true,2018,T1_previous_party_hierarchical_raked
1143,42,true,0.000000000094,0.002695520911,true,true,2018,T1_previous_party_hierarchical_raked
1144,40,true,0.000000000099,0.002420919759,true,true,2018,T1_previous_party_hierarchical_raked
1145,43,true,0.000000000079,0.002208359440,true,true,2018,T1_previous_party_hierarchical_raked
1146,41,true,0.000000000093,0.003087985476,true,true,2018,T1_previous_party_hierarchical_raked
1147,40,true,0.000000000080,0.005585805833,true,true,2018,T1_previous_party_hierarchical_raked
1148,42,true,0.000000000082,0.002989192602,true,true,2018,T1_previous_party_hierarchical_raked
1149,37,true,0.000000000067,0.001425326461,true,true,2018,T1_previous_party_hierarchical_raked
1150,43,true,0.000000000067,0.002841813358,true,true,2018,T1_previous_party_hierarchical_raked
1151,43,true,0.000000000084,0.000658664903,true,true,2018,T1_previous_party_hierarchical_raked
1152,36,true,0.000000000089,0.002314034434,true,true,2018,T1_previous_party_hierarchical_raked
1153,42,true,0.000000000097,0.002708625824,true,true,2018,T1_previous_party_hierarchical_raked
1154,41,true,0.000000000086,0.002994804417,true,true,2018,T1_previous_party_hierarchical_raked
1155,45,true,0.000000000068,0.002732724931,true,true,2018,T1_previous_party_hierarchical_raked
1156,41,true,0.000000000080,0.001325839501,true,true,2018,T1_previous_party_hierarchical_raked
1157,42,true,0.000000000084,0.003109848194,true,true,2018,T1_previous_party_hierarchical_raked
1158,44,true,0.000000000072,0.002151816358,true,true,2018,T1_previous_party_hierarchical_raked
1159,45,true,0.000000000071,0.003038844387,true,true,2018,T1_previous_party_hierarchical_raked
1160,43,true,0.000000000074,0.002480152694,true,true,2018,T1_previous_party_hierarchical_raked
1161,36,true,0.000000000091,0.002401579415,true,true,2018,T1_previous_party_hierarchical_raked
1162,39,true,0.000000000087,0.001561476619,true,true,2018,T1_previous_party_hierarchical_raked
1163,40,true,0.000000000090,0.003261432388,true,true,2018,T1_previous_party_hierarchical_raked
1164,40,true,0.000000000071,0.003114821293,true,true,2018,T1_previous_party_hierarchical_raked
1165,37,true,0.000000000077,0.003925018354,true,true,2018,T1_previous_party_hierarchical_raked
1166,38,true,0.000000000075,0.002706072011,true,true,2018,T1_previous_party_hierarchical_raked
1167,40,true,0.000000000067,0.001716529950,true,true,2018,T1_previous_party_hierarchical_raked
1168,42,true,0.000000000081,0.002323466865,true,true,2018,T1_previous_party_hierarchical_raked
1169,42,true,0.000000000076,0.002780787373,true,true,2018,T1_previous_party_hierarchical_raked
1170,45,true,0.000000000077,0.002669369328,true,true,2018,T1_previous_party_hierarchical_raked
1171,43,true,0.000000000092,0.001216818795,true,true,2018,T1_previous_party_hierarchical_raked
1172,42,true,0.000000000083,0.004123812059,true,true,2018,T1_previous_party_hierarchical_raked
1173,45,true,0.000000000073,0.002119664904,true,true,2018,T1_previous_party_hierarchical_raked
1174,43,true,0.000000000099,0.001419391768,true,true,2018,T1_previous_party_hierarchical_raked
1175,44,true,0.000000000093,0.001798529490,true,true,2018,T1_previous_party_hierarchical_raked
1176,41,true,0.000000000083,0.002107522785,true,true,2018,T1_previous_party_hierarchical_raked
1177,37,true,0.000000000084,0.002791422619,true,true,2018,T1_previous_party_hierarchical_raked
1178,40,true,0.000000000078,0.001274378059,true,true,2018,T1_previous_party_hierarchical_raked
1179,41,true,0.000000000080,0.002367491683,true,true,2018,T1_previous_party_hierarchical_raked
1180,39,true,0.000000000088,0.002198434016,true,true,2018,T1_previous_party_hierarchical_raked
1181,41,true,0.000000000086,0.001855629501,true,true,2018,T1_previous_party_hierarchical_raked
1182,35,true,0.000000000067,0.002380399808,true,true,2018,T1_previous_party_hierarchical_raked
1183,46,true,0.000000000070,0.001718707170,true,true,2018,T1_previous_party_hierarchical_raked
1184,46,true,0.000000000094,0.003534043588,true,true,2018,T1_previous_party_hierarchical_raked
1185,40,true,0.000000000080,0.002736046040,true,true,2018,T1_previous_party_hierarchical_raked
1186,46,true,0.000000000089,0.002678844859,true,true,2018,T1_previous_party_hierarchical_raked
1187,43,true,0.000000000087,0.003327015532,true,true,2018,T1_previous_party_hierarchical_raked
1188,45,true,0.000000000077,0.001466097627,true,true,2018,T1_previous_party_hierarchical_raked
1189,46,true,0.000000000071,0.002469030216,true,true,2018,T1_previous_party_hierarchical_raked
1190,43,true,0.000000000086,0.002685995686,true,true,2018,T1_previous_party_hierarchical_raked
1191,43,true,0.000000000068,0.002645047126,true,true,2018,T1_previous_party_hierarchical_raked
1192,38,true,0.000000000081,0.003169949356,true,true,2018,T1_previous_party_hierarchical_raked
1193,40,true,0.000000000090,0.001833788628,true,true,2018,T1_previous_party_hierarchical_raked
1194,41,true,0.000000000094,0.000529193449,true,true,2018,T1_previous_party_hierarchical_raked
1195,42,true,0.000000000074,0.002564241140,true,true,2018,T1_previous_party_hierarchical_raked
1196,41,true,0.000000000086,0.001601046614,true,true,2018,T1_previous_party_hierarchical_raked
1197,47,true,0.000000000087,0.001493556946,true,true,2018,T1_previous_party_hierarchical_raked
1198,46,true,0.000000000080,0.001092921601,true,true,2018,T1_previous_party_hierarchical_raked
1199,44,true,0.000000000099,0.002099072900,true,true,2018,T1_previous_party_hierarchical_raked
1200,42,true,0.000000000091,0.001578390415,true,true,2018,T1_previous_party_hierarchical_raked
1201,44,true,0.000000000077,0.001818629046,true,true,2018,T1_previous_party_hierarchical_raked
1202,41,true,0.000000000083,0.002926142376,true,true,2018,T1_previous_party_hierarchical_raked
1203,40,true,0.000000000072,0.004490434828,true,true,2018,T1_previous_party_hierarchical_raked
1204,36,true,0.000000000075,0.001391338308,true,true,2018,T1_previous_party_hierarchical_raked
1205,46,true,0.000000000076,0.001999606196,true,true,2018,T1_previous_party_hierarchical_raked
1206,45,true,0.000000000075,0.002365108615,true,true,2018,T1_previous_party_hierarchical_raked
1207,44,true,0.000000000071,0.002812446856,true,true,2018,T1_previous_party_hierarchical_raked
1208,39,true,0.000000000080,0.001493759899,true,true,2018,T1_previous_party_hierarchical_raked
1209,44,true,0.000000000070,0.001947685389,true,true,2018,T1_previous_party_hierarchical_raked
1210,43,true,0.000000000081,0.002059940239,true,true,2018,T1_previous_party_hierarchical_raked
1211,43,true,0.000000000085,0.003129322101,true,true,2018,T1_previous_party_hierarchical_raked
1212,46,true,0.000000000090,0.002596600755,true,true,2018,T1_previous_party_hierarchical_raked
1213,44,true,0.000000000077,0.002369134361,true,true,2018,T1_previous_party_hierarchical_raked
1214,40,true,0.000000000088,0.004062235546,true,true,2018,T1_previous_party_hierarchical_raked
1215,43,true,0.000000000069,0.002953005881,true,true,2018,T1_previous_party_hierarchical_raked
1216,38,true,0.000000000077,0.002170790528,true,true,2018,T1_previous_party_hierarchical_raked
1217,43,true,0.000000000092,0.002731165305,true,true,2018,T1_previous_party_hierarchical_raked
1218,40,true,0.000000000075,0.001878705092,true,true,2018,T1_previous_party_hierarchical_raked
1219,33,true,0.000000000082,0.001556653785,true,true,2018,T1_previous_party_hierarchical_raked
1220,40,true,0.000000000090,0.002074739300,true,true,2018,T1_previous_party_hierarchical_raked
1221,42,true,0.000000000072,0.003034373275,true,true,2018,T1_previous_party_hierarchical_raked
1222,38,true,0.000000000086,0.002521326390,true,true,2018,T1_previous_party_hierarchical_raked
1223,41,true,0.000000000072,0.004354547721,true,true,2018,T1_previous_party_hierarchical_raked
1224,42,true,0.000000000068,0.001837117875,true,true,2018,T1_previous_party_hierarchical_raked
1225,44,true,0.000000000093,0.003097617604,true,true,2018,T1_previous_party_hierarchical_raked
1226,46,true,0.000000000091,0.002324705643,true,true,2018,T1_previous_party_hierarchical_raked
1227,43,true,0.000000000100,0.002460331786,true,true,2018,T1_previous_party_hierarchical_raked
1228,40,true,0.000000000074,0.002578113941,true,true,2018,T1_previous_party_hierarchical_raked
1229,41,true,0.000000000099,0.002222905703,true,true,2018,T1_previous_party_hierarchical_raked
1230,42,true,0.000000000067,0.001407193184,true,true,2018,T1_previous_party_hierarchical_raked
1231,41,true,0.000000000077,0.002416926529,true,true,2018,T1_previous_party_hierarchical_raked
1232,41,true,0.000000000081,0.003439227732,true,true,2018,T1_previous_party_hierarchical_raked
1233,38,true,0.000000000078,0.001150126141,true,true,2018,T1_previous_party_hierarchical_raked
1234,41,true,0.000000000078,0.002413883668,true,true,2018,T1_previous_party_hierarchical_raked
1235,41,true,0.000000000073,0.003953855557,true,true,2018,T1_previous_party_hierarchical_raked
1236,42,true,0.000000000073,0.003249966441,true,true,2018,T1_previous_party_hierarchical_raked
1237,40,true,0.000000000096,0.002042429203,true,true,2018,T1_previous_party_hierarchical_raked
1238,42,true,0.000000000077,0.002538467398,true,true,2018,T1_previous_party_hierarchical_raked
1239,43,true,0.000000000078,0.004171155136,true,true,2018,T1_previous_party_hierarchical_raked
1240,41,true,0.000000000084,0.002958391000,true,true,2018,T1_previous_party_hierarchical_raked
1241,39,true,0.000000000080,0.001395232468,true,true,2018,T1_previous_party_hierarchical_raked
1242,38,true,0.000000000099,0.001716126837,true,true,2018,T1_previous_party_hierarchical_raked
1243,41,true,0.000000000100,0.001994950142,true,true,2018,T1_previous_party_hierarchical_raked
1244,40,true,0.000000000097,0.002257773954,true,true,2018,T1_previous_party_hierarchical_raked
1245,39,true,0.000000000099,0.002046060403,true,true,2018,T1_previous_party_hierarchical_raked
1246,46,true,0.000000000095,0.003329668304,true,true,2018,T1_previous_party_hierarchical_raked
1247,37,true,0.000000000078,0.001872418296,true,true,2018,T1_previous_party_hierarchical_raked
1248,42,true,0.000000000081,0.002654432740,true,true,2018,T1_previous_party_hierarchical_raked
1249,42,true,0.000000000069,0.002629133963,true,true,2018,T1_previous_party_hierarchical_raked
1250,44,true,0.000000000085,0.003358009435,true,true,2018,T1_previous_party_hierarchical_raked
1251,38,true,0.000000000069,0.003369049931,true,true,2018,T1_previous_party_hierarchical_raked
1252,47,true,0.000000000083,0.002713805846,true,true,2018,T1_previous_party_hierarchical_raked
1253,44,true,0.000000000082,0.002999136812,true,true,2018,T1_previous_party_hierarchical_raked
1254,44,true,0.000000000076,0.002587062456,true,true,2018,T1_previous_party_hierarchical_raked
1255,40,true,0.000000000085,0.003882302243,true,true,2018,T1_previous_party_hierarchical_raked
1256,42,true,0.000000000095,0.004037346277,true,true,2018,T1_previous_party_hierarchical_raked
1257,40,true,0.000000000088,0.001441771301,true,true,2018,T1_previous_party_hierarchical_raked
1258,45,true,0.000000000069,0.000880845453,true,true,2018,T1_previous_party_hierarchical_raked
1259,42,true,0.000000000069,0.001946143502,true,true,2018,T1_previous_party_hierarchical_raked
1260,45,true,0.000000000094,0.003927871225,true,true,2018,T1_previous_party_hierarchical_raked
1261,41,true,0.000000000091,0.003122099671,true,true,2018,T1_previous_party_hierarchical_raked
1262,39,true,0.000000000089,0.004331415901,true,true,2018,T1_previous_party_hierarchical_raked
1263,41,true,0.000000000083,0.002907286621,true,true,2018,T1_previous_party_hierarchical_raked
1264,45,true,0.000000000086,0.003471357287,true,true,2018,T1_previous_party_hierarchical_raked
1265,44,true,0.000000000099,0.002979450885,true,true,2018,T1_previous_party_hierarchical_raked
1266,44,true,0.000000000073,0.002562536170,true,true,2018,T1_previous_party_hierarchical_raked
1267,38,true,0.000000000084,0.001832831191,true,true,2018,T1_previous_party_hierarchical_raked
1268,36,true,0.000000000081,0.002805778150,true,true,2018,T1_previous_party_hierarchical_raked
1269,42,true,0.000000000084,0.002059685628,true,true,2018,T1_previous_party_hierarchical_raked
1270,38,true,0.000000000068,0.003722129493,true,true,2018,T1_previous_party_hierarchical_raked
1271,39,true,0.000000000095,0.001919831934,true,true,2018,T1_previous_party_hierarchical_raked
1272,44,true,0.000000000069,0.002023440862,true,true,2018,T1_previous_party_hierarchical_raked
1273,41,true,0.000000000092,0.003813213220,true,true,2018,T1_previous_party_hierarchical_raked
1274,46,true,0.000000000069,0.004334870306,true,true,2018,T1_previous_party_hierarchical_raked
1275,44,true,0.000000000068,0.003497910865,true,true,2018,T1_previous_party_hierarchical_raked
1276,42,true,0.000000000099,0.002180075965,true,true,2018,T1_previous_party_hierarchical_raked
1277,41,true,0.000000000078,0.003138178048,true,true,2018,T1_previous_party_hierarchical_raked
1278,45,true,0.000000000092,0.002370426572,true,true,2018,T1_previous_party_hierarchical_raked
1279,41,true,0.000000000098,0.001501266251,true,true,2018,T1_previous_party_hierarchical_raked
1280,39,true,0.000000000088,0.002960412986,true,true,2018,T1_previous_party_hierarchical_raked
1281,44,true,0.000000000082,0.002616506153,true,true,2018,T1_previous_party_hierarchical_raked
1282,43,true,0.000000000091,0.002459707791,true,true,2018,T1_previous_party_hierarchical_raked
1283,31,true,0.000000000067,0.002687419128,true,true,2018,T1_previous_party_hierarchical_raked
1284,39,true,0.000000000072,0.003385670497,true,true,2018,T1_previous_party_hierarchical_raked
1285,37,true,0.000000000072,0.003719127642,true,true,2018,T1_previous_party_hierarchical_raked
1286,47,true,0.000000000085,0.004182250605,true,true,2018,T1_previous_party_hierarchical_raked
1287,45,true,0.000000000078,0.002562300198,true,true,2018,T1_previous_party_hierarchical_raked
1288,35,true,0.000000000078,0.002613460238,true,true,2018,T1_previous_party_hierarchical_raked
1289,45,true,0.000000000073,0.002100133702,true,true,2018,T1_previous_party_hierarchical_raked
1290,45,true,0.000000000078,0.003142284208,true,true,2018,T1_previous_party_hierarchical_raked
1291,42,true,0.000000000100,0.001920996504,true,true,2018,T1_previous_party_hierarchical_raked
1292,42,true,0.000000000076,0.003476169417,true,true,2018,T1_previous_party_hierarchical_raked
1293,45,true,0.000000000079,0.002353259382,true,true,2018,T1_previous_party_hierarchical_raked
1294,45,true,0.000000000068,0.003250179217,true,true,2018,T1_previous_party_hierarchical_raked
1295,39,true,0.000000000094,0.002332158370,true,true,2018,T1_previous_party_hierarchical_raked
1296,39,true,0.000000000083,0.001777038317,true,true,2018,T1_previous_party_hierarchical_raked
1297,38,true,0.000000000086,0.002261120341,true,true,2018,T1_previous_party_hierarchical_raked
1298,44,true,0.000000000070,0.002975767742,true,true,2018,T1_previous_party_hierarchical_raked
1299,35,true,0.000000000086,0.001571383636,true,true,2018,T1_previous_party_hierarchical_raked
1300,43,true,0.000000000071,0.003114379805,true,true,2018,T1_previous_party_hierarchical_raked
1301,41,true,0.000000000093,0.001604560344,true,true,2018,T1_previous_party_hierarchical_raked
1302,43,true,0.000000000080,0.002799346003,true,true,2018,T1_previous_party_hierarchical_raked
1303,43,true,0.000000000076,0.002228594430,true,true,2018,T1_previous_party_hierarchical_raked
1304,40,true,0.000000000070,0.002937000503,true,true,2018,T1_previous_party_hierarchical_raked
1305,39,true,0.000000000079,0.001412231330,true,true,2018,T1_previous_party_hierarchical_raked
1306,44,true,0.000000000087,0.002462065151,true,true,2018,T1_previous_party_hierarchical_raked
1307,41,true,0.000000000089,0.002150258010,true,true,2018,T1_previous_party_hierarchical_raked
1308,42,true,0.000000000095,0.001618150751,true,true,2018,T1_previous_party_hierarchical_raked
1309,45,true,0.000000000080,0.001400769337,true,true,2018,T1_previous_party_hierarchical_raked
1310,37,true,0.000000000090,0.002415480193,true,true,2018,T1_previous_party_hierarchical_raked
1311,41,true,0.000000000072,0.004312559801,true,true,2018,T1_previous_party_hierarchical_raked
1312,46,true,0.000000000075,0.002583836602,true,true,2018,T1_previous_party_hierarchical_raked
1313,42,true,0.000000000084,0.001624307480,true,true,2018,T1_previous_party_hierarchical_raked
1314,43,true,0.000000000072,0.001472764890,true,true,2018,T1_previous_party_hierarchical_raked
1315,35,true,0.000000000084,0.001018836924,true,true,2018,T1_previous_party_hierarchical_raked
1316,43,true,0.000000000078,0.003433475022,true,true,2018,T1_previous_party_hierarchical_raked
1317,44,true,0.000000000075,0.001867603697,true,true,2018,T1_previous_party_hierarchical_raked
1318,36,true,0.000000000093,0.001073194971,true,true,2018,T1_previous_party_hierarchical_raked
1319,43,true,0.000000000082,0.001818333286,true,true,2018,T1_previous_party_hierarchical_raked
1320,32,true,0.000000000067,0.003417320180,true,true,2018,T1_previous_party_hierarchical_raked
1321,42,true,0.000000000075,0.002498480658,true,true,2018,T1_previous_party_hierarchical_raked
1322,40,true,0.000000000071,0.002015998530,true,true,2018,T1_previous_party_hierarchical_raked
1323,43,true,0.000000000084,0.003048051575,true,true,2018,T1_previous_party_hierarchical_raked
1324,44,true,0.000000000072,0.003258061518,true,true,2018,T1_previous_party_hierarchical_raked
1325,45,true,0.000000000093,0.001620008929,true,true,2018,T1_previous_party_hierarchical_raked
1326,38,true,0.000000000091,0.003620066064,true,true,2018,T1_previous_party_hierarchical_raked
1327,44,true,0.000000000079,0.002082443689,true,true,2018,T1_previous_party_hierarchical_raked
1328,41,true,0.000000000069,0.003100218846,true,true,2018,T1_previous_party_hierarchical_raked
1329,35,true,0.000000000099,0.002015958477,true,true,2018,T1_previous_party_hierarchical_raked
1330,43,true,0.000000000081,0.002521400691,true,true,2018,T1_previous_party_hierarchical_raked
1331,41,true,0.000000000091,0.003214355695,true,true,2018,T1_previous_party_hierarchical_raked
1332,42,true,0.000000000081,0.002578999381,true,true,2018,T1_previous_party_hierarchical_raked
1333,40,true,0.000000000100,0.001248423582,true,true,2018,T1_previous_party_hierarchical_raked
1334,44,true,0.000000000079,0.001856707951,true,true,2018,T1_previous_party_hierarchical_raked
1335,47,true,0.000000000099,0.002623704634,true,true,2018,T1_previous_party_hierarchical_raked
1336,44,true,0.000000000089,0.002439712690,true,true,2018,T1_previous_party_hierarchical_raked
1337,46,true,0.000000000070,0.004388185251,true,true,2018,T1_previous_party_hierarchical_raked
1338,46,true,0.000000000084,0.002329712117,true,true,2018,T1_previous_party_hierarchical_raked
1339,43,true,0.000000000084,0.002026488267,true,true,2018,T1_previous_party_hierarchical_raked
1340,40,true,0.000000000067,0.002415876284,true,true,2018,T1_previous_party_hierarchical_raked
1341,45,true,0.000000000073,0.002616044714,true,true,2018,T1_previous_party_hierarchical_raked
1342,43,true,0.000000000093,0.002898248884,true,true,2018,T1_previous_party_hierarchical_raked
1343,47,true,0.000000000078,0.003327692807,true,true,2018,T1_previous_party_hierarchical_raked
1344,48,true,0.000000000076,0.001950897822,true,true,2018,T1_previous_party_hierarchical_raked
1345,45,true,0.000000000081,0.001279290979,true,true,2018,T1_previous_party_hierarchical_raked
1346,45,true,0.000000000094,0.002901222379,true,true,2018,T1_previous_party_hierarchical_raked
1347,37,true,0.000000000096,0.003397115216,true,true,2018,T1_previous_party_hierarchical_raked
1348,44,true,0.000000000081,0.002162640577,true,true,2018,T1_previous_party_hierarchical_raked
1349,47,true,0.000000000076,0.002342786489,true,true,2018,T1_previous_party_hierarchical_raked
1350,43,true,0.000000000086,0.002034595103,true,true,2018,T1_previous_party_hierarchical_raked
1351,47,true,0.000000000069,0.002855316536,true,true,2018,T1_previous_party_hierarchical_raked
1352,42,true,0.000000000076,0.001610782742,true,true,2018,T1_previous_party_hierarchical_raked
1353,40,true,0.000000000092,0.003086371536,true,true,2018,T1_previous_party_hierarchical_raked
1354,42,true,0.000000000086,0.001994130611,true,true,2018,T1_previous_party_hierarchical_raked
1355,45,true,0.000000000079,0.001898093292,true,true,2018,T1_previous_party_hierarchical_raked
1356,45,true,0.000000000086,0.003097335120,true,true,2018,T1_previous_party_hierarchical_raked
1357,42,true,0.000000000068,0.002248789845,true,true,2018,T1_previous_party_hierarchical_raked
1358,43,true,0.000000000092,0.003362589817,true,true,2018,T1_previous_party_hierarchical_raked
1359,43,true,0.000000000086,0.003242078406,true,true,2018,T1_previous_party_hierarchical_raked
1360,44,true,0.000000000072,0.002288067347,true,true,2018,T1_previous_party_hierarchical_raked
1361,38,true,0.000000000077,0.002187881818,true,true,2018,T1_previous_party_hierarchical_raked
1362,40,true,0.000000000092,0.002310825767,true,true,2018,T1_previous_party_hierarchical_raked
1363,37,true,0.000000000098,0.002571615288,true,true,2018,T1_previous_party_hierarchical_raked
1364,41,true,0.000000000091,0.002550963647,true,true,2018,T1_previous_party_hierarchical_raked
1365,42,true,0.000000000096,0.001573557359,true,true,2018,T1_previous_party_hierarchical_raked
1366,42,true,0.000000000067,0.002206728785,true,true,2018,T1_previous_party_hierarchical_raked
1367,39,true,0.000000000074,0.000521681033,true,true,2018,T1_previous_party_hierarchical_raked
1368,40,true,0.000000000070,0.003471234127,true,true,2018,T1_previous_party_hierarchical_raked
1369,42,true,0.000000000078,0.001660565800,true,true,2018,T1_previous_party_hierarchical_raked
1370,40,true,0.000000000068,0.002525799927,true,true,2018,T1_previous_party_hierarchical_raked
1371,41,true,0.000000000071,0.001107616164,true,true,2018,T1_previous_party_hierarchical_raked
1372,41,true,0.000000000080,0.002225621143,true,true,2018,T1_previous_party_hierarchical_raked
1373,46,true,0.000000000073,0.001823466485,true,true,2018,T1_previous_party_hierarchical_raked
1374,45,true,0.000000000070,0.001759441422,true,true,2018,T1_previous_party_hierarchical_raked
1375,46,true,0.000000000094,0.002981772410,true,true,2018,T1_previous_party_hierarchical_raked
1376,40,true,0.000000000093,0.002414312212,true,true,2018,T1_previous_party_hierarchical_raked
1377,43,true,0.000000000085,0.002394810135,true,true,2018,T1_previous_party_hierarchical_raked
1378,47,true,0.000000000083,0.003182150118,true,true,2018,T1_previous_party_hierarchical_raked
1379,42,true,0.000000000098,0.002737920300,true,true,2018,T1_previous_party_hierarchical_raked
1380,40,true,0.000000000098,0.002132719180,true,true,2018,T1_previous_party_hierarchical_raked
1381,43,true,0.000000000097,0.003642014356,true,true,2018,T1_previous_party_hierarchical_raked
1382,41,true,0.000000000075,0.002781422861,true,true,2018,T1_previous_party_hierarchical_raked
1383,32,true,0.000000000083,0.003986898831,true,true,2018,T1_previous_party_hierarchical_raked
1384,37,true,0.000000000100,0.001570001869,true,true,2018,T1_previous_party_hierarchical_raked
1385,40,true,0.000000000093,0.001681713180,true,true,2018,T1_previous_party_hierarchical_raked
1386,46,true,0.000000000097,0.001952663025,true,true,2018,T1_previous_party_hierarchical_raked
1387,42,true,0.000000000093,0.002670579186,true,true,2018,T1_previous_party_hierarchical_raked
1388,42,true,0.000000000097,0.001912042597,true,true,2018,T1_previous_party_hierarchical_raked
1389,43,true,0.000000000098,0.002163969985,true,true,2018,T1_previous_party_hierarchical_raked
1390,43,true,0.000000000088,0.002838375922,true,true,2018,T1_previous_party_hierarchical_raked
1391,43,true,0.000000000087,0.002620931910,true,true,2018,T1_previous_party_hierarchical_raked
1392,40,true,0.000000000077,0.002865857873,true,true,2018,T1_previous_party_hierarchical_raked
1393,45,true,0.000000000081,0.001901701755,true,true,2018,T1_previous_party_hierarchical_raked
1394,47,true,0.000000000079,0.001516947234,true,true,2018,T1_previous_party_hierarchical_raked
1395,42,true,0.000000000080,0.002407884820,true,true,2018,T1_previous_party_hierarchical_raked
1396,40,true,0.000000000087,0.002508166259,true,true,2018,T1_previous_party_hierarchical_raked
1397,47,true,0.000000000075,0.001773118446,true,true,2018,T1_previous_party_hierarchical_raked
1398,43,true,0.000000000076,0.001759358770,true,true,2018,T1_previous_party_hierarchical_raked
1399,46,true,0.000000000097,0.003543840419,true,true,2018,T1_previous_party_hierarchical_raked
1400,37,true,0.000000000073,0.001527047307,true,true,2018,T1_previous_party_hierarchical_raked
1401,44,true,0.000000000069,0.003834560434,true,true,2018,T1_previous_party_hierarchical_raked
1402,41,true,0.000000000074,0.001564595803,true,true,2018,T1_previous_party_hierarchical_raked
1403,40,true,0.000000000087,0.002864401457,true,true,2018,T1_previous_party_hierarchical_raked
1404,42,true,0.000000000084,0.001701904007,true,true,2018,T1_previous_party_hierarchical_raked
1405,41,true,0.000000000072,0.004047512119,true,true,2018,T1_previous_party_hierarchical_raked
1406,40,true,0.000000000094,0.002164489757,true,true,2018,T1_previous_party_hierarchical_raked
1407,43,true,0.000000000098,0.003476308173,true,true,2018,T1_previous_party_hierarchical_raked
1408,44,true,0.000000000097,0.003345498057,true,true,2018,T1_previous_party_hierarchical_raked
1409,42,true,0.000000000089,0.001762140429,true,true,2018,T1_previous_party_hierarchical_raked
1410,44,true,0.000000000080,0.002417531456,true,true,2018,T1_previous_party_hierarchical_raked
1411,44,true,0.000000000081,0.002111270512,true,true,2018,T1_previous_party_hierarchical_raked
1412,44,true,0.000000000085,0.002321524012,true,true,2018,T1_previous_party_hierarchical_raked
1413,44,true,0.000000000093,0.004197738385,true,true,2018,T1_previous_party_hierarchical_raked
1414,42,true,0.000000000080,0.002476513342,true,true,2018,T1_previous_party_hierarchical_raked
1415,43,true,0.000000000068,0.002040970041,true,true,2018,T1_previous_party_hierarchical_raked
1416,41,true,0.000000000092,0.000824702723,true,true,2018,T1_previous_party_hierarchical_raked
1417,48,true,0.000000000082,0.002531740360,true,true,2018,T1_previous_party_hierarchical_raked
1418,43,true,0.000000000094,0.002146951344,true,true,2018,T1_previous_party_hierarchical_raked
1419,46,true,0.000000000089,0.001957113310,true,true,2018,T1_previous_party_hierarchical_raked
1420,33,true,0.000000000068,0.003887482486,true,true,2018,T1_previous_party_hierarchical_raked
1421,43,true,0.000000000089,0.002394155087,true,true,2018,T1_previous_party_hierarchical_raked
1422,45,true,0.000000000081,0.003521033154,true,true,2018,T1_previous_party_hierarchical_raked
1423,45,true,0.000000000085,0.003037123827,true,true,2018,T1_previous_party_hierarchical_raked
1424,44,true,0.000000000069,0.002669735628,true,true,2018,T1_previous_party_hierarchical_raked
1425,36,true,0.000000000100,0.003484492352,true,true,2018,T1_previous_party_hierarchical_raked
1426,28,true,0.000000000096,0.003032647742,true,true,2018,T1_previous_party_hierarchical_raked
1427,45,true,0.000000000084,0.001722978606,true,true,2018,T1_previous_party_hierarchical_raked
1428,38,true,0.000000000071,0.002052417772,true,true,2018,T1_previous_party_hierarchical_raked
1429,38,true,0.000000000073,0.002285456407,true,true,2018,T1_previous_party_hierarchical_raked
1430,40,true,0.000000000074,0.002848693058,true,true,2018,T1_previous_party_hierarchical_raked
1431,41,true,0.000000000071,0.001850265978,true,true,2018,T1_previous_party_hierarchical_raked
1432,44,true,0.000000000073,0.002014494140,true,true,2018,T1_previous_party_hierarchical_raked
1433,42,true,0.000000000093,0.001462552464,true,true,2018,T1_previous_party_hierarchical_raked
1434,40,true,0.000000000075,0.001614091730,true,true,2018,T1_previous_party_hierarchical_raked
1435,45,true,0.000000000079,0.002899362003,true,true,2018,T1_previous_party_hierarchical_raked
1436,45,true,0.000000000083,0.001463424599,true,true,2018,T1_previous_party_hierarchical_raked
1437,44,true,0.000000000070,0.002040187078,true,true,2018,T1_previous_party_hierarchical_raked
1438,43,true,0.000000000092,0.002182781415,true,true,2018,T1_previous_party_hierarchical_raked
1439,39,true,0.000000000096,0.002938727929,true,true,2018,T1_previous_party_hierarchical_raked
1440,42,true,0.000000000078,0.002601679393,true,true,2018,T1_previous_party_hierarchical_raked
1441,41,true,0.000000000087,0.002599485736,true,true,2018,T1_previous_party_hierarchical_raked
1442,45,true,0.000000000095,0.002221912753,true,true,2018,T1_previous_party_hierarchical_raked
1443,47,true,0.000000000094,0.001756067733,true,true,2018,T1_previous_party_hierarchical_raked
1444,38,true,0.000000000080,0.000812263953,true,true,2018,T1_previous_party_hierarchical_raked
1445,42,true,0.000000000082,0.001306700625,true,true,2018,T1_previous_party_hierarchical_raked
1446,41,true,0.000000000096,0.004328376479,true,true,2018,T1_previous_party_hierarchical_raked
1447,47,true,0.000000000081,0.002510701880,true,true,2018,T1_previous_party_hierarchical_raked
1448,40,true,0.000000000093,0.002032827134,true,true,2018,T1_previous_party_hierarchical_raked
1449,47,true,0.000000000090,0.003637741173,true,true,2018,T1_previous_party_hierarchical_raked
1450,43,true,0.000000000068,0.002482124873,true,true,2018,T1_previous_party_hierarchical_raked
1451,41,true,0.000000000071,0.002540413238,true,true,2018,T1_previous_party_hierarchical_raked
1452,43,true,0.000000000079,0.003628855522,true,true,2018,T1_previous_party_hierarchical_raked
1453,37,true,0.000000000086,0.001346825735,true,true,2018,T1_previous_party_hierarchical_raked
1454,37,true,0.000000000091,0.001628815510,true,true,2018,T1_previous_party_hierarchical_raked
1455,41,true,0.000000000076,0.001099582692,true,true,2018,T1_previous_party_hierarchical_raked
1456,40,true,0.000000000080,0.002654447416,true,true,2018,T1_previous_party_hierarchical_raked
1457,36,true,0.000000000079,0.002476556727,true,true,2018,T1_previous_party_hierarchical_raked
1458,41,true,0.000000000084,0.004859158448,true,true,2018,T1_previous_party_hierarchical_raked
1459,40,true,0.000000000089,0.003465364215,true,true,2018,T1_previous_party_hierarchical_raked
1460,41,true,0.000000000072,0.002568780205,true,true,2018,T1_previous_party_hierarchical_raked
1461,44,true,0.000000000069,0.003330553565,true,true,2018,T1_previous_party_hierarchical_raked
1462,41,true,0.000000000072,0.001965976192,true,true,2018,T1_previous_party_hierarchical_raked
1463,39,true,0.000000000093,0.002157827540,true,true,2018,T1_previous_party_hierarchical_raked
1464,39,true,0.000000000067,0.001940579187,true,true,2018,T1_previous_party_hierarchical_raked
1465,48,true,0.000000000083,0.002427794827,true,true,2018,T1_previous_party_hierarchical_raked
1466,44,true,0.000000000080,0.000871888592,true,true,2018,T1_previous_party_hierarchical_raked
1467,28,true,0.000000000080,0.001717067925,true,true,2018,T1_previous_party_hierarchical_raked
1468,42,true,0.000000000083,0.001843788850,true,true,2018,T1_previous_party_hierarchical_raked
1469,46,true,0.000000000084,0.002735690896,true,true,2018,T1_previous_party_hierarchical_raked
1470,41,true,0.000000000085,0.002497541683,true,true,2018,T1_previous_party_hierarchical_raked
1471,37,true,0.000000000072,0.002142088974,true,true,2018,T1_previous_party_hierarchical_raked
1472,46,true,0.000000000073,0.000899164565,true,true,2018,T1_previous_party_hierarchical_raked
1473,41,true,0.000000000095,0.002459692125,true,true,2018,T1_previous_party_hierarchical_raked
1474,40,true,0.000000000096,0.002490732190,true,true,2018,T1_previous_party_hierarchical_raked
1475,36,true,0.000000000095,0.001707575879,true,true,2018,T1_previous_party_hierarchical_raked
1476,43,true,0.000000000082,0.002243369810,true,true,2018,T1_previous_party_hierarchical_raked
1477,37,true,0.000000000095,0.002208816187,true,true,2018,T1_previous_party_hierarchical_raked
1478,44,true,0.000000000089,0.002678681131,true,true,2018,T1_previous_party_hierarchical_raked
1479,40,true,0.000000000078,0.003586540531,true,true,2018,T1_previous_party_hierarchical_raked
1480,42,true,0.000000000099,0.003509831021,true,true,2018,T1_previous_party_hierarchical_raked
1481,33,true,0.000000000079,0.002532170287,true,true,2018,T1_previous_party_hierarchical_raked
1482,42,true,0.000000000083,0.002768335012,true,true,2018,T1_previous_party_hierarchical_raked
1483,48,true,0.000000000070,0.003322173976,true,true,2018,T1_previous_party_hierarchical_raked
1484,40,true,0.000000000090,0.002738435207,true,true,2018,T1_previous_party_hierarchical_raked
1485,37,true,0.000000000075,0.003010113341,true,true,2018,T1_previous_party_hierarchical_raked
1486,41,true,0.000000000092,0.001935411509,true,true,2018,T1_previous_party_hierarchical_raked
1487,41,true,0.000000000076,0.003468898745,true,true,2018,T1_previous_party_hierarchical_raked
1488,44,true,0.000000000067,0.001058493273,true,true,2018,T1_previous_party_hierarchical_raked
1489,41,true,0.000000000098,0.003546168674,true,true,2018,T1_previous_party_hierarchical_raked
1490,41,true,0.000000000084,0.001674602360,true,true,2018,T1_previous_party_hierarchical_raked
1491,39,true,0.000000000082,0.001923280911,true,true,2018,T1_previous_party_hierarchical_raked
1492,45,true,0.000000000077,0.001847039891,true,true,2018,T1_previous_party_hierarchical_raked
1493,41,true,0.000000000079,0.005962678281,true,true,2018,T1_previous_party_hierarchical_raked
1494,42,true,0.000000000080,0.005258872155,true,true,2018,T1_previous_party_hierarchical_raked
1495,40,true,0.000000000097,0.003100779777,true,true,2018,T1_previous_party_hierarchical_raked
1496,45,true,0.000000000079,0.001989275725,true,true,2018,T1_previous_party_hierarchical_raked
1497,41,true,0.000000000085,0.003034827571,true,true,2018,T1_previous_party_hierarchical_raked
1498,43,true,0.000000000073,0.002354508472,true,true,2018,T1_previous_party_hierarchical_raked
1499,39,true,0.000000000079,0.002647552541,true,true,2018,T1_previous_party_hierarchical_raked
1500,43,true,0.000000000077,0.003629795050,true,true,2018,T1_previous_party_hierarchical_raked
1501,38,true,0.000000000082,0.001128589786,true,true,2018,T1_previous_party_hierarchical_raked
1502,40,true,0.000000000081,0.002313687337,true,true,2018,T1_previous_party_hierarchical_raked
1503,40,true,0.000000000080,0.002796270297,true,true,2018,T1_previous_party_hierarchical_raked
1504,43,true,0.000000000074,0.003800196310,true,true,2018,T1_previous_party_hierarchical_raked
1505,42,true,0.000000000079,0.002581597768,true,true,2018,T1_previous_party_hierarchical_raked
1506,45,true,0.000000000087,0.001683698809,true,true,2018,T1_previous_party_hierarchical_raked
1507,45,true,0.000000000077,0.001099401958,true,true,2018,T1_previous_party_hierarchical_raked
1508,47,true,0.000000000086,0.003091582287,true,true,2018,T1_previous_party_hierarchical_raked
1509,44,true,0.000000000069,0.003271580543,true,true,2018,T1_previous_party_hierarchical_raked
1510,37,true,0.000000000095,0.001999245589,true,true,2018,T1_previous_party_hierarchical_raked
1511,39,true,0.000000000075,0.001408167275,true,true,2018,T1_previous_party_hierarchical_raked
1512,43,true,0.000000000075,0.002199088016,true,true,2018,T1_previous_party_hierarchical_raked
1513,45,true,0.000000000068,0.002298187408,true,true,2018,T1_previous_party_hierarchical_raked
1514,41,true,0.000000000091,0.002625571994,true,true,2018,T1_previous_party_hierarchical_raked
1515,34,true,0.000000000094,0.001000187049,true,true,2018,T1_previous_party_hierarchical_raked
1516,44,true,0.000000000082,0.001402454039,true,true,2018,T1_previous_party_hierarchical_raked
1517,41,true,0.000000000081,0.002894915873,true,true,2018,T1_previous_party_hierarchical_raked
1518,45,true,0.000000000073,0.004333998203,true,true,2018,T1_previous_party_hierarchical_raked
1519,47,true,0.000000000086,0.004264918018,true,true,2018,T1_previous_party_hierarchical_raked
1520,48,true,0.000000000071,0.003416711288,true,true,2018,T1_previous_party_hierarchical_raked
1521,43,true,0.000000000079,0.002775607237,true,true,2018,T1_previous_party_hierarchical_raked
1522,41,true,0.000000000082,0.003667418043,true,true,2018,T1_previous_party_hierarchical_raked
1523,44,true,0.000000000068,0.002688024283,true,true,2018,T1_previous_party_hierarchical_raked
1524,38,true,0.000000000070,0.002903920094,true,true,2018,T1_previous_party_hierarchical_raked
1525,38,true,0.000000000069,0.003084664322,true,true,2018,T1_previous_party_hierarchical_raked
1526,42,true,0.000000000094,0.003189493279,true,true,2018,T1_previous_party_hierarchical_raked
1527,41,true,0.000000000073,0.002879045858,true,true,2018,T1_previous_party_hierarchical_raked
1528,43,true,0.000000000070,0.003054483382,true,true,2018,T1_previous_party_hierarchical_raked
1529,40,true,0.000000000087,0.001882921724,true,true,2018,T1_previous_party_hierarchical_raked
1530,43,true,0.000000000075,0.002571016340,true,true,2018,T1_previous_party_hierarchical_raked
1531,39,true,0.000000000087,0.002712020333,true,true,2018,T1_previous_party_hierarchical_raked
1532,45,true,0.000000000100,0.001630714613,true,true,2018,T1_previous_party_hierarchical_raked
1533,39,true,0.000000000086,0.002213193350,true,true,2018,T1_previous_party_hierarchical_raked
1534,45,true,0.000000000071,0.003683361021,true,true,2018,T1_previous_party_hierarchical_raked
1535,43,true,0.000000000092,0.003226557602,true,true,2018,T1_previous_party_hierarchical_raked
1536,35,true,0.000000000071,0.002888741327,true,true,2018,T1_previous_party_hierarchical_raked
1537,40,true,0.000000000089,0.002637126624,true,true,2018,T1_previous_party_hierarchical_raked
1538,43,true,0.000000000070,0.001499178129,true,true,2018,T1_previous_party_hierarchical_raked
1539,38,true,0.000000000087,0.003322679570,true,true,2018,T1_previous_party_hierarchical_raked
1540,43,true,0.000000000084,0.002725618747,true,true,2018,T1_previous_party_hierarchical_raked
1541,42,true,0.000000000092,0.002152051070,true,true,2018,T1_previous_party_hierarchical_raked
1542,34,true,0.000000000074,0.002451672072,true,true,2018,T1_previous_party_hierarchical_raked
1543,41,true,0.000000000069,0.002142035897,true,true,2018,T1_previous_party_hierarchical_raked
1544,39,true,0.000000000097,0.002319897200,true,true,2018,T1_previous_party_hierarchical_raked
1545,44,true,0.000000000079,0.001215965321,true,true,2018,T1_previous_party_hierarchical_raked
1546,44,true,0.000000000097,0.002295895381,true,true,2018,T1_previous_party_hierarchical_raked
1547,47,true,0.000000000078,0.002115908726,true,true,2018,T1_previous_party_hierarchical_raked
1548,46,true,0.000000000094,0.002040835814,true,true,2018,T1_previous_party_hierarchical_raked
1549,38,true,0.000000000076,0.002789021786,true,true,2018,T1_previous_party_hierarchical_raked
1550,45,true,0.000000000082,0.003037399235,true,true,2018,T1_previous_party_hierarchical_raked
1551,39,true,0.000000000085,0.002699618877,true,true,2018,T1_previous_party_hierarchical_raked
1552,40,true,0.000000000081,0.002671913616,true,true,2018,T1_previous_party_hierarchical_raked
1553,42,true,0.000000000094,0.001636203754,true,true,2018,T1_previous_party_hierarchical_raked
1554,44,true,0.000000000087,0.001423533579,true,true,2018,T1_previous_party_hierarchical_raked
1555,41,true,0.000000000099,0.002993725748,true,true,2018,T1_previous_party_hierarchical_raked
1556,38,true,0.000000000077,0.002929634320,true,true,2018,T1_previous_party_hierarchical_raked
1557,45,true,0.000000000070,0.003028448910,true,true,2018,T1_previous_party_hierarchical_raked
1558,44,true,0.000000000093,0.001327219473,true,true,2018,T1_previous_party_hierarchical_raked
1559,42,true,0.000000000079,0.002483641069,true,true,2018,T1_previous_party_hierarchical_raked
1560,43,true,0.000000000093,0.001850165237,true,true,2018,T1_previous_party_hierarchical_raked
1561,42,true,0.000000000096,0.001826395489,true,true,2018,T1_previous_party_hierarchical_raked
1562,45,true,0.000000000078,0.002498201431,true,true,2018,T1_previous_party_hierarchical_raked
1563,43,true,0.000000000087,0.001868619571,true,true,2018,T1_previous_party_hierarchical_raked
1564,39,true,0.000000000083,0.001916074774,true,true,2018,T1_previous_party_hierarchical_raked
1565,45,true,0.000000000078,0.004779767447,true,true,2018,T1_previous_party_hierarchical_raked
1566,40,true,0.000000000087,0.002018533799,true,true,2018,T1_previous_party_hierarchical_raked
1567,40,true,0.000000000088,0.002773322865,true,true,2018,T1_previous_party_hierarchical_raked
1568,40,true,0.000000000071,0.002021221316,true,true,2018,T1_previous_party_hierarchical_raked
1569,41,true,0.000000000093,0.002035409125,true,true,2018,T1_previous_party_hierarchical_raked
1570,46,true,0.000000000081,0.002857649050,true,true,2018,T1_previous_party_hierarchical_raked
1571,45,true,0.000000000091,0.001561221618,true,true,2018,T1_previous_party_hierarchical_raked
1572,40,true,0.000000000086,0.002570230865,true,true,2018,T1_previous_party_hierarchical_raked
1573,45,true,0.000000000094,0.002131984909,true,true,2018,T1_previous_party_hierarchical_raked
1574,43,true,0.000000000086,0.002989400114,true,true,2018,T1_previous_party_hierarchical_raked
1575,39,true,0.000000000100,0.003688956423,true,true,2018,T1_previous_party_hierarchical_raked
1576,37,true,0.000000000076,0.002894253905,true,true,2018,T1_previous_party_hierarchical_raked
1577,36,true,0.000000000066,0.003009192231,true,true,2018,T1_previous_party_hierarchical_raked
1578,42,true,0.000000000082,0.002407073088,true,true,2018,T1_previous_party_hierarchical_raked
1579,45,true,0.000000000070,0.001283946075,true,true,2018,T1_previous_party_hierarchical_raked
1580,36,true,0.000000000074,0.002402637590,true,true,2018,T1_previous_party_hierarchical_raked
1581,37,true,0.000000000093,0.001876556010,true,true,2018,T1_previous_party_hierarchical_raked
1582,38,true,0.000000000095,0.000843361645,true,true,2018,T1_previous_party_hierarchical_raked
1583,44,true,0.000000000075,0.003857222984,true,true,2018,T1_previous_party_hierarchical_raked
1584,44,true,0.000000000100,0.001277965434,true,true,2018,T1_previous_party_hierarchical_raked
1585,46,true,0.000000000076,0.002880573791,true,true,2018,T1_previous_party_hierarchical_raked
1586,28,true,0.000000000078,0.002327189251,true,true,2018,T1_previous_party_hierarchical_raked
1587,45,true,0.000000000074,0.002818185597,true,true,2018,T1_previous_party_hierarchical_raked
1588,30,true,0.000000000087,0.001791132777,true,true,2018,T1_previous_party_hierarchical_raked
1589,42,true,0.000000000079,0.002007550052,true,true,2018,T1_previous_party_hierarchical_raked
1590,39,true,0.000000000083,0.003374079743,true,true,2018,T1_previous_party_hierarchical_raked
1591,43,true,0.000000000070,0.003248416997,true,true,2018,T1_previous_party_hierarchical_raked
1592,43,true,0.000000000079,0.000962310897,true,true,2018,T1_previous_party_hierarchical_raked
1593,43,true,0.000000000094,0.003592137213,true,true,2018,T1_previous_party_hierarchical_raked
1594,40,true,0.000000000099,0.002595495004,true,true,2018,T1_previous_party_hierarchical_raked
1595,39,true,0.000000000088,0.001987569286,true,true,2018,T1_previous_party_hierarchical_raked
1596,43,true,0.000000000099,0.002782575253,true,true,2018,T1_previous_party_hierarchical_raked
1597,41,true,0.000000000098,0.001727378417,true,true,2018,T1_previous_party_hierarchical_raked
1598,39,true,0.000000000087,0.002651569494,true,true,2018,T1_previous_party_hierarchical_raked
1599,41,true,0.000000000071,0.000991169541,true,true,2018,T1_previous_party_hierarchical_raked
1600,41,true,0.000000000078,0.001963302730,true,true,2018,T1_previous_party_hierarchical_raked
1601,46,true,0.000000000069,0.003064984410,true,true,2018,T1_previous_party_hierarchical_raked
1602,43,true,0.000000000094,0.002881366133,true,true,2018,T1_previous_party_hierarchical_raked
1603,42,true,0.000000000080,0.005409221081,true,true,2018,T1_previous_party_hierarchical_raked
1604,45,true,0.000000000076,0.002808818957,true,true,2018,T1_previous_party_hierarchical_raked
1605,41,true,0.000000000079,0.001926979490,true,true,2018,T1_previous_party_hierarchical_raked
1606,41,true,0.000000000086,0.003324853360,true,true,2018,T1_previous_party_hierarchical_raked
1607,51,true,0.000000000078,0.003275913589,true,true,2018,T1_previous_party_hierarchical_raked
1608,45,true,0.000000000079,0.001031253245,true,true,2018,T1_previous_party_hierarchical_raked
1609,45,true,0.000000000073,0.002051472485,true,true,2018,T1_previous_party_hierarchical_raked
1610,45,true,0.000000000076,0.002125846793,true,true,2018,T1_previous_party_hierarchical_raked
1611,43,true,0.000000000096,0.003896310254,true,true,2018,T1_previous_party_hierarchical_raked
1612,44,true,0.000000000100,0.002626638587,true,true,2018,T1_previous_party_hierarchical_raked
1613,40,true,0.000000000069,0.003552257064,true,true,2018,T1_previous_party_hierarchical_raked
1614,39,true,0.000000000074,0.001764709084,true,true,2018,T1_previous_party_hierarchical_raked
1615,40,true,0.000000000070,0.002038267004,true,true,2018,T1_previous_party_hierarchical_raked
1616,41,true,0.000000000078,0.003464079226,true,true,2018,T1_previous_party_hierarchical_raked
1617,47,true,0.000000000080,0.001539554782,true,true,2018,T1_previous_party_hierarchical_raked
1618,45,true,0.000000000071,0.002680474543,true,true,2018,T1_previous_party_hierarchical_raked
1619,45,true,0.000000000099,0.004423645971,true,true,2018,T1_previous_party_hierarchical_raked
1620,43,true,0.000000000083,0.001271240533,true,true,2018,T1_previous_party_hierarchical_raked
1621,46,true,0.000000000074,0.001889226915,true,true,2018,T1_previous_party_hierarchical_raked
1622,39,true,0.000000000071,0.002564106503,true,true,2018,T1_previous_party_hierarchical_raked
1623,48,true,0.000000000073,0.003980877164,true,true,2018,T1_previous_party_hierarchical_raked
1624,42,true,0.000000000070,0.002038514400,true,true,2018,T1_previous_party_hierarchical_raked
1625,42,true,0.000000000070,0.001479188578,true,true,2018,T1_previous_party_hierarchical_raked
1626,44,true,0.000000000072,0.001599178862,true,true,2018,T1_previous_party_hierarchical_raked
1627,45,true,0.000000000084,0.002968461454,true,true,2018,T1_previous_party_hierarchical_raked
1628,43,true,0.000000000074,0.003359858808,true,true,2018,T1_previous_party_hierarchical_raked
1629,41,true,0.000000000079,0.001386891421,true,true,2018,T1_previous_party_hierarchical_raked
1630,31,true,0.000000000077,0.002630518632,true,true,2018,T1_previous_party_hierarchical_raked
1631,41,true,0.000000000097,0.003211894019,true,true,2018,T1_previous_party_hierarchical_raked
1632,37,true,0.000000000087,0.002031295187,true,true,2018,T1_previous_party_hierarchical_raked
1633,44,true,0.000000000093,0.002442825404,true,true,2018,T1_previous_party_hierarchical_raked
1634,45,true,0.000000000080,0.002096469571,true,true,2018,T1_previous_party_hierarchical_raked
1635,29,true,0.000000000071,0.004107995642,true,true,2018,T1_previous_party_hierarchical_raked
1636,42,true,0.000000000086,0.003427319331,true,true,2018,T1_previous_party_hierarchical_raked
1637,49,true,0.000000000083,0.004365960641,true,true,2018,T1_previous_party_hierarchical_raked
1638,39,true,0.000000000084,0.002341622745,true,true,2018,T1_previous_party_hierarchical_raked
1639,38,true,0.000000000085,0.003240349677,true,true,2018,T1_previous_party_hierarchical_raked
1640,41,true,0.000000000083,0.002299759321,true,true,2018,T1_previous_party_hierarchical_raked
1641,40,true,0.000000000090,0.004386096578,true,true,2018,T1_previous_party_hierarchical_raked
1642,41,true,0.000000000093,0.002299402956,true,true,2018,T1_previous_party_hierarchical_raked
1643,43,true,0.000000000088,0.002623804240,true,true,2018,T1_previous_party_hierarchical_raked
1644,38,true,0.000000000085,0.001451051983,true,true,2018,T1_previous_party_hierarchical_raked
1645,41,true,0.000000000088,0.002555092528,true,true,2018,T1_previous_party_hierarchical_raked
1646,43,true,0.000000000095,0.000987650282,true,true,2018,T1_previous_party_hierarchical_raked
1647,43,true,0.000000000086,0.001102338783,true,true,2018,T1_previous_party_hierarchical_raked
1648,41,true,0.000000000076,0.002294082972,true,true,2018,T1_previous_party_hierarchical_raked
1649,43,true,0.000000000072,0.000842170666,true,true,2018,T1_previous_party_hierarchical_raked
1650,32,true,0.000000000098,0.002058846987,true,true,2018,T1_previous_party_hierarchical_raked
1651,42,true,0.000000000086,0.003175264656,true,true,2018,T1_previous_party_hierarchical_raked
1652,40,true,0.000000000071,0.001514849319,true,true,2018,T1_previous_party_hierarchical_raked
1653,45,true,0.000000000070,0.004079585400,true,true,2018,T1_previous_party_hierarchical_raked
1654,41,true,0.000000000079,0.004065406431,true,true,2018,T1_previous_party_hierarchical_raked
1655,43,true,0.000000000092,0.002526305894,true,true,2018,T1_previous_party_hierarchical_raked
1656,41,true,0.000000000096,0.002087827226,true,true,2018,T1_previous_party_hierarchical_raked
1657,48,true,0.000000000072,0.001715962015,true,true,2018,T1_previous_party_hierarchical_raked
1658,43,true,0.000000000098,0.001616734459,true,true,2018,T1_previous_party_hierarchical_raked
1659,40,true,0.000000000071,0.001684194215,true,true,2018,T1_previous_party_hierarchical_raked
1660,45,true,0.000000000071,0.003141128211,true,true,2018,T1_previous_party_hierarchical_raked
1661,47,true,0.000000000071,0.002456022366,true,true,2018,T1_previous_party_hierarchical_raked
1662,41,true,0.000000000069,0.002585791387,true,true,2018,T1_previous_party_hierarchical_raked
1663,42,true,0.000000000080,0.001178267322,true,true,2018,T1_previous_party_hierarchical_raked
1664,43,true,0.000000000080,0.003529043702,true,true,2018,T1_previous_party_hierarchical_raked
1665,42,true,0.000000000095,0.001452839263,true,true,2018,T1_previous_party_hierarchical_raked
1666,35,true,0.000000000093,0.002771056457,true,true,2018,T1_previous_party_hierarchical_raked
1667,40,true,0.000000000076,0.002281090566,true,true,2018,T1_previous_party_hierarchical_raked
1668,40,true,0.000000000097,0.002744831057,true,true,2018,T1_previous_party_hierarchical_raked
1669,42,true,0.000000000077,0.002945034128,true,true,2018,T1_previous_party_hierarchical_raked
1670,46,true,0.000000000088,0.003789914428,true,true,2018,T1_previous_party_hierarchical_raked
1671,35,true,0.000000000069,0.003788398211,true,true,2018,T1_previous_party_hierarchical_raked
1672,43,true,0.000000000090,0.001903486042,true,true,2018,T1_previous_party_hierarchical_raked
1673,39,true,0.000000000069,0.001472943623,true,true,2018,T1_previous_party_hierarchical_raked
1674,42,true,0.000000000071,0.002245681129,true,true,2018,T1_previous_party_hierarchical_raked
1675,45,true,0.000000000098,0.001961894220,true,true,2018,T1_previous_party_hierarchical_raked
1676,41,true,0.000000000079,0.001148131521,true,true,2018,T1_previous_party_hierarchical_raked
1677,35,true,0.000000000082,0.001156866151,true,true,2018,T1_previous_party_hierarchical_raked
1678,45,true,0.000000000073,0.002428881108,true,true,2018,T1_previous_party_hierarchical_raked
1679,42,true,0.000000000081,0.002380301771,true,true,2018,T1_previous_party_hierarchical_raked
1680,43,true,0.000000000071,0.001637177646,true,true,2018,T1_previous_party_hierarchical_raked
1681,42,true,0.000000000075,0.002549385480,true,true,2018,T1_previous_party_hierarchical_raked
1682,40,true,0.000000000088,0.002140349077,true,true,2018,T1_previous_party_hierarchical_raked
1683,40,true,0.000000000086,0.001562375940,true,true,2018,T1_previous_party_hierarchical_raked
1684,41,true,0.000000000077,0.003126872470,true,true,2018,T1_previous_party_hierarchical_raked
1685,43,true,0.000000000094,0.003815637376,true,true,2018,T1_previous_party_hierarchical_raked
1686,45,true,0.000000000084,0.002639566474,true,true,2018,T1_previous_party_hierarchical_raked
1687,42,true,0.000000000085,0.003129020881,true,true,2018,T1_previous_party_hierarchical_raked
1688,32,true,0.000000000085,0.003094235135,true,true,2018,T1_previous_party_hierarchical_raked
1689,37,true,0.000000000071,0.002976997741,true,true,2018,T1_previous_party_hierarchical_raked
1690,41,true,0.000000000089,0.003476344558,true,true,2018,T1_previous_party_hierarchical_raked
1691,45,true,0.000000000093,0.002015290932,true,true,2018,T1_previous_party_hierarchical_raked
1692,35,true,0.000000000082,0.001808690571,true,true,2018,T1_previous_party_hierarchical_raked
1693,36,true,0.000000000090,0.000987893969,true,true,2018,T1_previous_party_hierarchical_raked
1694,42,true,0.000000000100,0.004334839054,true,true,2018,T1_previous_party_hierarchical_raked
1695,48,true,0.000000000079,0.001651102239,true,true,2018,T1_previous_party_hierarchical_raked
1696,41,true,0.000000000100,0.001127276693,true,true,2018,T1_previous_party_hierarchical_raked
1697,32,true,0.000000000093,0.002050387080,true,true,2018,T1_previous_party_hierarchical_raked
1698,40,true,0.000000000084,0.002177479151,true,true,2018,T1_previous_party_hierarchical_raked
1699,43,true,0.000000000068,0.003319576083,true,true,2018,T1_previous_party_hierarchical_raked
1700,43,true,0.000000000078,0.002924784834,true,true,2018,T1_previous_party_hierarchical_raked
1701,44,true,0.000000000074,0.002326811900,true,true,2018,T1_previous_party_hierarchical_raked
1702,45,true,0.000000000080,0.003339870586,true,true,2018,T1_previous_party_hierarchical_raked
1703,42,true,0.000000000097,0.001893768985,true,true,2018,T1_previous_party_hierarchical_raked
1704,48,true,0.000000000073,0.002651192146,true,true,2018,T1_previous_party_hierarchical_raked
1705,43,true,0.000000000081,0.001404573974,true,true,2018,T1_previous_party_hierarchical_raked
1706,45,true,0.000000000069,0.002781850481,true,true,2018,T1_previous_party_hierarchical_raked
1707,39,true,0.000000000078,0.003015344461,true,true,2018,T1_previous_party_hierarchical_raked
1708,43,true,0.000000000086,0.003125486485,true,true,2018,T1_previous_party_hierarchical_raked
1709,41,true,0.000000000073,0.001483119354,true,true,2018,T1_previous_party_hierarchical_raked
1710,43,true,0.000000000075,0.002525097133,true,true,2018,T1_previous_party_hierarchical_raked
1711,35,true,0.000000000074,0.001503657481,true,true,2018,T1_previous_party_hierarchical_raked
1712,41,true,0.000000000082,0.002420252313,true,true,2018,T1_previous_party_hierarchical_raked
1713,43,true,0.000000000070,0.001509172950,true,true,2018,T1_previous_party_hierarchical_raked
1714,40,true,0.000000000080,0.003363283569,true,true,2018,T1_previous_party_hierarchical_raked
1715,40,true,0.000000000098,0.002278739634,true,true,2018,T1_previous_party_hierarchical_raked
1716,41,true,0.000000000068,0.002274087015,true,true,2018,T1_previous_party_hierarchical_raked
1717,45,true,0.000000000074,0.002351093940,true,true,2018,T1_previous_party_hierarchical_raked
1718,34,true,0.000000000086,0.001514985533,true,true,2018,T1_previous_party_hierarchical_raked
1719,47,true,0.000000000087,0.002867550128,true,true,2018,T1_previous_party_hierarchical_raked
1720,44,true,0.000000000080,0.002477470226,true,true,2018,T1_previous_party_hierarchical_raked
1721,44,true,0.000000000095,0.001667878933,true,true,2018,T1_previous_party_hierarchical_raked
1722,41,true,0.000000000084,0.001199345124,true,true,2018,T1_previous_party_hierarchical_raked
1723,35,true,0.000000000077,0.000956888528,true,true,2018,T1_previous_party_hierarchical_raked
1724,49,true,0.000000000079,0.003590182796,true,true,2018,T1_previous_party_hierarchical_raked
1725,36,true,0.000000000085,0.003577078217,true,true,2018,T1_previous_party_hierarchical_raked
1726,38,true,0.000000000082,0.001971240210,true,true,2018,T1_previous_party_hierarchical_raked
1727,41,true,0.000000000068,0.001573915452,true,true,2018,T1_previous_party_hierarchical_raked
1728,43,true,0.000000000092,0.001537994199,true,true,2018,T1_previous_party_hierarchical_raked
1729,49,true,0.000000000071,0.002170830572,true,true,2018,T1_previous_party_hierarchical_raked
1730,42,true,0.000000000087,0.003431826442,true,true,2018,T1_previous_party_hierarchical_raked
1731,37,true,0.000000000083,0.002603528562,true,true,2018,T1_previous_party_hierarchical_raked
1732,43,true,0.000000000096,0.001181169883,true,true,2018,T1_previous_party_hierarchical_raked
1733,40,true,0.000000000088,0.002687259062,true,true,2018,T1_previous_party_hierarchical_raked
1734,41,true,0.000000000071,0.003440680689,true,true,2018,T1_previous_party_hierarchical_raked
1735,45,true,0.000000000083,0.000966312301,true,true,2018,T1_previous_party_hierarchical_raked
1736,44,true,0.000000000087,0.004202175482,true,true,2018,T1_previous_party_hierarchical_raked
1737,48,true,0.000000000076,0.002987732764,true,true,2018,T1_previous_party_hierarchical_raked
1738,42,true,0.000000000081,0.004927274558,true,true,2018,T1_previous_party_hierarchical_raked
1739,43,true,0.000000000086,0.002238182672,true,true,2018,T1_previous_party_hierarchical_raked
1740,40,true,0.000000000096,0.001783807353,true,true,2018,T1_previous_party_hierarchical_raked
1741,38,true,0.000000000076,0.001840214478,true,true,2018,T1_previous_party_hierarchical_raked
1742,43,true,0.000000000069,0.002246450243,true,true,2018,T1_previous_party_hierarchical_raked
1743,38,true,0.000000000091,0.002274356226,true,true,2018,T1_previous_party_hierarchical_raked
1744,45,true,0.000000000084,0.002774188250,true,true,2018,T1_previous_party_hierarchical_raked
1745,46,true,0.000000000091,0.001864013823,true,true,2018,T1_previous_party_hierarchical_raked
1746,39,true,0.000000000076,0.002106621363,true,true,2018,T1_previous_party_hierarchical_raked
1747,41,true,0.000000000071,0.002753419651,true,true,2018,T1_previous_party_hierarchical_raked
1748,48,true,0.000000000082,0.004741942882,true,true,2018,T1_previous_party_hierarchical_raked
1749,39,true,0.000000000091,0.002387469174,true,true,2018,T1_previous_party_hierarchical_raked
1750,44,true,0.000000000095,0.001112403766,true,true,2018,T1_previous_party_hierarchical_raked
1751,41,true,0.000000000080,0.001799645758,true,true,2018,T1_previous_party_hierarchical_raked
1752,40,true,0.000000000094,0.002131366473,true,true,2018,T1_previous_party_hierarchical_raked
1753,41,true,0.000000000071,0.001590838968,true,true,2018,T1_previous_party_hierarchical_raked
1754,46,true,0.000000000075,0.003189986278,true,true,2018,T1_previous_party_hierarchical_raked
1755,41,true,0.000000000066,0.003396177518,true,true,2018,T1_previous_party_hierarchical_raked
1756,40,true,0.000000000094,0.000834098061,true,true,2018,T1_previous_party_hierarchical_raked
1757,42,true,0.000000000084,0.001974115561,true,true,2018,T1_previous_party_hierarchical_raked
1758,42,true,0.000000000067,0.002394711424,true,true,2018,T1_previous_party_hierarchical_raked
1759,43,true,0.000000000088,0.001924488727,true,true,2018,T1_previous_party_hierarchical_raked
1760,43,true,0.000000000074,0.001957117796,true,true,2018,T1_previous_party_hierarchical_raked
1761,44,true,0.000000000073,0.002853811988,true,true,2018,T1_previous_party_hierarchical_raked
1762,44,true,0.000000000094,0.003309939314,true,true,2018,T1_previous_party_hierarchical_raked
1763,40,true,0.000000000095,0.002484344223,true,true,2018,T1_previous_party_hierarchical_raked
1764,45,true,0.000000000079,0.001914919062,true,true,2018,T1_previous_party_hierarchical_raked
1765,45,true,0.000000000081,0.002705159866,true,true,2018,T1_previous_party_hierarchical_raked
1766,40,true,0.000000000092,0.000872288313,true,true,2018,T1_previous_party_hierarchical_raked
1767,43,true,0.000000000076,0.002131124117,true,true,2018,T1_previous_party_hierarchical_raked
1768,42,true,0.000000000078,0.001391226874,true,true,2018,T1_previous_party_hierarchical_raked
1769,40,true,0.000000000099,0.002186020152,true,true,2018,T1_previous_party_hierarchical_raked
1770,41,true,0.000000000089,0.001769827513,true,true,2018,T1_previous_party_hierarchical_raked
1771,45,true,0.000000000074,0.002125035557,true,true,2018,T1_previous_party_hierarchical_raked
1772,43,true,0.000000000096,0.002406437101,true,true,2018,T1_previous_party_hierarchical_raked
1773,44,true,0.000000000081,0.001674172523,true,true,2018,T1_previous_party_hierarchical_raked
1774,46,true,0.000000000069,0.002008006705,true,true,2018,T1_previous_party_hierarchical_raked
1775,41,true,0.000000000085,0.002783484284,true,true,2018,T1_previous_party_hierarchical_raked
1776,48,true,0.000000000090,0.001883267981,true,true,2018,T1_previous_party_hierarchical_raked
1777,42,true,0.000000000083,0.004031557562,true,true,2018,T1_previous_party_hierarchical_raked
1778,46,true,0.000000000076,0.001953959486,true,true,2018,T1_previous_party_hierarchical_raked
1779,43,true,0.000000000097,0.002600732378,true,true,2018,T1_previous_party_hierarchical_raked
1780,44,true,0.000000000085,0.003824245110,true,true,2018,T1_previous_party_hierarchical_raked
1781,44,true,0.000000000075,0.001303546779,true,true,2018,T1_previous_party_hierarchical_raked
1782,43,true,0.000000000093,0.003492685882,true,true,2018,T1_previous_party_hierarchical_raked
1783,43,true,0.000000000083,0.003105164382,true,true,2018,T1_previous_party_hierarchical_raked
1784,40,true,0.000000000075,0.001456214737,true,true,2018,T1_previous_party_hierarchical_raked
1785,44,true,0.000000000079,0.002054652684,true,true,2018,T1_previous_party_hierarchical_raked
1786,38,true,0.000000000084,0.001260092393,true,true,2018,T1_previous_party_hierarchical_raked
1787,39,true,0.000000000088,0.004585765205,true,true,2018,T1_previous_party_hierarchical_raked
1788,45,true,0.000000000096,0.002660631830,true,true,2018,T1_previous_party_hierarchical_raked
1789,44,true,0.000000000097,0.001913872081,true,true,2018,T1_previous_party_hierarchical_raked
1790,39,true,0.000000000070,0.001684739579,true,true,2018,T1_previous_party_hierarchical_raked
1791,44,true,0.000000000075,0.003563526779,true,true,2018,T1_previous_party_hierarchical_raked
1792,42,true,0.000000000083,0.003962573124,true,true,2018,T1_previous_party_hierarchical_raked
1793,43,true,0.000000000081,0.002115719604,true,true,2018,T1_previous_party_hierarchical_raked
1794,42,true,0.000000000079,0.003249156699,true,true,2018,T1_previous_party_hierarchical_raked
1795,38,true,0.000000000099,0.002442800641,true,true,2018,T1_previous_party_hierarchical_raked
1796,42,true,0.000000000087,0.001206873736,true,true,2018,T1_previous_party_hierarchical_raked
1797,43,true,0.000000000078,0.001310766195,true,true,2018,T1_previous_party_hierarchical_raked
1798,43,true,0.000000000080,0.002442720482,true,true,2018,T1_previous_party_hierarchical_raked
1799,37,true,0.000000000071,0.001986332371,true,true,2018,T1_previous_party_hierarchical_raked
1800,41,true,0.000000000078,0.004118175338,true,true,2018,T1_previous_party_hierarchical_raked
1801,46,true,0.000000000079,0.002857981651,true,true,2018,T1_previous_party_hierarchical_raked
1802,45,true,0.000000000085,0.002293401104,true,true,2018,T1_previous_party_hierarchical_raked
1803,45,true,0.000000000099,0.003192328212,true,true,2018,T1_previous_party_hierarchical_raked
1804,46,true,0.000000000070,0.002056900007,true,true,2018,T1_previous_party_hierarchical_raked
1805,39,true,0.000000000090,0.002506214222,true,true,2018,T1_previous_party_hierarchical_raked
1806,38,true,0.000000000089,0.001646178845,true,true,2018,T1_previous_party_hierarchical_raked
1807,38,true,0.000000000078,0.001744674790,true,true,2018,T1_previous_party_hierarchical_raked
1808,42,true,0.000000000083,0.002878104870,true,true,2018,T1_previous_party_hierarchical_raked
1809,44,true,0.000000000074,0.001681512393,true,true,2018,T1_previous_party_hierarchical_raked
1810,45,true,0.000000000075,0.001384401247,true,true,2018,T1_previous_party_hierarchical_raked
1811,32,true,0.000000000080,0.002233398285,true,true,2018,T1_previous_party_hierarchical_raked
1812,45,true,0.000000000082,0.002885512127,true,true,2018,T1_previous_party_hierarchical_raked
1813,39,true,0.000000000083,0.002952909047,true,true,2018,T1_previous_party_hierarchical_raked
1814,43,true,0.000000000081,0.001404204805,true,true,2018,T1_previous_party_hierarchical_raked
1815,41,true,0.000000000093,0.002106508213,true,true,2018,T1_previous_party_hierarchical_raked
1816,46,true,0.000000000099,0.001445717047,true,true,2018,T1_previous_party_hierarchical_raked
1817,38,true,0.000000000069,0.002900266183,true,true,2018,T1_previous_party_hierarchical_raked
1818,36,true,0.000000000087,0.000721695877,true,true,2018,T1_previous_party_hierarchical_raked
1819,34,true,0.000000000093,0.002346022556,true,true,2018,T1_previous_party_hierarchical_raked
1820,41,true,0.000000000090,0.001960798957,true,true,2018,T1_previous_party_hierarchical_raked
1821,40,true,0.000000000094,0.002128672097,true,true,2018,T1_previous_party_hierarchical_raked
1822,40,true,0.000000000087,0.001889986066,true,true,2018,T1_previous_party_hierarchical_raked
1823,41,true,0.000000000090,0.001139648377,true,true,2018,T1_previous_party_hierarchical_raked
1824,44,true,0.000000000076,0.002164348623,true,true,2018,T1_previous_party_hierarchical_raked
1825,41,true,0.000000000077,0.002862413136,true,true,2018,T1_previous_party_hierarchical_raked
1826,42,true,0.000000000080,0.002275090769,true,true,2018,T1_previous_party_hierarchical_raked
1827,44,true,0.000000000079,0.002649004467,true,true,2018,T1_previous_party_hierarchical_raked
1828,46,true,0.000000000071,0.001886194576,true,true,2018,T1_previous_party_hierarchical_raked
1829,43,true,0.000000000071,0.003413068518,true,true,2018,T1_previous_party_hierarchical_raked
1830,39,true,0.000000000067,0.002318177857,true,true,2018,T1_previous_party_hierarchical_raked
1831,39,true,0.000000000095,0.003019679137,true,true,2018,T1_previous_party_hierarchical_raked
1832,45,true,0.000000000095,0.001067229520,true,true,2018,T1_previous_party_hierarchical_raked
1833,33,true,0.000000000093,0.002349808750,true,true,2018,T1_previous_party_hierarchical_raked
1834,41,true,0.000000000086,0.003238444159,true,true,2018,T1_previous_party_hierarchical_raked
1835,34,true,0.000000000088,0.001474733956,true,true,2018,T1_previous_party_hierarchical_raked
1836,44,true,0.000000000082,0.003111364720,true,true,2018,T1_previous_party_hierarchical_raked
1837,45,true,0.000000000090,0.004110039285,true,true,2018,T1_previous_party_hierarchical_raked
1838,40,true,0.000000000091,0.002153894959,true,true,2018,T1_previous_party_hierarchical_raked
1839,43,true,0.000000000071,0.002905661204,true,true,2018,T1_previous_party_hierarchical_raked
1840,31,true,0.000000000069,0.002735857818,true,true,2018,T1_previous_party_hierarchical_raked
1841,44,true,0.000000000096,0.001793926120,true,true,2018,T1_previous_party_hierarchical_raked
1842,43,true,0.000000000089,0.003053792723,true,true,2018,T1_previous_party_hierarchical_raked
1843,38,true,0.000000000077,0.001967570511,true,true,2018,T1_previous_party_hierarchical_raked
1844,41,true,0.000000000097,0.004292497967,true,true,2018,T1_previous_party_hierarchical_raked
1845,34,true,0.000000000098,0.001953613762,true,true,2018,T1_previous_party_hierarchical_raked
1846,43,true,0.000000000091,0.001660329559,true,true,2018,T1_previous_party_hierarchical_raked
1847,38,true,0.000000000074,0.001027880483,true,true,2018,T1_previous_party_hierarchical_raked
1848,45,true,0.000000000075,0.002750930233,true,true,2018,T1_previous_party_hierarchical_raked
1849,43,true,0.000000000086,0.002638253169,true,true,2018,T1_previous_party_hierarchical_raked
1850,44,true,0.000000000078,0.003146221173,true,true,2018,T1_previous_party_hierarchical_raked
1851,39,true,0.000000000077,0.004370116838,true,true,2018,T1_previous_party_hierarchical_raked
1852,40,true,0.000000000073,0.001193797170,true,true,2018,T1_previous_party_hierarchical_raked
1853,42,true,0.000000000094,0.001948928399,true,true,2018,T1_previous_party_hierarchical_raked
1854,44,true,0.000000000082,0.003145712051,true,true,2018,T1_previous_party_hierarchical_raked
1855,45,true,0.000000000098,0.002460424672,true,true,2018,T1_previous_party_hierarchical_raked
1856,43,true,0.000000000071,0.002744278276,true,true,2018,T1_previous_party_hierarchical_raked
1857,43,true,0.000000000080,0.001848621391,true,true,2018,T1_previous_party_hierarchical_raked
1858,41,true,0.000000000087,0.000908318469,true,true,2018,T1_previous_party_hierarchical_raked
1859,41,true,0.000000000077,0.002445727485,true,true,2018,T1_previous_party_hierarchical_raked
1860,46,true,0.000000000074,0.002356289530,true,true,2018,T1_previous_party_hierarchical_raked
1861,43,true,0.000000000075,0.001292667622,true,true,2018,T1_previous_party_hierarchical_raked
1862,42,true,0.000000000070,0.003732463980,true,true,2018,T1_previous_party_hierarchical_raked
1863,40,true,0.000000000087,0.002797027144,true,true,2018,T1_previous_party_hierarchical_raked
1864,42,true,0.000000000088,0.002472148639,true,true,2018,T1_previous_party_hierarchical_raked
1865,46,true,0.000000000078,0.002031484123,true,true,2018,T1_previous_party_hierarchical_raked
1866,34,true,0.000000000090,0.002999879511,true,true,2018,T1_previous_party_hierarchical_raked
1867,38,true,0.000000000094,0.001321854554,true,true,2018,T1_previous_party_hierarchical_raked
1868,36,true,0.000000000075,0.003214972441,true,true,2018,T1_previous_party_hierarchical_raked
1869,50,true,0.000000000072,0.002042003648,true,true,2018,T1_previous_party_hierarchical_raked
1870,47,true,0.000000000089,0.003075459587,true,true,2018,T1_previous_party_hierarchical_raked
1871,43,true,0.000000000079,0.002241875087,true,true,2018,T1_previous_party_hierarchical_raked
1872,42,true,0.000000000098,0.002062917585,true,true,2018,T1_previous_party_hierarchical_raked
1873,43,true,0.000000000074,0.003048365044,true,true,2018,T1_previous_party_hierarchical_raked
1874,44,true,0.000000000086,0.002371951506,true,true,2018,T1_previous_party_hierarchical_raked
1875,47,true,0.000000000069,0.001473758673,true,true,2018,T1_previous_party_hierarchical_raked
1876,44,true,0.000000000086,0.002349183927,true,true,2018,T1_previous_party_hierarchical_raked
1877,44,true,0.000000000069,0.001739987048,true,true,2018,T1_previous_party_hierarchical_raked
1878,43,true,0.000000000074,0.001454635861,true,true,2018,T1_previous_party_hierarchical_raked
1879,43,true,0.000000000069,0.001785727539,true,true,2018,T1_previous_party_hierarchical_raked
1880,39,true,0.000000000087,0.002306979876,true,true,2018,T1_previous_party_hierarchical_raked
1881,44,true,0.000000000091,0.002855825379,true,true,2018,T1_previous_party_hierarchical_raked
1882,43,true,0.000000000075,0.003765293965,true,true,2018,T1_previous_party_hierarchical_raked
1883,44,true,0.000000000074,0.002262633219,true,true,2018,T1_previous_party_hierarchical_raked
1884,44,true,0.000000000082,0.001503994898,true,true,2018,T1_previous_party_hierarchical_raked
1885,40,true,0.000000000097,0.003442145433,true,true,2018,T1_previous_party_hierarchical_raked
1886,40,true,0.000000000088,0.004698075540,true,true,2018,T1_previous_party_hierarchical_raked
1887,43,true,0.000000000093,0.003483796356,true,true,2018,T1_previous_party_hierarchical_raked
1888,40,true,0.000000000085,0.001374040281,true,true,2018,T1_previous_party_hierarchical_raked
1889,41,true,0.000000000075,0.002447834671,true,true,2018,T1_previous_party_hierarchical_raked
1890,44,true,0.000000000082,0.001760217709,true,true,2018,T1_previous_party_hierarchical_raked
1891,39,true,0.000000000070,0.001590131673,true,true,2018,T1_previous_party_hierarchical_raked
1892,35,true,0.000000000090,0.002257950881,true,true,2018,T1_previous_party_hierarchical_raked
1893,43,true,0.000000000087,0.002437034814,true,true,2018,T1_previous_party_hierarchical_raked
1894,44,true,0.000000000073,0.001331608898,true,true,2018,T1_previous_party_hierarchical_raked
1895,44,true,0.000000000096,0.002317314896,true,true,2018,T1_previous_party_hierarchical_raked
1896,44,true,0.000000000082,0.002473268958,true,true,2018,T1_previous_party_hierarchical_raked
1897,43,true,0.000000000071,0.001153560736,true,true,2018,T1_previous_party_hierarchical_raked
1898,42,true,0.000000000088,0.002021985556,true,true,2018,T1_previous_party_hierarchical_raked
1899,44,true,0.000000000098,0.002268415006,true,true,2018,T1_previous_party_hierarchical_raked
1900,39,true,0.000000000078,0.002869195907,true,true,2018,T1_previous_party_hierarchical_raked
1901,40,true,0.000000000096,0.002041601988,true,true,2018,T1_previous_party_hierarchical_raked
1902,37,true,0.000000000072,0.003172450076,true,true,2018,T1_previous_party_hierarchical_raked
1903,44,true,0.000000000084,0.002118123773,true,true,2018,T1_previous_party_hierarchical_raked
1904,45,true,0.000000000085,0.003275867106,true,true,2018,T1_previous_party_hierarchical_raked
1905,42,true,0.000000000071,0.002858336845,true,true,2018,T1_previous_party_hierarchical_raked
1906,41,true,0.000000000093,0.002928210839,true,true,2018,T1_previous_party_hierarchical_raked
1907,41,true,0.000000000086,0.001758307094,true,true,2018,T1_previous_party_hierarchical_raked
1908,45,true,0.000000000084,0.004398816484,true,true,2018,T1_previous_party_hierarchical_raked
1909,40,true,0.000000000085,0.002615926082,true,true,2018,T1_previous_party_hierarchical_raked
1910,32,true,0.000000000080,0.002475091230,true,true,2018,T1_previous_party_hierarchical_raked
1911,45,true,0.000000000083,0.003541859811,true,true,2018,T1_previous_party_hierarchical_raked
1912,38,true,0.000000000084,0.002423239135,true,true,2018,T1_previous_party_hierarchical_raked
1913,41,true,0.000000000069,0.001310812207,true,true,2018,T1_previous_party_hierarchical_raked
1914,44,true,0.000000000070,0.004984680486,true,true,2018,T1_previous_party_hierarchical_raked
1915,48,true,0.000000000078,0.002714121248,true,true,2018,T1_previous_party_hierarchical_raked
1916,44,true,0.000000000081,0.002655290371,true,true,2018,T1_previous_party_hierarchical_raked
1917,36,true,0.000000000072,0.003586562126,true,true,2018,T1_previous_party_hierarchical_raked
1918,42,true,0.000000000086,0.004046950741,true,true,2018,T1_previous_party_hierarchical_raked
1919,37,true,0.000000000092,0.002917117988,true,true,2018,T1_previous_party_hierarchical_raked
1920,44,true,0.000000000077,0.001557565664,true,true,2018,T1_previous_party_hierarchical_raked
1921,39,true,0.000000000071,0.002287747764,true,true,2018,T1_previous_party_hierarchical_raked
1922,46,true,0.000000000081,0.004430956738,true,true,2018,T1_previous_party_hierarchical_raked
1923,43,true,0.000000000099,0.002784951087,true,true,2018,T1_previous_party_hierarchical_raked
1924,44,true,0.000000000084,0.001464259059,true,true,2018,T1_previous_party_hierarchical_raked
1925,40,true,0.000000000092,0.002800361403,true,true,2018,T1_previous_party_hierarchical_raked
1926,42,true,0.000000000075,0.002447143440,true,true,2018,T1_previous_party_hierarchical_raked
1927,44,true,0.000000000081,0.002746377367,true,true,2018,T1_previous_party_hierarchical_raked
1928,42,true,0.000000000094,0.003674197997,true,true,2018,T1_previous_party_hierarchical_raked
1929,42,true,0.000000000071,0.002266886552,true,true,2018,T1_previous_party_hierarchical_raked
1930,38,true,0.000000000098,0.001848646068,true,true,2018,T1_previous_party_hierarchical_raked
1931,46,true,0.000000000071,0.002093950388,true,true,2018,T1_previous_party_hierarchical_raked
1932,44,true,0.000000000084,0.001685883229,true,true,2018,T1_previous_party_hierarchical_raked
1933,42,true,0.000000000085,0.002103799304,true,true,2018,T1_previous_party_hierarchical_raked
1934,45,true,0.000000000088,0.003252638249,true,true,2018,T1_previous_party_hierarchical_raked
1935,42,true,0.000000000092,0.002600438027,true,true,2018,T1_previous_party_hierarchical_raked
1936,44,true,0.000000000099,0.003428310384,true,true,2018,T1_previous_party_hierarchical_raked
1937,45,true,0.000000000088,0.002321705290,true,true,2018,T1_previous_party_hierarchical_raked
1938,41,true,0.000000000099,0.003897973439,true,true,2018,T1_previous_party_hierarchical_raked
1939,41,true,0.000000000099,0.001496124199,true,true,2018,T1_previous_party_hierarchical_raked
1940,45,true,0.000000000070,0.003219639110,true,true,2018,T1_previous_party_hierarchical_raked
1941,40,true,0.000000000070,0.001647612279,true,true,2018,T1_previous_party_hierarchical_raked
1942,43,true,0.000000000085,0.001783183363,true,true,2018,T1_previous_party_hierarchical_raked
1943,37,true,0.000000000086,0.003023986783,true,true,2018,T1_previous_party_hierarchical_raked
1944,47,true,0.000000000075,0.002665438343,true,true,2018,T1_previous_party_hierarchical_raked
1945,45,true,0.000000000099,0.002470136588,true,true,2018,T1_previous_party_hierarchical_raked
1946,41,true,0.000000000084,0.002223557538,true,true,2018,T1_previous_party_hierarchical_raked
1947,40,true,0.000000000074,0.001450928601,true,true,2018,T1_previous_party_hierarchical_raked
1948,47,true,0.000000000081,0.003380095306,true,true,2018,T1_previous_party_hierarchical_raked
1949,42,true,0.000000000094,0.003700010815,true,true,2018,T1_previous_party_hierarchical_raked
1950,47,true,0.000000000075,0.003127061838,true,true,2018,T1_previous_party_hierarchical_raked
1951,42,true,0.000000000090,0.002168609204,true,true,2018,T1_previous_party_hierarchical_raked
1952,44,true,0.000000000083,0.002743296643,true,true,2018,T1_previous_party_hierarchical_raked
1953,43,true,0.000000000090,0.002517556131,true,true,2018,T1_previous_party_hierarchical_raked
1954,42,true,0.000000000075,0.001213704604,true,true,2018,T1_previous_party_hierarchical_raked
1955,46,true,0.000000000086,0.001610920361,true,true,2018,T1_previous_party_hierarchical_raked
1956,49,true,0.000000000076,0.001369847912,true,true,2018,T1_previous_party_hierarchical_raked
1957,37,true,0.000000000072,0.002612620420,true,true,2018,T1_previous_party_hierarchical_raked
1958,42,true,0.000000000068,0.001774568266,true,true,2018,T1_previous_party_hierarchical_raked
1959,41,true,0.000000000095,0.002866400420,true,true,2018,T1_previous_party_hierarchical_raked
1960,44,true,0.000000000073,0.002421334437,true,true,2018,T1_previous_party_hierarchical_raked
1961,41,true,0.000000000072,0.002159302379,true,true,2018,T1_previous_party_hierarchical_raked
1962,41,true,0.000000000082,0.001429106108,true,true,2018,T1_previous_party_hierarchical_raked
1963,46,true,0.000000000073,0.003489764071,true,true,2018,T1_previous_party_hierarchical_raked
1964,39,true,0.000000000098,0.002141925831,true,true,2018,T1_previous_party_hierarchical_raked
1965,40,true,0.000000000069,0.001469563615,true,true,2018,T1_previous_party_hierarchical_raked
1966,39,true,0.000000000071,0.001654991179,true,true,2018,T1_previous_party_hierarchical_raked
1967,36,true,0.000000000072,0.001662616222,true,true,2018,T1_previous_party_hierarchical_raked
1968,46,true,0.000000000078,0.002486008015,true,true,2018,T1_previous_party_hierarchical_raked
1969,45,true,0.000000000070,0.001861099794,true,true,2018,T1_previous_party_hierarchical_raked
1970,35,true,0.000000000079,0.002563221706,true,true,2018,T1_previous_party_hierarchical_raked
1971,43,true,0.000000000078,0.003208089490,true,true,2018,T1_previous_party_hierarchical_raked
1972,42,true,0.000000000075,0.002670880252,true,true,2018,T1_previous_party_hierarchical_raked
1973,39,true,0.000000000084,0.002752069706,true,true,2018,T1_previous_party_hierarchical_raked
1974,42,true,0.000000000090,0.001193942278,true,true,2018,T1_previous_party_hierarchical_raked
1975,43,true,0.000000000070,0.001822272359,true,true,2018,T1_previous_party_hierarchical_raked
1976,41,true,0.000000000075,0.003308751815,true,true,2018,T1_previous_party_hierarchical_raked
1977,47,true,0.000000000079,0.002914570237,true,true,2018,T1_previous_party_hierarchical_raked
1978,44,true,0.000000000084,0.002306341515,true,true,2018,T1_previous_party_hierarchical_raked
1979,44,true,0.000000000077,0.001474545955,true,true,2018,T1_previous_party_hierarchical_raked
1980,41,true,0.000000000092,0.001678798638,true,true,2018,T1_previous_party_hierarchical_raked
1981,41,true,0.000000000080,0.002528766245,true,true,2018,T1_previous_party_hierarchical_raked
1982,38,true,0.000000000072,0.001988113864,true,true,2018,T1_previous_party_hierarchical_raked
1983,42,true,0.000000000090,0.001003272596,true,true,2018,T1_previous_party_hierarchical_raked
1984,43,true,0.000000000084,0.001812168338,true,true,2018,T1_previous_party_hierarchical_raked
1985,43,true,0.000000000073,0.002917461957,true,true,2018,T1_previous_party_hierarchical_raked
1986,39,true,0.000000000088,0.002657288611,true,true,2018,T1_previous_party_hierarchical_raked
1987,43,true,0.000000000075,0.001771006977,true,true,2018,T1_previous_party_hierarchical_raked
1988,45,true,0.000000000077,0.002973324950,true,true,2018,T1_previous_party_hierarchical_raked
1989,45,true,0.000000000080,0.003061849961,true,true,2018,T1_previous_party_hierarchical_raked
1990,40,true,0.000000000078,0.003174801250,true,true,2018,T1_previous_party_hierarchical_raked
1991,39,true,0.000000000079,0.001707944415,true,true,2018,T1_previous_party_hierarchical_raked
1992,43,true,0.000000000073,0.003033999314,true,true,2018,T1_previous_party_hierarchical_raked
1993,43,true,0.000000000070,0.001563941538,true,true,2018,T1_previous_party_hierarchical_raked
1994,46,true,0.000000000085,0.002639105762,true,true,2018,T1_previous_party_hierarchical_raked
1995,41,true,0.000000000069,0.003735704810,true,true,2018,T1_previous_party_hierarchical_raked
1996,41,true,0.000000000100,0.002664391436,true,true,2018,T1_previous_party_hierarchical_raked
1997,46,true,0.000000000080,0.001567969669,true,true,2018,T1_previous_party_hierarchical_raked
1998,36,true,0.000000000084,0.004365242936,true,true,2018,T1_previous_party_hierarchical_raked
1999,40,true,0.000000000098,0.002223350003,true,true,2018,T1_previous_party_hierarchical_raked
0,47,true,0.000000000078,0.003095707352,true,true,2022,T1_no_point_shrinkage_raked
1,50,true,0.000000000082,0.005151098896,true,true,2022,T1_no_point_shrinkage_raked
2,53,true,0.000000000081,0.003705488528,true,true,2022,T1_no_point_shrinkage_raked
3,44,true,0.000000000079,0.005586790019,true,true,2022,T1_no_point_shrinkage_raked
4,45,true,0.000000000080,0.003994983285,true,true,2022,T1_no_point_shrinkage_raked
5,53,true,0.000000000081,0.004358132297,true,true,2022,T1_no_point_shrinkage_raked
6,56,true,0.000000000085,0.002978739490,true,true,2022,T1_no_point_shrinkage_raked
7,51,true,0.000000000100,0.005657600948,true,true,2022,T1_no_point_shrinkage_raked
8,47,true,0.000000000079,0.003780195030,true,true,2022,T1_no_point_shrinkage_raked
9,48,true,0.000000000090,0.004647704599,true,true,2022,T1_no_point_shrinkage_raked
10,50,true,0.000000000087,0.004327799306,true,true,2022,T1_no_point_shrinkage_raked
11,50,true,0.000000000069,0.004885411335,true,true,2022,T1_no_point_shrinkage_raked
12,48,true,0.000000000085,0.002082475992,true,true,2022,T1_no_point_shrinkage_raked
13,44,true,0.000000000070,0.004621458578,true,true,2022,T1_no_point_shrinkage_raked
14,50,true,0.000000000086,0.003304779543,true,true,2022,T1_no_point_shrinkage_raked
15,55,true,0.000000000093,0.002922873355,true,true,2022,T1_no_point_shrinkage_raked
16,52,true,0.000000000082,0.002310815366,true,true,2022,T1_no_point_shrinkage_raked
17,52,true,0.000000000078,0.005568148156,true,true,2022,T1_no_point_shrinkage_raked
18,53,true,0.000000000095,0.005892810727,true,true,2022,T1_no_point_shrinkage_raked
19,59,true,0.000000000083,0.003752811130,true,true,2022,T1_no_point_shrinkage_raked
20,53,true,0.000000000096,0.003507087719,true,true,2022,T1_no_point_shrinkage_raked
21,51,true,0.000000000092,0.004604420019,true,true,2022,T1_no_point_shrinkage_raked
22,53,true,0.000000000088,0.005062162391,true,true,2022,T1_no_point_shrinkage_raked
23,44,true,0.000000000094,0.002863570774,true,true,2022,T1_no_point_shrinkage_raked
24,49,true,0.000000000080,0.003708533589,true,true,2022,T1_no_point_shrinkage_raked
25,41,true,0.000000000086,0.002190784481,true,true,2022,T1_no_point_shrinkage_raked
26,53,true,0.000000000087,0.004672958364,true,true,2022,T1_no_point_shrinkage_raked
27,52,true,0.000000000072,0.005829004445,true,true,2022,T1_no_point_shrinkage_raked
28,52,true,0.000000000088,0.005348984532,true,true,2022,T1_no_point_shrinkage_raked
29,50,true,0.000000000083,0.004245723273,true,true,2022,T1_no_point_shrinkage_raked
30,51,true,0.000000000095,0.001972643100,true,true,2022,T1_no_point_shrinkage_raked
31,54,true,0.000000000077,0.005977659274,true,true,2022,T1_no_point_shrinkage_raked
32,48,true,0.000000000080,0.003190129443,true,true,2022,T1_no_point_shrinkage_raked
33,53,true,0.000000000092,0.002579239458,true,true,2022,T1_no_point_shrinkage_raked
34,54,true,0.000000000090,0.004652237576,true,true,2022,T1_no_point_shrinkage_raked
35,48,true,0.000000000079,0.003781767332,true,true,2022,T1_no_point_shrinkage_raked
36,53,true,0.000000000082,0.004150581765,true,true,2022,T1_no_point_shrinkage_raked
37,52,true,0.000000000085,0.005301670920,true,true,2022,T1_no_point_shrinkage_raked
38,52,true,0.000000000084,0.003317808329,true,true,2022,T1_no_point_shrinkage_raked
39,51,true,0.000000000094,0.003979037399,true,true,2022,T1_no_point_shrinkage_raked
40,54,true,0.000000000088,0.006453380125,true,true,2022,T1_no_point_shrinkage_raked
41,48,true,0.000000000090,0.004251715519,true,true,2022,T1_no_point_shrinkage_raked
42,55,true,0.000000000084,0.001977928347,true,true,2022,T1_no_point_shrinkage_raked
43,50,true,0.000000000080,0.004515319877,true,true,2022,T1_no_point_shrinkage_raked
44,53,true,0.000000000079,0.005155315563,true,true,2022,T1_no_point_shrinkage_raked
45,49,true,0.000000000072,0.004395814577,true,true,2022,T1_no_point_shrinkage_raked
46,51,true,0.000000000076,0.002796025476,true,true,2022,T1_no_point_shrinkage_raked
47,46,true,0.000000000099,0.006751585692,true,true,2022,T1_no_point_shrinkage_raked
48,46,true,0.000000000088,0.005476772657,true,true,2022,T1_no_point_shrinkage_raked
49,49,true,0.000000000077,0.004633410914,true,true,2022,T1_no_point_shrinkage_raked
50,40,true,0.000000000072,0.002008010060,true,true,2022,T1_no_point_shrinkage_raked
51,51,true,0.000000000085,0.003073602474,true,true,2022,T1_no_point_shrinkage_raked
52,55,true,0.000000000088,0.005270135223,true,true,2022,T1_no_point_shrinkage_raked
53,54,true,0.000000000078,0.004321834557,true,true,2022,T1_no_point_shrinkage_raked
54,56,true,0.000000000089,0.004424792171,true,true,2022,T1_no_point_shrinkage_raked
55,50,true,0.000000000072,0.003414248885,true,true,2022,T1_no_point_shrinkage_raked
56,57,true,0.000000000089,0.004699253686,true,true,2022,T1_no_point_shrinkage_raked
57,51,true,0.000000000075,0.004532223035,true,true,2022,T1_no_point_shrinkage_raked
58,48,true,0.000000000090,0.003746876004,true,true,2022,T1_no_point_shrinkage_raked
59,49,true,0.000000000093,0.002937209334,true,true,2022,T1_no_point_shrinkage_raked
60,53,true,0.000000000083,0.001834746881,true,true,2022,T1_no_point_shrinkage_raked
61,45,true,0.000000000073,0.003365241383,true,true,2022,T1_no_point_shrinkage_raked
62,53,true,0.000000000088,0.002239850855,true,true,2022,T1_no_point_shrinkage_raked
63,48,true,0.000000000083,0.001258612354,true,true,2022,T1_no_point_shrinkage_raked
64,50,true,0.000000000078,0.003108430554,true,true,2022,T1_no_point_shrinkage_raked
65,56,true,0.000000000095,0.002463161876,true,true,2022,T1_no_point_shrinkage_raked
66,44,true,0.000000000078,0.005232388444,true,true,2022,T1_no_point_shrinkage_raked
67,45,true,0.000000000082,0.004642283370,true,true,2022,T1_no_point_shrinkage_raked
68,48,true,0.000000000070,0.003427643192,true,true,2022,T1_no_point_shrinkage_raked
69,42,true,0.000000000085,0.004184942545,true,true,2022,T1_no_point_shrinkage_raked
70,46,true,0.000000000077,0.005220319182,true,true,2022,T1_no_point_shrinkage_raked
71,52,true,0.000000000084,0.002770532944,true,true,2022,T1_no_point_shrinkage_raked
72,48,true,0.000000000094,0.004643597146,true,true,2022,T1_no_point_shrinkage_raked
73,57,true,0.000000000081,0.004477656814,true,true,2022,T1_no_point_shrinkage_raked
74,49,true,0.000000000099,0.003829793022,true,true,2022,T1_no_point_shrinkage_raked
75,51,true,0.000000000071,0.002222375977,true,true,2022,T1_no_point_shrinkage_raked
76,48,true,0.000000000077,0.002671920789,true,true,2022,T1_no_point_shrinkage_raked
77,52,true,0.000000000079,0.003872500333,true,true,2022,T1_no_point_shrinkage_raked
78,49,true,0.000000000086,0.007417627238,true,true,2022,T1_no_point_shrinkage_raked
79,55,true,0.000000000092,0.004933719768,true,true,2022,T1_no_point_shrinkage_raked
80,48,true,0.000000000092,0.001771781215,true,true,2022,T1_no_point_shrinkage_raked
81,51,true,0.000000000080,0.005013123969,true,true,2022,T1_no_point_shrinkage_raked
82,43,true,0.000000000095,0.003738288803,true,true,2022,T1_no_point_shrinkage_raked
83,44,true,0.000000000095,0.005200281436,true,true,2022,T1_no_point_shrinkage_raked
84,49,true,0.000000000083,0.005097788413,true,true,2022,T1_no_point_shrinkage_raked
85,47,true,0.000000000087,0.002234446929,true,true,2022,T1_no_point_shrinkage_raked
86,46,true,0.000000000073,0.002887903915,true,true,2022,T1_no_point_shrinkage_raked
87,54,true,0.000000000083,0.002252845569,true,true,2022,T1_no_point_shrinkage_raked
88,51,true,0.000000000075,0.006794763565,true,true,2022,T1_no_point_shrinkage_raked
89,54,true,0.000000000092,0.006876859026,true,true,2022,T1_no_point_shrinkage_raked
90,41,true,0.000000000097,0.002696168046,true,true,2022,T1_no_point_shrinkage_raked
91,54,true,0.000000000097,0.003738681631,true,true,2022,T1_no_point_shrinkage_raked
92,47,true,0.000000000085,0.003002192568,true,true,2022,T1_no_point_shrinkage_raked
93,55,true,0.000000000090,0.006200793667,true,true,2022,T1_no_point_shrinkage_raked
94,55,true,0.000000000086,0.002276730998,true,true,2022,T1_no_point_shrinkage_raked
95,47,true,0.000000000072,0.003564244355,true,true,2022,T1_no_point_shrinkage_raked
96,55,true,0.000000000074,0.004291671242,true,true,2022,T1_no_point_shrinkage_raked
97,52,true,0.000000000093,0.002189528639,true,true,2022,T1_no_point_shrinkage_raked
98,42,true,0.000000000081,0.005118862941,true,true,2022,T1_no_point_shrinkage_raked
99,48,true,0.000000000068,0.003329055590,true,true,2022,T1_no_point_shrinkage_raked
100,48,true,0.000000000084,0.005591625139,true,true,2022,T1_no_point_shrinkage_raked
101,52,true,0.000000000095,0.003948346898,true,true,2022,T1_no_point_shrinkage_raked
102,55,true,0.000000000073,0.003391193025,true,true,2022,T1_no_point_shrinkage_raked
103,44,true,0.000000000090,0.003708579910,true,true,2022,T1_no_point_shrinkage_raked
104,51,true,0.000000000082,0.005066582698,true,true,2022,T1_no_point_shrinkage_raked
105,47,true,0.000000000070,0.004134555052,true,true,2022,T1_no_point_shrinkage_raked
106,46,true,0.000000000071,0.002793916150,true,true,2022,T1_no_point_shrinkage_raked
107,48,true,0.000000000073,0.002848146211,true,true,2022,T1_no_point_shrinkage_raked
108,53,true,0.000000000081,0.003986370679,true,true,2022,T1_no_point_shrinkage_raked
109,53,true,0.000000000077,0.005350621471,true,true,2022,T1_no_point_shrinkage_raked
110,46,true,0.000000000080,0.002603650693,true,true,2022,T1_no_point_shrinkage_raked
111,52,true,0.000000000073,0.003604234615,true,true,2022,T1_no_point_shrinkage_raked
112,49,true,0.000000000075,0.002209735242,true,true,2022,T1_no_point_shrinkage_raked
113,56,true,0.000000000091,0.005271126403,true,true,2022,T1_no_point_shrinkage_raked
114,45,true,0.000000000088,0.004122421429,true,true,2022,T1_no_point_shrinkage_raked
115,51,true,0.000000000079,0.003703217174,true,true,2022,T1_no_point_shrinkage_raked
116,51,true,0.000000000091,0.004538681005,true,true,2022,T1_no_point_shrinkage_raked
117,52,true,0.000000000089,0.002319283690,true,true,2022,T1_no_point_shrinkage_raked
118,46,true,0.000000000078,0.004305936604,true,true,2022,T1_no_point_shrinkage_raked
119,55,true,0.000000000092,0.002480213113,true,true,2022,T1_no_point_shrinkage_raked
120,51,true,0.000000000099,0.003063443548,true,true,2022,T1_no_point_shrinkage_raked
121,51,true,0.000000000080,0.006947110486,true,true,2022,T1_no_point_shrinkage_raked
122,48,true,0.000000000083,0.004801340521,true,true,2022,T1_no_point_shrinkage_raked
123,54,true,0.000000000100,0.004600232450,true,true,2022,T1_no_point_shrinkage_raked
124,49,true,0.000000000096,0.005399003944,true,true,2022,T1_no_point_shrinkage_raked
125,52,true,0.000000000083,0.004991881991,true,true,2022,T1_no_point_shrinkage_raked
126,50,true,0.000000000098,0.002547693589,true,true,2022,T1_no_point_shrinkage_raked
127,57,true,0.000000000098,0.006663267321,true,true,2022,T1_no_point_shrinkage_raked
128,46,true,0.000000000085,0.001281325545,true,true,2022,T1_no_point_shrinkage_raked
129,44,true,0.000000000073,0.002635605958,true,true,2022,T1_no_point_shrinkage_raked
130,50,true,0.000000000086,0.003994954684,true,true,2022,T1_no_point_shrinkage_raked
131,50,true,0.000000000093,0.006685419016,true,true,2022,T1_no_point_shrinkage_raked
132,50,true,0.000000000088,0.002159196630,true,true,2022,T1_no_point_shrinkage_raked
133,54,true,0.000000000079,0.003822648257,true,true,2022,T1_no_point_shrinkage_raked
134,50,true,0.000000000087,0.005947261164,true,true,2022,T1_no_point_shrinkage_raked
135,55,true,0.000000000076,0.002162075587,true,true,2022,T1_no_point_shrinkage_raked
136,41,true,0.000000000075,0.001801119832,true,true,2022,T1_no_point_shrinkage_raked
137,53,true,0.000000000091,0.005049538895,true,true,2022,T1_no_point_shrinkage_raked
138,53,true,0.000000000073,0.002429516486,true,true,2022,T1_no_point_shrinkage_raked
139,52,true,0.000000000087,0.004990334579,true,true,2022,T1_no_point_shrinkage_raked
140,46,true,0.000000000080,0.003150247026,true,true,2022,T1_no_point_shrinkage_raked
141,45,true,0.000000000071,0.006042016508,true,true,2022,T1_no_point_shrinkage_raked
142,37,true,0.000000000080,0.004166964842,true,true,2022,T1_no_point_shrinkage_raked
143,52,true,0.000000000079,0.005045497664,true,true,2022,T1_no_point_shrinkage_raked
144,51,true,0.000000000070,0.003920523622,true,true,2022,T1_no_point_shrinkage_raked
145,37,true,0.000000000071,0.002081220839,true,true,2022,T1_no_point_shrinkage_raked
146,46,true,0.000000000098,0.003247484239,true,true,2022,T1_no_point_shrinkage_raked
147,48,true,0.000000000085,0.001709579527,true,true,2022,T1_no_point_shrinkage_raked
148,53,true,0.000000000085,0.005481593209,true,true,2022,T1_no_point_shrinkage_raked
149,50,true,0.000000000083,0.008668236881,true,true,2022,T1_no_point_shrinkage_raked
150,55,true,0.000000000079,0.006195347113,true,true,2022,T1_no_point_shrinkage_raked
151,52,true,0.000000000083,0.002514596869,true,true,2022,T1_no_point_shrinkage_raked
152,49,true,0.000000000080,0.004988259388,true,true,2022,T1_no_point_shrinkage_raked
153,51,true,0.000000000075,0.005516642765,true,true,2022,T1_no_point_shrinkage_raked
154,46,true,0.000000000073,0.004395998998,true,true,2022,T1_no_point_shrinkage_raked
155,46,true,0.000000000097,0.003053303160,true,true,2022,T1_no_point_shrinkage_raked
156,51,true,0.000000000074,0.003120320727,true,true,2022,T1_no_point_shrinkage_raked
157,50,true,0.000000000080,0.004655667629,true,true,2022,T1_no_point_shrinkage_raked
158,40,true,0.000000000077,0.004770097936,true,true,2022,T1_no_point_shrinkage_raked
159,44,true,0.000000000087,0.001866506729,true,true,2022,T1_no_point_shrinkage_raked
160,54,true,0.000000000082,0.005585388399,true,true,2022,T1_no_point_shrinkage_raked
161,47,true,0.000000000090,0.001633170507,true,true,2022,T1_no_point_shrinkage_raked
162,49,true,0.000000000075,0.003261938764,true,true,2022,T1_no_point_shrinkage_raked
163,50,true,0.000000000075,0.001318168344,true,true,2022,T1_no_point_shrinkage_raked
164,53,true,0.000000000075,0.006579099381,true,true,2022,T1_no_point_shrinkage_raked
165,46,true,0.000000000074,0.004244763935,true,true,2022,T1_no_point_shrinkage_raked
166,53,true,0.000000000098,0.004383960634,true,true,2022,T1_no_point_shrinkage_raked
167,52,true,0.000000000076,0.004931974277,true,true,2022,T1_no_point_shrinkage_raked
168,45,true,0.000000000090,0.004134553559,true,true,2022,T1_no_point_shrinkage_raked
169,49,true,0.000000000092,0.002553272912,true,true,2022,T1_no_point_shrinkage_raked
170,47,true,0.000000000097,0.001888987071,true,true,2022,T1_no_point_shrinkage_raked
171,53,true,0.000000000081,0.005225533781,true,true,2022,T1_no_point_shrinkage_raked
172,49,true,0.000000000097,0.002244502606,true,true,2022,T1_no_point_shrinkage_raked
173,49,true,0.000000000094,0.002112502150,true,true,2022,T1_no_point_shrinkage_raked
174,50,true,0.000000000088,0.003116107401,true,true,2022,T1_no_point_shrinkage_raked
175,53,true,0.000000000096,0.003433448037,true,true,2022,T1_no_point_shrinkage_raked
176,51,true,0.000000000075,0.004347181976,true,true,2022,T1_no_point_shrinkage_raked
177,40,true,0.000000000083,0.005314236196,true,true,2022,T1_no_point_shrinkage_raked
178,50,true,0.000000000078,0.002693479877,true,true,2022,T1_no_point_shrinkage_raked
179,50,true,0.000000000087,0.004716551370,true,true,2022,T1_no_point_shrinkage_raked
180,45,true,0.000000000088,0.001715804184,true,true,2022,T1_no_point_shrinkage_raked
181,41,true,0.000000000097,0.003920133525,true,true,2022,T1_no_point_shrinkage_raked
182,55,true,0.000000000095,0.003793912006,true,true,2022,T1_no_point_shrinkage_raked
183,53,true,0.000000000081,0.002179769061,true,true,2022,T1_no_point_shrinkage_raked
184,55,true,0.000000000074,0.004130859875,true,true,2022,T1_no_point_shrinkage_raked
185,51,true,0.000000000099,0.003624397551,true,true,2022,T1_no_point_shrinkage_raked
186,55,true,0.000000000092,0.003462056131,true,true,2022,T1_no_point_shrinkage_raked
187,54,true,0.000000000096,0.005577285517,true,true,2022,T1_no_point_shrinkage_raked
188,48,true,0.000000000080,0.005003671254,true,true,2022,T1_no_point_shrinkage_raked
189,45,true,0.000000000085,0.001514388457,true,true,2022,T1_no_point_shrinkage_raked
190,50,true,0.000000000084,0.007183632482,true,true,2022,T1_no_point_shrinkage_raked
191,46,true,0.000000000079,0.001809521627,true,true,2022,T1_no_point_shrinkage_raked
192,47,true,0.000000000088,0.002951368507,true,true,2022,T1_no_point_shrinkage_raked
193,50,true,0.000000000080,0.002239825838,true,true,2022,T1_no_point_shrinkage_raked
194,42,true,0.000000000094,0.004950871186,true,true,2022,T1_no_point_shrinkage_raked
195,48,true,0.000000000090,0.003488684313,true,true,2022,T1_no_point_shrinkage_raked
196,48,true,0.000000000074,0.003540934308,true,true,2022,T1_no_point_shrinkage_raked
197,52,true,0.000000000090,0.004934124079,true,true,2022,T1_no_point_shrinkage_raked
198,51,true,0.000000000077,0.001314503742,true,true,2022,T1_no_point_shrinkage_raked
199,53,true,0.000000000075,0.000771657477,true,true,2022,T1_no_point_shrinkage_raked
200,53,true,0.000000000071,0.004486591273,true,true,2022,T1_no_point_shrinkage_raked
201,42,true,0.000000000084,0.006328567816,true,true,2022,T1_no_point_shrinkage_raked
202,54,true,0.000000000095,0.003880766343,true,true,2022,T1_no_point_shrinkage_raked
203,50,true,0.000000000092,0.001976843187,true,true,2022,T1_no_point_shrinkage_raked
204,55,true,0.000000000082,0.003152969018,true,true,2022,T1_no_point_shrinkage_raked
205,48,true,0.000000000075,0.002368898800,true,true,2022,T1_no_point_shrinkage_raked
206,46,true,0.000000000088,0.003134831383,true,true,2022,T1_no_point_shrinkage_raked
207,49,true,0.000000000071,0.002374690011,true,true,2022,T1_no_point_shrinkage_raked
208,45,true,0.000000000086,0.004576060546,true,true,2022,T1_no_point_shrinkage_raked
209,55,true,0.000000000077,0.002481434273,true,true,2022,T1_no_point_shrinkage_raked
210,51,true,0.000000000087,0.004937720220,true,true,2022,T1_no_point_shrinkage_raked
211,53,true,0.000000000096,0.001133414309,true,true,2022,T1_no_point_shrinkage_raked
212,47,true,0.000000000071,0.003739800289,true,true,2022,T1_no_point_shrinkage_raked
213,58,true,0.000000000084,0.004638077459,true,true,2022,T1_no_point_shrinkage_raked
214,47,true,0.000000000080,0.003744195322,true,true,2022,T1_no_point_shrinkage_raked
215,51,true,0.000000000079,0.004238755621,true,true,2022,T1_no_point_shrinkage_raked
216,51,true,0.000000000093,0.004863359789,true,true,2022,T1_no_point_shrinkage_raked
217,52,true,0.000000000080,0.004078420324,true,true,2022,T1_no_point_shrinkage_raked
218,49,true,0.000000000075,0.003382056457,true,true,2022,T1_no_point_shrinkage_raked
219,59,true,0.000000000089,0.005111647740,true,true,2022,T1_no_point_shrinkage_raked
220,53,true,0.000000000072,0.008202803408,true,true,2022,T1_no_point_shrinkage_raked
221,53,true,0.000000000072,0.004321746965,true,true,2022,T1_no_point_shrinkage_raked
222,55,true,0.000000000094,0.004626821795,true,true,2022,T1_no_point_shrinkage_raked
223,54,true,0.000000000072,0.004216744715,true,true,2022,T1_no_point_shrinkage_raked
224,53,true,0.000000000077,0.004733554605,true,true,2022,T1_no_point_shrinkage_raked
225,47,true,0.000000000089,0.005125204816,true,true,2022,T1_no_point_shrinkage_raked
226,61,true,0.000000000075,0.002801652022,true,true,2022,T1_no_point_shrinkage_raked
227,52,true,0.000000000087,0.002825510312,true,true,2022,T1_no_point_shrinkage_raked
228,45,true,0.000000000095,0.003765486711,true,true,2022,T1_no_point_shrinkage_raked
229,51,true,0.000000000094,0.002781558732,true,true,2022,T1_no_point_shrinkage_raked
230,51,true,0.000000000091,0.003395769848,true,true,2022,T1_no_point_shrinkage_raked
231,49,true,0.000000000091,0.005826175551,true,true,2022,T1_no_point_shrinkage_raked
232,49,true,0.000000000072,0.002905722489,true,true,2022,T1_no_point_shrinkage_raked
233,54,true,0.000000000074,0.002379192417,true,true,2022,T1_no_point_shrinkage_raked
234,47,true,0.000000000093,0.000876414550,true,true,2022,T1_no_point_shrinkage_raked
235,56,true,0.000000000079,0.003932757878,true,true,2022,T1_no_point_shrinkage_raked
236,47,true,0.000000000094,0.004089653430,true,true,2022,T1_no_point_shrinkage_raked
237,47,true,0.000000000070,0.003440155479,true,true,2022,T1_no_point_shrinkage_raked
238,49,true,0.000000000078,0.002474343390,true,true,2022,T1_no_point_shrinkage_raked
239,54,true,0.000000000076,0.007499029980,true,true,2022,T1_no_point_shrinkage_raked
240,47,true,0.000000000087,0.003053112832,true,true,2022,T1_no_point_shrinkage_raked
241,48,true,0.000000000077,0.002662197149,true,true,2022,T1_no_point_shrinkage_raked
242,51,true,0.000000000098,0.003749952740,true,true,2022,T1_no_point_shrinkage_raked
243,43,true,0.000000000081,0.001687801555,true,true,2022,T1_no_point_shrinkage_raked
244,51,true,0.000000000079,0.004026833659,true,true,2022,T1_no_point_shrinkage_raked
245,44,true,0.000000000098,0.003318946544,true,true,2022,T1_no_point_shrinkage_raked
246,52,true,0.000000000094,0.004343884369,true,true,2022,T1_no_point_shrinkage_raked
247,51,true,0.000000000074,0.006629885178,true,true,2022,T1_no_point_shrinkage_raked
248,53,true,0.000000000082,0.003512578878,true,true,2022,T1_no_point_shrinkage_raked
249,52,true,0.000000000077,0.004798853081,true,true,2022,T1_no_point_shrinkage_raked
250,47,true,0.000000000084,0.004346399632,true,true,2022,T1_no_point_shrinkage_raked
251,49,true,0.000000000090,0.001987153785,true,true,2022,T1_no_point_shrinkage_raked
252,49,true,0.000000000082,0.003497119843,true,true,2022,T1_no_point_shrinkage_raked
253,52,true,0.000000000094,0.005341826198,true,true,2022,T1_no_point_shrinkage_raked
254,40,true,0.000000000099,0.002052661932,true,true,2022,T1_no_point_shrinkage_raked
255,53,true,0.000000000099,0.002758276876,true,true,2022,T1_no_point_shrinkage_raked
256,48,true,0.000000000083,0.002989199494,true,true,2022,T1_no_point_shrinkage_raked
257,46,true,0.000000000074,0.003199125257,true,true,2022,T1_no_point_shrinkage_raked
258,46,true,0.000000000097,0.007704407011,true,true,2022,T1_no_point_shrinkage_raked
259,54,true,0.000000000092,0.001639424737,true,true,2022,T1_no_point_shrinkage_raked
260,52,true,0.000000000073,0.004561477166,true,true,2022,T1_no_point_shrinkage_raked
261,50,true,0.000000000071,0.004835782988,true,true,2022,T1_no_point_shrinkage_raked
262,46,true,0.000000000084,0.001095876701,true,true,2022,T1_no_point_shrinkage_raked
263,50,true,0.000000000093,0.003333212934,true,true,2022,T1_no_point_shrinkage_raked
264,47,true,0.000000000071,0.002064562116,true,true,2022,T1_no_point_shrinkage_raked
265,55,true,0.000000000087,0.004178014255,true,true,2022,T1_no_point_shrinkage_raked
266,51,true,0.000000000098,0.006333246974,true,true,2022,T1_no_point_shrinkage_raked
267,39,true,0.000000000084,0.006382259163,true,true,2022,T1_no_point_shrinkage_raked
268,55,true,0.000000000075,0.003541286716,true,true,2022,T1_no_point_shrinkage_raked
269,53,true,0.000000000097,0.004050965047,true,true,2022,T1_no_point_shrinkage_raked
270,52,true,0.000000000096,0.002406167695,true,true,2022,T1_no_point_shrinkage_raked
271,46,true,0.000000000088,0.003649646173,true,true,2022,T1_no_point_shrinkage_raked
272,58,true,0.000000000095,0.005370715203,true,true,2022,T1_no_point_shrinkage_raked
273,40,true,0.000000000080,0.001882943329,true,true,2022,T1_no_point_shrinkage_raked
274,48,true,0.000000000082,0.004330014942,true,true,2022,T1_no_point_shrinkage_raked
275,51,true,0.000000000072,0.005043841517,true,true,2022,T1_no_point_shrinkage_raked
276,58,true,0.000000000090,0.004181216144,true,true,2022,T1_no_point_shrinkage_raked
277,47,true,0.000000000088,0.002787088514,true,true,2022,T1_no_point_shrinkage_raked
278,57,true,0.000000000090,0.002466805578,true,true,2022,T1_no_point_shrinkage_raked
279,51,true,0.000000000096,0.004974614780,true,true,2022,T1_no_point_shrinkage_raked
280,53,true,0.000000000079,0.003376214342,true,true,2022,T1_no_point_shrinkage_raked
281,50,true,0.000000000092,0.002859733647,true,true,2022,T1_no_point_shrinkage_raked
282,38,true,0.000000000073,0.002775487094,true,true,2022,T1_no_point_shrinkage_raked
283,48,true,0.000000000094,0.002191331387,true,true,2022,T1_no_point_shrinkage_raked
284,50,true,0.000000000086,0.001865613994,true,true,2022,T1_no_point_shrinkage_raked
285,62,true,0.000000000080,0.003104692476,true,true,2022,T1_no_point_shrinkage_raked
286,53,true,0.000000000089,0.003020527544,true,true,2022,T1_no_point_shrinkage_raked
287,56,true,0.000000000099,0.003196673019,true,true,2022,T1_no_point_shrinkage_raked
288,52,true,0.000000000082,0.005380227669,true,true,2022,T1_no_point_shrinkage_raked
289,55,true,0.000000000099,0.003499160800,true,true,2022,T1_no_point_shrinkage_raked
290,52,true,0.000000000085,0.005457081949,true,true,2022,T1_no_point_shrinkage_raked
291,54,true,0.000000000086,0.003835511601,true,true,2022,T1_no_point_shrinkage_raked
292,39,true,0.000000000084,0.000929075233,true,true,2022,T1_no_point_shrinkage_raked
293,59,true,0.000000000079,0.007207422420,true,true,2022,T1_no_point_shrinkage_raked
294,50,true,0.000000000095,0.003678581501,true,true,2022,T1_no_point_shrinkage_raked
295,48,true,0.000000000095,0.002895169510,true,true,2022,T1_no_point_shrinkage_raked
296,55,true,0.000000000094,0.005830175870,true,true,2022,T1_no_point_shrinkage_raked
297,47,true,0.000000000084,0.002412143564,true,true,2022,T1_no_point_shrinkage_raked
298,46,true,0.000000000092,0.002081533300,true,true,2022,T1_no_point_shrinkage_raked
299,48,true,0.000000000090,0.004252295872,true,true,2022,T1_no_point_shrinkage_raked
300,48,true,0.000000000074,0.004619942779,true,true,2022,T1_no_point_shrinkage_raked
301,54,true,0.000000000073,0.003411435800,true,true,2022,T1_no_point_shrinkage_raked
302,54,true,0.000000000099,0.004076037916,true,true,2022,T1_no_point_shrinkage_raked
303,59,true,0.000000000082,0.007874090949,true,true,2022,T1_no_point_shrinkage_raked
304,48,true,0.000000000069,0.006281335560,true,true,2022,T1_no_point_shrinkage_raked
305,48,true,0.000000000074,0.003196415061,true,true,2022,T1_no_point_shrinkage_raked
306,50,true,0.000000000085,0.004300548385,true,true,2022,T1_no_point_shrinkage_raked
307,43,true,0.000000000076,0.003588690381,true,true,2022,T1_no_point_shrinkage_raked
308,31,true,0.000000000064,0.003129193673,true,true,2022,T1_no_point_shrinkage_raked
309,46,true,0.000000000072,0.003554252098,true,true,2022,T1_no_point_shrinkage_raked
310,43,true,0.000000000072,0.003167131312,true,true,2022,T1_no_point_shrinkage_raked
311,52,true,0.000000000083,0.004074555974,true,true,2022,T1_no_point_shrinkage_raked
312,50,true,0.000000000091,0.001984559655,true,true,2022,T1_no_point_shrinkage_raked
313,47,true,0.000000000096,0.001774128377,true,true,2022,T1_no_point_shrinkage_raked
314,44,true,0.000000000084,0.003037903486,true,true,2022,T1_no_point_shrinkage_raked
315,48,true,0.000000000087,0.002040850952,true,true,2022,T1_no_point_shrinkage_raked
316,50,true,0.000000000072,0.004395653187,true,true,2022,T1_no_point_shrinkage_raked
317,57,true,0.000000000073,0.006330460995,true,true,2022,T1_no_point_shrinkage_raked
318,54,true,0.000000000094,0.003118638474,true,true,2022,T1_no_point_shrinkage_raked
319,48,true,0.000000000091,0.002336328847,true,true,2022,T1_no_point_shrinkage_raked
320,48,true,0.000000000083,0.003074612882,true,true,2022,T1_no_point_shrinkage_raked
321,52,true,0.000000000091,0.004270368366,true,true,2022,T1_no_point_shrinkage_raked
322,56,true,0.000000000096,0.001888425962,true,true,2022,T1_no_point_shrinkage_raked
323,51,true,0.000000000096,0.002555897862,true,true,2022,T1_no_point_shrinkage_raked
324,46,true,0.000000000090,0.004832628794,true,true,2022,T1_no_point_shrinkage_raked
325,52,true,0.000000000080,0.004557917767,true,true,2022,T1_no_point_shrinkage_raked
326,50,true,0.000000000084,0.002547543913,true,true,2022,T1_no_point_shrinkage_raked
327,55,true,0.000000000078,0.004142064136,true,true,2022,T1_no_point_shrinkage_raked
328,54,true,0.000000000085,0.006997524449,true,true,2022,T1_no_point_shrinkage_raked
329,50,true,0.000000000099,0.001550231615,true,true,2022,T1_no_point_shrinkage_raked
330,47,true,0.000000000094,0.004574000844,true,true,2022,T1_no_point_shrinkage_raked
331,51,true,0.000000000075,0.009198496785,true,true,2022,T1_no_point_shrinkage_raked
332,44,true,0.000000000073,0.002354380887,true,true,2022,T1_no_point_shrinkage_raked
333,52,true,0.000000000080,0.005157578760,true,true,2022,T1_no_point_shrinkage_raked
334,46,true,0.000000000080,0.002676245515,true,true,2022,T1_no_point_shrinkage_raked
335,48,true,0.000000000080,0.006103853103,true,true,2022,T1_no_point_shrinkage_raked
336,53,true,0.000000000075,0.004690136577,true,true,2022,T1_no_point_shrinkage_raked
337,48,true,0.000000000069,0.006426559012,true,true,2022,T1_no_point_shrinkage_raked
338,50,true,0.000000000078,0.004493875167,true,true,2022,T1_no_point_shrinkage_raked
339,54,true,0.000000000099,0.004460383514,true,true,2022,T1_no_point_shrinkage_raked
340,52,true,0.000000000095,0.003405020809,true,true,2022,T1_no_point_shrinkage_raked
341,52,true,0.000000000085,0.001506953726,true,true,2022,T1_no_point_shrinkage_raked
342,42,true,0.000000000094,0.002620057602,true,true,2022,T1_no_point_shrinkage_raked
343,49,true,0.000000000076,0.002915568237,true,true,2022,T1_no_point_shrinkage_raked
344,48,true,0.000000000075,0.002917686776,true,true,2022,T1_no_point_shrinkage_raked
345,47,true,0.000000000084,0.004538771300,true,true,2022,T1_no_point_shrinkage_raked
346,57,true,0.000000000076,0.005351633297,true,true,2022,T1_no_point_shrinkage_raked
347,51,true,0.000000000096,0.003022698061,true,true,2022,T1_no_point_shrinkage_raked
348,51,true,0.000000000100,0.003528139426,true,true,2022,T1_no_point_shrinkage_raked
349,57,true,0.000000000098,0.006228082851,true,true,2022,T1_no_point_shrinkage_raked
350,41,true,0.000000000090,0.006850139072,true,true,2022,T1_no_point_shrinkage_raked
351,54,true,0.000000000099,0.003474854046,true,true,2022,T1_no_point_shrinkage_raked
352,51,true,0.000000000075,0.002388818990,true,true,2022,T1_no_point_shrinkage_raked
353,48,true,0.000000000082,0.005730304104,true,true,2022,T1_no_point_shrinkage_raked
354,52,true,0.000000000079,0.004790893000,true,true,2022,T1_no_point_shrinkage_raked
355,50,true,0.000000000076,0.003035098574,true,true,2022,T1_no_point_shrinkage_raked
356,48,true,0.000000000083,0.005666443585,true,true,2022,T1_no_point_shrinkage_raked
357,52,true,0.000000000075,0.004104513410,true,true,2022,T1_no_point_shrinkage_raked
358,50,true,0.000000000074,0.006044035356,true,true,2022,T1_no_point_shrinkage_raked
359,54,true,0.000000000087,0.006956627056,true,true,2022,T1_no_point_shrinkage_raked
360,49,true,0.000000000084,0.004833000181,true,true,2022,T1_no_point_shrinkage_raked
361,53,true,0.000000000074,0.003129490797,true,true,2022,T1_no_point_shrinkage_raked
362,53,true,0.000000000083,0.004404450441,true,true,2022,T1_no_point_shrinkage_raked
363,55,true,0.000000000079,0.004299251342,true,true,2022,T1_no_point_shrinkage_raked
364,51,true,0.000000000097,0.003436943285,true,true,2022,T1_no_point_shrinkage_raked
365,41,true,0.000000000078,0.001016628634,true,true,2022,T1_no_point_shrinkage_raked
366,46,true,0.000000000085,0.005029329865,true,true,2022,T1_no_point_shrinkage_raked
367,60,true,0.000000000077,0.002796273097,true,true,2022,T1_no_point_shrinkage_raked
368,49,true,0.000000000078,0.002965130365,true,true,2022,T1_no_point_shrinkage_raked
369,57,true,0.000000000091,0.003506512993,true,true,2022,T1_no_point_shrinkage_raked
370,52,true,0.000000000087,0.006921775345,true,true,2022,T1_no_point_shrinkage_raked
371,51,true,0.000000000081,0.003270218425,true,true,2022,T1_no_point_shrinkage_raked
372,55,true,0.000000000093,0.005415989029,true,true,2022,T1_no_point_shrinkage_raked
373,56,true,0.000000000099,0.005395379735,true,true,2022,T1_no_point_shrinkage_raked
374,49,true,0.000000000097,0.005427537860,true,true,2022,T1_no_point_shrinkage_raked
375,45,true,0.000000000098,0.001980366426,true,true,2022,T1_no_point_shrinkage_raked
376,49,true,0.000000000082,0.004820676906,true,true,2022,T1_no_point_shrinkage_raked
377,51,true,0.000000000093,0.002401055800,true,true,2022,T1_no_point_shrinkage_raked
378,52,true,0.000000000094,0.006109169176,true,true,2022,T1_no_point_shrinkage_raked
379,49,true,0.000000000083,0.003361348527,true,true,2022,T1_no_point_shrinkage_raked
380,51,true,0.000000000083,0.004695297538,true,true,2022,T1_no_point_shrinkage_raked
381,50,true,0.000000000082,0.002594815847,true,true,2022,T1_no_point_shrinkage_raked
382,32,true,0.000000000066,0.004119819447,true,true,2022,T1_no_point_shrinkage_raked
383,46,true,0.000000000069,0.002884644315,true,true,2022,T1_no_point_shrinkage_raked
384,46,true,0.000000000083,0.004281353695,true,true,2022,T1_no_point_shrinkage_raked
385,51,true,0.000000000086,0.004220172430,true,true,2022,T1_no_point_shrinkage_raked
386,58,true,0.000000000074,0.004329382246,true,true,2022,T1_no_point_shrinkage_raked
387,49,true,0.000000000097,0.001997321307,true,true,2022,T1_no_point_shrinkage_raked
388,38,true,0.000000000087,0.005294962845,true,true,2022,T1_no_point_shrinkage_raked
389,51,true,0.000000000083,0.002927882963,true,true,2022,T1_no_point_shrinkage_raked
390,56,true,0.000000000074,0.003985686665,true,true,2022,T1_no_point_shrinkage_raked
391,43,true,0.000000000077,0.002460762942,true,true,2022,T1_no_point_shrinkage_raked
392,46,true,0.000000000093,0.002428932386,true,true,2022,T1_no_point_shrinkage_raked
393,51,true,0.000000000096,0.003377068519,true,true,2022,T1_no_point_shrinkage_raked
394,48,true,0.000000000097,0.003443020759,true,true,2022,T1_no_point_shrinkage_raked
395,50,true,0.000000000080,0.000872728900,true,true,2022,T1_no_point_shrinkage_raked
396,52,true,0.000000000072,0.003883137525,true,true,2022,T1_no_point_shrinkage_raked
397,40,true,0.000000000078,0.001273245860,true,true,2022,T1_no_point_shrinkage_raked
398,50,true,0.000000000074,0.001909841764,true,true,2022,T1_no_point_shrinkage_raked
399,50,true,0.000000000085,0.002290379863,true,true,2022,T1_no_point_shrinkage_raked
400,51,true,0.000000000092,0.002297826244,true,true,2022,T1_no_point_shrinkage_raked
401,45,true,0.000000000078,0.003543220423,true,true,2022,T1_no_point_shrinkage_raked
402,47,true,0.000000000088,0.002069057654,true,true,2022,T1_no_point_shrinkage_raked
403,48,true,0.000000000084,0.002982717554,true,true,2022,T1_no_point_shrinkage_raked
404,59,true,0.000000000079,0.002780060101,true,true,2022,T1_no_point_shrinkage_raked
405,50,true,0.000000000098,0.003757664305,true,true,2022,T1_no_point_shrinkage_raked
406,50,true,0.000000000082,0.003229605280,true,true,2022,T1_no_point_shrinkage_raked
407,53,true,0.000000000084,0.007324562272,true,true,2022,T1_no_point_shrinkage_raked
408,45,true,0.000000000074,0.003274521685,true,true,2022,T1_no_point_shrinkage_raked
409,61,true,0.000000000083,0.006201939797,true,true,2022,T1_no_point_shrinkage_raked
410,54,true,0.000000000096,0.003730532201,true,true,2022,T1_no_point_shrinkage_raked
411,50,true,0.000000000098,0.003739343144,true,true,2022,T1_no_point_shrinkage_raked
412,49,true,0.000000000097,0.002272481398,true,true,2022,T1_no_point_shrinkage_raked
413,50,true,0.000000000083,0.001876411517,true,true,2022,T1_no_point_shrinkage_raked
414,48,true,0.000000000096,0.005859666663,true,true,2022,T1_no_point_shrinkage_raked
415,52,true,0.000000000084,0.002100570232,true,true,2022,T1_no_point_shrinkage_raked
416,48,true,0.000000000075,0.003709802514,true,true,2022,T1_no_point_shrinkage_raked
417,47,true,0.000000000072,0.008122639640,true,true,2022,T1_no_point_shrinkage_raked
418,41,true,0.000000000099,0.001655630472,true,true,2022,T1_no_point_shrinkage_raked
419,53,true,0.000000000092,0.005244320049,true,true,2022,T1_no_point_shrinkage_raked
420,49,true,0.000000000095,0.004527567421,true,true,2022,T1_no_point_shrinkage_raked
421,57,true,0.000000000090,0.003417432437,true,true,2022,T1_no_point_shrinkage_raked
422,47,true,0.000000000081,0.004065852036,true,true,2022,T1_no_point_shrinkage_raked
423,52,true,0.000000000074,0.002109613189,true,true,2022,T1_no_point_shrinkage_raked
424,42,true,0.000000000074,0.003044472522,true,true,2022,T1_no_point_shrinkage_raked
425,45,true,0.000000000099,0.005731915868,true,true,2022,T1_no_point_shrinkage_raked
426,49,true,0.000000000087,0.005383416744,true,true,2022,T1_no_point_shrinkage_raked
427,56,true,0.000000000097,0.004417156429,true,true,2022,T1_no_point_shrinkage_raked
428,54,true,0.000000000079,0.004450951369,true,true,2022,T1_no_point_shrinkage_raked
429,52,true,0.000000000073,0.004014749822,true,true,2022,T1_no_point_shrinkage_raked
430,49,true,0.000000000072,0.003084734152,true,true,2022,T1_no_point_shrinkage_raked
431,56,true,0.000000000092,0.007510591237,true,true,2022,T1_no_point_shrinkage_raked
432,47,true,0.000000000074,0.004525448827,true,true,2022,T1_no_point_shrinkage_raked
433,43,true,0.000000000080,0.006788107201,true,true,2022,T1_no_point_shrinkage_raked
434,53,true,0.000000000078,0.005046514803,true,true,2022,T1_no_point_shrinkage_raked
435,47,true,0.000000000096,0.003730646145,true,true,2022,T1_no_point_shrinkage_raked
436,48,true,0.000000000078,0.004165776447,true,true,2022,T1_no_point_shrinkage_raked
437,49,true,0.000000000072,0.002099394510,true,true,2022,T1_no_point_shrinkage_raked
438,50,true,0.000000000093,0.004307304146,true,true,2022,T1_no_point_shrinkage_raked
439,60,true,0.000000000089,0.003410838143,true,true,2022,T1_no_point_shrinkage_raked
440,42,true,0.000000000093,0.001839479152,true,true,2022,T1_no_point_shrinkage_raked
441,45,true,0.000000000088,0.004867257605,true,true,2022,T1_no_point_shrinkage_raked
442,45,true,0.000000000084,0.002768944747,true,true,2022,T1_no_point_shrinkage_raked
443,46,true,0.000000000084,0.002552649151,true,true,2022,T1_no_point_shrinkage_raked
444,41,true,0.000000000071,0.003910349139,true,true,2022,T1_no_point_shrinkage_raked
445,47,true,0.000000000081,0.002805314258,true,true,2022,T1_no_point_shrinkage_raked
446,46,true,0.000000000098,0.003429424582,true,true,2022,T1_no_point_shrinkage_raked
447,49,true,0.000000000098,0.003463573733,true,true,2022,T1_no_point_shrinkage_raked
448,56,true,0.000000000083,0.002991550777,true,true,2022,T1_no_point_shrinkage_raked
449,49,true,0.000000000086,0.003943939068,true,true,2022,T1_no_point_shrinkage_raked
450,37,true,0.000000000072,0.003021532298,true,true,2022,T1_no_point_shrinkage_raked
451,47,true,0.000000000083,0.001839095771,true,true,2022,T1_no_point_shrinkage_raked
452,51,true,0.000000000088,0.002634492073,true,true,2022,T1_no_point_shrinkage_raked
453,55,true,0.000000000074,0.004347162797,true,true,2022,T1_no_point_shrinkage_raked
454,46,true,0.000000000087,0.001393203462,true,true,2022,T1_no_point_shrinkage_raked
455,52,true,0.000000000084,0.002254375022,true,true,2022,T1_no_point_shrinkage_raked
456,50,true,0.000000000082,0.003785294482,true,true,2022,T1_no_point_shrinkage_raked
457,48,true,0.000000000092,0.003715385427,true,true,2022,T1_no_point_shrinkage_raked
458,52,true,0.000000000082,0.003879655356,true,true,2022,T1_no_point_shrinkage_raked
459,36,true,0.000000000085,0.003236696426,true,true,2022,T1_no_point_shrinkage_raked
460,51,true,0.000000000084,0.002492408345,true,true,2022,T1_no_point_shrinkage_raked
461,47,true,0.000000000070,0.000811048052,true,true,2022,T1_no_point_shrinkage_raked
462,55,true,0.000000000094,0.004319128458,true,true,2022,T1_no_point_shrinkage_raked
463,43,true,0.000000000083,0.004596912188,true,true,2022,T1_no_point_shrinkage_raked
464,55,true,0.000000000098,0.003596162232,true,true,2022,T1_no_point_shrinkage_raked
465,48,true,0.000000000090,0.002442293165,true,true,2022,T1_no_point_shrinkage_raked
466,49,true,0.000000000074,0.005836777120,true,true,2022,T1_no_point_shrinkage_raked
467,53,true,0.000000000085,0.002954537708,true,true,2022,T1_no_point_shrinkage_raked
468,38,true,0.000000000075,0.002090727267,true,true,2022,T1_no_point_shrinkage_raked
469,48,true,0.000000000084,0.004105492050,true,true,2022,T1_no_point_shrinkage_raked
470,53,true,0.000000000080,0.004610140037,true,true,2022,T1_no_point_shrinkage_raked
471,46,true,0.000000000092,0.002701841584,true,true,2022,T1_no_point_shrinkage_raked
472,51,true,0.000000000089,0.003807992646,true,true,2022,T1_no_point_shrinkage_raked
473,51,true,0.000000000078,0.001780907211,true,true,2022,T1_no_point_shrinkage_raked
474,46,true,0.000000000093,0.007859898551,true,true,2022,T1_no_point_shrinkage_raked
475,50,true,0.000000000083,0.002602523386,true,true,2022,T1_no_point_shrinkage_raked
476,47,true,0.000000000084,0.002853860936,true,true,2022,T1_no_point_shrinkage_raked
477,45,true,0.000000000098,0.003223446559,true,true,2022,T1_no_point_shrinkage_raked
478,45,true,0.000000000084,0.006173052885,true,true,2022,T1_no_point_shrinkage_raked
479,57,true,0.000000000076,0.003333444899,true,true,2022,T1_no_point_shrinkage_raked
480,44,true,0.000000000100,0.001759204916,true,true,2022,T1_no_point_shrinkage_raked
481,52,true,0.000000000087,0.003212356072,true,true,2022,T1_no_point_shrinkage_raked
482,49,true,0.000000000072,0.006103705429,true,true,2022,T1_no_point_shrinkage_raked
483,52,true,0.000000000074,0.005104195103,true,true,2022,T1_no_point_shrinkage_raked
484,55,true,0.000000000079,0.002949816491,true,true,2022,T1_no_point_shrinkage_raked
485,50,true,0.000000000080,0.004433622879,true,true,2022,T1_no_point_shrinkage_raked
486,49,true,0.000000000092,0.004352067193,true,true,2022,T1_no_point_shrinkage_raked
487,45,true,0.000000000079,0.001705549811,true,true,2022,T1_no_point_shrinkage_raked
488,48,true,0.000000000077,0.003063132198,true,true,2022,T1_no_point_shrinkage_raked
489,50,true,0.000000000077,0.002939490002,true,true,2022,T1_no_point_shrinkage_raked
490,47,true,0.000000000091,0.002660207145,true,true,2022,T1_no_point_shrinkage_raked
491,52,true,0.000000000079,0.004950651002,true,true,2022,T1_no_point_shrinkage_raked
492,43,true,0.000000000084,0.001908597638,true,true,2022,T1_no_point_shrinkage_raked
493,47,true,0.000000000072,0.003032221941,true,true,2022,T1_no_point_shrinkage_raked
494,51,true,0.000000000093,0.003248616423,true,true,2022,T1_no_point_shrinkage_raked
495,39,true,0.000000000091,0.003284161064,true,true,2022,T1_no_point_shrinkage_raked
496,50,true,0.000000000072,0.005356867703,true,true,2022,T1_no_point_shrinkage_raked
497,44,true,0.000000000079,0.004690422130,true,true,2022,T1_no_point_shrinkage_raked
498,59,true,0.000000000084,0.003762954929,true,true,2022,T1_no_point_shrinkage_raked
499,50,true,0.000000000090,0.003555033725,true,true,2022,T1_no_point_shrinkage_raked
500,45,true,0.000000000098,0.002037528173,true,true,2022,T1_no_point_shrinkage_raked
501,52,true,0.000000000075,0.003414320006,true,true,2022,T1_no_point_shrinkage_raked
502,46,true,0.000000000086,0.003960900821,true,true,2022,T1_no_point_shrinkage_raked
503,40,true,0.000000000099,0.001971714915,true,true,2022,T1_no_point_shrinkage_raked
504,51,true,0.000000000081,0.002649824060,true,true,2022,T1_no_point_shrinkage_raked
505,55,true,0.000000000082,0.003096136575,true,true,2022,T1_no_point_shrinkage_raked
506,50,true,0.000000000079,0.003834939510,true,true,2022,T1_no_point_shrinkage_raked
507,51,true,0.000000000098,0.001936685515,true,true,2022,T1_no_point_shrinkage_raked
508,51,true,0.000000000083,0.006521790036,true,true,2022,T1_no_point_shrinkage_raked
509,54,true,0.000000000080,0.003958474718,true,true,2022,T1_no_point_shrinkage_raked
510,50,true,0.000000000082,0.002903629387,true,true,2022,T1_no_point_shrinkage_raked
511,48,true,0.000000000097,0.001064699721,true,true,2022,T1_no_point_shrinkage_raked
512,51,true,0.000000000075,0.003150037978,true,true,2022,T1_no_point_shrinkage_raked
513,50,true,0.000000000074,0.005534563136,true,true,2022,T1_no_point_shrinkage_raked
514,44,true,0.000000000076,0.002373136539,true,true,2022,T1_no_point_shrinkage_raked
515,48,true,0.000000000076,0.003454531311,true,true,2022,T1_no_point_shrinkage_raked
516,51,true,0.000000000075,0.004518932032,true,true,2022,T1_no_point_shrinkage_raked
517,45,true,0.000000000076,0.002858171576,true,true,2022,T1_no_point_shrinkage_raked
518,40,true,0.000000000086,0.006483484862,true,true,2022,T1_no_point_shrinkage_raked
519,58,true,0.000000000100,0.005559508089,true,true,2022,T1_no_point_shrinkage_raked
520,57,true,0.000000000076,0.004267294951,true,true,2022,T1_no_point_shrinkage_raked
521,54,true,0.000000000073,0.004953806024,true,true,2022,T1_no_point_shrinkage_raked
522,54,true,0.000000000086,0.001847692174,true,true,2022,T1_no_point_shrinkage_raked
523,53,true,0.000000000090,0.002681519856,true,true,2022,T1_no_point_shrinkage_raked
524,44,true,0.000000000100,0.004179797869,true,true,2022,T1_no_point_shrinkage_raked
525,50,true,0.000000000089,0.004723752337,true,true,2022,T1_no_point_shrinkage_raked
526,56,true,0.000000000074,0.002572712780,true,true,2022,T1_no_point_shrinkage_raked
527,52,true,0.000000000087,0.003724172222,true,true,2022,T1_no_point_shrinkage_raked
528,46,true,0.000000000090,0.006533913111,true,true,2022,T1_no_point_shrinkage_raked
529,46,true,0.000000000093,0.005558664902,true,true,2022,T1_no_point_shrinkage_raked
530,46,true,0.000000000079,0.002994419383,true,true,2022,T1_no_point_shrinkage_raked
531,53,true,0.000000000075,0.002701136340,true,true,2022,T1_no_point_shrinkage_raked
532,46,true,0.000000000099,0.003831747873,true,true,2022,T1_no_point_shrinkage_raked
533,51,true,0.000000000093,0.004966955337,true,true,2022,T1_no_point_shrinkage_raked
534,49,true,0.000000000090,0.002806293264,true,true,2022,T1_no_point_shrinkage_raked
535,49,true,0.000000000081,0.005802608470,true,true,2022,T1_no_point_shrinkage_raked
536,44,true,0.000000000087,0.003202580517,true,true,2022,T1_no_point_shrinkage_raked
537,49,true,0.000000000087,0.006136222909,true,true,2022,T1_no_point_shrinkage_raked
538,52,true,0.000000000077,0.004694744576,true,true,2022,T1_no_point_shrinkage_raked
539,54,true,0.000000000074,0.003097480373,true,true,2022,T1_no_point_shrinkage_raked
540,43,true,0.000000000075,0.003120154676,true,true,2022,T1_no_point_shrinkage_raked
541,49,true,0.000000000091,0.003451460688,true,true,2022,T1_no_point_shrinkage_raked
542,46,true,0.000000000091,0.006190314048,true,true,2022,T1_no_point_shrinkage_raked
543,41,true,0.000000000087,0.003265812796,true,true,2022,T1_no_point_shrinkage_raked
544,47,true,0.000000000098,0.003613046560,true,true,2022,T1_no_point_shrinkage_raked
545,54,true,0.000000000072,0.006367297045,true,true,2022,T1_no_point_shrinkage_raked
546,57,true,0.000000000078,0.005160104672,true,true,2022,T1_no_point_shrinkage_raked
547,54,true,0.000000000090,0.002796247588,true,true,2022,T1_no_point_shrinkage_raked
548,50,true,0.000000000082,0.006301585410,true,true,2022,T1_no_point_shrinkage_raked
549,41,true,0.000000000087,0.001754025160,true,true,2022,T1_no_point_shrinkage_raked
550,48,true,0.000000000074,0.003144300750,true,true,2022,T1_no_point_shrinkage_raked
551,62,true,0.000000000086,0.003675426759,true,true,2022,T1_no_point_shrinkage_raked
552,53,true,0.000000000074,0.007173423689,true,true,2022,T1_no_point_shrinkage_raked
553,52,true,0.000000000085,0.007285237589,true,true,2022,T1_no_point_shrinkage_raked
554,49,true,0.000000000079,0.004161012522,true,true,2022,T1_no_point_shrinkage_raked
555,48,true,0.000000000092,0.002280783109,true,true,2022,T1_no_point_shrinkage_raked
556,40,true,0.000000000099,0.002272206970,true,true,2022,T1_no_point_shrinkage_raked
557,53,true,0.000000000083,0.001598745820,true,true,2022,T1_no_point_shrinkage_raked
558,49,true,0.000000000077,0.004961965470,true,true,2022,T1_no_point_shrinkage_raked
559,51,true,0.000000000071,0.003919351745,true,true,2022,T1_no_point_shrinkage_raked
560,46,true,0.000000000079,0.003277206045,true,true,2022,T1_no_point_shrinkage_raked
561,52,true,0.000000000077,0.004007821448,true,true,2022,T1_no_point_shrinkage_raked
562,50,true,0.000000000097,0.003969704919,true,true,2022,T1_no_point_shrinkage_raked
563,40,true,0.000000000085,0.003900113913,true,true,2022,T1_no_point_shrinkage_raked
564,46,true,0.000000000070,0.003457916676,true,true,2022,T1_no_point_shrinkage_raked
565,57,true,0.000000000077,0.002180702869,true,true,2022,T1_no_point_shrinkage_raked
566,39,true,0.000000000093,0.002890041900,true,true,2022,T1_no_point_shrinkage_raked
567,51,true,0.000000000073,0.003034147985,true,true,2022,T1_no_point_shrinkage_raked
568,51,true,0.000000000085,0.001800886873,true,true,2022,T1_no_point_shrinkage_raked
569,48,true,0.000000000100,0.003692797020,true,true,2022,T1_no_point_shrinkage_raked
570,48,true,0.000000000082,0.003262914579,true,true,2022,T1_no_point_shrinkage_raked
571,46,true,0.000000000091,0.002613748131,true,true,2022,T1_no_point_shrinkage_raked
572,42,true,0.000000000098,0.004815980753,true,true,2022,T1_no_point_shrinkage_raked
573,43,true,0.000000000074,0.002234022738,true,true,2022,T1_no_point_shrinkage_raked
574,52,true,0.000000000090,0.003266923928,true,true,2022,T1_no_point_shrinkage_raked
575,55,true,0.000000000080,0.005515524276,true,true,2022,T1_no_point_shrinkage_raked
576,44,true,0.000000000074,0.004413681233,true,true,2022,T1_no_point_shrinkage_raked
577,42,true,0.000000000083,0.001198390358,true,true,2022,T1_no_point_shrinkage_raked
578,57,true,0.000000000093,0.002473300702,true,true,2022,T1_no_point_shrinkage_raked
579,46,true,0.000000000094,0.003617204738,true,true,2022,T1_no_point_shrinkage_raked
580,48,true,0.000000000077,0.004793124018,true,true,2022,T1_no_point_shrinkage_raked
581,50,true,0.000000000084,0.005864461795,true,true,2022,T1_no_point_shrinkage_raked
582,42,true,0.000000000079,0.003811617261,true,true,2022,T1_no_point_shrinkage_raked
583,48,true,0.000000000084,0.002951413868,true,true,2022,T1_no_point_shrinkage_raked
584,54,true,0.000000000086,0.004197755368,true,true,2022,T1_no_point_shrinkage_raked
585,39,true,0.000000000093,0.006401274042,true,true,2022,T1_no_point_shrinkage_raked
586,34,true,0.000000000071,0.003966279506,true,true,2022,T1_no_point_shrinkage_raked
587,49,true,0.000000000097,0.004720800480,true,true,2022,T1_no_point_shrinkage_raked
588,47,true,0.000000000075,0.005229286105,true,true,2022,T1_no_point_shrinkage_raked
589,49,true,0.000000000077,0.004409563983,true,true,2022,T1_no_point_shrinkage_raked
590,56,true,0.000000000086,0.002774562633,true,true,2022,T1_no_point_shrinkage_raked
591,47,true,0.000000000100,0.005735714386,true,true,2022,T1_no_point_shrinkage_raked
592,45,true,0.000000000074,0.003920661986,true,true,2022,T1_no_point_shrinkage_raked
593,51,true,0.000000000086,0.002746016217,true,true,2022,T1_no_point_shrinkage_raked
594,56,true,0.000000000090,0.002347202167,true,true,2022,T1_no_point_shrinkage_raked
595,55,true,0.000000000084,0.007430944227,true,true,2022,T1_no_point_shrinkage_raked
596,45,true,0.000000000086,0.003822208941,true,true,2022,T1_no_point_shrinkage_raked
597,52,true,0.000000000074,0.005661508059,true,true,2022,T1_no_point_shrinkage_raked
598,40,true,0.000000000082,0.002218795655,true,true,2022,T1_no_point_shrinkage_raked
599,45,true,0.000000000078,0.003158392700,true,true,2022,T1_no_point_shrinkage_raked
600,50,true,0.000000000083,0.002154995602,true,true,2022,T1_no_point_shrinkage_raked
601,45,true,0.000000000080,0.001870648123,true,true,2022,T1_no_point_shrinkage_raked
602,48,true,0.000000000081,0.001366780830,true,true,2022,T1_no_point_shrinkage_raked
603,49,true,0.000000000076,0.003298982047,true,true,2022,T1_no_point_shrinkage_raked
604,51,true,0.000000000098,0.005766452763,true,true,2022,T1_no_point_shrinkage_raked
605,51,true,0.000000000095,0.007817921937,true,true,2022,T1_no_point_shrinkage_raked
606,53,true,0.000000000075,0.005592041605,true,true,2022,T1_no_point_shrinkage_raked
607,43,true,0.000000000078,0.003891085608,true,true,2022,T1_no_point_shrinkage_raked
608,44,true,0.000000000099,0.001282780715,true,true,2022,T1_no_point_shrinkage_raked
609,42,true,0.000000000078,0.003359738383,true,true,2022,T1_no_point_shrinkage_raked
610,56,true,0.000000000090,0.004409453222,true,true,2022,T1_no_point_shrinkage_raked
611,53,true,0.000000000079,0.003789975457,true,true,2022,T1_no_point_shrinkage_raked
612,46,true,0.000000000094,0.006912577771,true,true,2022,T1_no_point_shrinkage_raked
613,48,true,0.000000000077,0.003041848234,true,true,2022,T1_no_point_shrinkage_raked
614,46,true,0.000000000100,0.005958694171,true,true,2022,T1_no_point_shrinkage_raked
615,51,true,0.000000000086,0.003274265982,true,true,2022,T1_no_point_shrinkage_raked
616,53,true,0.000000000079,0.002208296373,true,true,2022,T1_no_point_shrinkage_raked
617,58,true,0.000000000077,0.008202788916,true,true,2022,T1_no_point_shrinkage_raked
618,50,true,0.000000000075,0.003778826199,true,true,2022,T1_no_point_shrinkage_raked
619,41,true,0.000000000072,0.003556530638,true,true,2022,T1_no_point_shrinkage_raked
620,49,true,0.000000000097,0.001825453493,true,true,2022,T1_no_point_shrinkage_raked
621,47,true,0.000000000073,0.003266430963,true,true,2022,T1_no_point_shrinkage_raked
622,49,true,0.000000000091,0.003313498027,true,true,2022,T1_no_point_shrinkage_raked
623,53,true,0.000000000077,0.005076779694,true,true,2022,T1_no_point_shrinkage_raked
624,47,true,0.000000000093,0.002648900820,true,true,2022,T1_no_point_shrinkage_raked
625,53,true,0.000000000085,0.000833613511,true,true,2022,T1_no_point_shrinkage_raked
626,48,true,0.000000000081,0.004258948538,true,true,2022,T1_no_point_shrinkage_raked
627,46,true,0.000000000086,0.003188631717,true,true,2022,T1_no_point_shrinkage_raked
628,52,true,0.000000000094,0.003764280674,true,true,2022,T1_no_point_shrinkage_raked
629,46,true,0.000000000096,0.002837632242,true,true,2022,T1_no_point_shrinkage_raked
630,44,true,0.000000000096,0.005209782251,true,true,2022,T1_no_point_shrinkage_raked
631,49,true,0.000000000069,0.005243517031,true,true,2022,T1_no_point_shrinkage_raked
632,45,true,0.000000000079,0.005139740444,true,true,2022,T1_no_point_shrinkage_raked
633,42,true,0.000000000093,0.004748806400,true,true,2022,T1_no_point_shrinkage_raked
634,45,true,0.000000000084,0.003928584929,true,true,2022,T1_no_point_shrinkage_raked
635,50,true,0.000000000080,0.004653083761,true,true,2022,T1_no_point_shrinkage_raked
636,56,true,0.000000000074,0.003160741100,true,true,2022,T1_no_point_shrinkage_raked
637,51,true,0.000000000097,0.002026094676,true,true,2022,T1_no_point_shrinkage_raked
638,56,true,0.000000000086,0.004367406907,true,true,2022,T1_no_point_shrinkage_raked
639,49,true,0.000000000076,0.003516436641,true,true,2022,T1_no_point_shrinkage_raked
640,44,true,0.000000000074,0.004001380021,true,true,2022,T1_no_point_shrinkage_raked
641,50,true,0.000000000088,0.008542939325,true,true,2022,T1_no_point_shrinkage_raked
642,59,true,0.000000000085,0.003528199053,true,true,2022,T1_no_point_shrinkage_raked
643,46,true,0.000000000075,0.004962905973,true,true,2022,T1_no_point_shrinkage_raked
644,42,true,0.000000000070,0.003081092992,true,true,2022,T1_no_point_shrinkage_raked
645,53,true,0.000000000082,0.003048007572,true,true,2022,T1_no_point_shrinkage_raked
646,51,true,0.000000000075,0.005892410409,true,true,2022,T1_no_point_shrinkage_raked
647,53,true,0.000000000077,0.006492242861,true,true,2022,T1_no_point_shrinkage_raked
648,53,true,0.000000000078,0.004593511890,true,true,2022,T1_no_point_shrinkage_raked
649,49,true,0.000000000089,0.003361989918,true,true,2022,T1_no_point_shrinkage_raked
650,51,true,0.000000000092,0.003521200383,true,true,2022,T1_no_point_shrinkage_raked
651,42,true,0.000000000089,0.003088587100,true,true,2022,T1_no_point_shrinkage_raked
652,53,true,0.000000000097,0.003195034217,true,true,2022,T1_no_point_shrinkage_raked
653,52,true,0.000000000088,0.003270939146,true,true,2022,T1_no_point_shrinkage_raked
654,50,true,0.000000000090,0.003012330838,true,true,2022,T1_no_point_shrinkage_raked
655,50,true,0.000000000097,0.001872006725,true,true,2022,T1_no_point_shrinkage_raked
656,50,true,0.000000000070,0.005118914389,true,true,2022,T1_no_point_shrinkage_raked
657,51,true,0.000000000093,0.004199604408,true,true,2022,T1_no_point_shrinkage_raked
658,47,true,0.000000000093,0.004588098187,true,true,2022,T1_no_point_shrinkage_raked
659,44,true,0.000000000093,0.003321317693,true,true,2022,T1_no_point_shrinkage_raked
660,53,true,0.000000000077,0.004532508856,true,true,2022,T1_no_point_shrinkage_raked
661,50,true,0.000000000082,0.003813116775,true,true,2022,T1_no_point_shrinkage_raked
662,50,true,0.000000000090,0.004381366436,true,true,2022,T1_no_point_shrinkage_raked
663,50,true,0.000000000095,0.004445790880,true,true,2022,T1_no_point_shrinkage_raked
664,48,true,0.000000000089,0.004978210843,true,true,2022,T1_no_point_shrinkage_raked
665,49,true,0.000000000083,0.003661689404,true,true,2022,T1_no_point_shrinkage_raked
666,45,true,0.000000000080,0.004422042120,true,true,2022,T1_no_point_shrinkage_raked
667,49,true,0.000000000098,0.001465166792,true,true,2022,T1_no_point_shrinkage_raked
668,44,true,0.000000000097,0.003217056244,true,true,2022,T1_no_point_shrinkage_raked
669,53,true,0.000000000083,0.007189628226,true,true,2022,T1_no_point_shrinkage_raked
670,52,true,0.000000000090,0.005151835111,true,true,2022,T1_no_point_shrinkage_raked
671,52,true,0.000000000089,0.005531568132,true,true,2022,T1_no_point_shrinkage_raked
672,57,true,0.000000000079,0.003743520101,true,true,2022,T1_no_point_shrinkage_raked
673,49,true,0.000000000079,0.004328581045,true,true,2022,T1_no_point_shrinkage_raked
674,52,true,0.000000000092,0.005868801334,true,true,2022,T1_no_point_shrinkage_raked
675,49,true,0.000000000072,0.004134968172,true,true,2022,T1_no_point_shrinkage_raked
676,45,true,0.000000000074,0.003945725323,true,true,2022,T1_no_point_shrinkage_raked
677,49,true,0.000000000087,0.003980141484,true,true,2022,T1_no_point_shrinkage_raked
678,45,true,0.000000000089,0.009555132057,true,true,2022,T1_no_point_shrinkage_raked
679,43,true,0.000000000083,0.007357557824,true,true,2022,T1_no_point_shrinkage_raked
680,40,true,0.000000000073,0.001213451922,true,true,2022,T1_no_point_shrinkage_raked
681,52,true,0.000000000080,0.006606236707,true,true,2022,T1_no_point_shrinkage_raked
682,47,true,0.000000000081,0.001674714351,true,true,2022,T1_no_point_shrinkage_raked
683,53,true,0.000000000089,0.001813609768,true,true,2022,T1_no_point_shrinkage_raked
684,59,true,0.000000000086,0.003984102482,true,true,2022,T1_no_point_shrinkage_raked
685,55,true,0.000000000088,0.003057283765,true,true,2022,T1_no_point_shrinkage_raked
686,50,true,0.000000000088,0.007791752684,true,true,2022,T1_no_point_shrinkage_raked
687,51,true,0.000000000090,0.003148764097,true,true,2022,T1_no_point_shrinkage_raked
688,46,true,0.000000000094,0.003526803514,true,true,2022,T1_no_point_shrinkage_raked
689,45,true,0.000000000081,0.001392912560,true,true,2022,T1_no_point_shrinkage_raked
690,49,true,0.000000000072,0.002909465766,true,true,2022,T1_no_point_shrinkage_raked
691,50,true,0.000000000083,0.002809930451,true,true,2022,T1_no_point_shrinkage_raked
692,50,true,0.000000000099,0.004476884268,true,true,2022,T1_no_point_shrinkage_raked
693,44,true,0.000000000078,0.005861202117,true,true,2022,T1_no_point_shrinkage_raked
694,57,true,0.000000000091,0.003477149511,true,true,2022,T1_no_point_shrinkage_raked
695,45,true,0.000000000097,0.003329461875,true,true,2022,T1_no_point_shrinkage_raked
696,48,true,0.000000000099,0.004619103414,true,true,2022,T1_no_point_shrinkage_raked
697,56,true,0.000000000095,0.005014825949,true,true,2022,T1_no_point_shrinkage_raked
698,49,true,0.000000000098,0.002671779049,true,true,2022,T1_no_point_shrinkage_raked
699,37,true,0.000000000099,0.002713286272,true,true,2022,T1_no_point_shrinkage_raked
700,49,true,0.000000000100,0.005651438827,true,true,2022,T1_no_point_shrinkage_raked
701,40,true,0.000000000075,0.004345975951,true,true,2022,T1_no_point_shrinkage_raked
702,46,true,0.000000000079,0.001265925756,true,true,2022,T1_no_point_shrinkage_raked
703,53,true,0.000000000085,0.002765017381,true,true,2022,T1_no_point_shrinkage_raked
704,42,true,0.000000000097,0.004001359380,true,true,2022,T1_no_point_shrinkage_raked
705,48,true,0.000000000074,0.005382971173,true,true,2022,T1_no_point_shrinkage_raked
706,51,true,0.000000000080,0.005000099859,true,true,2022,T1_no_point_shrinkage_raked
707,45,true,0.000000000094,0.003740522491,true,true,2022,T1_no_point_shrinkage_raked
708,51,true,0.000000000099,0.006585720508,true,true,2022,T1_no_point_shrinkage_raked
709,49,true,0.000000000088,0.007134170836,true,true,2022,T1_no_point_shrinkage_raked
710,52,true,0.000000000093,0.003385135044,true,true,2022,T1_no_point_shrinkage_raked
711,38,true,0.000000000083,0.003926283152,true,true,2022,T1_no_point_shrinkage_raked
712,43,true,0.000000000097,0.003437103797,true,true,2022,T1_no_point_shrinkage_raked
713,47,true,0.000000000077,0.005501978278,true,true,2022,T1_no_point_shrinkage_raked
714,52,true,0.000000000100,0.003462876680,true,true,2022,T1_no_point_shrinkage_raked
715,46,true,0.000000000072,0.002713340897,true,true,2022,T1_no_point_shrinkage_raked
716,52,true,0.000000000095,0.006591256323,true,true,2022,T1_no_point_shrinkage_raked
717,58,true,0.000000000088,0.004191546214,true,true,2022,T1_no_point_shrinkage_raked
718,54,true,0.000000000097,0.007863260686,true,true,2022,T1_no_point_shrinkage_raked
719,46,true,0.000000000069,0.006801141138,true,true,2022,T1_no_point_shrinkage_raked
720,47,true,0.000000000096,0.004194937987,true,true,2022,T1_no_point_shrinkage_raked
721,50,true,0.000000000079,0.004716863784,true,true,2022,T1_no_point_shrinkage_raked
722,48,true,0.000000000083,0.006643404661,true,true,2022,T1_no_point_shrinkage_raked
723,46,true,0.000000000096,0.002441848959,true,true,2022,T1_no_point_shrinkage_raked
724,51,true,0.000000000088,0.003796281602,true,true,2022,T1_no_point_shrinkage_raked
725,51,true,0.000000000097,0.003826330361,true,true,2022,T1_no_point_shrinkage_raked
726,51,true,0.000000000084,0.001318966874,true,true,2022,T1_no_point_shrinkage_raked
727,54,true,0.000000000085,0.002092767049,true,true,2022,T1_no_point_shrinkage_raked
728,48,true,0.000000000090,0.003427514556,true,true,2022,T1_no_point_shrinkage_raked
729,53,true,0.000000000074,0.002287319106,true,true,2022,T1_no_point_shrinkage_raked
730,40,true,0.000000000079,0.002119578531,true,true,2022,T1_no_point_shrinkage_raked
731,60,true,0.000000000090,0.003403400043,true,true,2022,T1_no_point_shrinkage_raked
732,46,true,0.000000000073,0.003356120905,true,true,2022,T1_no_point_shrinkage_raked
733,51,true,0.000000000095,0.003021805884,true,true,2022,T1_no_point_shrinkage_raked
734,50,true,0.000000000084,0.004229541436,true,true,2022,T1_no_point_shrinkage_raked
735,56,true,0.000000000086,0.004616896186,true,true,2022,T1_no_point_shrinkage_raked
736,47,true,0.000000000098,0.004270780215,true,true,2022,T1_no_point_shrinkage_raked
737,46,true,0.000000000077,0.001150030481,true,true,2022,T1_no_point_shrinkage_raked
738,52,true,0.000000000098,0.005971072421,true,true,2022,T1_no_point_shrinkage_raked
739,44,true,0.000000000100,0.002256448497,true,true,2022,T1_no_point_shrinkage_raked
740,48,true,0.000000000091,0.003659846721,true,true,2022,T1_no_point_shrinkage_raked
741,51,true,0.000000000080,0.005119855869,true,true,2022,T1_no_point_shrinkage_raked
742,48,true,0.000000000087,0.002458004951,true,true,2022,T1_no_point_shrinkage_raked
743,50,true,0.000000000077,0.006049620394,true,true,2022,T1_no_point_shrinkage_raked
744,50,true,0.000000000084,0.004083118291,true,true,2022,T1_no_point_shrinkage_raked
745,52,true,0.000000000073,0.004912937091,true,true,2022,T1_no_point_shrinkage_raked
746,51,true,0.000000000076,0.003236294736,true,true,2022,T1_no_point_shrinkage_raked
747,46,true,0.000000000085,0.003706713246,true,true,2022,T1_no_point_shrinkage_raked
748,56,true,0.000000000096,0.004265618755,true,true,2022,T1_no_point_shrinkage_raked
749,54,true,0.000000000092,0.004328436124,true,true,2022,T1_no_point_shrinkage_raked
750,50,true,0.000000000093,0.004539901361,true,true,2022,T1_no_point_shrinkage_raked
751,51,true,0.000000000084,0.003601940282,true,true,2022,T1_no_point_shrinkage_raked
752,47,true,0.000000000080,0.001572372082,true,true,2022,T1_no_point_shrinkage_raked
753,48,true,0.000000000090,0.002702599557,true,true,2022,T1_no_point_shrinkage_raked
754,49,true,0.000000000081,0.002947090840,true,true,2022,T1_no_point_shrinkage_raked
755,51,true,0.000000000078,0.002240227399,true,true,2022,T1_no_point_shrinkage_raked
756,48,true,0.000000000085,0.003747096202,true,true,2022,T1_no_point_shrinkage_raked
757,48,true,0.000000000099,0.003885230124,true,true,2022,T1_no_point_shrinkage_raked
758,45,true,0.000000000074,0.001775929039,true,true,2022,T1_no_point_shrinkage_raked
759,55,true,0.000000000076,0.004289669394,true,true,2022,T1_no_point_shrinkage_raked
760,46,true,0.000000000081,0.004361671708,true,true,2022,T1_no_point_shrinkage_raked
761,49,true,0.000000000076,0.004113287353,true,true,2022,T1_no_point_shrinkage_raked
762,48,true,0.000000000095,0.001329226877,true,true,2022,T1_no_point_shrinkage_raked
763,48,true,0.000000000078,0.002904542934,true,true,2022,T1_no_point_shrinkage_raked
764,51,true,0.000000000073,0.005507790974,true,true,2022,T1_no_point_shrinkage_raked
765,45,true,0.000000000083,0.003613916027,true,true,2022,T1_no_point_shrinkage_raked
766,47,true,0.000000000082,0.002229515874,true,true,2022,T1_no_point_shrinkage_raked
767,46,true,0.000000000073,0.002625365919,true,true,2022,T1_no_point_shrinkage_raked
768,56,true,0.000000000099,0.003182215009,true,true,2022,T1_no_point_shrinkage_raked
769,47,true,0.000000000096,0.001696791323,true,true,2022,T1_no_point_shrinkage_raked
770,55,true,0.000000000087,0.005465523185,true,true,2022,T1_no_point_shrinkage_raked
771,49,true,0.000000000078,0.006617362543,true,true,2022,T1_no_point_shrinkage_raked
772,53,true,0.000000000074,0.004285310956,true,true,2022,T1_no_point_shrinkage_raked
773,52,true,0.000000000077,0.002801268522,true,true,2022,T1_no_point_shrinkage_raked
774,47,true,0.000000000085,0.004949239190,true,true,2022,T1_no_point_shrinkage_raked
775,49,true,0.000000000072,0.006250860930,true,true,2022,T1_no_point_shrinkage_raked
776,54,true,0.000000000086,0.003100450770,true,true,2022,T1_no_point_shrinkage_raked
777,56,true,0.000000000098,0.007413166947,true,true,2022,T1_no_point_shrinkage_raked
778,52,true,0.000000000095,0.004627250524,true,true,2022,T1_no_point_shrinkage_raked
779,46,true,0.000000000080,0.002976354262,true,true,2022,T1_no_point_shrinkage_raked
780,56,true,0.000000000098,0.004366414006,true,true,2022,T1_no_point_shrinkage_raked
781,52,true,0.000000000095,0.004173776013,true,true,2022,T1_no_point_shrinkage_raked
782,46,true,0.000000000090,0.004428834639,true,true,2022,T1_no_point_shrinkage_raked
783,47,true,0.000000000083,0.002531268493,true,true,2022,T1_no_point_shrinkage_raked
784,50,true,0.000000000097,0.003072802568,true,true,2022,T1_no_point_shrinkage_raked
785,57,true,0.000000000076,0.003523439545,true,true,2022,T1_no_point_shrinkage_raked
786,53,true,0.000000000098,0.005179076866,true,true,2022,T1_no_point_shrinkage_raked
787,52,true,0.000000000075,0.002543361814,true,true,2022,T1_no_point_shrinkage_raked
788,52,true,0.000000000087,0.002584243321,true,true,2022,T1_no_point_shrinkage_raked
789,46,true,0.000000000077,0.004510913769,true,true,2022,T1_no_point_shrinkage_raked
790,53,true,0.000000000079,0.002963403230,true,true,2022,T1_no_point_shrinkage_raked
791,50,true,0.000000000084,0.003371420889,true,true,2022,T1_no_point_shrinkage_raked
792,46,true,0.000000000095,0.003358392777,true,true,2022,T1_no_point_shrinkage_raked
793,42,true,0.000000000079,0.004288395459,true,true,2022,T1_no_point_shrinkage_raked
794,47,true,0.000000000079,0.002768364004,true,true,2022,T1_no_point_shrinkage_raked
795,53,true,0.000000000090,0.005914168300,true,true,2022,T1_no_point_shrinkage_raked
796,54,true,0.000000000085,0.005495161112,true,true,2022,T1_no_point_shrinkage_raked
797,52,true,0.000000000073,0.004042471598,true,true,2022,T1_no_point_shrinkage_raked
798,47,true,0.000000000081,0.005111179372,true,true,2022,T1_no_point_shrinkage_raked
799,52,true,0.000000000087,0.003218648978,true,true,2022,T1_no_point_shrinkage_raked
800,53,true,0.000000000085,0.002302677388,true,true,2022,T1_no_point_shrinkage_raked
801,57,true,0.000000000076,0.009316634812,true,true,2022,T1_no_point_shrinkage_raked
802,53,true,0.000000000090,0.002385191025,true,true,2022,T1_no_point_shrinkage_raked
803,49,true,0.000000000079,0.002878989673,true,true,2022,T1_no_point_shrinkage_raked
804,45,true,0.000000000075,0.003155050869,true,true,2022,T1_no_point_shrinkage_raked
805,43,true,0.000000000076,0.002739405213,true,true,2022,T1_no_point_shrinkage_raked
806,51,true,0.000000000086,0.002589417123,true,true,2022,T1_no_point_shrinkage_raked
807,44,true,0.000000000096,0.005167097423,true,true,2022,T1_no_point_shrinkage_raked
808,43,true,0.000000000073,0.003088004389,true,true,2022,T1_no_point_shrinkage_raked
809,45,true,0.000000000077,0.002391224544,true,true,2022,T1_no_point_shrinkage_raked
810,47,true,0.000000000087,0.003580780127,true,true,2022,T1_no_point_shrinkage_raked
811,46,true,0.000000000097,0.003136257910,true,true,2022,T1_no_point_shrinkage_raked
812,48,true,0.000000000075,0.005318699182,true,true,2022,T1_no_point_shrinkage_raked
813,52,true,0.000000000078,0.001062717910,true,true,2022,T1_no_point_shrinkage_raked
814,37,true,0.000000000071,0.005836798948,true,true,2022,T1_no_point_shrinkage_raked
815,52,true,0.000000000084,0.004498024828,true,true,2022,T1_no_point_shrinkage_raked
816,48,true,0.000000000073,0.007737871540,true,true,2022,T1_no_point_shrinkage_raked
817,57,true,0.000000000092,0.006669353717,true,true,2022,T1_no_point_shrinkage_raked
818,52,true,0.000000000095,0.002744659526,true,true,2022,T1_no_point_shrinkage_raked
819,55,true,0.000000000079,0.004977950605,true,true,2022,T1_no_point_shrinkage_raked
820,51,true,0.000000000073,0.003552279492,true,true,2022,T1_no_point_shrinkage_raked
821,51,true,0.000000000075,0.004482148540,true,true,2022,T1_no_point_shrinkage_raked
822,56,true,0.000000000079,0.007267700894,true,true,2022,T1_no_point_shrinkage_raked
823,55,true,0.000000000085,0.003632762232,true,true,2022,T1_no_point_shrinkage_raked
824,47,true,0.000000000094,0.005824115811,true,true,2022,T1_no_point_shrinkage_raked
825,50,true,0.000000000075,0.003621840045,true,true,2022,T1_no_point_shrinkage_raked
826,39,true,0.000000000070,0.002959753884,true,true,2022,T1_no_point_shrinkage_raked
827,48,true,0.000000000076,0.003215033386,true,true,2022,T1_no_point_shrinkage_raked
828,53,true,0.000000000086,0.005880169614,true,true,2022,T1_no_point_shrinkage_raked
829,54,true,0.000000000093,0.004913284811,true,true,2022,T1_no_point_shrinkage_raked
830,53,true,0.000000000083,0.003685152489,true,true,2022,T1_no_point_shrinkage_raked
831,50,true,0.000000000084,0.006789713985,true,true,2022,T1_no_point_shrinkage_raked
832,49,true,0.000000000073,0.007278577788,true,true,2022,T1_no_point_shrinkage_raked
833,57,true,0.000000000094,0.002406393662,true,true,2022,T1_no_point_shrinkage_raked
834,49,true,0.000000000087,0.005193752191,true,true,2022,T1_no_point_shrinkage_raked
835,40,true,0.000000000070,0.003584458579,true,true,2022,T1_no_point_shrinkage_raked
836,51,true,0.000000000078,0.003333596835,true,true,2022,T1_no_point_shrinkage_raked
837,52,true,0.000000000076,0.001162390979,true,true,2022,T1_no_point_shrinkage_raked
838,48,true,0.000000000078,0.005225623341,true,true,2022,T1_no_point_shrinkage_raked
839,50,true,0.000000000087,0.002417634420,true,true,2022,T1_no_point_shrinkage_raked
840,52,true,0.000000000089,0.006446856327,true,true,2022,T1_no_point_shrinkage_raked
841,47,true,0.000000000090,0.005048861593,true,true,2022,T1_no_point_shrinkage_raked
842,46,true,0.000000000087,0.004570103129,true,true,2022,T1_no_point_shrinkage_raked
843,54,true,0.000000000072,0.003396462172,true,true,2022,T1_no_point_shrinkage_raked
844,50,true,0.000000000089,0.005031177097,true,true,2022,T1_no_point_shrinkage_raked
845,50,true,0.000000000079,0.003055035279,true,true,2022,T1_no_point_shrinkage_raked
846,57,true,0.000000000074,0.003723584056,true,true,2022,T1_no_point_shrinkage_raked
847,51,true,0.000000000075,0.005957846406,true,true,2022,T1_no_point_shrinkage_raked
848,52,true,0.000000000080,0.006307387526,true,true,2022,T1_no_point_shrinkage_raked
849,42,true,0.000000000089,0.004492967435,true,true,2022,T1_no_point_shrinkage_raked
850,56,true,0.000000000094,0.003443519289,true,true,2022,T1_no_point_shrinkage_raked
851,53,true,0.000000000094,0.001656177294,true,true,2022,T1_no_point_shrinkage_raked
852,46,true,0.000000000097,0.003767783279,true,true,2022,T1_no_point_shrinkage_raked
853,53,true,0.000000000091,0.005874296887,true,true,2022,T1_no_point_shrinkage_raked
854,51,true,0.000000000077,0.001633162194,true,true,2022,T1_no_point_shrinkage_raked
855,53,true,0.000000000095,0.001831669475,true,true,2022,T1_no_point_shrinkage_raked
856,38,true,0.000000000098,0.001667042142,true,true,2022,T1_no_point_shrinkage_raked
857,52,true,0.000000000084,0.004756638563,true,true,2022,T1_no_point_shrinkage_raked
858,56,true,0.000000000073,0.003840480243,true,true,2022,T1_no_point_shrinkage_raked
859,50,true,0.000000000094,0.003766088178,true,true,2022,T1_no_point_shrinkage_raked
860,41,true,0.000000000071,0.003191911730,true,true,2022,T1_no_point_shrinkage_raked
861,49,true,0.000000000092,0.002075183549,true,true,2022,T1_no_point_shrinkage_raked
862,45,true,0.000000000099,0.002441232993,true,true,2022,T1_no_point_shrinkage_raked
863,48,true,0.000000000090,0.002921368560,true,true,2022,T1_no_point_shrinkage_raked
864,57,true,0.000000000073,0.004810758040,true,true,2022,T1_no_point_shrinkage_raked
865,49,true,0.000000000095,0.003456587006,true,true,2022,T1_no_point_shrinkage_raked
866,58,true,0.000000000085,0.006293491024,true,true,2022,T1_no_point_shrinkage_raked
867,45,true,0.000000000091,0.004615037085,true,true,2022,T1_no_point_shrinkage_raked
868,44,true,0.000000000068,0.005022998762,true,true,2022,T1_no_point_shrinkage_raked
869,48,true,0.000000000091,0.004708576702,true,true,2022,T1_no_point_shrinkage_raked
870,48,true,0.000000000095,0.002559039383,true,true,2022,T1_no_point_shrinkage_raked
871,49,true,0.000000000090,0.003728730995,true,true,2022,T1_no_point_shrinkage_raked
872,54,true,0.000000000098,0.004807647575,true,true,2022,T1_no_point_shrinkage_raked
873,52,true,0.000000000096,0.006103587090,true,true,2022,T1_no_point_shrinkage_raked
874,53,true,0.000000000079,0.002603937281,true,true,2022,T1_no_point_shrinkage_raked
875,52,true,0.000000000087,0.004581258196,true,true,2022,T1_no_point_shrinkage_raked
876,49,true,0.000000000079,0.005421327436,true,true,2022,T1_no_point_shrinkage_raked
877,57,true,0.000000000097,0.005147561947,true,true,2022,T1_no_point_shrinkage_raked
878,49,true,0.000000000075,0.003022328927,true,true,2022,T1_no_point_shrinkage_raked
879,53,true,0.000000000089,0.004970953762,true,true,2022,T1_no_point_shrinkage_raked
880,52,true,0.000000000086,0.003604577307,true,true,2022,T1_no_point_shrinkage_raked
881,47,true,0.000000000075,0.005179374434,true,true,2022,T1_no_point_shrinkage_raked
882,44,true,0.000000000087,0.003837158250,true,true,2022,T1_no_point_shrinkage_raked
883,48,true,0.000000000078,0.002544400816,true,true,2022,T1_no_point_shrinkage_raked
884,52,true,0.000000000076,0.004810423228,true,true,2022,T1_no_point_shrinkage_raked
885,48,true,0.000000000092,0.004892177888,true,true,2022,T1_no_point_shrinkage_raked
886,41,true,0.000000000075,0.004710960482,true,true,2022,T1_no_point_shrinkage_raked
887,61,true,0.000000000099,0.002988219210,true,true,2022,T1_no_point_shrinkage_raked
888,48,true,0.000000000082,0.004251890289,true,true,2022,T1_no_point_shrinkage_raked
889,51,true,0.000000000090,0.003882643202,true,true,2022,T1_no_point_shrinkage_raked
890,55,true,0.000000000076,0.002944587608,true,true,2022,T1_no_point_shrinkage_raked
891,47,true,0.000000000075,0.006157365201,true,true,2022,T1_no_point_shrinkage_raked
892,51,true,0.000000000093,0.004488249933,true,true,2022,T1_no_point_shrinkage_raked
893,53,true,0.000000000075,0.005755548565,true,true,2022,T1_no_point_shrinkage_raked
894,54,true,0.000000000085,0.005213427430,true,true,2022,T1_no_point_shrinkage_raked
895,56,true,0.000000000074,0.002254231840,true,true,2022,T1_no_point_shrinkage_raked
896,51,true,0.000000000089,0.006142827520,true,true,2022,T1_no_point_shrinkage_raked
897,50,true,0.000000000085,0.003489083024,true,true,2022,T1_no_point_shrinkage_raked
898,50,true,0.000000000094,0.003346851383,true,true,2022,T1_no_point_shrinkage_raked
899,50,true,0.000000000082,0.004298105429,true,true,2022,T1_no_point_shrinkage_raked
900,47,true,0.000000000084,0.004476942967,true,true,2022,T1_no_point_shrinkage_raked
901,45,true,0.000000000088,0.004488990573,true,true,2022,T1_no_point_shrinkage_raked
902,50,true,0.000000000077,0.002903146072,true,true,2022,T1_no_point_shrinkage_raked
903,52,true,0.000000000074,0.003042683260,true,true,2022,T1_no_point_shrinkage_raked
904,50,true,0.000000000099,0.002814957880,true,true,2022,T1_no_point_shrinkage_raked
905,48,true,0.000000000085,0.002463046183,true,true,2022,T1_no_point_shrinkage_raked
906,53,true,0.000000000093,0.001657630667,true,true,2022,T1_no_point_shrinkage_raked
907,48,true,0.000000000079,0.002983805085,true,true,2022,T1_no_point_shrinkage_raked
908,47,true,0.000000000078,0.004262735296,true,true,2022,T1_no_point_shrinkage_raked
909,47,true,0.000000000086,0.002659927394,true,true,2022,T1_no_point_shrinkage_raked
910,47,true,0.000000000082,0.002663170149,true,true,2022,T1_no_point_shrinkage_raked
911,52,true,0.000000000097,0.006148199879,true,true,2022,T1_no_point_shrinkage_raked
912,49,true,0.000000000077,0.003413388824,true,true,2022,T1_no_point_shrinkage_raked
913,42,true,0.000000000075,0.002391634880,true,true,2022,T1_no_point_shrinkage_raked
914,50,true,0.000000000089,0.004441199999,true,true,2022,T1_no_point_shrinkage_raked
915,46,true,0.000000000078,0.003639166232,true,true,2022,T1_no_point_shrinkage_raked
916,49,true,0.000000000084,0.003891052514,true,true,2022,T1_no_point_shrinkage_raked
917,43,true,0.000000000078,0.004817904160,true,true,2022,T1_no_point_shrinkage_raked
918,50,true,0.000000000081,0.004222506606,true,true,2022,T1_no_point_shrinkage_raked
919,54,true,0.000000000077,0.004705600202,true,true,2022,T1_no_point_shrinkage_raked
920,52,true,0.000000000099,0.002473718946,true,true,2022,T1_no_point_shrinkage_raked
921,47,true,0.000000000084,0.004387436805,true,true,2022,T1_no_point_shrinkage_raked
922,53,true,0.000000000095,0.003562048284,true,true,2022,T1_no_point_shrinkage_raked
923,53,true,0.000000000084,0.004050329714,true,true,2022,T1_no_point_shrinkage_raked
924,58,true,0.000000000090,0.003318047019,true,true,2022,T1_no_point_shrinkage_raked
925,45,true,0.000000000072,0.004977637657,true,true,2022,T1_no_point_shrinkage_raked
926,54,true,0.000000000088,0.003796184401,true,true,2022,T1_no_point_shrinkage_raked
927,55,true,0.000000000079,0.004976601727,true,true,2022,T1_no_point_shrinkage_raked
928,54,true,0.000000000086,0.004871147142,true,true,2022,T1_no_point_shrinkage_raked
929,46,true,0.000000000084,0.005498958545,true,true,2022,T1_no_point_shrinkage_raked
930,49,true,0.000000000091,0.001654694885,true,true,2022,T1_no_point_shrinkage_raked
931,50,true,0.000000000079,0.002092747714,true,true,2022,T1_no_point_shrinkage_raked
932,44,true,0.000000000091,0.004696255462,true,true,2022,T1_no_point_shrinkage_raked
933,47,true,0.000000000097,0.002494575281,true,true,2022,T1_no_point_shrinkage_raked
934,51,true,0.000000000094,0.002341085107,true,true,2022,T1_no_point_shrinkage_raked
935,57,true,0.000000000076,0.004427294962,true,true,2022,T1_no_point_shrinkage_raked
936,50,true,0.000000000095,0.007097855321,true,true,2022,T1_no_point_shrinkage_raked
937,50,true,0.000000000096,0.002630468686,true,true,2022,T1_no_point_shrinkage_raked
938,51,true,0.000000000076,0.003414881644,true,true,2022,T1_no_point_shrinkage_raked
939,47,true,0.000000000079,0.005508849144,true,true,2022,T1_no_point_shrinkage_raked
940,53,true,0.000000000083,0.003282091569,true,true,2022,T1_no_point_shrinkage_raked
941,51,true,0.000000000073,0.003929243438,true,true,2022,T1_no_point_shrinkage_raked
942,48,true,0.000000000078,0.001332565884,true,true,2022,T1_no_point_shrinkage_raked
943,48,true,0.000000000098,0.003689163488,true,true,2022,T1_no_point_shrinkage_raked
944,52,true,0.000000000082,0.004055514823,true,true,2022,T1_no_point_shrinkage_raked
945,49,true,0.000000000083,0.001896848708,true,true,2022,T1_no_point_shrinkage_raked
946,54,true,0.000000000091,0.004618064975,true,true,2022,T1_no_point_shrinkage_raked
947,52,true,0.000000000076,0.003371990965,true,true,2022,T1_no_point_shrinkage_raked
948,49,true,0.000000000084,0.003816981318,true,true,2022,T1_no_point_shrinkage_raked
949,52,true,0.000000000094,0.004133668009,true,true,2022,T1_no_point_shrinkage_raked
950,43,true,0.000000000072,0.002306832994,true,true,2022,T1_no_point_shrinkage_raked
951,58,true,0.000000000077,0.004444499896,true,true,2022,T1_no_point_shrinkage_raked
952,47,true,0.000000000076,0.005514507575,true,true,2022,T1_no_point_shrinkage_raked
953,54,true,0.000000000089,0.003564537957,true,true,2022,T1_no_point_shrinkage_raked
954,50,true,0.000000000077,0.002714291863,true,true,2022,T1_no_point_shrinkage_raked
955,53,true,0.000000000089,0.003861706915,true,true,2022,T1_no_point_shrinkage_raked
956,52,true,0.000000000093,0.005342195640,true,true,2022,T1_no_point_shrinkage_raked
957,45,true,0.000000000084,0.001956559450,true,true,2022,T1_no_point_shrinkage_raked
958,53,true,0.000000000095,0.004966545548,true,true,2022,T1_no_point_shrinkage_raked
959,52,true,0.000000000090,0.003802724719,true,true,2022,T1_no_point_shrinkage_raked
960,49,true,0.000000000071,0.003537871716,true,true,2022,T1_no_point_shrinkage_raked
961,51,true,0.000000000091,0.003894283139,true,true,2022,T1_no_point_shrinkage_raked
962,49,true,0.000000000092,0.006934303382,true,true,2022,T1_no_point_shrinkage_raked
963,47,true,0.000000000074,0.001598738875,true,true,2022,T1_no_point_shrinkage_raked
964,46,true,0.000000000086,0.004519460818,true,true,2022,T1_no_point_shrinkage_raked
965,55,true,0.000000000075,0.003695226626,true,true,2022,T1_no_point_shrinkage_raked
966,39,true,0.000000000091,0.003188540650,true,true,2022,T1_no_point_shrinkage_raked
967,46,true,0.000000000072,0.003785747307,true,true,2022,T1_no_point_shrinkage_raked
968,45,true,0.000000000074,0.003019290212,true,true,2022,T1_no_point_shrinkage_raked
969,51,true,0.000000000087,0.003709326187,true,true,2022,T1_no_point_shrinkage_raked
970,49,true,0.000000000095,0.003065293189,true,true,2022,T1_no_point_shrinkage_raked
971,44,true,0.000000000071,0.003433686663,true,true,2022,T1_no_point_shrinkage_raked
972,50,true,0.000000000083,0.003299977684,true,true,2022,T1_no_point_shrinkage_raked
973,49,true,0.000000000075,0.005560985698,true,true,2022,T1_no_point_shrinkage_raked
974,49,true,0.000000000085,0.002512933113,true,true,2022,T1_no_point_shrinkage_raked
975,51,true,0.000000000090,0.003101466410,true,true,2022,T1_no_point_shrinkage_raked
976,51,true,0.000000000077,0.004679992305,true,true,2022,T1_no_point_shrinkage_raked
977,51,true,0.000000000074,0.004860575226,true,true,2022,T1_no_point_shrinkage_raked
978,48,true,0.000000000074,0.002926759640,true,true,2022,T1_no_point_shrinkage_raked
979,45,true,0.000000000085,0.001014799005,true,true,2022,T1_no_point_shrinkage_raked
980,46,true,0.000000000080,0.003329107823,true,true,2022,T1_no_point_shrinkage_raked
981,55,true,0.000000000075,0.004702937699,true,true,2022,T1_no_point_shrinkage_raked
982,55,true,0.000000000096,0.002762998899,true,true,2022,T1_no_point_shrinkage_raked
983,48,true,0.000000000075,0.005295673216,true,true,2022,T1_no_point_shrinkage_raked
984,43,true,0.000000000100,0.006323067186,true,true,2022,T1_no_point_shrinkage_raked
985,51,true,0.000000000080,0.002894408723,true,true,2022,T1_no_point_shrinkage_raked
986,48,true,0.000000000089,0.003600964553,true,true,2022,T1_no_point_shrinkage_raked
987,48,true,0.000000000076,0.003036758687,true,true,2022,T1_no_point_shrinkage_raked
988,56,true,0.000000000093,0.004099085476,true,true,2022,T1_no_point_shrinkage_raked
989,38,true,0.000000000087,0.005630374607,true,true,2022,T1_no_point_shrinkage_raked
990,52,true,0.000000000089,0.004775032825,true,true,2022,T1_no_point_shrinkage_raked
991,53,true,0.000000000080,0.003435413378,true,true,2022,T1_no_point_shrinkage_raked
992,51,true,0.000000000096,0.001493515892,true,true,2022,T1_no_point_shrinkage_raked
993,51,true,0.000000000086,0.004473041678,true,true,2022,T1_no_point_shrinkage_raked
994,56,true,0.000000000077,0.003446205642,true,true,2022,T1_no_point_shrinkage_raked
995,52,true,0.000000000075,0.003422520774,true,true,2022,T1_no_point_shrinkage_raked
996,50,true,0.000000000094,0.005586337706,true,true,2022,T1_no_point_shrinkage_raked
997,46,true,0.000000000097,0.004317491376,true,true,2022,T1_no_point_shrinkage_raked
998,57,true,0.000000000081,0.003944148870,true,true,2022,T1_no_point_shrinkage_raked
999,45,true,0.000000000089,0.003201226336,true,true,2022,T1_no_point_shrinkage_raked
1000,48,true,0.000000000090,0.004632499600,true,true,2022,T1_no_point_shrinkage_raked
1001,47,true,0.000000000084,0.004185020839,true,true,2022,T1_no_point_shrinkage_raked
1002,52,true,0.000000000097,0.003157443182,true,true,2022,T1_no_point_shrinkage_raked
1003,48,true,0.000000000085,0.002893726530,true,true,2022,T1_no_point_shrinkage_raked
1004,44,true,0.000000000072,0.003090912276,true,true,2022,T1_no_point_shrinkage_raked
1005,48,true,0.000000000097,0.005273187653,true,true,2022,T1_no_point_shrinkage_raked
1006,50,true,0.000000000092,0.002578553134,true,true,2022,T1_no_point_shrinkage_raked
1007,53,true,0.000000000086,0.005184086933,true,true,2022,T1_no_point_shrinkage_raked
1008,40,true,0.000000000079,0.004940201397,true,true,2022,T1_no_point_shrinkage_raked
1009,50,true,0.000000000071,0.005614390402,true,true,2022,T1_no_point_shrinkage_raked
1010,49,true,0.000000000094,0.005510679289,true,true,2022,T1_no_point_shrinkage_raked
1011,49,true,0.000000000096,0.006738726703,true,true,2022,T1_no_point_shrinkage_raked
1012,55,true,0.000000000073,0.002145013241,true,true,2022,T1_no_point_shrinkage_raked
1013,47,true,0.000000000082,0.005249084241,true,true,2022,T1_no_point_shrinkage_raked
1014,50,true,0.000000000089,0.004868811751,true,true,2022,T1_no_point_shrinkage_raked
1015,57,true,0.000000000081,0.002444965820,true,true,2022,T1_no_point_shrinkage_raked
1016,51,true,0.000000000074,0.004759847145,true,true,2022,T1_no_point_shrinkage_raked
1017,51,true,0.000000000077,0.004446285175,true,true,2022,T1_no_point_shrinkage_raked
1018,48,true,0.000000000080,0.002954367476,true,true,2022,T1_no_point_shrinkage_raked
1019,46,true,0.000000000099,0.003900555931,true,true,2022,T1_no_point_shrinkage_raked
1020,53,true,0.000000000082,0.004795412175,true,true,2022,T1_no_point_shrinkage_raked
1021,49,true,0.000000000091,0.002975774194,true,true,2022,T1_no_point_shrinkage_raked
1022,52,true,0.000000000097,0.004521000453,true,true,2022,T1_no_point_shrinkage_raked
1023,40,true,0.000000000072,0.005433900601,true,true,2022,T1_no_point_shrinkage_raked
1024,54,true,0.000000000090,0.002235736365,true,true,2022,T1_no_point_shrinkage_raked
1025,42,true,0.000000000085,0.004734113079,true,true,2022,T1_no_point_shrinkage_raked
1026,43,true,0.000000000089,0.002868845970,true,true,2022,T1_no_point_shrinkage_raked
1027,46,true,0.000000000083,0.002842060214,true,true,2022,T1_no_point_shrinkage_raked
1028,48,true,0.000000000097,0.005690532351,true,true,2022,T1_no_point_shrinkage_raked
1029,64,true,0.000000000091,0.005628904262,true,true,2022,T1_no_point_shrinkage_raked
1030,45,true,0.000000000096,0.002694551186,true,true,2022,T1_no_point_shrinkage_raked
1031,50,true,0.000000000071,0.003456612776,true,true,2022,T1_no_point_shrinkage_raked
1032,54,true,0.000000000083,0.005259825378,true,true,2022,T1_no_point_shrinkage_raked
1033,50,true,0.000000000081,0.003181155483,true,true,2022,T1_no_point_shrinkage_raked
1034,53,true,0.000000000092,0.001955725453,true,true,2022,T1_no_point_shrinkage_raked
1035,45,true,0.000000000087,0.004732347957,true,true,2022,T1_no_point_shrinkage_raked
1036,47,true,0.000000000075,0.005090349336,true,true,2022,T1_no_point_shrinkage_raked
1037,57,true,0.000000000081,0.005140128140,true,true,2022,T1_no_point_shrinkage_raked
1038,45,true,0.000000000088,0.004388909258,true,true,2022,T1_no_point_shrinkage_raked
1039,51,true,0.000000000096,0.003769685835,true,true,2022,T1_no_point_shrinkage_raked
1040,50,true,0.000000000076,0.005324006569,true,true,2022,T1_no_point_shrinkage_raked
1041,52,true,0.000000000097,0.006227990269,true,true,2022,T1_no_point_shrinkage_raked
1042,50,true,0.000000000078,0.002575462492,true,true,2022,T1_no_point_shrinkage_raked
1043,48,true,0.000000000096,0.005475035285,true,true,2022,T1_no_point_shrinkage_raked
1044,44,true,0.000000000087,0.002619376101,true,true,2022,T1_no_point_shrinkage_raked
1045,58,true,0.000000000077,0.002539514729,true,true,2022,T1_no_point_shrinkage_raked
1046,47,true,0.000000000082,0.003043307772,true,true,2022,T1_no_point_shrinkage_raked
1047,53,true,0.000000000080,0.002370387627,true,true,2022,T1_no_point_shrinkage_raked
1048,49,true,0.000000000081,0.003126667761,true,true,2022,T1_no_point_shrinkage_raked
1049,61,true,0.000000000089,0.006137182392,true,true,2022,T1_no_point_shrinkage_raked
1050,55,true,0.000000000099,0.002820947556,true,true,2022,T1_no_point_shrinkage_raked
1051,47,true,0.000000000079,0.002163616672,true,true,2022,T1_no_point_shrinkage_raked
1052,47,true,0.000000000079,0.004056967314,true,true,2022,T1_no_point_shrinkage_raked
1053,54,true,0.000000000079,0.004324187347,true,true,2022,T1_no_point_shrinkage_raked
1054,45,true,0.000000000084,0.003329359764,true,true,2022,T1_no_point_shrinkage_raked
1055,60,true,0.000000000087,0.003685520945,true,true,2022,T1_no_point_shrinkage_raked
1056,53,true,0.000000000087,0.001913479149,true,true,2022,T1_no_point_shrinkage_raked
1057,54,true,0.000000000083,0.002575776420,true,true,2022,T1_no_point_shrinkage_raked
1058,48,true,0.000000000081,0.005613604445,true,true,2022,T1_no_point_shrinkage_raked
1059,51,true,0.000000000100,0.005521191785,true,true,2022,T1_no_point_shrinkage_raked
1060,52,true,0.000000000089,0.003607768882,true,true,2022,T1_no_point_shrinkage_raked
1061,47,true,0.000000000099,0.002071708910,true,true,2022,T1_no_point_shrinkage_raked
1062,56,true,0.000000000088,0.004505162578,true,true,2022,T1_no_point_shrinkage_raked
1063,53,true,0.000000000080,0.003671790492,true,true,2022,T1_no_point_shrinkage_raked
1064,38,true,0.000000000084,0.002012706846,true,true,2022,T1_no_point_shrinkage_raked
1065,47,true,0.000000000085,0.003824823101,true,true,2022,T1_no_point_shrinkage_raked
1066,48,true,0.000000000081,0.005228507417,true,true,2022,T1_no_point_shrinkage_raked
1067,50,true,0.000000000076,0.001831626807,true,true,2022,T1_no_point_shrinkage_raked
1068,53,true,0.000000000094,0.004417226417,true,true,2022,T1_no_point_shrinkage_raked
1069,48,true,0.000000000100,0.006618110337,true,true,2022,T1_no_point_shrinkage_raked
1070,47,true,0.000000000097,0.003212068653,true,true,2022,T1_no_point_shrinkage_raked
1071,45,true,0.000000000083,0.003352804446,true,true,2022,T1_no_point_shrinkage_raked
1072,52,true,0.000000000074,0.004256812372,true,true,2022,T1_no_point_shrinkage_raked
1073,49,true,0.000000000087,0.002940556582,true,true,2022,T1_no_point_shrinkage_raked
1074,49,true,0.000000000082,0.005990008659,true,true,2022,T1_no_point_shrinkage_raked
1075,49,true,0.000000000087,0.003748165637,true,true,2022,T1_no_point_shrinkage_raked
1076,47,true,0.000000000073,0.003850995545,true,true,2022,T1_no_point_shrinkage_raked
1077,49,true,0.000000000073,0.005094136665,true,true,2022,T1_no_point_shrinkage_raked
1078,48,true,0.000000000098,0.001712851694,true,true,2022,T1_no_point_shrinkage_raked
1079,50,true,0.000000000093,0.004534433250,true,true,2022,T1_no_point_shrinkage_raked
1080,51,true,0.000000000079,0.001649490754,true,true,2022,T1_no_point_shrinkage_raked
1081,48,true,0.000000000073,0.002902272292,true,true,2022,T1_no_point_shrinkage_raked
1082,49,true,0.000000000096,0.002875003507,true,true,2022,T1_no_point_shrinkage_raked
1083,51,true,0.000000000077,0.004677970775,true,true,2022,T1_no_point_shrinkage_raked
1084,48,true,0.000000000097,0.003607782862,true,true,2022,T1_no_point_shrinkage_raked
1085,50,true,0.000000000077,0.002047550487,true,true,2022,T1_no_point_shrinkage_raked
1086,47,true,0.000000000080,0.003583359063,true,true,2022,T1_no_point_shrinkage_raked
1087,46,true,0.000000000091,0.002163830554,true,true,2022,T1_no_point_shrinkage_raked
1088,48,true,0.000000000076,0.002818748450,true,true,2022,T1_no_point_shrinkage_raked
1089,50,true,0.000000000084,0.002572595071,true,true,2022,T1_no_point_shrinkage_raked
1090,48,true,0.000000000096,0.004208647406,true,true,2022,T1_no_point_shrinkage_raked
1091,50,true,0.000000000100,0.003446382609,true,true,2022,T1_no_point_shrinkage_raked
1092,55,true,0.000000000100,0.002773578054,true,true,2022,T1_no_point_shrinkage_raked
1093,51,true,0.000000000077,0.006316604626,true,true,2022,T1_no_point_shrinkage_raked
1094,52,true,0.000000000074,0.002150874664,true,true,2022,T1_no_point_shrinkage_raked
1095,53,true,0.000000000099,0.001826390149,true,true,2022,T1_no_point_shrinkage_raked
1096,52,true,0.000000000074,0.001915951929,true,true,2022,T1_no_point_shrinkage_raked
1097,48,true,0.000000000077,0.004243408996,true,true,2022,T1_no_point_shrinkage_raked
1098,48,true,0.000000000087,0.003945118300,true,true,2022,T1_no_point_shrinkage_raked
1099,43,true,0.000000000073,0.001266245674,true,true,2022,T1_no_point_shrinkage_raked
1100,47,true,0.000000000075,0.003525540846,true,true,2022,T1_no_point_shrinkage_raked
1101,55,true,0.000000000081,0.003602539902,true,true,2022,T1_no_point_shrinkage_raked
1102,54,true,0.000000000099,0.002977371841,true,true,2022,T1_no_point_shrinkage_raked
1103,48,true,0.000000000076,0.002573826808,true,true,2022,T1_no_point_shrinkage_raked
1104,48,true,0.000000000092,0.002137449986,true,true,2022,T1_no_point_shrinkage_raked
1105,53,true,0.000000000087,0.004100403219,true,true,2022,T1_no_point_shrinkage_raked
1106,45,true,0.000000000077,0.004711617093,true,true,2022,T1_no_point_shrinkage_raked
1107,54,true,0.000000000098,0.003445979951,true,true,2022,T1_no_point_shrinkage_raked
1108,48,true,0.000000000073,0.003910678833,true,true,2022,T1_no_point_shrinkage_raked
1109,49,true,0.000000000072,0.002772127648,true,true,2022,T1_no_point_shrinkage_raked
1110,62,true,0.000000000088,0.003530424565,true,true,2022,T1_no_point_shrinkage_raked
1111,57,true,0.000000000099,0.004642113242,true,true,2022,T1_no_point_shrinkage_raked
1112,48,true,0.000000000086,0.003486055447,true,true,2022,T1_no_point_shrinkage_raked
1113,48,true,0.000000000071,0.003125600821,true,true,2022,T1_no_point_shrinkage_raked
1114,37,true,0.000000000087,0.003329157924,true,true,2022,T1_no_point_shrinkage_raked
1115,45,true,0.000000000091,0.003368797591,true,true,2022,T1_no_point_shrinkage_raked
1116,53,true,0.000000000083,0.004205905859,true,true,2022,T1_no_point_shrinkage_raked
1117,40,true,0.000000000087,0.001871562037,true,true,2022,T1_no_point_shrinkage_raked
1118,47,true,0.000000000080,0.001970526145,true,true,2022,T1_no_point_shrinkage_raked
1119,44,true,0.000000000082,0.002981994161,true,true,2022,T1_no_point_shrinkage_raked
1120,45,true,0.000000000078,0.002907831837,true,true,2022,T1_no_point_shrinkage_raked
1121,55,true,0.000000000099,0.004090178373,true,true,2022,T1_no_point_shrinkage_raked
1122,50,true,0.000000000079,0.002183130369,true,true,2022,T1_no_point_shrinkage_raked
1123,56,true,0.000000000087,0.005285101263,true,true,2022,T1_no_point_shrinkage_raked
1124,45,true,0.000000000083,0.003259546368,true,true,2022,T1_no_point_shrinkage_raked
1125,46,true,0.000000000074,0.001297380087,true,true,2022,T1_no_point_shrinkage_raked
1126,47,true,0.000000000086,0.002182642283,true,true,2022,T1_no_point_shrinkage_raked
1127,50,true,0.000000000083,0.002349117087,true,true,2022,T1_no_point_shrinkage_raked
1128,47,true,0.000000000072,0.005034144931,true,true,2022,T1_no_point_shrinkage_raked
1129,39,true,0.000000000074,0.002969558296,true,true,2022,T1_no_point_shrinkage_raked
1130,50,true,0.000000000098,0.005642410132,true,true,2022,T1_no_point_shrinkage_raked
1131,48,true,0.000000000083,0.005610932706,true,true,2022,T1_no_point_shrinkage_raked
1132,56,true,0.000000000097,0.004145159504,true,true,2022,T1_no_point_shrinkage_raked
1133,50,true,0.000000000073,0.005976560941,true,true,2022,T1_no_point_shrinkage_raked
1134,53,true,0.000000000092,0.005348006689,true,true,2022,T1_no_point_shrinkage_raked
1135,45,true,0.000000000072,0.002817717390,true,true,2022,T1_no_point_shrinkage_raked
1136,48,true,0.000000000077,0.005143249837,true,true,2022,T1_no_point_shrinkage_raked
1137,47,true,0.000000000099,0.003648196548,true,true,2022,T1_no_point_shrinkage_raked
1138,48,true,0.000000000085,0.003045209133,true,true,2022,T1_no_point_shrinkage_raked
1139,50,true,0.000000000078,0.003821181391,true,true,2022,T1_no_point_shrinkage_raked
1140,49,true,0.000000000082,0.002413642945,true,true,2022,T1_no_point_shrinkage_raked
1141,47,true,0.000000000082,0.005619587681,true,true,2022,T1_no_point_shrinkage_raked
1142,53,true,0.000000000074,0.003002971473,true,true,2022,T1_no_point_shrinkage_raked
1143,49,true,0.000000000085,0.004848453799,true,true,2022,T1_no_point_shrinkage_raked
1144,45,true,0.000000000076,0.002549709756,true,true,2022,T1_no_point_shrinkage_raked
1145,53,true,0.000000000083,0.006038309314,true,true,2022,T1_no_point_shrinkage_raked
1146,50,true,0.000000000071,0.004639216928,true,true,2022,T1_no_point_shrinkage_raked
1147,54,true,0.000000000095,0.002498558881,true,true,2022,T1_no_point_shrinkage_raked
1148,51,true,0.000000000084,0.002948546431,true,true,2022,T1_no_point_shrinkage_raked
1149,49,true,0.000000000073,0.006288761689,true,true,2022,T1_no_point_shrinkage_raked
1150,50,true,0.000000000079,0.003599026575,true,true,2022,T1_no_point_shrinkage_raked
1151,59,true,0.000000000084,0.004669105555,true,true,2022,T1_no_point_shrinkage_raked
1152,46,true,0.000000000100,0.003204931959,true,true,2022,T1_no_point_shrinkage_raked
1153,50,true,0.000000000095,0.004741818922,true,true,2022,T1_no_point_shrinkage_raked
1154,39,true,0.000000000074,0.003049806499,true,true,2022,T1_no_point_shrinkage_raked
1155,45,true,0.000000000077,0.005107106699,true,true,2022,T1_no_point_shrinkage_raked
1156,47,true,0.000000000085,0.003980770498,true,true,2022,T1_no_point_shrinkage_raked
1157,53,true,0.000000000081,0.004804709103,true,true,2022,T1_no_point_shrinkage_raked
1158,54,true,0.000000000089,0.003511917177,true,true,2022,T1_no_point_shrinkage_raked
1159,55,true,0.000000000076,0.001998272584,true,true,2022,T1_no_point_shrinkage_raked
1160,45,true,0.000000000092,0.002137030294,true,true,2022,T1_no_point_shrinkage_raked
1161,54,true,0.000000000098,0.008797378655,true,true,2022,T1_no_point_shrinkage_raked
1162,51,true,0.000000000071,0.001579016176,true,true,2022,T1_no_point_shrinkage_raked
1163,46,true,0.000000000089,0.003640320070,true,true,2022,T1_no_point_shrinkage_raked
1164,49,true,0.000000000089,0.001835799818,true,true,2022,T1_no_point_shrinkage_raked
1165,54,true,0.000000000077,0.002115444768,true,true,2022,T1_no_point_shrinkage_raked
1166,50,true,0.000000000097,0.003626447190,true,true,2022,T1_no_point_shrinkage_raked
1167,55,true,0.000000000074,0.002427412096,true,true,2022,T1_no_point_shrinkage_raked
1168,42,true,0.000000000074,0.003144420217,true,true,2022,T1_no_point_shrinkage_raked
1169,49,true,0.000000000084,0.004373201944,true,true,2022,T1_no_point_shrinkage_raked
1170,53,true,0.000000000072,0.002225868396,true,true,2022,T1_no_point_shrinkage_raked
1171,47,true,0.000000000073,0.004224280409,true,true,2022,T1_no_point_shrinkage_raked
1172,52,true,0.000000000075,0.004607527675,true,true,2022,T1_no_point_shrinkage_raked
1173,43,true,0.000000000076,0.003372086073,true,true,2022,T1_no_point_shrinkage_raked
1174,52,true,0.000000000099,0.005823913205,true,true,2022,T1_no_point_shrinkage_raked
1175,50,true,0.000000000089,0.005189282288,true,true,2022,T1_no_point_shrinkage_raked
1176,50,true,0.000000000096,0.002918421529,true,true,2022,T1_no_point_shrinkage_raked
1177,46,true,0.000000000072,0.005764328651,true,true,2022,T1_no_point_shrinkage_raked
1178,50,true,0.000000000083,0.005988846623,true,true,2022,T1_no_point_shrinkage_raked
1179,52,true,0.000000000092,0.004165392895,true,true,2022,T1_no_point_shrinkage_raked
1180,49,true,0.000000000078,0.005520629100,true,true,2022,T1_no_point_shrinkage_raked
1181,48,true,0.000000000092,0.002940529144,true,true,2022,T1_no_point_shrinkage_raked
1182,48,true,0.000000000083,0.002978331370,true,true,2022,T1_no_point_shrinkage_raked
1183,52,true,0.000000000078,0.003780231107,true,true,2022,T1_no_point_shrinkage_raked
1184,57,true,0.000000000098,0.005304525420,true,true,2022,T1_no_point_shrinkage_raked
1185,46,true,0.000000000097,0.003125530797,true,true,2022,T1_no_point_shrinkage_raked
1186,46,true,0.000000000075,0.002763368730,true,true,2022,T1_no_point_shrinkage_raked
1187,54,true,0.000000000076,0.004580590829,true,true,2022,T1_no_point_shrinkage_raked
1188,51,true,0.000000000088,0.001468690885,true,true,2022,T1_no_point_shrinkage_raked
1189,49,true,0.000000000078,0.004555932788,true,true,2022,T1_no_point_shrinkage_raked
1190,49,true,0.000000000090,0.002827224350,true,true,2022,T1_no_point_shrinkage_raked
1191,45,true,0.000000000075,0.002531839898,true,true,2022,T1_no_point_shrinkage_raked
1192,51,true,0.000000000073,0.005277493148,true,true,2022,T1_no_point_shrinkage_raked
1193,53,true,0.000000000085,0.005471996952,true,true,2022,T1_no_point_shrinkage_raked
1194,42,true,0.000000000081,0.001785431262,true,true,2022,T1_no_point_shrinkage_raked
1195,56,true,0.000000000076,0.007271864749,true,true,2022,T1_no_point_shrinkage_raked
1196,52,true,0.000000000091,0.005194175719,true,true,2022,T1_no_point_shrinkage_raked
1197,46,true,0.000000000093,0.002324537965,true,true,2022,T1_no_point_shrinkage_raked
1198,56,true,0.000000000074,0.003935520573,true,true,2022,T1_no_point_shrinkage_raked
1199,51,true,0.000000000078,0.005528252966,true,true,2022,T1_no_point_shrinkage_raked
1200,46,true,0.000000000073,0.001753465491,true,true,2022,T1_no_point_shrinkage_raked
1201,53,true,0.000000000075,0.005727577938,true,true,2022,T1_no_point_shrinkage_raked
1202,50,true,0.000000000080,0.002474689446,true,true,2022,T1_no_point_shrinkage_raked
1203,46,true,0.000000000080,0.005663781247,true,true,2022,T1_no_point_shrinkage_raked
1204,50,true,0.000000000087,0.002584296912,true,true,2022,T1_no_point_shrinkage_raked
1205,50,true,0.000000000095,0.003074031221,true,true,2022,T1_no_point_shrinkage_raked
1206,49,true,0.000000000095,0.004785439022,true,true,2022,T1_no_point_shrinkage_raked
1207,45,true,0.000000000073,0.001735939640,true,true,2022,T1_no_point_shrinkage_raked
1208,46,true,0.000000000088,0.003036663621,true,true,2022,T1_no_point_shrinkage_raked
1209,53,true,0.000000000091,0.004460262596,true,true,2022,T1_no_point_shrinkage_raked
1210,51,true,0.000000000091,0.002672187269,true,true,2022,T1_no_point_shrinkage_raked
1211,51,true,0.000000000081,0.002875029091,true,true,2022,T1_no_point_shrinkage_raked
1212,50,true,0.000000000089,0.002898227921,true,true,2022,T1_no_point_shrinkage_raked
1213,49,true,0.000000000072,0.002781308508,true,true,2022,T1_no_point_shrinkage_raked
1214,48,true,0.000000000094,0.006703231468,true,true,2022,T1_no_point_shrinkage_raked
1215,53,true,0.000000000089,0.004908687072,true,true,2022,T1_no_point_shrinkage_raked
1216,57,true,0.000000000084,0.004971813207,true,true,2022,T1_no_point_shrinkage_raked
1217,48,true,0.000000000089,0.002490360389,true,true,2022,T1_no_point_shrinkage_raked
1218,56,true,0.000000000081,0.002266703899,true,true,2022,T1_no_point_shrinkage_raked
1219,45,true,0.000000000085,0.004152275852,true,true,2022,T1_no_point_shrinkage_raked
1220,51,true,0.000000000097,0.002488856921,true,true,2022,T1_no_point_shrinkage_raked
1221,49,true,0.000000000099,0.001770375725,true,true,2022,T1_no_point_shrinkage_raked
1222,52,true,0.000000000089,0.004906295195,true,true,2022,T1_no_point_shrinkage_raked
1223,51,true,0.000000000083,0.002077887005,true,true,2022,T1_no_point_shrinkage_raked
1224,52,true,0.000000000074,0.001936612683,true,true,2022,T1_no_point_shrinkage_raked
1225,47,true,0.000000000072,0.001534364244,true,true,2022,T1_no_point_shrinkage_raked
1226,47,true,0.000000000076,0.003634402957,true,true,2022,T1_no_point_shrinkage_raked
1227,52,true,0.000000000094,0.001940644688,true,true,2022,T1_no_point_shrinkage_raked
1228,47,true,0.000000000088,0.003745471958,true,true,2022,T1_no_point_shrinkage_raked
1229,58,true,0.000000000078,0.004334084751,true,true,2022,T1_no_point_shrinkage_raked
1230,49,true,0.000000000090,0.003635383068,true,true,2022,T1_no_point_shrinkage_raked
1231,52,true,0.000000000073,0.002913278648,true,true,2022,T1_no_point_shrinkage_raked
1232,56,true,0.000000000090,0.002667499694,true,true,2022,T1_no_point_shrinkage_raked
1233,52,true,0.000000000092,0.004051500975,true,true,2022,T1_no_point_shrinkage_raked
1234,45,true,0.000000000083,0.003851780246,true,true,2022,T1_no_point_shrinkage_raked
1235,50,true,0.000000000083,0.006891751508,true,true,2022,T1_no_point_shrinkage_raked
1236,38,true,0.000000000093,0.001854114704,true,true,2022,T1_no_point_shrinkage_raked
1237,52,true,0.000000000077,0.003868176034,true,true,2022,T1_no_point_shrinkage_raked
1238,49,true,0.000000000095,0.002931798489,true,true,2022,T1_no_point_shrinkage_raked
1239,45,true,0.000000000090,0.004099942913,true,true,2022,T1_no_point_shrinkage_raked
1240,47,true,0.000000000098,0.005473163143,true,true,2022,T1_no_point_shrinkage_raked
1241,49,true,0.000000000097,0.005336611707,true,true,2022,T1_no_point_shrinkage_raked
1242,42,true,0.000000000082,0.002554717561,true,true,2022,T1_no_point_shrinkage_raked
1243,48,true,0.000000000075,0.001121806989,true,true,2022,T1_no_point_shrinkage_raked
1244,53,true,0.000000000073,0.006124315717,true,true,2022,T1_no_point_shrinkage_raked
1245,45,true,0.000000000074,0.003868277582,true,true,2022,T1_no_point_shrinkage_raked
1246,51,true,0.000000000074,0.003353874439,true,true,2022,T1_no_point_shrinkage_raked
1247,46,true,0.000000000088,0.003306052752,true,true,2022,T1_no_point_shrinkage_raked
1248,50,true,0.000000000078,0.005459704907,true,true,2022,T1_no_point_shrinkage_raked
1249,50,true,0.000000000088,0.002842476976,true,true,2022,T1_no_point_shrinkage_raked
1250,45,true,0.000000000070,0.002446785696,true,true,2022,T1_no_point_shrinkage_raked
1251,51,true,0.000000000086,0.002946879694,true,true,2022,T1_no_point_shrinkage_raked
1252,42,true,0.000000000085,0.005415994880,true,true,2022,T1_no_point_shrinkage_raked
1253,48,true,0.000000000074,0.002208046584,true,true,2022,T1_no_point_shrinkage_raked
1254,47,true,0.000000000072,0.001579878645,true,true,2022,T1_no_point_shrinkage_raked
1255,50,true,0.000000000087,0.008319167726,true,true,2022,T1_no_point_shrinkage_raked
1256,50,true,0.000000000087,0.006771722865,true,true,2022,T1_no_point_shrinkage_raked
1257,48,true,0.000000000087,0.001149730312,true,true,2022,T1_no_point_shrinkage_raked
1258,46,true,0.000000000097,0.002294510632,true,true,2022,T1_no_point_shrinkage_raked
1259,49,true,0.000000000079,0.003165258670,true,true,2022,T1_no_point_shrinkage_raked
1260,53,true,0.000000000099,0.002260989280,true,true,2022,T1_no_point_shrinkage_raked
1261,39,true,0.000000000077,0.002909953913,true,true,2022,T1_no_point_shrinkage_raked
1262,55,true,0.000000000074,0.004235963714,true,true,2022,T1_no_point_shrinkage_raked
1263,54,true,0.000000000096,0.002872051049,true,true,2022,T1_no_point_shrinkage_raked
1264,41,true,0.000000000096,0.002657270643,true,true,2022,T1_no_point_shrinkage_raked
1265,57,true,0.000000000075,0.005933357950,true,true,2022,T1_no_point_shrinkage_raked
1266,47,true,0.000000000085,0.003709998097,true,true,2022,T1_no_point_shrinkage_raked
1267,50,true,0.000000000077,0.003692732191,true,true,2022,T1_no_point_shrinkage_raked
1268,50,true,0.000000000072,0.005620026492,true,true,2022,T1_no_point_shrinkage_raked
1269,51,true,0.000000000084,0.003498049344,true,true,2022,T1_no_point_shrinkage_raked
1270,51,true,0.000000000073,0.004337029359,true,true,2022,T1_no_point_shrinkage_raked
1271,42,true,0.000000000085,0.000997064323,true,true,2022,T1_no_point_shrinkage_raked
1272,56,true,0.000000000097,0.008833213230,true,true,2022,T1_no_point_shrinkage_raked
1273,50,true,0.000000000083,0.002693084107,true,true,2022,T1_no_point_shrinkage_raked
1274,45,true,0.000000000075,0.003627229861,true,true,2022,T1_no_point_shrinkage_raked
1275,47,true,0.000000000091,0.004565341453,true,true,2022,T1_no_point_shrinkage_raked
1276,56,true,0.000000000093,0.003462224286,true,true,2022,T1_no_point_shrinkage_raked
1277,59,true,0.000000000082,0.002535131225,true,true,2022,T1_no_point_shrinkage_raked
1278,58,true,0.000000000090,0.003661396283,true,true,2022,T1_no_point_shrinkage_raked
1279,59,true,0.000000000083,0.003664450340,true,true,2022,T1_no_point_shrinkage_raked
1280,48,true,0.000000000081,0.004208060649,true,true,2022,T1_no_point_shrinkage_raked
1281,48,true,0.000000000081,0.001640379397,true,true,2022,T1_no_point_shrinkage_raked
1282,51,true,0.000000000098,0.004353913439,true,true,2022,T1_no_point_shrinkage_raked
1283,50,true,0.000000000082,0.001723518755,true,true,2022,T1_no_point_shrinkage_raked
1284,48,true,0.000000000086,0.003875469924,true,true,2022,T1_no_point_shrinkage_raked
1285,50,true,0.000000000081,0.005249814243,true,true,2022,T1_no_point_shrinkage_raked
1286,52,true,0.000000000073,0.009235737734,true,true,2022,T1_no_point_shrinkage_raked
1287,50,true,0.000000000072,0.004638763119,true,true,2022,T1_no_point_shrinkage_raked
1288,50,true,0.000000000072,0.002860780905,true,true,2022,T1_no_point_shrinkage_raked
1289,56,true,0.000000000085,0.004597724354,true,true,2022,T1_no_point_shrinkage_raked
1290,54,true,0.000000000075,0.003310212637,true,true,2022,T1_no_point_shrinkage_raked
1291,50,true,0.000000000084,0.005860758936,true,true,2022,T1_no_point_shrinkage_raked
1292,44,true,0.000000000079,0.001729616329,true,true,2022,T1_no_point_shrinkage_raked
1293,49,true,0.000000000077,0.007485144300,true,true,2022,T1_no_point_shrinkage_raked
1294,43,true,0.000000000099,0.005083177621,true,true,2022,T1_no_point_shrinkage_raked
1295,56,true,0.000000000080,0.004623237583,true,true,2022,T1_no_point_shrinkage_raked
1296,56,true,0.000000000092,0.005354333563,true,true,2022,T1_no_point_shrinkage_raked
1297,42,true,0.000000000071,0.004697062186,true,true,2022,T1_no_point_shrinkage_raked
1298,45,true,0.000000000093,0.003539679951,true,true,2022,T1_no_point_shrinkage_raked
1299,45,true,0.000000000083,0.003860693999,true,true,2022,T1_no_point_shrinkage_raked
1300,48,true,0.000000000076,0.003379689354,true,true,2022,T1_no_point_shrinkage_raked
1301,55,true,0.000000000081,0.005897804392,true,true,2022,T1_no_point_shrinkage_raked
1302,45,true,0.000000000089,0.001899835359,true,true,2022,T1_no_point_shrinkage_raked
1303,45,true,0.000000000080,0.002827277951,true,true,2022,T1_no_point_shrinkage_raked
1304,51,true,0.000000000099,0.001594331429,true,true,2022,T1_no_point_shrinkage_raked
1305,48,true,0.000000000075,0.006415867515,true,true,2022,T1_no_point_shrinkage_raked
1306,56,true,0.000000000074,0.005595608603,true,true,2022,T1_no_point_shrinkage_raked
1307,55,true,0.000000000095,0.003257624166,true,true,2022,T1_no_point_shrinkage_raked
1308,48,true,0.000000000072,0.004547089652,true,true,2022,T1_no_point_shrinkage_raked
1309,51,true,0.000000000083,0.003571021402,true,true,2022,T1_no_point_shrinkage_raked
1310,51,true,0.000000000076,0.004528272072,true,true,2022,T1_no_point_shrinkage_raked
1311,47,true,0.000000000086,0.005817526568,true,true,2022,T1_no_point_shrinkage_raked
1312,44,true,0.000000000084,0.001935300434,true,true,2022,T1_no_point_shrinkage_raked
1313,50,true,0.000000000076,0.001819218061,true,true,2022,T1_no_point_shrinkage_raked
1314,53,true,0.000000000085,0.004336306215,true,true,2022,T1_no_point_shrinkage_raked
1315,50,true,0.000000000094,0.003879502626,true,true,2022,T1_no_point_shrinkage_raked
1316,47,true,0.000000000077,0.005301122077,true,true,2022,T1_no_point_shrinkage_raked
1317,38,true,0.000000000094,0.002158570723,true,true,2022,T1_no_point_shrinkage_raked
1318,48,true,0.000000000097,0.004780907101,true,true,2022,T1_no_point_shrinkage_raked
1319,49,true,0.000000000089,0.002898713705,true,true,2022,T1_no_point_shrinkage_raked
1320,41,true,0.000000000093,0.001152991282,true,true,2022,T1_no_point_shrinkage_raked
1321,47,true,0.000000000070,0.004081932937,true,true,2022,T1_no_point_shrinkage_raked
1322,46,true,0.000000000089,0.003489909075,true,true,2022,T1_no_point_shrinkage_raked
1323,41,true,0.000000000098,0.004286241336,true,true,2022,T1_no_point_shrinkage_raked
1324,47,true,0.000000000072,0.006139472103,true,true,2022,T1_no_point_shrinkage_raked
1325,58,true,0.000000000074,0.004261562096,true,true,2022,T1_no_point_shrinkage_raked
1326,45,true,0.000000000081,0.003838351496,true,true,2022,T1_no_point_shrinkage_raked
1327,49,true,0.000000000074,0.003119469135,true,true,2022,T1_no_point_shrinkage_raked
1328,49,true,0.000000000093,0.003911910030,true,true,2022,T1_no_point_shrinkage_raked
1329,53,true,0.000000000088,0.004267589417,true,true,2022,T1_no_point_shrinkage_raked
1330,46,true,0.000000000070,0.003892003265,true,true,2022,T1_no_point_shrinkage_raked
1331,48,true,0.000000000083,0.002952161517,true,true,2022,T1_no_point_shrinkage_raked
1332,52,true,0.000000000073,0.004753849621,true,true,2022,T1_no_point_shrinkage_raked
1333,48,true,0.000000000080,0.002318344984,true,true,2022,T1_no_point_shrinkage_raked
1334,49,true,0.000000000080,0.004243832915,true,true,2022,T1_no_point_shrinkage_raked
1335,50,true,0.000000000094,0.005124163731,true,true,2022,T1_no_point_shrinkage_raked
1336,47,true,0.000000000083,0.002555521682,true,true,2022,T1_no_point_shrinkage_raked
1337,42,true,0.000000000099,0.005631548605,true,true,2022,T1_no_point_shrinkage_raked
1338,49,true,0.000000000086,0.004761692352,true,true,2022,T1_no_point_shrinkage_raked
1339,49,true,0.000000000086,0.001863351593,true,true,2022,T1_no_point_shrinkage_raked
1340,46,true,0.000000000077,0.003399852050,true,true,2022,T1_no_point_shrinkage_raked
1341,49,true,0.000000000075,0.003143754265,true,true,2022,T1_no_point_shrinkage_raked
1342,49,true,0.000000000077,0.003617800206,true,true,2022,T1_no_point_shrinkage_raked
1343,50,true,0.000000000085,0.002176705795,true,true,2022,T1_no_point_shrinkage_raked
1344,48,true,0.000000000073,0.002093270125,true,true,2022,T1_no_point_shrinkage_raked
1345,50,true,0.000000000092,0.003555628967,true,true,2022,T1_no_point_shrinkage_raked
1346,46,true,0.000000000090,0.001666429131,true,true,2022,T1_no_point_shrinkage_raked
1347,50,true,0.000000000091,0.008644383257,true,true,2022,T1_no_point_shrinkage_raked
1348,54,true,0.000000000084,0.005031019404,true,true,2022,T1_no_point_shrinkage_raked
1349,42,true,0.000000000091,0.002199485307,true,true,2022,T1_no_point_shrinkage_raked
1350,40,true,0.000000000070,0.002499741236,true,true,2022,T1_no_point_shrinkage_raked
1351,45,true,0.000000000079,0.003199063174,true,true,2022,T1_no_point_shrinkage_raked
1352,50,true,0.000000000093,0.002658658956,true,true,2022,T1_no_point_shrinkage_raked
1353,48,true,0.000000000093,0.004018847229,true,true,2022,T1_no_point_shrinkage_raked
1354,56,true,0.000000000099,0.004254334057,true,true,2022,T1_no_point_shrinkage_raked
1355,55,true,0.000000000093,0.003323837370,true,true,2022,T1_no_point_shrinkage_raked
1356,49,true,0.000000000087,0.004589828494,true,true,2022,T1_no_point_shrinkage_raked
1357,48,true,0.000000000076,0.003916106699,true,true,2022,T1_no_point_shrinkage_raked
1358,53,true,0.000000000072,0.004801280940,true,true,2022,T1_no_point_shrinkage_raked
1359,55,true,0.000000000073,0.004153428771,true,true,2022,T1_no_point_shrinkage_raked
1360,60,true,0.000000000088,0.005893097023,true,true,2022,T1_no_point_shrinkage_raked
1361,54,true,0.000000000077,0.002797646448,true,true,2022,T1_no_point_shrinkage_raked
1362,49,true,0.000000000097,0.004788176548,true,true,2022,T1_no_point_shrinkage_raked
1363,52,true,0.000000000098,0.002542296826,true,true,2022,T1_no_point_shrinkage_raked
1364,51,true,0.000000000094,0.002993743646,true,true,2022,T1_no_point_shrinkage_raked
1365,50,true,0.000000000098,0.002959663696,true,true,2022,T1_no_point_shrinkage_raked
1366,52,true,0.000000000081,0.002450914525,true,true,2022,T1_no_point_shrinkage_raked
1367,45,true,0.000000000075,0.003651327198,true,true,2022,T1_no_point_shrinkage_raked
1368,54,true,0.000000000073,0.004084119822,true,true,2022,T1_no_point_shrinkage_raked
1369,47,true,0.000000000086,0.005328094988,true,true,2022,T1_no_point_shrinkage_raked
1370,44,true,0.000000000072,0.003895648038,true,true,2022,T1_no_point_shrinkage_raked
1371,47,true,0.000000000080,0.003758911551,true,true,2022,T1_no_point_shrinkage_raked
1372,49,true,0.000000000086,0.003800478409,true,true,2022,T1_no_point_shrinkage_raked
1373,53,true,0.000000000086,0.003243474886,true,true,2022,T1_no_point_shrinkage_raked
1374,53,true,0.000000000073,0.003241620856,true,true,2022,T1_no_point_shrinkage_raked
1375,49,true,0.000000000078,0.003599426598,true,true,2022,T1_no_point_shrinkage_raked
1376,46,true,0.000000000090,0.006421808787,true,true,2022,T1_no_point_shrinkage_raked
1377,49,true,0.000000000088,0.002516494905,true,true,2022,T1_no_point_shrinkage_raked
1378,50,true,0.000000000080,0.006444613069,true,true,2022,T1_no_point_shrinkage_raked
1379,51,true,0.000000000093,0.002948883437,true,true,2022,T1_no_point_shrinkage_raked
1380,47,true,0.000000000077,0.002334309150,true,true,2022,T1_no_point_shrinkage_raked
1381,54,true,0.000000000073,0.002134619056,true,true,2022,T1_no_point_shrinkage_raked
1382,48,true,0.000000000087,0.002849175819,true,true,2022,T1_no_point_shrinkage_raked
1383,47,true,0.000000000079,0.002400692390,true,true,2022,T1_no_point_shrinkage_raked
1384,54,true,0.000000000081,0.002661266236,true,true,2022,T1_no_point_shrinkage_raked
1385,56,true,0.000000000076,0.006186899722,true,true,2022,T1_no_point_shrinkage_raked
1386,45,true,0.000000000079,0.004830276722,true,true,2022,T1_no_point_shrinkage_raked
1387,45,true,0.000000000072,0.003307870056,true,true,2022,T1_no_point_shrinkage_raked
1388,48,true,0.000000000074,0.005481554956,true,true,2022,T1_no_point_shrinkage_raked
1389,50,true,0.000000000098,0.004833888932,true,true,2022,T1_no_point_shrinkage_raked
1390,50,true,0.000000000094,0.003802778057,true,true,2022,T1_no_point_shrinkage_raked
1391,49,true,0.000000000100,0.003244697881,true,true,2022,T1_no_point_shrinkage_raked
1392,52,true,0.000000000074,0.003074891725,true,true,2022,T1_no_point_shrinkage_raked
1393,45,true,0.000000000073,0.002592849880,true,true,2022,T1_no_point_shrinkage_raked
1394,52,true,0.000000000095,0.001774689927,true,true,2022,T1_no_point_shrinkage_raked
1395,47,true,0.000000000090,0.001514598918,true,true,2022,T1_no_point_shrinkage_raked
1396,50,true,0.000000000074,0.006453616558,true,true,2022,T1_no_point_shrinkage_raked
1397,50,true,0.000000000074,0.003936588922,true,true,2022,T1_no_point_shrinkage_raked
1398,54,true,0.000000000073,0.003190465508,true,true,2022,T1_no_point_shrinkage_raked
1399,50,true,0.000000000088,0.003097462847,true,true,2022,T1_no_point_shrinkage_raked
1400,46,true,0.000000000091,0.004647782691,true,true,2022,T1_no_point_shrinkage_raked
1401,56,true,0.000000000093,0.004207125098,true,true,2022,T1_no_point_shrinkage_raked
1402,56,true,0.000000000084,0.004415388305,true,true,2022,T1_no_point_shrinkage_raked
1403,52,true,0.000000000078,0.003835150422,true,true,2022,T1_no_point_shrinkage_raked
1404,50,true,0.000000000084,0.004548281210,true,true,2022,T1_no_point_shrinkage_raked
1405,58,true,0.000000000091,0.006444802841,true,true,2022,T1_no_point_shrinkage_raked
1406,53,true,0.000000000073,0.005053626975,true,true,2022,T1_no_point_shrinkage_raked
1407,47,true,0.000000000089,0.003163528789,true,true,2022,T1_no_point_shrinkage_raked
1408,56,true,0.000000000084,0.002771278757,true,true,2022,T1_no_point_shrinkage_raked
1409,45,true,0.000000000099,0.005851159898,true,true,2022,T1_no_point_shrinkage_raked
1410,54,true,0.000000000077,0.003051559284,true,true,2022,T1_no_point_shrinkage_raked
1411,51,true,0.000000000086,0.004994185208,true,true,2022,T1_no_point_shrinkage_raked
1412,44,true,0.000000000072,0.004303728578,true,true,2022,T1_no_point_shrinkage_raked
1413,46,true,0.000000000073,0.001753895547,true,true,2022,T1_no_point_shrinkage_raked
1414,53,true,0.000000000096,0.003383069297,true,true,2022,T1_no_point_shrinkage_raked
1415,52,true,0.000000000086,0.004391199037,true,true,2022,T1_no_point_shrinkage_raked
1416,52,true,0.000000000075,0.004059263685,true,true,2022,T1_no_point_shrinkage_raked
1417,47,true,0.000000000081,0.003416006545,true,true,2022,T1_no_point_shrinkage_raked
1418,52,true,0.000000000096,0.003369211732,true,true,2022,T1_no_point_shrinkage_raked
1419,57,true,0.000000000087,0.002581610631,true,true,2022,T1_no_point_shrinkage_raked
1420,44,true,0.000000000099,0.001629259873,true,true,2022,T1_no_point_shrinkage_raked
1421,52,true,0.000000000074,0.004146292022,true,true,2022,T1_no_point_shrinkage_raked
1422,44,true,0.000000000078,0.003698060196,true,true,2022,T1_no_point_shrinkage_raked
1423,46,true,0.000000000072,0.002781578225,true,true,2022,T1_no_point_shrinkage_raked
1424,48,true,0.000000000073,0.002969232420,true,true,2022,T1_no_point_shrinkage_raked
1425,46,true,0.000000000085,0.004129881040,true,true,2022,T1_no_point_shrinkage_raked
1426,46,true,0.000000000098,0.003782404151,true,true,2022,T1_no_point_shrinkage_raked
1427,48,true,0.000000000091,0.002440209357,true,true,2022,T1_no_point_shrinkage_raked
1428,48,true,0.000000000088,0.002821556219,true,true,2022,T1_no_point_shrinkage_raked
1429,47,true,0.000000000090,0.001956562274,true,true,2022,T1_no_point_shrinkage_raked
1430,47,true,0.000000000076,0.002725661691,true,true,2022,T1_no_point_shrinkage_raked
1431,51,true,0.000000000081,0.004232789106,true,true,2022,T1_no_point_shrinkage_raked
1432,53,true,0.000000000079,0.002543266538,true,true,2022,T1_no_point_shrinkage_raked
1433,43,true,0.000000000087,0.003850407774,true,true,2022,T1_no_point_shrinkage_raked
1434,50,true,0.000000000088,0.003401099637,true,true,2022,T1_no_point_shrinkage_raked
1435,49,true,0.000000000072,0.005740517603,true,true,2022,T1_no_point_shrinkage_raked
1436,47,true,0.000000000078,0.003792562081,true,true,2022,T1_no_point_shrinkage_raked
1437,49,true,0.000000000075,0.002721650177,true,true,2022,T1_no_point_shrinkage_raked
1438,48,true,0.000000000071,0.002759068715,true,true,2022,T1_no_point_shrinkage_raked
1439,50,true,0.000000000091,0.001967195524,true,true,2022,T1_no_point_shrinkage_raked
1440,45,true,0.000000000097,0.002513283540,true,true,2022,T1_no_point_shrinkage_raked
1441,50,true,0.000000000099,0.002674051448,true,true,2022,T1_no_point_shrinkage_raked
1442,52,true,0.000000000076,0.004253709013,true,true,2022,T1_no_point_shrinkage_raked
1443,41,true,0.000000000081,0.002228311384,true,true,2022,T1_no_point_shrinkage_raked
1444,50,true,0.000000000084,0.003858352334,true,true,2022,T1_no_point_shrinkage_raked
1445,53,true,0.000000000087,0.005593296918,true,true,2022,T1_no_point_shrinkage_raked
1446,46,true,0.000000000080,0.002778653226,true,true,2022,T1_no_point_shrinkage_raked
1447,48,true,0.000000000086,0.005930177891,true,true,2022,T1_no_point_shrinkage_raked
1448,55,true,0.000000000087,0.004425734138,true,true,2022,T1_no_point_shrinkage_raked
1449,46,true,0.000000000096,0.002169353239,true,true,2022,T1_no_point_shrinkage_raked
1450,44,true,0.000000000068,0.003314817278,true,true,2022,T1_no_point_shrinkage_raked
1451,49,true,0.000000000073,0.002943585385,true,true,2022,T1_no_point_shrinkage_raked
1452,47,true,0.000000000093,0.003645921196,true,true,2022,T1_no_point_shrinkage_raked
1453,52,true,0.000000000083,0.002293639264,true,true,2022,T1_no_point_shrinkage_raked
1454,49,true,0.000000000097,0.005987361387,true,true,2022,T1_no_point_shrinkage_raked
1455,43,true,0.000000000100,0.002075245654,true,true,2022,T1_no_point_shrinkage_raked
1456,54,true,0.000000000086,0.004883634369,true,true,2022,T1_no_point_shrinkage_raked
1457,45,true,0.000000000072,0.002115488649,true,true,2022,T1_no_point_shrinkage_raked
1458,52,true,0.000000000083,0.004497054372,true,true,2022,T1_no_point_shrinkage_raked
1459,47,true,0.000000000084,0.002615590370,true,true,2022,T1_no_point_shrinkage_raked
1460,53,true,0.000000000086,0.004570712550,true,true,2022,T1_no_point_shrinkage_raked
1461,43,true,0.000000000098,0.005632003844,true,true,2022,T1_no_point_shrinkage_raked
1462,50,true,0.000000000094,0.005342418961,true,true,2022,T1_no_point_shrinkage_raked
1463,52,true,0.000000000075,0.002991735889,true,true,2022,T1_no_point_shrinkage_raked
1464,51,true,0.000000000074,0.005011623901,true,true,2022,T1_no_point_shrinkage_raked
1465,44,true,0.000000000075,0.006089894297,true,true,2022,T1_no_point_shrinkage_raked
1466,51,true,0.000000000080,0.003682718568,true,true,2022,T1_no_point_shrinkage_raked
1467,56,true,0.000000000075,0.003308970836,true,true,2022,T1_no_point_shrinkage_raked
1468,50,true,0.000000000092,0.002926028890,true,true,2022,T1_no_point_shrinkage_raked
1469,48,true,0.000000000072,0.001365119351,true,true,2022,T1_no_point_shrinkage_raked
1470,48,true,0.000000000079,0.003252890578,true,true,2022,T1_no_point_shrinkage_raked
1471,52,true,0.000000000094,0.004483178372,true,true,2022,T1_no_point_shrinkage_raked
1472,46,true,0.000000000094,0.003510398679,true,true,2022,T1_no_point_shrinkage_raked
1473,42,true,0.000000000094,0.001488927821,true,true,2022,T1_no_point_shrinkage_raked
1474,64,true,0.000000000085,0.002406388058,true,true,2022,T1_no_point_shrinkage_raked
1475,53,true,0.000000000090,0.004306830132,true,true,2022,T1_no_point_shrinkage_raked
1476,47,true,0.000000000077,0.004324863448,true,true,2022,T1_no_point_shrinkage_raked
1477,48,true,0.000000000089,0.002326756158,true,true,2022,T1_no_point_shrinkage_raked
1478,46,true,0.000000000080,0.001266342854,true,true,2022,T1_no_point_shrinkage_raked
1479,51,true,0.000000000095,0.003986794887,true,true,2022,T1_no_point_shrinkage_raked
1480,44,true,0.000000000099,0.006654541547,true,true,2022,T1_no_point_shrinkage_raked
1481,52,true,0.000000000099,0.003366800138,true,true,2022,T1_no_point_shrinkage_raked
1482,46,true,0.000000000073,0.004059223837,true,true,2022,T1_no_point_shrinkage_raked
1483,47,true,0.000000000092,0.004247011861,true,true,2022,T1_no_point_shrinkage_raked
1484,42,true,0.000000000079,0.004298109294,true,true,2022,T1_no_point_shrinkage_raked
1485,51,true,0.000000000073,0.002721899326,true,true,2022,T1_no_point_shrinkage_raked
1486,49,true,0.000000000092,0.003607992103,true,true,2022,T1_no_point_shrinkage_raked
1487,51,true,0.000000000085,0.001923798231,true,true,2022,T1_no_point_shrinkage_raked
1488,46,true,0.000000000099,0.008263943274,true,true,2022,T1_no_point_shrinkage_raked
1489,49,true,0.000000000091,0.004292160573,true,true,2022,T1_no_point_shrinkage_raked
1490,41,true,0.000000000074,0.003408911573,true,true,2022,T1_no_point_shrinkage_raked
1491,52,true,0.000000000096,0.002335622985,true,true,2022,T1_no_point_shrinkage_raked
1492,50,true,0.000000000089,0.003031234310,true,true,2022,T1_no_point_shrinkage_raked
1493,50,true,0.000000000077,0.003691419222,true,true,2022,T1_no_point_shrinkage_raked
1494,53,true,0.000000000097,0.004165493574,true,true,2022,T1_no_point_shrinkage_raked
1495,46,true,0.000000000080,0.002414583123,true,true,2022,T1_no_point_shrinkage_raked
1496,52,true,0.000000000081,0.003817066479,true,true,2022,T1_no_point_shrinkage_raked
1497,55,true,0.000000000075,0.006393409425,true,true,2022,T1_no_point_shrinkage_raked
1498,48,true,0.000000000077,0.002376619104,true,true,2022,T1_no_point_shrinkage_raked
1499,48,true,0.000000000073,0.004320126655,true,true,2022,T1_no_point_shrinkage_raked
1500,57,true,0.000000000077,0.002233492717,true,true,2022,T1_no_point_shrinkage_raked
1501,47,true,0.000000000097,0.002180122867,true,true,2022,T1_no_point_shrinkage_raked
1502,54,true,0.000000000100,0.003773487227,true,true,2022,T1_no_point_shrinkage_raked
1503,55,true,0.000000000086,0.002367177465,true,true,2022,T1_no_point_shrinkage_raked
1504,50,true,0.000000000077,0.002894820072,true,true,2022,T1_no_point_shrinkage_raked
1505,48,true,0.000000000090,0.002444655898,true,true,2022,T1_no_point_shrinkage_raked
1506,47,true,0.000000000098,0.003166547951,true,true,2022,T1_no_point_shrinkage_raked
1507,60,true,0.000000000081,0.002010041788,true,true,2022,T1_no_point_shrinkage_raked
1508,50,true,0.000000000074,0.007114331563,true,true,2022,T1_no_point_shrinkage_raked
1509,47,true,0.000000000072,0.004017350695,true,true,2022,T1_no_point_shrinkage_raked
1510,53,true,0.000000000085,0.006554511710,true,true,2022,T1_no_point_shrinkage_raked
1511,50,true,0.000000000085,0.002193918393,true,true,2022,T1_no_point_shrinkage_raked
1512,48,true,0.000000000093,0.001829032229,true,true,2022,T1_no_point_shrinkage_raked
1513,49,true,0.000000000072,0.003623759347,true,true,2022,T1_no_point_shrinkage_raked
1514,47,true,0.000000000089,0.002956640971,true,true,2022,T1_no_point_shrinkage_raked
1515,50,true,0.000000000090,0.003692697435,true,true,2022,T1_no_point_shrinkage_raked
1516,50,true,0.000000000075,0.003945479758,true,true,2022,T1_no_point_shrinkage_raked
1517,57,true,0.000000000078,0.004516813044,true,true,2022,T1_no_point_shrinkage_raked
1518,51,true,0.000000000082,0.005978098747,true,true,2022,T1_no_point_shrinkage_raked
1519,41,true,0.000000000076,0.002086968788,true,true,2022,T1_no_point_shrinkage_raked
1520,58,true,0.000000000078,0.006426891144,true,true,2022,T1_no_point_shrinkage_raked
1521,39,true,0.000000000092,0.002522031479,true,true,2022,T1_no_point_shrinkage_raked
1522,48,true,0.000000000087,0.003429143038,true,true,2022,T1_no_point_shrinkage_raked
1523,53,true,0.000000000094,0.003723915631,true,true,2022,T1_no_point_shrinkage_raked
1524,50,true,0.000000000092,0.002925462335,true,true,2022,T1_no_point_shrinkage_raked
1525,46,true,0.000000000089,0.002089486167,true,true,2022,T1_no_point_shrinkage_raked
1526,51,true,0.000000000084,0.002736394376,true,true,2022,T1_no_point_shrinkage_raked
1527,43,true,0.000000000087,0.002311456105,true,true,2022,T1_no_point_shrinkage_raked
1528,49,true,0.000000000097,0.006144428598,true,true,2022,T1_no_point_shrinkage_raked
1529,51,true,0.000000000086,0.004555858359,true,true,2022,T1_no_point_shrinkage_raked
1530,47,true,0.000000000074,0.004018772181,true,true,2022,T1_no_point_shrinkage_raked
1531,51,true,0.000000000092,0.004114266653,true,true,2022,T1_no_point_shrinkage_raked
1532,46,true,0.000000000071,0.004102635201,true,true,2022,T1_no_point_shrinkage_raked
1533,47,true,0.000000000086,0.002635747310,true,true,2022,T1_no_point_shrinkage_raked
1534,42,true,0.000000000090,0.002485404808,true,true,2022,T1_no_point_shrinkage_raked
1535,56,true,0.000000000090,0.003420151782,true,true,2022,T1_no_point_shrinkage_raked
1536,56,true,0.000000000077,0.004502125717,true,true,2022,T1_no_point_shrinkage_raked
1537,52,true,0.000000000086,0.004209992417,true,true,2022,T1_no_point_shrinkage_raked
1538,52,true,0.000000000099,0.001460040927,true,true,2022,T1_no_point_shrinkage_raked
1539,54,true,0.000000000073,0.001870688596,true,true,2022,T1_no_point_shrinkage_raked
1540,49,true,0.000000000094,0.002691198264,true,true,2022,T1_no_point_shrinkage_raked
1541,47,true,0.000000000088,0.003896989999,true,true,2022,T1_no_point_shrinkage_raked
1542,49,true,0.000000000074,0.002065096619,true,true,2022,T1_no_point_shrinkage_raked
1543,54,true,0.000000000074,0.007420656933,true,true,2022,T1_no_point_shrinkage_raked
1544,43,true,0.000000000092,0.004258231119,true,true,2022,T1_no_point_shrinkage_raked
1545,51,true,0.000000000082,0.007085906614,true,true,2022,T1_no_point_shrinkage_raked
1546,49,true,0.000000000092,0.003500417724,true,true,2022,T1_no_point_shrinkage_raked
1547,49,true,0.000000000093,0.003173146736,true,true,2022,T1_no_point_shrinkage_raked
1548,47,true,0.000000000094,0.004732671667,true,true,2022,T1_no_point_shrinkage_raked
1549,54,true,0.000000000088,0.003814890408,true,true,2022,T1_no_point_shrinkage_raked
1550,47,true,0.000000000086,0.002922642030,true,true,2022,T1_no_point_shrinkage_raked
1551,46,true,0.000000000086,0.004073430355,true,true,2022,T1_no_point_shrinkage_raked
1552,47,true,0.000000000096,0.001819811758,true,true,2022,T1_no_point_shrinkage_raked
1553,46,true,0.000000000080,0.003483554928,true,true,2022,T1_no_point_shrinkage_raked
1554,49,true,0.000000000075,0.004217473967,true,true,2022,T1_no_point_shrinkage_raked
1555,57,true,0.000000000086,0.006114554641,true,true,2022,T1_no_point_shrinkage_raked
1556,47,true,0.000000000096,0.003704830459,true,true,2022,T1_no_point_shrinkage_raked
1557,52,true,0.000000000074,0.003522348230,true,true,2022,T1_no_point_shrinkage_raked
1558,47,true,0.000000000088,0.001918679265,true,true,2022,T1_no_point_shrinkage_raked
1559,50,true,0.000000000079,0.004464966119,true,true,2022,T1_no_point_shrinkage_raked
1560,50,true,0.000000000093,0.003193054882,true,true,2022,T1_no_point_shrinkage_raked
1561,56,true,0.000000000084,0.002783448900,true,true,2022,T1_no_point_shrinkage_raked
1562,59,true,0.000000000077,0.003446159070,true,true,2022,T1_no_point_shrinkage_raked
1563,49,true,0.000000000077,0.002781233215,true,true,2022,T1_no_point_shrinkage_raked
1564,52,true,0.000000000089,0.003286187666,true,true,2022,T1_no_point_shrinkage_raked
1565,49,true,0.000000000090,0.004303263953,true,true,2022,T1_no_point_shrinkage_raked
1566,38,true,0.000000000072,0.003157388668,true,true,2022,T1_no_point_shrinkage_raked
1567,54,true,0.000000000078,0.002013106588,true,true,2022,T1_no_point_shrinkage_raked
1568,44,true,0.000000000074,0.002782618876,true,true,2022,T1_no_point_shrinkage_raked
1569,35,true,0.000000000087,0.003693088813,true,true,2022,T1_no_point_shrinkage_raked
1570,49,true,0.000000000091,0.002813525912,true,true,2022,T1_no_point_shrinkage_raked
1571,40,true,0.000000000072,0.003525652445,true,true,2022,T1_no_point_shrinkage_raked
1572,47,true,0.000000000096,0.007567559409,true,true,2022,T1_no_point_shrinkage_raked
1573,51,true,0.000000000070,0.003393424157,true,true,2022,T1_no_point_shrinkage_raked
1574,52,true,0.000000000091,0.004405902424,true,true,2022,T1_no_point_shrinkage_raked
1575,41,true,0.000000000073,0.003913959511,true,true,2022,T1_no_point_shrinkage_raked
1576,46,true,0.000000000080,0.003425419196,true,true,2022,T1_no_point_shrinkage_raked
1577,52,true,0.000000000088,0.005467351018,true,true,2022,T1_no_point_shrinkage_raked
1578,61,true,0.000000000082,0.003344140647,true,true,2022,T1_no_point_shrinkage_raked
1579,53,true,0.000000000081,0.002927237686,true,true,2022,T1_no_point_shrinkage_raked
1580,47,true,0.000000000093,0.002592491663,true,true,2022,T1_no_point_shrinkage_raked
1581,51,true,0.000000000094,0.001726825290,true,true,2022,T1_no_point_shrinkage_raked
1582,51,true,0.000000000086,0.003384857717,true,true,2022,T1_no_point_shrinkage_raked
1583,57,true,0.000000000096,0.003744641195,true,true,2022,T1_no_point_shrinkage_raked
1584,51,true,0.000000000099,0.005342438040,true,true,2022,T1_no_point_shrinkage_raked
1585,53,true,0.000000000082,0.005811851579,true,true,2022,T1_no_point_shrinkage_raked
1586,51,true,0.000000000094,0.005087197708,true,true,2022,T1_no_point_shrinkage_raked
1587,59,true,0.000000000078,0.003410068887,true,true,2022,T1_no_point_shrinkage_raked
1588,48,true,0.000000000088,0.005401285480,true,true,2022,T1_no_point_shrinkage_raked
1589,46,true,0.000000000075,0.003938742395,true,true,2022,T1_no_point_shrinkage_raked
1590,44,true,0.000000000096,0.003665433218,true,true,2022,T1_no_point_shrinkage_raked
1591,51,true,0.000000000085,0.003371185710,true,true,2022,T1_no_point_shrinkage_raked
1592,40,true,0.000000000095,0.008335093412,true,true,2022,T1_no_point_shrinkage_raked
1593,50,true,0.000000000091,0.002563376145,true,true,2022,T1_no_point_shrinkage_raked
1594,55,true,0.000000000092,0.007002615860,true,true,2022,T1_no_point_shrinkage_raked
1595,47,true,0.000000000096,0.004065695328,true,true,2022,T1_no_point_shrinkage_raked
1596,46,true,0.000000000072,0.002002011933,true,true,2022,T1_no_point_shrinkage_raked
1597,47,true,0.000000000087,0.001085556348,true,true,2022,T1_no_point_shrinkage_raked
1598,53,true,0.000000000078,0.003946951725,true,true,2022,T1_no_point_shrinkage_raked
1599,55,true,0.000000000087,0.004243019893,true,true,2022,T1_no_point_shrinkage_raked
1600,47,true,0.000000000069,0.004579980256,true,true,2022,T1_no_point_shrinkage_raked
1601,52,true,0.000000000078,0.002898388075,true,true,2022,T1_no_point_shrinkage_raked
1602,46,true,0.000000000087,0.007346083036,true,true,2022,T1_no_point_shrinkage_raked
1603,56,true,0.000000000082,0.004330684157,true,true,2022,T1_no_point_shrinkage_raked
1604,47,true,0.000000000069,0.001968753275,true,true,2022,T1_no_point_shrinkage_raked
1605,58,true,0.000000000095,0.005591771646,true,true,2022,T1_no_point_shrinkage_raked
1606,43,true,0.000000000099,0.001091709669,true,true,2022,T1_no_point_shrinkage_raked
1607,54,true,0.000000000085,0.002831754960,true,true,2022,T1_no_point_shrinkage_raked
1608,45,true,0.000000000095,0.002717909908,true,true,2022,T1_no_point_shrinkage_raked
1609,51,true,0.000000000072,0.003524612053,true,true,2022,T1_no_point_shrinkage_raked
1610,47,true,0.000000000094,0.002912712315,true,true,2022,T1_no_point_shrinkage_raked
1611,50,true,0.000000000095,0.002832916616,true,true,2022,T1_no_point_shrinkage_raked
1612,45,true,0.000000000093,0.002397680583,true,true,2022,T1_no_point_shrinkage_raked
1613,53,true,0.000000000087,0.001576859539,true,true,2022,T1_no_point_shrinkage_raked
1614,52,true,0.000000000086,0.001419300275,true,true,2022,T1_no_point_shrinkage_raked
1615,54,true,0.000000000079,0.002827035248,true,true,2022,T1_no_point_shrinkage_raked
1616,55,true,0.000000000096,0.003916514900,true,true,2022,T1_no_point_shrinkage_raked
1617,47,true,0.000000000080,0.001565667137,true,true,2022,T1_no_point_shrinkage_raked
1618,56,true,0.000000000080,0.004000403635,true,true,2022,T1_no_point_shrinkage_raked
1619,50,true,0.000000000090,0.002484538497,true,true,2022,T1_no_point_shrinkage_raked
1620,33,true,0.000000000096,0.004515824571,true,true,2022,T1_no_point_shrinkage_raked
1621,43,true,0.000000000078,0.003263072770,true,true,2022,T1_no_point_shrinkage_raked
1622,46,true,0.000000000087,0.004960634560,true,true,2022,T1_no_point_shrinkage_raked
1623,53,true,0.000000000091,0.004679654886,true,true,2022,T1_no_point_shrinkage_raked
1624,47,true,0.000000000083,0.002279146826,true,true,2022,T1_no_point_shrinkage_raked
1625,53,true,0.000000000076,0.005044739299,true,true,2022,T1_no_point_shrinkage_raked
1626,47,true,0.000000000091,0.002298489625,true,true,2022,T1_no_point_shrinkage_raked
1627,47,true,0.000000000077,0.003744230989,true,true,2022,T1_no_point_shrinkage_raked
1628,50,true,0.000000000093,0.004456414786,true,true,2022,T1_no_point_shrinkage_raked
1629,49,true,0.000000000072,0.004085759744,true,true,2022,T1_no_point_shrinkage_raked
1630,49,true,0.000000000084,0.003968430430,true,true,2022,T1_no_point_shrinkage_raked
1631,48,true,0.000000000079,0.002395553771,true,true,2022,T1_no_point_shrinkage_raked
1632,50,true,0.000000000095,0.002506258262,true,true,2022,T1_no_point_shrinkage_raked
1633,44,true,0.000000000094,0.005819282652,true,true,2022,T1_no_point_shrinkage_raked
1634,47,true,0.000000000076,0.002625412955,true,true,2022,T1_no_point_shrinkage_raked
1635,57,true,0.000000000083,0.005653146625,true,true,2022,T1_no_point_shrinkage_raked
1636,51,true,0.000000000100,0.003700621952,true,true,2022,T1_no_point_shrinkage_raked
1637,50,true,0.000000000092,0.002678349784,true,true,2022,T1_no_point_shrinkage_raked
1638,47,true,0.000000000082,0.004113161367,true,true,2022,T1_no_point_shrinkage_raked
1639,56,true,0.000000000077,0.003601121173,true,true,2022,T1_no_point_shrinkage_raked
1640,42,true,0.000000000095,0.002997381914,true,true,2022,T1_no_point_shrinkage_raked
1641,51,true,0.000000000083,0.002141220237,true,true,2022,T1_no_point_shrinkage_raked
1642,48,true,0.000000000079,0.003639590781,true,true,2022,T1_no_point_shrinkage_raked
1643,51,true,0.000000000083,0.004451304940,true,true,2022,T1_no_point_shrinkage_raked
1644,51,true,0.000000000071,0.003781852382,true,true,2022,T1_no_point_shrinkage_raked
1645,56,true,0.000000000081,0.004776629217,true,true,2022,T1_no_point_shrinkage_raked
1646,51,true,0.000000000071,0.003786369560,true,true,2022,T1_no_point_shrinkage_raked
1647,52,true,0.000000000088,0.005933962353,true,true,2022,T1_no_point_shrinkage_raked
1648,37,true,0.000000000077,0.002121781435,true,true,2022,T1_no_point_shrinkage_raked
1649,50,true,0.000000000079,0.004050075141,true,true,2022,T1_no_point_shrinkage_raked
1650,54,true,0.000000000075,0.002630313673,true,true,2022,T1_no_point_shrinkage_raked
1651,45,true,0.000000000093,0.002123315370,true,true,2022,T1_no_point_shrinkage_raked
1652,52,true,0.000000000081,0.002543516932,true,true,2022,T1_no_point_shrinkage_raked
1653,48,true,0.000000000099,0.002382650831,true,true,2022,T1_no_point_shrinkage_raked
1654,47,true,0.000000000074,0.005365162538,true,true,2022,T1_no_point_shrinkage_raked
1655,50,true,0.000000000081,0.004077030791,true,true,2022,T1_no_point_shrinkage_raked
1656,46,true,0.000000000069,0.002122900568,true,true,2022,T1_no_point_shrinkage_raked
1657,45,true,0.000000000099,0.005043302339,true,true,2022,T1_no_point_shrinkage_raked
1658,47,true,0.000000000091,0.004413958388,true,true,2022,T1_no_point_shrinkage_raked
1659,54,true,0.000000000094,0.002768253360,true,true,2022,T1_no_point_shrinkage_raked
1660,55,true,0.000000000080,0.004632849995,true,true,2022,T1_no_point_shrinkage_raked
1661,51,true,0.000000000076,0.003887112016,true,true,2022,T1_no_point_shrinkage_raked
1662,49,true,0.000000000094,0.004791279857,true,true,2022,T1_no_point_shrinkage_raked
1663,49,true,0.000000000082,0.003020801954,true,true,2022,T1_no_point_shrinkage_raked
1664,47,true,0.000000000088,0.004410975840,true,true,2022,T1_no_point_shrinkage_raked
1665,39,true,0.000000000085,0.001834882824,true,true,2022,T1_no_point_shrinkage_raked
1666,47,true,0.000000000096,0.004823971861,true,true,2022,T1_no_point_shrinkage_raked
1667,54,true,0.000000000086,0.004038726580,true,true,2022,T1_no_point_shrinkage_raked
1668,43,true,0.000000000088,0.001253605966,true,true,2022,T1_no_point_shrinkage_raked
1669,48,true,0.000000000095,0.001211658610,true,true,2022,T1_no_point_shrinkage_raked
1670,46,true,0.000000000079,0.003278087846,true,true,2022,T1_no_point_shrinkage_raked
1671,45,true,0.000000000087,0.003069070469,true,true,2022,T1_no_point_shrinkage_raked
1672,39,true,0.000000000097,0.002826090757,true,true,2022,T1_no_point_shrinkage_raked
1673,51,true,0.000000000095,0.002849536647,true,true,2022,T1_no_point_shrinkage_raked
1674,49,true,0.000000000100,0.002971990984,true,true,2022,T1_no_point_shrinkage_raked
1675,42,true,0.000000000077,0.003496289648,true,true,2022,T1_no_point_shrinkage_raked
1676,56,true,0.000000000090,0.003336626408,true,true,2022,T1_no_point_shrinkage_raked
1677,40,true,0.000000000087,0.003182454825,true,true,2022,T1_no_point_shrinkage_raked
1678,51,true,0.000000000074,0.003656001505,true,true,2022,T1_no_point_shrinkage_raked
1679,45,true,0.000000000077,0.001972772065,true,true,2022,T1_no_point_shrinkage_raked
1680,54,true,0.000000000097,0.004887188130,true,true,2022,T1_no_point_shrinkage_raked
1681,46,true,0.000000000099,0.002726199230,true,true,2022,T1_no_point_shrinkage_raked
1682,51,true,0.000000000099,0.004130787740,true,true,2022,T1_no_point_shrinkage_raked
1683,45,true,0.000000000075,0.001763161972,true,true,2022,T1_no_point_shrinkage_raked
1684,51,true,0.000000000079,0.005121043677,true,true,2022,T1_no_point_shrinkage_raked
1685,52,true,0.000000000073,0.001843351261,true,true,2022,T1_no_point_shrinkage_raked
1686,49,true,0.000000000089,0.004221961683,true,true,2022,T1_no_point_shrinkage_raked
1687,49,true,0.000000000083,0.002713321343,true,true,2022,T1_no_point_shrinkage_raked
1688,55,true,0.000000000082,0.002423796737,true,true,2022,T1_no_point_shrinkage_raked
1689,47,true,0.000000000080,0.002781118411,true,true,2022,T1_no_point_shrinkage_raked
1690,53,true,0.000000000095,0.004557464566,true,true,2022,T1_no_point_shrinkage_raked
1691,46,true,0.000000000075,0.004254164726,true,true,2022,T1_no_point_shrinkage_raked
1692,53,true,0.000000000073,0.005691818317,true,true,2022,T1_no_point_shrinkage_raked
1693,48,true,0.000000000093,0.002445154947,true,true,2022,T1_no_point_shrinkage_raked
1694,53,true,0.000000000089,0.002961384799,true,true,2022,T1_no_point_shrinkage_raked
1695,52,true,0.000000000082,0.004718649323,true,true,2022,T1_no_point_shrinkage_raked
1696,46,true,0.000000000100,0.002159899191,true,true,2022,T1_no_point_shrinkage_raked
1697,42,true,0.000000000083,0.001555956155,true,true,2022,T1_no_point_shrinkage_raked
1698,53,true,0.000000000073,0.003669095665,true,true,2022,T1_no_point_shrinkage_raked
1699,44,true,0.000000000090,0.003497127761,true,true,2022,T1_no_point_shrinkage_raked
1700,56,true,0.000000000090,0.004707646980,true,true,2022,T1_no_point_shrinkage_raked
1701,39,true,0.000000000096,0.001495399117,true,true,2022,T1_no_point_shrinkage_raked
1702,44,true,0.000000000070,0.003108719250,true,true,2022,T1_no_point_shrinkage_raked
1703,49,true,0.000000000089,0.002648253003,true,true,2022,T1_no_point_shrinkage_raked
1704,48,true,0.000000000093,0.004052522218,true,true,2022,T1_no_point_shrinkage_raked
1705,51,true,0.000000000073,0.004542931149,true,true,2022,T1_no_point_shrinkage_raked
1706,50,true,0.000000000078,0.002702226704,true,true,2022,T1_no_point_shrinkage_raked
1707,51,true,0.000000000075,0.002949531089,true,true,2022,T1_no_point_shrinkage_raked
1708,49,true,0.000000000094,0.003315496349,true,true,2022,T1_no_point_shrinkage_raked
1709,48,true,0.000000000075,0.002295564950,true,true,2022,T1_no_point_shrinkage_raked
1710,48,true,0.000000000088,0.002121999446,true,true,2022,T1_no_point_shrinkage_raked
1711,50,true,0.000000000073,0.002629051591,true,true,2022,T1_no_point_shrinkage_raked
1712,44,true,0.000000000071,0.003879086728,true,true,2022,T1_no_point_shrinkage_raked
1713,51,true,0.000000000096,0.006741481630,true,true,2022,T1_no_point_shrinkage_raked
1714,47,true,0.000000000099,0.002423351212,true,true,2022,T1_no_point_shrinkage_raked
1715,54,true,0.000000000094,0.004920260821,true,true,2022,T1_no_point_shrinkage_raked
1716,41,true,0.000000000078,0.002258412997,true,true,2022,T1_no_point_shrinkage_raked
1717,55,true,0.000000000095,0.006321567689,true,true,2022,T1_no_point_shrinkage_raked
1718,42,true,0.000000000075,0.004692054128,true,true,2022,T1_no_point_shrinkage_raked
1719,46,true,0.000000000099,0.002401092456,true,true,2022,T1_no_point_shrinkage_raked
1720,41,true,0.000000000082,0.004166059550,true,true,2022,T1_no_point_shrinkage_raked
1721,51,true,0.000000000082,0.005198027075,true,true,2022,T1_no_point_shrinkage_raked
1722,49,true,0.000000000089,0.005695735441,true,true,2022,T1_no_point_shrinkage_raked
1723,52,true,0.000000000081,0.001223907161,true,true,2022,T1_no_point_shrinkage_raked
1724,51,true,0.000000000094,0.002264920784,true,true,2022,T1_no_point_shrinkage_raked
1725,46,true,0.000000000086,0.004258910849,true,true,2022,T1_no_point_shrinkage_raked
1726,50,true,0.000000000084,0.001640389410,true,true,2022,T1_no_point_shrinkage_raked
1727,42,true,0.000000000096,0.005219489552,true,true,2022,T1_no_point_shrinkage_raked
1728,48,true,0.000000000094,0.004628962201,true,true,2022,T1_no_point_shrinkage_raked
1729,54,true,0.000000000095,0.006114580372,true,true,2022,T1_no_point_shrinkage_raked
1730,51,true,0.000000000095,0.003356471791,true,true,2022,T1_no_point_shrinkage_raked
1731,48,true,0.000000000098,0.005044141420,true,true,2022,T1_no_point_shrinkage_raked
1732,52,true,0.000000000074,0.004013266705,true,true,2022,T1_no_point_shrinkage_raked
1733,50,true,0.000000000076,0.003073541458,true,true,2022,T1_no_point_shrinkage_raked
1734,56,true,0.000000000095,0.002460810768,true,true,2022,T1_no_point_shrinkage_raked
1735,48,true,0.000000000093,0.007831976339,true,true,2022,T1_no_point_shrinkage_raked
1736,45,true,0.000000000070,0.004742713190,true,true,2022,T1_no_point_shrinkage_raked
1737,47,true,0.000000000094,0.002587499898,true,true,2022,T1_no_point_shrinkage_raked
1738,46,true,0.000000000082,0.004639169829,true,true,2022,T1_no_point_shrinkage_raked
1739,56,true,0.000000000089,0.006387415436,true,true,2022,T1_no_point_shrinkage_raked
1740,57,true,0.000000000098,0.007351546191,true,true,2022,T1_no_point_shrinkage_raked
1741,46,true,0.000000000089,0.003126919985,true,true,2022,T1_no_point_shrinkage_raked
1742,49,true,0.000000000092,0.002958516039,true,true,2022,T1_no_point_shrinkage_raked
1743,51,true,0.000000000072,0.004368532908,true,true,2022,T1_no_point_shrinkage_raked
1744,51,true,0.000000000081,0.004136938070,true,true,2022,T1_no_point_shrinkage_raked
1745,55,true,0.000000000078,0.003799497857,true,true,2022,T1_no_point_shrinkage_raked
1746,55,true,0.000000000099,0.003156885387,true,true,2022,T1_no_point_shrinkage_raked
1747,45,true,0.000000000074,0.003686240675,true,true,2022,T1_no_point_shrinkage_raked
1748,49,true,0.000000000097,0.007943706159,true,true,2022,T1_no_point_shrinkage_raked
1749,53,true,0.000000000086,0.005947614599,true,true,2022,T1_no_point_shrinkage_raked
1750,45,true,0.000000000099,0.001021028152,true,true,2022,T1_no_point_shrinkage_raked
1751,49,true,0.000000000100,0.004327628952,true,true,2022,T1_no_point_shrinkage_raked
1752,47,true,0.000000000073,0.004267668043,true,true,2022,T1_no_point_shrinkage_raked
1753,49,true,0.000000000094,0.005622900496,true,true,2022,T1_no_point_shrinkage_raked
1754,53,true,0.000000000076,0.002460451366,true,true,2022,T1_no_point_shrinkage_raked
1755,53,true,0.000000000075,0.006237673830,true,true,2022,T1_no_point_shrinkage_raked
1756,50,true,0.000000000084,0.002395101497,true,true,2022,T1_no_point_shrinkage_raked
1757,52,true,0.000000000079,0.002052398682,true,true,2022,T1_no_point_shrinkage_raked
1758,55,true,0.000000000081,0.004572564013,true,true,2022,T1_no_point_shrinkage_raked
1759,52,true,0.000000000086,0.003397311485,true,true,2022,T1_no_point_shrinkage_raked
1760,56,true,0.000000000079,0.001631211539,true,true,2022,T1_no_point_shrinkage_raked
1761,45,true,0.000000000093,0.003391444169,true,true,2022,T1_no_point_shrinkage_raked
1762,47,true,0.000000000089,0.003949818198,true,true,2022,T1_no_point_shrinkage_raked
1763,56,true,0.000000000097,0.004118798552,true,true,2022,T1_no_point_shrinkage_raked
1764,54,true,0.000000000079,0.005112453027,true,true,2022,T1_no_point_shrinkage_raked
1765,49,true,0.000000000096,0.005598433051,true,true,2022,T1_no_point_shrinkage_raked
1766,46,true,0.000000000074,0.005443952919,true,true,2022,T1_no_point_shrinkage_raked
1767,48,true,0.000000000098,0.003623010800,true,true,2022,T1_no_point_shrinkage_raked
1768,40,true,0.000000000072,0.005452386084,true,true,2022,T1_no_point_shrinkage_raked
1769,49,true,0.000000000081,0.004546340939,true,true,2022,T1_no_point_shrinkage_raked
1770,55,true,0.000000000080,0.004275016217,true,true,2022,T1_no_point_shrinkage_raked
1771,50,true,0.000000000072,0.004862059735,true,true,2022,T1_no_point_shrinkage_raked
1772,50,true,0.000000000092,0.003271868563,true,true,2022,T1_no_point_shrinkage_raked
1773,46,true,0.000000000073,0.003247400994,true,true,2022,T1_no_point_shrinkage_raked
1774,54,true,0.000000000094,0.003513567656,true,true,2022,T1_no_point_shrinkage_raked
1775,59,true,0.000000000095,0.002440326911,true,true,2022,T1_no_point_shrinkage_raked
1776,39,true,0.000000000089,0.003750194259,true,true,2022,T1_no_point_shrinkage_raked
1777,55,true,0.000000000074,0.002039827960,true,true,2022,T1_no_point_shrinkage_raked
1778,50,true,0.000000000080,0.001566004023,true,true,2022,T1_no_point_shrinkage_raked
1779,47,true,0.000000000094,0.003628345753,true,true,2022,T1_no_point_shrinkage_raked
1780,49,true,0.000000000095,0.004799238111,true,true,2022,T1_no_point_shrinkage_raked
1781,50,true,0.000000000079,0.003747065362,true,true,2022,T1_no_point_shrinkage_raked
1782,52,true,0.000000000097,0.004718582222,true,true,2022,T1_no_point_shrinkage_raked
1783,51,true,0.000000000084,0.004095935638,true,true,2022,T1_no_point_shrinkage_raked
1784,57,true,0.000000000097,0.004287058161,true,true,2022,T1_no_point_shrinkage_raked
1785,45,true,0.000000000070,0.003348821329,true,true,2022,T1_no_point_shrinkage_raked
1786,50,true,0.000000000076,0.005231197904,true,true,2022,T1_no_point_shrinkage_raked
1787,49,true,0.000000000072,0.002979700153,true,true,2022,T1_no_point_shrinkage_raked
1788,50,true,0.000000000074,0.002834531641,true,true,2022,T1_no_point_shrinkage_raked
1789,50,true,0.000000000097,0.002823081019,true,true,2022,T1_no_point_shrinkage_raked
1790,55,true,0.000000000083,0.005779118373,true,true,2022,T1_no_point_shrinkage_raked
1791,49,true,0.000000000096,0.002271212322,true,true,2022,T1_no_point_shrinkage_raked
1792,45,true,0.000000000075,0.002536799310,true,true,2022,T1_no_point_shrinkage_raked
1793,52,true,0.000000000079,0.003683421381,true,true,2022,T1_no_point_shrinkage_raked
1794,51,true,0.000000000073,0.006120980831,true,true,2022,T1_no_point_shrinkage_raked
1795,41,true,0.000000000072,0.003951809859,true,true,2022,T1_no_point_shrinkage_raked
1796,49,true,0.000000000091,0.002814894529,true,true,2022,T1_no_point_shrinkage_raked
1797,48,true,0.000000000083,0.003274353120,true,true,2022,T1_no_point_shrinkage_raked
1798,44,true,0.000000000085,0.004943339221,true,true,2022,T1_no_point_shrinkage_raked
1799,48,true,0.000000000072,0.002643188306,true,true,2022,T1_no_point_shrinkage_raked
1800,54,true,0.000000000075,0.002123500619,true,true,2022,T1_no_point_shrinkage_raked
1801,49,true,0.000000000078,0.003445535458,true,true,2022,T1_no_point_shrinkage_raked
1802,53,true,0.000000000084,0.005357945519,true,true,2022,T1_no_point_shrinkage_raked
1803,55,true,0.000000000085,0.003884532678,true,true,2022,T1_no_point_shrinkage_raked
1804,41,true,0.000000000076,0.003367583149,true,true,2022,T1_no_point_shrinkage_raked
1805,47,true,0.000000000080,0.001894165063,true,true,2022,T1_no_point_shrinkage_raked
1806,54,true,0.000000000094,0.003626667378,true,true,2022,T1_no_point_shrinkage_raked
1807,52,true,0.000000000086,0.006366331588,true,true,2022,T1_no_point_shrinkage_raked
1808,48,true,0.000000000080,0.004072720633,true,true,2022,T1_no_point_shrinkage_raked
1809,58,true,0.000000000097,0.002633263512,true,true,2022,T1_no_point_shrinkage_raked
1810,53,true,0.000000000090,0.004914106259,true,true,2022,T1_no_point_shrinkage_raked
1811,47,true,0.000000000097,0.003464617507,true,true,2022,T1_no_point_shrinkage_raked
1812,51,true,0.000000000084,0.003841630077,true,true,2022,T1_no_point_shrinkage_raked
1813,52,true,0.000000000081,0.002221346337,true,true,2022,T1_no_point_shrinkage_raked
1814,45,true,0.000000000090,0.002788486467,true,true,2022,T1_no_point_shrinkage_raked
1815,47,true,0.000000000074,0.005440558572,true,true,2022,T1_no_point_shrinkage_raked
1816,49,true,0.000000000078,0.001635249805,true,true,2022,T1_no_point_shrinkage_raked
1817,49,true,0.000000000072,0.003607618150,true,true,2022,T1_no_point_shrinkage_raked
1818,51,true,0.000000000084,0.002735392860,true,true,2022,T1_no_point_shrinkage_raked
1819,54,true,0.000000000084,0.004112243327,true,true,2022,T1_no_point_shrinkage_raked
1820,51,true,0.000000000096,0.003836446565,true,true,2022,T1_no_point_shrinkage_raked
1821,51,true,0.000000000093,0.001218293336,true,true,2022,T1_no_point_shrinkage_raked
1822,48,true,0.000000000080,0.005555595868,true,true,2022,T1_no_point_shrinkage_raked
1823,43,true,0.000000000072,0.003991274725,true,true,2022,T1_no_point_shrinkage_raked
1824,55,true,0.000000000073,0.006861794748,true,true,2022,T1_no_point_shrinkage_raked
1825,51,true,0.000000000073,0.003990519554,true,true,2022,T1_no_point_shrinkage_raked
1826,40,true,0.000000000088,0.004088594459,true,true,2022,T1_no_point_shrinkage_raked
1827,51,true,0.000000000092,0.004678893588,true,true,2022,T1_no_point_shrinkage_raked
1828,47,true,0.000000000096,0.002359880280,true,true,2022,T1_no_point_shrinkage_raked
1829,49,true,0.000000000074,0.006860256573,true,true,2022,T1_no_point_shrinkage_raked
1830,49,true,0.000000000089,0.002151938307,true,true,2022,T1_no_point_shrinkage_raked
1831,49,true,0.000000000094,0.004583459713,true,true,2022,T1_no_point_shrinkage_raked
1832,41,true,0.000000000088,0.001246471194,true,true,2022,T1_no_point_shrinkage_raked
1833,48,true,0.000000000071,0.003853555216,true,true,2022,T1_no_point_shrinkage_raked
1834,51,true,0.000000000081,0.003214426109,true,true,2022,T1_no_point_shrinkage_raked
1835,48,true,0.000000000086,0.003367739702,true,true,2022,T1_no_point_shrinkage_raked
1836,55,true,0.000000000098,0.003742720838,true,true,2022,T1_no_point_shrinkage_raked
1837,58,true,0.000000000095,0.004881388102,true,true,2022,T1_no_point_shrinkage_raked
1838,51,true,0.000000000082,0.003458685182,true,true,2022,T1_no_point_shrinkage_raked
1839,54,true,0.000000000076,0.002535002017,true,true,2022,T1_no_point_shrinkage_raked
1840,52,true,0.000000000093,0.004388237867,true,true,2022,T1_no_point_shrinkage_raked
1841,43,true,0.000000000097,0.002332061901,true,true,2022,T1_no_point_shrinkage_raked
1842,49,true,0.000000000089,0.002549922622,true,true,2022,T1_no_point_shrinkage_raked
1843,49,true,0.000000000085,0.004386096382,true,true,2022,T1_no_point_shrinkage_raked
1844,51,true,0.000000000094,0.002875476958,true,true,2022,T1_no_point_shrinkage_raked
1845,57,true,0.000000000079,0.003370341558,true,true,2022,T1_no_point_shrinkage_raked
1846,50,true,0.000000000093,0.000971992644,true,true,2022,T1_no_point_shrinkage_raked
1847,52,true,0.000000000089,0.002691818163,true,true,2022,T1_no_point_shrinkage_raked
1848,55,true,0.000000000090,0.001896155060,true,true,2022,T1_no_point_shrinkage_raked
1849,57,true,0.000000000079,0.007205821798,true,true,2022,T1_no_point_shrinkage_raked
1850,48,true,0.000000000074,0.005876190554,true,true,2022,T1_no_point_shrinkage_raked
1851,46,true,0.000000000097,0.003813188050,true,true,2022,T1_no_point_shrinkage_raked
1852,51,true,0.000000000084,0.001856459370,true,true,2022,T1_no_point_shrinkage_raked
1853,48,true,0.000000000075,0.003576119261,true,true,2022,T1_no_point_shrinkage_raked
1854,48,true,0.000000000091,0.006338854197,true,true,2022,T1_no_point_shrinkage_raked
1855,56,true,0.000000000087,0.004179993283,true,true,2022,T1_no_point_shrinkage_raked
1856,47,true,0.000000000087,0.003260758824,true,true,2022,T1_no_point_shrinkage_raked
1857,51,true,0.000000000072,0.002959022029,true,true,2022,T1_no_point_shrinkage_raked
1858,62,true,0.000000000089,0.006195800676,true,true,2022,T1_no_point_shrinkage_raked
1859,51,true,0.000000000093,0.001870018303,true,true,2022,T1_no_point_shrinkage_raked
1860,50,true,0.000000000085,0.003318449650,true,true,2022,T1_no_point_shrinkage_raked
1861,51,true,0.000000000097,0.003281009780,true,true,2022,T1_no_point_shrinkage_raked
1862,44,true,0.000000000085,0.003046959459,true,true,2022,T1_no_point_shrinkage_raked
1863,50,true,0.000000000085,0.002960256958,true,true,2022,T1_no_point_shrinkage_raked
1864,51,true,0.000000000092,0.003871558385,true,true,2022,T1_no_point_shrinkage_raked
1865,49,true,0.000000000094,0.002568725926,true,true,2022,T1_no_point_shrinkage_raked
1866,49,true,0.000000000085,0.002592650060,true,true,2022,T1_no_point_shrinkage_raked
1867,50,true,0.000000000087,0.004776127148,true,true,2022,T1_no_point_shrinkage_raked
1868,53,true,0.000000000096,0.006333098024,true,true,2022,T1_no_point_shrinkage_raked
1869,53,true,0.000000000084,0.003670036659,true,true,2022,T1_no_point_shrinkage_raked
1870,51,true,0.000000000076,0.003484185926,true,true,2022,T1_no_point_shrinkage_raked
1871,57,true,0.000000000083,0.005200921806,true,true,2022,T1_no_point_shrinkage_raked
1872,48,true,0.000000000078,0.004768292733,true,true,2022,T1_no_point_shrinkage_raked
1873,43,true,0.000000000091,0.006539379453,true,true,2022,T1_no_point_shrinkage_raked
1874,48,true,0.000000000082,0.002927153890,true,true,2022,T1_no_point_shrinkage_raked
1875,54,true,0.000000000091,0.002645443440,true,true,2022,T1_no_point_shrinkage_raked
1876,55,true,0.000000000090,0.002392107622,true,true,2022,T1_no_point_shrinkage_raked
1877,52,true,0.000000000090,0.005406972797,true,true,2022,T1_no_point_shrinkage_raked
1878,51,true,0.000000000085,0.002440760795,true,true,2022,T1_no_point_shrinkage_raked
1879,50,true,0.000000000100,0.003136006480,true,true,2022,T1_no_point_shrinkage_raked
1880,49,true,0.000000000094,0.004768041073,true,true,2022,T1_no_point_shrinkage_raked
1881,51,true,0.000000000090,0.003999754412,true,true,2022,T1_no_point_shrinkage_raked
1882,49,true,0.000000000092,0.004846765522,true,true,2022,T1_no_point_shrinkage_raked
1883,44,true,0.000000000073,0.004601239582,true,true,2022,T1_no_point_shrinkage_raked
1884,41,true,0.000000000074,0.004265053112,true,true,2022,T1_no_point_shrinkage_raked
1885,53,true,0.000000000091,0.004998186583,true,true,2022,T1_no_point_shrinkage_raked
1886,48,true,0.000000000084,0.006016614374,true,true,2022,T1_no_point_shrinkage_raked
1887,49,true,0.000000000075,0.004850500833,true,true,2022,T1_no_point_shrinkage_raked
1888,48,true,0.000000000088,0.003503158818,true,true,2022,T1_no_point_shrinkage_raked
1889,52,true,0.000000000098,0.003155386460,true,true,2022,T1_no_point_shrinkage_raked
1890,52,true,0.000000000090,0.002598733037,true,true,2022,T1_no_point_shrinkage_raked
1891,50,true,0.000000000094,0.005994687473,true,true,2022,T1_no_point_shrinkage_raked
1892,51,true,0.000000000086,0.003892138388,true,true,2022,T1_no_point_shrinkage_raked
1893,50,true,0.000000000074,0.003520467234,true,true,2022,T1_no_point_shrinkage_raked
1894,52,true,0.000000000072,0.002438489907,true,true,2022,T1_no_point_shrinkage_raked
1895,49,true,0.000000000069,0.007788374623,true,true,2022,T1_no_point_shrinkage_raked
1896,50,true,0.000000000098,0.003990331229,true,true,2022,T1_no_point_shrinkage_raked
1897,49,true,0.000000000091,0.002874090431,true,true,2022,T1_no_point_shrinkage_raked
1898,47,true,0.000000000098,0.002181244576,true,true,2022,T1_no_point_shrinkage_raked
1899,53,true,0.000000000081,0.005121562621,true,true,2022,T1_no_point_shrinkage_raked
1900,55,true,0.000000000086,0.005315099070,true,true,2022,T1_no_point_shrinkage_raked
1901,52,true,0.000000000091,0.003916162180,true,true,2022,T1_no_point_shrinkage_raked
1902,40,true,0.000000000093,0.002484263622,true,true,2022,T1_no_point_shrinkage_raked
1903,54,true,0.000000000097,0.003701462723,true,true,2022,T1_no_point_shrinkage_raked
1904,47,true,0.000000000073,0.003171758940,true,true,2022,T1_no_point_shrinkage_raked
1905,54,true,0.000000000084,0.004497986312,true,true,2022,T1_no_point_shrinkage_raked
1906,58,true,0.000000000074,0.004188610639,true,true,2022,T1_no_point_shrinkage_raked
1907,35,true,0.000000000074,0.002694666391,true,true,2022,T1_no_point_shrinkage_raked
1908,45,true,0.000000000084,0.003001809025,true,true,2022,T1_no_point_shrinkage_raked
1909,45,true,0.000000000099,0.006108379160,true,true,2022,T1_no_point_shrinkage_raked
1910,49,true,0.000000000094,0.004479383542,true,true,2022,T1_no_point_shrinkage_raked
1911,49,true,0.000000000083,0.004812921811,true,true,2022,T1_no_point_shrinkage_raked
1912,50,true,0.000000000090,0.006830791763,true,true,2022,T1_no_point_shrinkage_raked
1913,43,true,0.000000000092,0.006307009721,true,true,2022,T1_no_point_shrinkage_raked
1914,59,true,0.000000000076,0.006747099987,true,true,2022,T1_no_point_shrinkage_raked
1915,47,true,0.000000000097,0.004064238136,true,true,2022,T1_no_point_shrinkage_raked
1916,44,true,0.000000000095,0.004848109217,true,true,2022,T1_no_point_shrinkage_raked
1917,47,true,0.000000000075,0.006511254513,true,true,2022,T1_no_point_shrinkage_raked
1918,52,true,0.000000000073,0.002851697172,true,true,2022,T1_no_point_shrinkage_raked
1919,51,true,0.000000000093,0.002112659411,true,true,2022,T1_no_point_shrinkage_raked
1920,45,true,0.000000000075,0.003710264808,true,true,2022,T1_no_point_shrinkage_raked
1921,55,true,0.000000000089,0.004578092639,true,true,2022,T1_no_point_shrinkage_raked
1922,50,true,0.000000000083,0.004138085210,true,true,2022,T1_no_point_shrinkage_raked
1923,48,true,0.000000000089,0.005329475576,true,true,2022,T1_no_point_shrinkage_raked
1924,48,true,0.000000000096,0.005148524665,true,true,2022,T1_no_point_shrinkage_raked
1925,48,true,0.000000000071,0.003478287666,true,true,2022,T1_no_point_shrinkage_raked
1926,52,true,0.000000000091,0.004111085570,true,true,2022,T1_no_point_shrinkage_raked
1927,46,true,0.000000000084,0.000739728819,true,true,2022,T1_no_point_shrinkage_raked
1928,50,true,0.000000000094,0.005044035504,true,true,2022,T1_no_point_shrinkage_raked
1929,52,true,0.000000000095,0.003399515130,true,true,2022,T1_no_point_shrinkage_raked
1930,53,true,0.000000000093,0.002640428462,true,true,2022,T1_no_point_shrinkage_raked
1931,47,true,0.000000000083,0.003807683299,true,true,2022,T1_no_point_shrinkage_raked
1932,51,true,0.000000000090,0.005278068174,true,true,2022,T1_no_point_shrinkage_raked
1933,45,true,0.000000000070,0.001827444352,true,true,2022,T1_no_point_shrinkage_raked
1934,55,true,0.000000000094,0.004502776358,true,true,2022,T1_no_point_shrinkage_raked
1935,56,true,0.000000000093,0.004009181131,true,true,2022,T1_no_point_shrinkage_raked
1936,51,true,0.000000000071,0.005420474200,true,true,2022,T1_no_point_shrinkage_raked
1937,47,true,0.000000000087,0.001619008988,true,true,2022,T1_no_point_shrinkage_raked
1938,55,true,0.000000000095,0.001955454717,true,true,2022,T1_no_point_shrinkage_raked
1939,51,true,0.000000000081,0.003562164677,true,true,2022,T1_no_point_shrinkage_raked
1940,48,true,0.000000000077,0.001417630873,true,true,2022,T1_no_point_shrinkage_raked
1941,48,true,0.000000000075,0.003456933930,true,true,2022,T1_no_point_shrinkage_raked
1942,44,true,0.000000000100,0.002382109857,true,true,2022,T1_no_point_shrinkage_raked
1943,57,true,0.000000000084,0.002458686158,true,true,2022,T1_no_point_shrinkage_raked
1944,41,true,0.000000000077,0.005665943230,true,true,2022,T1_no_point_shrinkage_raked
1945,50,true,0.000000000078,0.006266193156,true,true,2022,T1_no_point_shrinkage_raked
1946,41,true,0.000000000085,0.002072302223,true,true,2022,T1_no_point_shrinkage_raked
1947,50,true,0.000000000091,0.002213546955,true,true,2022,T1_no_point_shrinkage_raked
1948,56,true,0.000000000078,0.003916408386,true,true,2022,T1_no_point_shrinkage_raked
1949,48,true,0.000000000094,0.002207531459,true,true,2022,T1_no_point_shrinkage_raked
1950,44,true,0.000000000093,0.004703531732,true,true,2022,T1_no_point_shrinkage_raked
1951,49,true,0.000000000091,0.004787446703,true,true,2022,T1_no_point_shrinkage_raked
1952,46,true,0.000000000093,0.003801407822,true,true,2022,T1_no_point_shrinkage_raked
1953,45,true,0.000000000081,0.004673090743,true,true,2022,T1_no_point_shrinkage_raked
1954,47,true,0.000000000080,0.001880674506,true,true,2022,T1_no_point_shrinkage_raked
1955,49,true,0.000000000088,0.005188746752,true,true,2022,T1_no_point_shrinkage_raked
1956,56,true,0.000000000080,0.004127992797,true,true,2022,T1_no_point_shrinkage_raked
1957,52,true,0.000000000072,0.005496065493,true,true,2022,T1_no_point_shrinkage_raked
1958,55,true,0.000000000097,0.004899492820,true,true,2022,T1_no_point_shrinkage_raked
1959,53,true,0.000000000085,0.004828430064,true,true,2022,T1_no_point_shrinkage_raked
1960,52,true,0.000000000088,0.005722819358,true,true,2022,T1_no_point_shrinkage_raked
1961,56,true,0.000000000074,0.007742102789,true,true,2022,T1_no_point_shrinkage_raked
1962,52,true,0.000000000091,0.003589886655,true,true,2022,T1_no_point_shrinkage_raked
1963,48,true,0.000000000083,0.001412312806,true,true,2022,T1_no_point_shrinkage_raked
1964,56,true,0.000000000089,0.003528881545,true,true,2022,T1_no_point_shrinkage_raked
1965,50,true,0.000000000086,0.006019644998,true,true,2022,T1_no_point_shrinkage_raked
1966,47,true,0.000000000097,0.000968361894,true,true,2022,T1_no_point_shrinkage_raked
1967,50,true,0.000000000079,0.004616864865,true,true,2022,T1_no_point_shrinkage_raked
1968,44,true,0.000000000090,0.001827059128,true,true,2022,T1_no_point_shrinkage_raked
1969,51,true,0.000000000074,0.003550653768,true,true,2022,T1_no_point_shrinkage_raked
1970,54,true,0.000000000074,0.003494456308,true,true,2022,T1_no_point_shrinkage_raked
1971,55,true,0.000000000080,0.005542450193,true,true,2022,T1_no_point_shrinkage_raked
1972,52,true,0.000000000078,0.002835487039,true,true,2022,T1_no_point_shrinkage_raked
1973,48,true,0.000000000095,0.001255297246,true,true,2022,T1_no_point_shrinkage_raked
1974,51,true,0.000000000086,0.005942076094,true,true,2022,T1_no_point_shrinkage_raked
1975,53,true,0.000000000078,0.002907759414,true,true,2022,T1_no_point_shrinkage_raked
1976,46,true,0.000000000077,0.002036752958,true,true,2022,T1_no_point_shrinkage_raked
1977,46,true,0.000000000076,0.007222549852,true,true,2022,T1_no_point_shrinkage_raked
1978,46,true,0.000000000092,0.003152302016,true,true,2022,T1_no_point_shrinkage_raked
1979,48,true,0.000000000087,0.001518859655,true,true,2022,T1_no_point_shrinkage_raked
1980,56,true,0.000000000088,0.001334738672,true,true,2022,T1_no_point_shrinkage_raked
1981,50,true,0.000000000083,0.004143043012,true,true,2022,T1_no_point_shrinkage_raked
1982,53,true,0.000000000071,0.001941887977,true,true,2022,T1_no_point_shrinkage_raked
1983,53,true,0.000000000079,0.001773464167,true,true,2022,T1_no_point_shrinkage_raked
1984,57,true,0.000000000098,0.003817457428,true,true,2022,T1_no_point_shrinkage_raked
1985,50,true,0.000000000077,0.002792564092,true,true,2022,T1_no_point_shrinkage_raked
1986,50,true,0.000000000072,0.004555074311,true,true,2022,T1_no_point_shrinkage_raked
1987,51,true,0.000000000092,0.004111088882,true,true,2022,T1_no_point_shrinkage_raked
1988,34,true,0.000000000074,0.005887865515,true,true,2022,T1_no_point_shrinkage_raked
1989,46,true,0.000000000080,0.001456492558,true,true,2022,T1_no_point_shrinkage_raked
1990,51,true,0.000000000084,0.004414589180,true,true,2022,T1_no_point_shrinkage_raked
1991,56,true,0.000000000089,0.004406024718,true,true,2022,T1_no_point_shrinkage_raked
1992,49,true,0.000000000086,0.004302941038,true,true,2022,T1_no_point_shrinkage_raked
1993,46,true,0.000000000092,0.005401929541,true,true,2022,T1_no_point_shrinkage_raked
1994,55,true,0.000000000083,0.004547315076,true,true,2022,T1_no_point_shrinkage_raked
1995,49,true,0.000000000073,0.003503231893,true,true,2022,T1_no_point_shrinkage_raked
1996,49,true,0.000000000074,0.005201653094,true,true,2022,T1_no_point_shrinkage_raked
1997,42,true,0.000000000076,0.006746987518,true,true,2022,T1_no_point_shrinkage_raked
1998,37,true,0.000000000073,0.002441470573,true,true,2022,T1_no_point_shrinkage_raked
1999,50,true,0.000000000090,0.005687092270,true,true,2022,T1_no_point_shrinkage_raked
0,57,true,0.000000000093,0.002760686894,true,true,2022,T1_previous_party_hierarchical_raked
1,50,true,0.000000000085,0.003983768647,true,true,2022,T1_previous_party_hierarchical_raked
2,50,true,0.000000000071,0.003830474926,true,true,2022,T1_previous_party_hierarchical_raked
3,55,true,0.000000000082,0.005762520949,true,true,2022,T1_previous_party_hierarchical_raked
4,56,true,0.000000000087,0.003207166740,true,true,2022,T1_previous_party_hierarchical_raked
5,58,true,0.000000000087,0.002953123043,true,true,2022,T1_previous_party_hierarchical_raked
6,39,true,0.000000000096,0.003016415416,true,true,2022,T1_previous_party_hierarchical_raked
7,55,true,0.000000000080,0.003432623164,true,true,2022,T1_previous_party_hierarchical_raked
8,49,true,0.000000000093,0.004371615462,true,true,2022,T1_previous_party_hierarchical_raked
9,57,true,0.000000000083,0.004448210152,true,true,2022,T1_previous_party_hierarchical_raked
10,55,true,0.000000000095,0.007184751092,true,true,2022,T1_previous_party_hierarchical_raked
11,50,true,0.000000000098,0.002773452366,true,true,2022,T1_previous_party_hierarchical_raked
12,53,true,0.000000000083,0.002861658440,true,true,2022,T1_previous_party_hierarchical_raked
13,53,true,0.000000000095,0.004680205800,true,true,2022,T1_previous_party_hierarchical_raked
14,44,true,0.000000000084,0.002235748377,true,true,2022,T1_previous_party_hierarchical_raked
15,49,true,0.000000000084,0.002253479366,true,true,2022,T1_previous_party_hierarchical_raked
16,50,true,0.000000000073,0.003281041563,true,true,2022,T1_previous_party_hierarchical_raked
17,50,true,0.000000000086,0.002711613897,true,true,2022,T1_previous_party_hierarchical_raked
18,52,true,0.000000000099,0.004799712748,true,true,2022,T1_previous_party_hierarchical_raked
19,55,true,0.000000000073,0.006107594316,true,true,2022,T1_previous_party_hierarchical_raked
20,58,true,0.000000000080,0.001863291959,true,true,2022,T1_previous_party_hierarchical_raked
21,58,true,0.000000000077,0.003373328066,true,true,2022,T1_previous_party_hierarchical_raked
22,48,true,0.000000000084,0.004886302039,true,true,2022,T1_previous_party_hierarchical_raked
23,53,true,0.000000000085,0.004364992737,true,true,2022,T1_previous_party_hierarchical_raked
24,52,true,0.000000000073,0.003030385186,true,true,2022,T1_previous_party_hierarchical_raked
25,48,true,0.000000000080,0.002404757860,true,true,2022,T1_previous_party_hierarchical_raked
26,51,true,0.000000000087,0.004320473425,true,true,2022,T1_previous_party_hierarchical_raked
27,40,true,0.000000000086,0.001685259728,true,true,2022,T1_previous_party_hierarchical_raked
28,51,true,0.000000000091,0.004224114499,true,true,2022,T1_previous_party_hierarchical_raked
29,51,true,0.000000000080,0.003032838974,true,true,2022,T1_previous_party_hierarchical_raked
30,53,true,0.000000000092,0.005440637109,true,true,2022,T1_previous_party_hierarchical_raked
31,42,true,0.000000000086,0.004012875187,true,true,2022,T1_previous_party_hierarchical_raked
32,40,true,0.000000000092,0.002174696507,true,true,2022,T1_previous_party_hierarchical_raked
33,53,true,0.000000000095,0.003365874021,true,true,2022,T1_previous_party_hierarchical_raked
34,54,true,0.000000000073,0.006141339388,true,true,2022,T1_previous_party_hierarchical_raked
35,46,true,0.000000000080,0.003044972566,true,true,2022,T1_previous_party_hierarchical_raked
36,56,true,0.000000000099,0.006291833485,true,true,2022,T1_previous_party_hierarchical_raked
37,36,true,0.000000000090,0.005071721840,true,true,2022,T1_previous_party_hierarchical_raked
38,34,true,0.000000000077,0.002735870642,true,true,2022,T1_previous_party_hierarchical_raked
39,53,true,0.000000000074,0.003900518465,true,true,2022,T1_previous_party_hierarchical_raked
40,54,true,0.000000000076,0.001977766902,true,true,2022,T1_previous_party_hierarchical_raked
41,53,true,0.000000000073,0.004674439778,true,true,2022,T1_previous_party_hierarchical_raked
42,50,true,0.000000000072,0.003280814411,true,true,2022,T1_previous_party_hierarchical_raked
43,51,true,0.000000000081,0.004686481401,true,true,2022,T1_previous_party_hierarchical_raked
44,48,true,0.000000000099,0.003360792664,true,true,2022,T1_previous_party_hierarchical_raked
45,52,true,0.000000000088,0.003767100859,true,true,2022,T1_previous_party_hierarchical_raked
46,52,true,0.000000000077,0.005719342194,true,true,2022,T1_previous_party_hierarchical_raked
47,53,true,0.000000000077,0.003067799494,true,true,2022,T1_previous_party_hierarchical_raked
48,52,true,0.000000000095,0.004656548376,true,true,2022,T1_previous_party_hierarchical_raked
49,48,true,0.000000000081,0.001657070473,true,true,2022,T1_previous_party_hierarchical_raked
50,53,true,0.000000000085,0.002942962037,true,true,2022,T1_previous_party_hierarchical_raked
51,54,true,0.000000000094,0.002459709880,true,true,2022,T1_previous_party_hierarchical_raked
52,47,true,0.000000000086,0.004212573422,true,true,2022,T1_previous_party_hierarchical_raked
53,45,true,0.000000000082,0.003183763197,true,true,2022,T1_previous_party_hierarchical_raked
54,50,true,0.000000000100,0.002899892672,true,true,2022,T1_previous_party_hierarchical_raked
55,48,true,0.000000000071,0.002127256230,true,true,2022,T1_previous_party_hierarchical_raked
56,55,true,0.000000000073,0.005576967098,true,true,2022,T1_previous_party_hierarchical_raked
57,57,true,0.000000000095,0.004384977451,true,true,2022,T1_previous_party_hierarchical_raked
58,55,true,0.000000000077,0.005789110791,true,true,2022,T1_previous_party_hierarchical_raked
59,47,true,0.000000000076,0.003838916529,true,true,2022,T1_previous_party_hierarchical_raked
60,56,true,0.000000000080,0.004974480032,true,true,2022,T1_previous_party_hierarchical_raked
61,52,true,0.000000000091,0.005233236163,true,true,2022,T1_previous_party_hierarchical_raked
62,55,true,0.000000000072,0.005119298733,true,true,2022,T1_previous_party_hierarchical_raked
63,45,true,0.000000000099,0.003634508689,true,true,2022,T1_previous_party_hierarchical_raked
64,50,true,0.000000000081,0.003956266315,true,true,2022,T1_previous_party_hierarchical_raked
65,57,true,0.000000000083,0.004438833344,true,true,2022,T1_previous_party_hierarchical_raked
66,55,true,0.000000000084,0.005307613687,true,true,2022,T1_previous_party_hierarchical_raked
67,52,true,0.000000000084,0.002823653025,true,true,2022,T1_previous_party_hierarchical_raked
68,56,true,0.000000000089,0.004657591952,true,true,2022,T1_previous_party_hierarchical_raked
69,53,true,0.000000000079,0.005458882360,true,true,2022,T1_previous_party_hierarchical_raked
70,47,true,0.000000000086,0.002802210445,true,true,2022,T1_previous_party_hierarchical_raked
71,55,true,0.000000000094,0.004192129651,true,true,2022,T1_previous_party_hierarchical_raked
72,57,true,0.000000000079,0.004098777235,true,true,2022,T1_previous_party_hierarchical_raked
73,49,true,0.000000000081,0.002784381730,true,true,2022,T1_previous_party_hierarchical_raked
74,52,true,0.000000000100,0.005430468425,true,true,2022,T1_previous_party_hierarchical_raked
75,52,true,0.000000000085,0.002977047518,true,true,2022,T1_previous_party_hierarchical_raked
76,50,true,0.000000000079,0.006561982020,true,true,2022,T1_previous_party_hierarchical_raked
77,51,true,0.000000000079,0.004326229224,true,true,2022,T1_previous_party_hierarchical_raked
78,57,true,0.000000000079,0.004609542148,true,true,2022,T1_previous_party_hierarchical_raked
79,55,true,0.000000000095,0.003471643235,true,true,2022,T1_previous_party_hierarchical_raked
80,53,true,0.000000000099,0.003747738987,true,true,2022,T1_previous_party_hierarchical_raked
81,56,true,0.000000000085,0.005000936373,true,true,2022,T1_previous_party_hierarchical_raked
82,53,true,0.000000000090,0.004041251464,true,true,2022,T1_previous_party_hierarchical_raked
83,50,true,0.000000000072,0.002822907011,true,true,2022,T1_previous_party_hierarchical_raked
84,56,true,0.000000000081,0.003512143355,true,true,2022,T1_previous_party_hierarchical_raked
85,46,true,0.000000000094,0.002872681605,true,true,2022,T1_previous_party_hierarchical_raked
86,51,true,0.000000000076,0.005793233011,true,true,2022,T1_previous_party_hierarchical_raked
87,58,true,0.000000000084,0.005021196488,true,true,2022,T1_previous_party_hierarchical_raked
88,55,true,0.000000000088,0.004594684397,true,true,2022,T1_previous_party_hierarchical_raked
89,49,true,0.000000000078,0.003523062608,true,true,2022,T1_previous_party_hierarchical_raked
90,53,true,0.000000000084,0.004020422436,true,true,2022,T1_previous_party_hierarchical_raked
91,48,true,0.000000000084,0.005274721435,true,true,2022,T1_previous_party_hierarchical_raked
92,53,true,0.000000000083,0.003754765342,true,true,2022,T1_previous_party_hierarchical_raked
93,39,true,0.000000000095,0.004163179153,true,true,2022,T1_previous_party_hierarchical_raked
94,48,true,0.000000000073,0.003365916233,true,true,2022,T1_previous_party_hierarchical_raked
95,48,true,0.000000000098,0.001788215615,true,true,2022,T1_previous_party_hierarchical_raked
96,52,true,0.000000000094,0.004110714369,true,true,2022,T1_previous_party_hierarchical_raked
97,55,true,0.000000000096,0.003932455060,true,true,2022,T1_previous_party_hierarchical_raked
98,55,true,0.000000000080,0.003384735938,true,true,2022,T1_previous_party_hierarchical_raked
99,53,true,0.000000000097,0.003136420328,true,true,2022,T1_previous_party_hierarchical_raked
100,53,true,0.000000000092,0.005120602437,true,true,2022,T1_previous_party_hierarchical_raked
101,56,true,0.000000000080,0.002785573912,true,true,2022,T1_previous_party_hierarchical_raked
102,55,true,0.000000000096,0.005824241768,true,true,2022,T1_previous_party_hierarchical_raked
103,59,true,0.000000000080,0.005076084646,true,true,2022,T1_previous_party_hierarchical_raked
104,55,true,0.000000000074,0.004908924060,true,true,2022,T1_previous_party_hierarchical_raked
105,50,true,0.000000000079,0.005037899583,true,true,2022,T1_previous_party_hierarchical_raked
106,54,true,0.000000000094,0.003140605195,true,true,2022,T1_previous_party_hierarchical_raked
107,51,true,0.000000000080,0.004384684595,true,true,2022,T1_previous_party_hierarchical_raked
108,49,true,0.000000000069,0.003718357249,true,true,2022,T1_previous_party_hierarchical_raked
109,50,true,0.000000000083,0.004370610878,true,true,2022,T1_previous_party_hierarchical_raked
110,44,true,0.000000000086,0.005468607321,true,true,2022,T1_previous_party_hierarchical_raked
111,57,true,0.000000000090,0.004080003696,true,true,2022,T1_previous_party_hierarchical_raked
112,60,true,0.000000000078,0.002566425929,true,true,2022,T1_previous_party_hierarchical_raked
113,56,true,0.000000000085,0.003958160687,true,true,2022,T1_previous_party_hierarchical_raked
114,58,true,0.000000000078,0.005107175996,true,true,2022,T1_previous_party_hierarchical_raked
115,39,true,0.000000000085,0.004124868786,true,true,2022,T1_previous_party_hierarchical_raked
116,50,true,0.000000000094,0.005490179574,true,true,2022,T1_previous_party_hierarchical_raked
117,57,true,0.000000000080,0.006284124076,true,true,2022,T1_previous_party_hierarchical_raked
118,55,true,0.000000000096,0.003332342429,true,true,2022,T1_previous_party_hierarchical_raked
119,49,true,0.000000000077,0.002759144811,true,true,2022,T1_previous_party_hierarchical_raked
120,53,true,0.000000000097,0.004171962367,true,true,2022,T1_previous_party_hierarchical_raked
121,51,true,0.000000000083,0.002764196514,true,true,2022,T1_previous_party_hierarchical_raked
122,57,true,0.000000000088,0.005369651950,true,true,2022,T1_previous_party_hierarchical_raked
123,53,true,0.000000000077,0.004354063401,true,true,2022,T1_previous_party_hierarchical_raked
124,53,true,0.000000000076,0.003990186785,true,true,2022,T1_previous_party_hierarchical_raked
125,52,true,0.000000000094,0.004452128766,true,true,2022,T1_previous_party_hierarchical_raked
126,54,true,0.000000000092,0.003935708722,true,true,2022,T1_previous_party_hierarchical_raked
127,44,true,0.000000000071,0.002033634985,true,true,2022,T1_previous_party_hierarchical_raked
128,47,true,0.000000000075,0.001733901272,true,true,2022,T1_previous_party_hierarchical_raked
129,50,true,0.000000000089,0.004812164402,true,true,2022,T1_previous_party_hierarchical_raked
130,56,true,0.000000000075,0.004218884611,true,true,2022,T1_previous_party_hierarchical_raked
131,49,true,0.000000000071,0.002308505281,true,true,2022,T1_previous_party_hierarchical_raked
132,56,true,0.000000000074,0.005628317168,true,true,2022,T1_previous_party_hierarchical_raked
133,49,true,0.000000000082,0.005467044254,true,true,2022,T1_previous_party_hierarchical_raked
134,54,true,0.000000000084,0.005725899654,true,true,2022,T1_previous_party_hierarchical_raked
135,52,true,0.000000000088,0.006667541549,true,true,2022,T1_previous_party_hierarchical_raked
136,56,true,0.000000000081,0.003555777242,true,true,2022,T1_previous_party_hierarchical_raked
137,49,true,0.000000000071,0.005981470904,true,true,2022,T1_previous_party_hierarchical_raked
138,54,true,0.000000000084,0.004262601121,true,true,2022,T1_previous_party_hierarchical_raked
139,60,true,0.000000000074,0.004910713706,true,true,2022,T1_previous_party_hierarchical_raked
140,53,true,0.000000000071,0.002942245787,true,true,2022,T1_previous_party_hierarchical_raked
141,50,true,0.000000000074,0.002203383707,true,true,2022,T1_previous_party_hierarchical_raked
142,50,true,0.000000000082,0.003010033014,true,true,2022,T1_previous_party_hierarchical_raked
143,47,true,0.000000000079,0.002060888058,true,true,2022,T1_previous_party_hierarchical_raked
144,59,true,0.000000000097,0.007256528987,true,true,2022,T1_previous_party_hierarchical_raked
145,53,true,0.000000000095,0.003803906915,true,true,2022,T1_previous_party_hierarchical_raked
146,52,true,0.000000000082,0.003863194475,true,true,2022,T1_previous_party_hierarchical_raked
147,48,true,0.000000000078,0.004988261819,true,true,2022,T1_previous_party_hierarchical_raked
148,53,true,0.000000000077,0.003413576974,true,true,2022,T1_previous_party_hierarchical_raked
149,52,true,0.000000000084,0.003395363214,true,true,2022,T1_previous_party_hierarchical_raked
150,57,true,0.000000000074,0.002579502958,true,true,2022,T1_previous_party_hierarchical_raked
151,53,true,0.000000000084,0.006087736273,true,true,2022,T1_previous_party_hierarchical_raked
152,46,true,0.000000000095,0.003357594429,true,true,2022,T1_previous_party_hierarchical_raked
153,51,true,0.000000000081,0.003839511526,true,true,2022,T1_previous_party_hierarchical_raked
154,44,true,0.000000000090,0.003851832607,true,true,2022,T1_previous_party_hierarchical_raked
155,54,true,0.000000000091,0.006072868134,true,true,2022,T1_previous_party_hierarchical_raked
156,50,true,0.000000000072,0.005463152438,true,true,2022,T1_previous_party_hierarchical_raked
157,52,true,0.000000000094,0.002152481134,true,true,2022,T1_previous_party_hierarchical_raked
158,51,true,0.000000000093,0.003314125243,true,true,2022,T1_previous_party_hierarchical_raked
159,47,true,0.000000000086,0.004195060101,true,true,2022,T1_previous_party_hierarchical_raked
160,55,true,0.000000000079,0.006275793461,true,true,2022,T1_previous_party_hierarchical_raked
161,51,true,0.000000000082,0.003673237515,true,true,2022,T1_previous_party_hierarchical_raked
162,55,true,0.000000000079,0.001995128425,true,true,2022,T1_previous_party_hierarchical_raked
163,44,true,0.000000000091,0.003209265094,true,true,2022,T1_previous_party_hierarchical_raked
164,46,true,0.000000000071,0.002238188522,true,true,2022,T1_previous_party_hierarchical_raked
165,46,true,0.000000000085,0.001800561514,true,true,2022,T1_previous_party_hierarchical_raked
166,52,true,0.000000000076,0.006084246475,true,true,2022,T1_previous_party_hierarchical_raked
167,35,true,0.000000000070,0.002304252134,true,true,2022,T1_previous_party_hierarchical_raked
168,51,true,0.000000000086,0.004597655322,true,true,2022,T1_previous_party_hierarchical_raked
169,50,true,0.000000000075,0.002625149640,true,true,2022,T1_previous_party_hierarchical_raked
170,46,true,0.000000000084,0.004390500881,true,true,2022,T1_previous_party_hierarchical_raked
171,51,true,0.000000000071,0.003120472269,true,true,2022,T1_previous_party_hierarchical_raked
172,52,true,0.000000000080,0.002730535836,true,true,2022,T1_previous_party_hierarchical_raked
173,50,true,0.000000000095,0.002726233768,true,true,2022,T1_previous_party_hierarchical_raked
174,58,true,0.000000000080,0.003959807474,true,true,2022,T1_previous_party_hierarchical_raked
175,46,true,0.000000000089,0.003567934163,true,true,2022,T1_previous_party_hierarchical_raked
176,51,true,0.000000000098,0.004671244070,true,true,2022,T1_previous_party_hierarchical_raked
177,50,true,0.000000000094,0.002237076468,true,true,2022,T1_previous_party_hierarchical_raked
178,50,true,0.000000000084,0.004331546334,true,true,2022,T1_previous_party_hierarchical_raked
179,40,true,0.000000000097,0.004517679696,true,true,2022,T1_previous_party_hierarchical_raked
180,61,true,0.000000000096,0.005971366039,true,true,2022,T1_previous_party_hierarchical_raked
181,54,true,0.000000000082,0.004756177620,true,true,2022,T1_previous_party_hierarchical_raked
182,56,true,0.000000000093,0.003913213435,true,true,2022,T1_previous_party_hierarchical_raked
183,52,true,0.000000000078,0.002797503933,true,true,2022,T1_previous_party_hierarchical_raked
184,50,true,0.000000000073,0.002456486279,true,true,2022,T1_previous_party_hierarchical_raked
185,58,true,0.000000000083,0.005222292408,true,true,2022,T1_previous_party_hierarchical_raked
186,55,true,0.000000000078,0.003244293064,true,true,2022,T1_previous_party_hierarchical_raked
187,54,true,0.000000000073,0.005660062852,true,true,2022,T1_previous_party_hierarchical_raked
188,57,true,0.000000000075,0.004023544175,true,true,2022,T1_previous_party_hierarchical_raked
189,52,true,0.000000000075,0.003307692546,true,true,2022,T1_previous_party_hierarchical_raked
190,54,true,0.000000000076,0.003096616834,true,true,2022,T1_previous_party_hierarchical_raked
191,49,true,0.000000000072,0.002661077504,true,true,2022,T1_previous_party_hierarchical_raked
192,57,true,0.000000000099,0.004705954057,true,true,2022,T1_previous_party_hierarchical_raked
193,53,true,0.000000000079,0.005489988346,true,true,2022,T1_previous_party_hierarchical_raked
194,52,true,0.000000000091,0.001543247844,true,true,2022,T1_previous_party_hierarchical_raked
195,50,true,0.000000000095,0.002820862751,true,true,2022,T1_previous_party_hierarchical_raked
196,51,true,0.000000000076,0.006241635074,true,true,2022,T1_previous_party_hierarchical_raked
197,53,true,0.000000000080,0.001221944557,true,true,2022,T1_previous_party_hierarchical_raked
198,56,true,0.000000000089,0.004648664358,true,true,2022,T1_previous_party_hierarchical_raked
199,51,true,0.000000000076,0.003255570335,true,true,2022,T1_previous_party_hierarchical_raked
200,43,true,0.000000000077,0.003536588263,true,true,2022,T1_previous_party_hierarchical_raked
201,49,true,0.000000000093,0.002020725695,true,true,2022,T1_previous_party_hierarchical_raked
202,48,true,0.000000000083,0.002074399318,true,true,2022,T1_previous_party_hierarchical_raked
203,52,true,0.000000000096,0.003959071250,true,true,2022,T1_previous_party_hierarchical_raked
204,46,true,0.000000000078,0.003972047457,true,true,2022,T1_previous_party_hierarchical_raked
205,51,true,0.000000000084,0.002208789291,true,true,2022,T1_previous_party_hierarchical_raked
206,49,true,0.000000000080,0.003689065195,true,true,2022,T1_previous_party_hierarchical_raked
207,53,true,0.000000000094,0.004043654301,true,true,2022,T1_previous_party_hierarchical_raked
208,51,true,0.000000000098,0.004112194374,true,true,2022,T1_previous_party_hierarchical_raked
209,54,true,0.000000000079,0.002966295174,true,true,2022,T1_previous_party_hierarchical_raked
210,52,true,0.000000000082,0.004266820019,true,true,2022,T1_previous_party_hierarchical_raked
211,57,true,0.000000000075,0.005022512725,true,true,2022,T1_previous_party_hierarchical_raked
212,54,true,0.000000000091,0.002829939400,true,true,2022,T1_previous_party_hierarchical_raked
213,50,true,0.000000000080,0.002657803042,true,true,2022,T1_previous_party_hierarchical_raked
214,59,true,0.000000000092,0.005479455003,true,true,2022,T1_previous_party_hierarchical_raked
215,55,true,0.000000000079,0.006894745750,true,true,2022,T1_previous_party_hierarchical_raked
216,50,true,0.000000000095,0.005252012141,true,true,2022,T1_previous_party_hierarchical_raked
217,49,true,0.000000000097,0.002591343592,true,true,2022,T1_previous_party_hierarchical_raked
218,53,true,0.000000000076,0.002038356323,true,true,2022,T1_previous_party_hierarchical_raked
219,59,true,0.000000000075,0.002492102236,true,true,2022,T1_previous_party_hierarchical_raked
220,57,true,0.000000000077,0.004102512900,true,true,2022,T1_previous_party_hierarchical_raked
221,57,true,0.000000000083,0.004760561375,true,true,2022,T1_previous_party_hierarchical_raked
222,58,true,0.000000000081,0.005075610291,true,true,2022,T1_previous_party_hierarchical_raked
223,53,true,0.000000000076,0.003657899268,true,true,2022,T1_previous_party_hierarchical_raked
224,52,true,0.000000000074,0.002111479501,true,true,2022,T1_previous_party_hierarchical_raked
225,49,true,0.000000000079,0.002705076959,true,true,2022,T1_previous_party_hierarchical_raked
226,54,true,0.000000000095,0.003059585238,true,true,2022,T1_previous_party_hierarchical_raked
227,55,true,0.000000000079,0.003831075310,true,true,2022,T1_previous_party_hierarchical_raked
228,51,true,0.000000000082,0.002058871266,true,true,2022,T1_previous_party_hierarchical_raked
229,51,true,0.000000000095,0.003114456380,true,true,2022,T1_previous_party_hierarchical_raked
230,51,true,0.000000000079,0.002702879127,true,true,2022,T1_previous_party_hierarchical_raked
231,56,true,0.000000000098,0.002976207056,true,true,2022,T1_previous_party_hierarchical_raked
232,49,true,0.000000000096,0.003248597430,true,true,2022,T1_previous_party_hierarchical_raked
233,50,true,0.000000000080,0.000747491376,true,true,2022,T1_previous_party_hierarchical_raked
234,50,true,0.000000000081,0.004254758423,true,true,2022,T1_previous_party_hierarchical_raked
235,52,true,0.000000000076,0.002599855368,true,true,2022,T1_previous_party_hierarchical_raked
236,54,true,0.000000000084,0.005391254108,true,true,2022,T1_previous_party_hierarchical_raked
237,53,true,0.000000000084,0.005054390748,true,true,2022,T1_previous_party_hierarchical_raked
238,41,true,0.000000000090,0.004615442683,true,true,2022,T1_previous_party_hierarchical_raked
239,54,true,0.000000000081,0.003775403884,true,true,2022,T1_previous_party_hierarchical_raked
240,48,true,0.000000000082,0.003580026892,true,true,2022,T1_previous_party_hierarchical_raked
241,47,true,0.000000000086,0.004782671822,true,true,2022,T1_previous_party_hierarchical_raked
242,54,true,0.000000000076,0.003191122635,true,true,2022,T1_previous_party_hierarchical_raked
243,51,true,0.000000000079,0.004141015110,true,true,2022,T1_previous_party_hierarchical_raked
244,50,true,0.000000000070,0.003877716791,true,true,2022,T1_previous_party_hierarchical_raked
245,47,true,0.000000000080,0.003257952589,true,true,2022,T1_previous_party_hierarchical_raked
246,51,true,0.000000000086,0.003800740595,true,true,2022,T1_previous_party_hierarchical_raked
247,57,true,0.000000000085,0.003490621637,true,true,2022,T1_previous_party_hierarchical_raked
248,51,true,0.000000000087,0.003329134488,true,true,2022,T1_previous_party_hierarchical_raked
249,50,true,0.000000000082,0.003300918944,true,true,2022,T1_previous_party_hierarchical_raked
250,46,true,0.000000000072,0.002501396041,true,true,2022,T1_previous_party_hierarchical_raked
251,58,true,0.000000000076,0.004562723174,true,true,2022,T1_previous_party_hierarchical_raked
252,49,true,0.000000000094,0.006468546932,true,true,2022,T1_previous_party_hierarchical_raked
253,52,true,0.000000000072,0.004315766574,true,true,2022,T1_previous_party_hierarchical_raked
254,54,true,0.000000000077,0.005304789344,true,true,2022,T1_previous_party_hierarchical_raked
255,57,true,0.000000000090,0.003316750935,true,true,2022,T1_previous_party_hierarchical_raked
256,51,true,0.000000000093,0.003426328238,true,true,2022,T1_previous_party_hierarchical_raked
257,50,true,0.000000000089,0.002410955992,true,true,2022,T1_previous_party_hierarchical_raked
258,48,true,0.000000000075,0.002411711498,true,true,2022,T1_previous_party_hierarchical_raked
259,48,true,0.000000000075,0.004245487438,true,true,2022,T1_previous_party_hierarchical_raked
260,55,true,0.000000000097,0.001186770308,true,true,2022,T1_previous_party_hierarchical_raked
261,57,true,0.000000000078,0.004788591207,true,true,2022,T1_previous_party_hierarchical_raked
262,52,true,0.000000000095,0.003077653389,true,true,2022,T1_previous_party_hierarchical_raked
263,52,true,0.000000000098,0.005132711453,true,true,2022,T1_previous_party_hierarchical_raked
264,56,true,0.000000000090,0.003501195757,true,true,2022,T1_previous_party_hierarchical_raked
265,47,true,0.000000000069,0.002852032447,true,true,2022,T1_previous_party_hierarchical_raked
266,52,true,0.000000000074,0.003662474369,true,true,2022,T1_previous_party_hierarchical_raked
267,48,true,0.000000000082,0.005859543356,true,true,2022,T1_previous_party_hierarchical_raked
268,53,true,0.000000000093,0.003688160721,true,true,2022,T1_previous_party_hierarchical_raked
269,53,true,0.000000000081,0.003765089910,true,true,2022,T1_previous_party_hierarchical_raked
270,47,true,0.000000000097,0.005988695339,true,true,2022,T1_previous_party_hierarchical_raked
271,52,true,0.000000000086,0.002765646902,true,true,2022,T1_previous_party_hierarchical_raked
272,52,true,0.000000000099,0.006977842093,true,true,2022,T1_previous_party_hierarchical_raked
273,53,true,0.000000000099,0.003596069201,true,true,2022,T1_previous_party_hierarchical_raked
274,51,true,0.000000000093,0.005011622532,true,true,2022,T1_previous_party_hierarchical_raked
275,53,true,0.000000000100,0.002651864519,true,true,2022,T1_previous_party_hierarchical_raked
276,48,true,0.000000000074,0.002637868692,true,true,2022,T1_previous_party_hierarchical_raked
277,53,true,0.000000000072,0.005335977743,true,true,2022,T1_previous_party_hierarchical_raked
278,54,true,0.000000000079,0.005110785653,true,true,2022,T1_previous_party_hierarchical_raked
279,43,true,0.000000000072,0.003799718851,true,true,2022,T1_previous_party_hierarchical_raked
280,53,true,0.000000000094,0.003522363821,true,true,2022,T1_previous_party_hierarchical_raked
281,53,true,0.000000000097,0.001394358422,true,true,2022,T1_previous_party_hierarchical_raked
282,53,true,0.000000000091,0.005712627281,true,true,2022,T1_previous_party_hierarchical_raked
283,55,true,0.000000000091,0.009321169993,true,true,2022,T1_previous_party_hierarchical_raked
284,49,true,0.000000000087,0.003736247669,true,true,2022,T1_previous_party_hierarchical_raked
285,51,true,0.000000000090,0.004450707989,true,true,2022,T1_previous_party_hierarchical_raked
286,50,true,0.000000000093,0.005161385866,true,true,2022,T1_previous_party_hierarchical_raked
287,50,true,0.000000000096,0.003135460884,true,true,2022,T1_previous_party_hierarchical_raked
288,54,true,0.000000000074,0.002317932654,true,true,2022,T1_previous_party_hierarchical_raked
289,52,true,0.000000000075,0.002662852025,true,true,2022,T1_previous_party_hierarchical_raked
290,48,true,0.000000000082,0.003138729445,true,true,2022,T1_previous_party_hierarchical_raked
291,53,true,0.000000000093,0.002879731440,true,true,2022,T1_previous_party_hierarchical_raked
292,54,true,0.000000000078,0.003622008295,true,true,2022,T1_previous_party_hierarchical_raked
293,56,true,0.000000000086,0.005693270855,true,true,2022,T1_previous_party_hierarchical_raked
294,52,true,0.000000000083,0.003663803442,true,true,2022,T1_previous_party_hierarchical_raked
295,49,true,0.000000000074,0.003257397000,true,true,2022,T1_previous_party_hierarchical_raked
296,48,true,0.000000000086,0.004672026557,true,true,2022,T1_previous_party_hierarchical_raked
297,49,true,0.000000000100,0.003325578874,true,true,2022,T1_previous_party_hierarchical_raked
298,53,true,0.000000000086,0.001592546769,true,true,2022,T1_previous_party_hierarchical_raked
299,48,true,0.000000000090,0.005668597837,true,true,2022,T1_previous_party_hierarchical_raked
300,55,true,0.000000000073,0.001071265553,true,true,2022,T1_previous_party_hierarchical_raked
301,49,true,0.000000000079,0.005092140929,true,true,2022,T1_previous_party_hierarchical_raked
302,57,true,0.000000000089,0.004999320648,true,true,2022,T1_previous_party_hierarchical_raked
303,47,true,0.000000000098,0.005040871900,true,true,2022,T1_previous_party_hierarchical_raked
304,53,true,0.000000000073,0.005076420772,true,true,2022,T1_previous_party_hierarchical_raked
305,51,true,0.000000000077,0.007096026507,true,true,2022,T1_previous_party_hierarchical_raked
306,47,true,0.000000000074,0.004350305609,true,true,2022,T1_previous_party_hierarchical_raked
307,51,true,0.000000000094,0.003185931771,true,true,2022,T1_previous_party_hierarchical_raked
308,58,true,0.000000000097,0.003703901784,true,true,2022,T1_previous_party_hierarchical_raked
309,47,true,0.000000000077,0.003619256608,true,true,2022,T1_previous_party_hierarchical_raked
310,58,true,0.000000000077,0.004443382121,true,true,2022,T1_previous_party_hierarchical_raked
311,54,true,0.000000000097,0.004927574044,true,true,2022,T1_previous_party_hierarchical_raked
312,60,true,0.000000000088,0.002911619495,true,true,2022,T1_previous_party_hierarchical_raked
313,47,true,0.000000000087,0.003501451516,true,true,2022,T1_previous_party_hierarchical_raked
314,51,true,0.000000000085,0.003184415779,true,true,2022,T1_previous_party_hierarchical_raked
315,53,true,0.000000000076,0.003232804027,true,true,2022,T1_previous_party_hierarchical_raked
316,53,true,0.000000000086,0.003998557840,true,true,2022,T1_previous_party_hierarchical_raked
317,51,true,0.000000000095,0.003794796010,true,true,2022,T1_previous_party_hierarchical_raked
318,49,true,0.000000000079,0.005772431598,true,true,2022,T1_previous_party_hierarchical_raked
319,59,true,0.000000000089,0.005293334725,true,true,2022,T1_previous_party_hierarchical_raked
320,53,true,0.000000000071,0.006502858933,true,true,2022,T1_previous_party_hierarchical_raked
321,53,true,0.000000000095,0.001588258451,true,true,2022,T1_previous_party_hierarchical_raked
322,54,true,0.000000000087,0.003397640904,true,true,2022,T1_previous_party_hierarchical_raked
323,55,true,0.000000000088,0.007797834382,true,true,2022,T1_previous_party_hierarchical_raked
324,56,true,0.000000000078,0.005990039351,true,true,2022,T1_previous_party_hierarchical_raked
325,52,true,0.000000000097,0.004816640627,true,true,2022,T1_previous_party_hierarchical_raked
326,55,true,0.000000000086,0.003072110697,true,true,2022,T1_previous_party_hierarchical_raked
327,45,true,0.000000000082,0.004003755391,true,true,2022,T1_previous_party_hierarchical_raked
328,47,true,0.000000000074,0.002788257013,true,true,2022,T1_previous_party_hierarchical_raked
329,49,true,0.000000000074,0.006910671571,true,true,2022,T1_previous_party_hierarchical_raked
330,51,true,0.000000000078,0.004641435911,true,true,2022,T1_previous_party_hierarchical_raked
331,56,true,0.000000000096,0.004509819455,true,true,2022,T1_previous_party_hierarchical_raked
332,60,true,0.000000000089,0.005212139052,true,true,2022,T1_previous_party_hierarchical_raked
333,57,true,0.000000000076,0.004338016581,true,true,2022,T1_previous_party_hierarchical_raked
334,52,true,0.000000000084,0.003839161431,true,true,2022,T1_previous_party_hierarchical_raked
335,50,true,0.000000000079,0.004035619888,true,true,2022,T1_previous_party_hierarchical_raked
336,44,true,0.000000000086,0.002273035246,true,true,2022,T1_previous_party_hierarchical_raked
337,49,true,0.000000000078,0.002360802712,true,true,2022,T1_previous_party_hierarchical_raked
338,54,true,0.000000000097,0.002215649640,true,true,2022,T1_previous_party_hierarchical_raked
339,54,true,0.000000000098,0.004439137069,true,true,2022,T1_previous_party_hierarchical_raked
340,51,true,0.000000000085,0.003690805981,true,true,2022,T1_previous_party_hierarchical_raked
341,52,true,0.000000000097,0.004764181040,true,true,2022,T1_previous_party_hierarchical_raked
342,45,true,0.000000000079,0.002536395024,true,true,2022,T1_previous_party_hierarchical_raked
343,50,true,0.000000000077,0.002971334356,true,true,2022,T1_previous_party_hierarchical_raked
344,60,true,0.000000000099,0.002753469275,true,true,2022,T1_previous_party_hierarchical_raked
345,52,true,0.000000000098,0.003860187481,true,true,2022,T1_previous_party_hierarchical_raked
346,39,true,0.000000000091,0.003009918744,true,true,2022,T1_previous_party_hierarchical_raked
347,59,true,0.000000000074,0.004602467774,true,true,2022,T1_previous_party_hierarchical_raked
348,52,true,0.000000000095,0.008380792955,true,true,2022,T1_previous_party_hierarchical_raked
349,50,true,0.000000000071,0.003191986646,true,true,2022,T1_previous_party_hierarchical_raked
350,50,true,0.000000000093,0.003613668092,true,true,2022,T1_previous_party_hierarchical_raked
351,49,true,0.000000000086,0.003196655626,true,true,2022,T1_previous_party_hierarchical_raked
352,54,true,0.000000000097,0.004050465626,true,true,2022,T1_previous_party_hierarchical_raked
353,48,true,0.000000000076,0.003727817204,true,true,2022,T1_previous_party_hierarchical_raked
354,53,true,0.000000000092,0.004854574776,true,true,2022,T1_previous_party_hierarchical_raked
355,46,true,0.000000000081,0.002792372362,true,true,2022,T1_previous_party_hierarchical_raked
356,48,true,0.000000000071,0.003461414173,true,true,2022,T1_previous_party_hierarchical_raked
357,58,true,0.000000000082,0.001533591203,true,true,2022,T1_previous_party_hierarchical_raked
358,57,true,0.000000000095,0.009396107500,true,true,2022,T1_previous_party_hierarchical_raked
359,54,true,0.000000000098,0.002514000627,true,true,2022,T1_previous_party_hierarchical_raked
360,49,true,0.000000000089,0.004490651858,true,true,2022,T1_previous_party_hierarchical_raked
361,55,true,0.000000000081,0.001638031509,true,true,2022,T1_previous_party_hierarchical_raked
362,50,true,0.000000000093,0.005251183698,true,true,2022,T1_previous_party_hierarchical_raked
363,51,true,0.000000000097,0.006081214635,true,true,2022,T1_previous_party_hierarchical_raked
364,53,true,0.000000000096,0.004156572605,true,true,2022,T1_previous_party_hierarchical_raked
365,55,true,0.000000000076,0.003048171129,true,true,2022,T1_previous_party_hierarchical_raked
366,52,true,0.000000000081,0.004538898222,true,true,2022,T1_previous_party_hierarchical_raked
367,55,true,0.000000000074,0.003027122687,true,true,2022,T1_previous_party_hierarchical_raked
368,53,true,0.000000000075,0.003585522632,true,true,2022,T1_previous_party_hierarchical_raked
369,54,true,0.000000000084,0.004387448751,true,true,2022,T1_previous_party_hierarchical_raked
370,52,true,0.000000000072,0.004628136189,true,true,2022,T1_previous_party_hierarchical_raked
371,51,true,0.000000000096,0.004667990279,true,true,2022,T1_previous_party_hierarchical_raked
372,52,true,0.000000000086,0.004035672213,true,true,2022,T1_previous_party_hierarchical_raked
373,44,true,0.000000000092,0.003853665133,true,true,2022,T1_previous_party_hierarchical_raked
374,54,true,0.000000000094,0.004036440083,true,true,2022,T1_previous_party_hierarchical_raked
375,56,true,0.000000000076,0.002911557168,true,true,2022,T1_previous_party_hierarchical_raked
376,55,true,0.000000000080,0.002356955794,true,true,2022,T1_previous_party_hierarchical_raked
377,50,true,0.000000000080,0.003719519834,true,true,2022,T1_previous_party_hierarchical_raked
378,46,true,0.000000000082,0.004651768722,true,true,2022,T1_previous_party_hierarchical_raked
379,54,true,0.000000000081,0.005560537608,true,true,2022,T1_previous_party_hierarchical_raked
380,56,true,0.000000000083,0.006205622116,true,true,2022,T1_previous_party_hierarchical_raked
381,52,true,0.000000000077,0.004852542533,true,true,2022,T1_previous_party_hierarchical_raked
382,51,true,0.000000000087,0.004113463517,true,true,2022,T1_previous_party_hierarchical_raked
383,50,true,0.000000000090,0.004376966002,true,true,2022,T1_previous_party_hierarchical_raked
384,55,true,0.000000000093,0.004562981693,true,true,2022,T1_previous_party_hierarchical_raked
385,52,true,0.000000000075,0.004853449875,true,true,2022,T1_previous_party_hierarchical_raked
386,58,true,0.000000000093,0.006073664568,true,true,2022,T1_previous_party_hierarchical_raked
387,51,true,0.000000000083,0.003566707283,true,true,2022,T1_previous_party_hierarchical_raked
388,54,true,0.000000000095,0.005018220158,true,true,2022,T1_previous_party_hierarchical_raked
389,52,true,0.000000000072,0.001646508200,true,true,2022,T1_previous_party_hierarchical_raked
390,50,true,0.000000000087,0.004828999497,true,true,2022,T1_previous_party_hierarchical_raked
391,46,true,0.000000000086,0.002103399387,true,true,2022,T1_previous_party_hierarchical_raked
392,53,true,0.000000000095,0.001098641981,true,true,2022,T1_previous_party_hierarchical_raked
393,52,true,0.000000000091,0.003371800826,true,true,2022,T1_previous_party_hierarchical_raked
394,56,true,0.000000000092,0.003100969842,true,true,2022,T1_previous_party_hierarchical_raked
395,53,true,0.000000000093,0.007969792440,true,true,2022,T1_previous_party_hierarchical_raked
396,54,true,0.000000000099,0.006585732979,true,true,2022,T1_previous_party_hierarchical_raked
397,49,true,0.000000000097,0.003534735162,true,true,2022,T1_previous_party_hierarchical_raked
398,59,true,0.000000000080,0.003257114488,true,true,2022,T1_previous_party_hierarchical_raked
399,51,true,0.000000000073,0.001943039064,true,true,2022,T1_previous_party_hierarchical_raked
400,55,true,0.000000000100,0.002924675363,true,true,2022,T1_previous_party_hierarchical_raked
401,59,true,0.000000000081,0.003028548390,true,true,2022,T1_previous_party_hierarchical_raked
402,52,true,0.000000000080,0.005346784172,true,true,2022,T1_previous_party_hierarchical_raked
403,57,true,0.000000000096,0.007285986312,true,true,2022,T1_previous_party_hierarchical_raked
404,46,true,0.000000000092,0.002971392553,true,true,2022,T1_previous_party_hierarchical_raked
405,55,true,0.000000000098,0.003205552290,true,true,2022,T1_previous_party_hierarchical_raked
406,52,true,0.000000000096,0.000998592739,true,true,2022,T1_previous_party_hierarchical_raked
407,56,true,0.000000000091,0.002435251711,true,true,2022,T1_previous_party_hierarchical_raked
408,55,true,0.000000000084,0.003934539494,true,true,2022,T1_previous_party_hierarchical_raked
409,46,true,0.000000000088,0.002582429024,true,true,2022,T1_previous_party_hierarchical_raked
410,55,true,0.000000000086,0.009926248785,true,true,2022,T1_previous_party_hierarchical_raked
411,54,true,0.000000000097,0.004089555137,true,true,2022,T1_previous_party_hierarchical_raked
412,47,true,0.000000000086,0.003728102886,true,true,2022,T1_previous_party_hierarchical_raked
413,53,true,0.000000000074,0.003119427284,true,true,2022,T1_previous_party_hierarchical_raked
414,46,true,0.000000000075,0.004656508016,true,true,2022,T1_previous_party_hierarchical_raked
415,48,true,0.000000000086,0.003348499584,true,true,2022,T1_previous_party_hierarchical_raked
416,50,true,0.000000000087,0.006645323564,true,true,2022,T1_previous_party_hierarchical_raked
417,57,true,0.000000000083,0.003516838069,true,true,2022,T1_previous_party_hierarchical_raked
418,51,true,0.000000000090,0.004749646741,true,true,2022,T1_previous_party_hierarchical_raked
419,50,true,0.000000000086,0.003159168939,true,true,2022,T1_previous_party_hierarchical_raked
420,45,true,0.000000000073,0.004524495629,true,true,2022,T1_previous_party_hierarchical_raked
421,42,true,0.000000000073,0.007745315468,true,true,2022,T1_previous_party_hierarchical_raked
422,55,true,0.000000000079,0.003761658061,true,true,2022,T1_previous_party_hierarchical_raked
423,53,true,0.000000000079,0.002573603946,true,true,2022,T1_previous_party_hierarchical_raked
424,55,true,0.000000000083,0.002005451995,true,true,2022,T1_previous_party_hierarchical_raked
425,47,true,0.000000000082,0.004407668664,true,true,2022,T1_previous_party_hierarchical_raked
426,52,true,0.000000000076,0.005364764868,true,true,2022,T1_previous_party_hierarchical_raked
427,53,true,0.000000000082,0.003777699179,true,true,2022,T1_previous_party_hierarchical_raked
428,51,true,0.000000000097,0.004074333609,true,true,2022,T1_previous_party_hierarchical_raked
429,50,true,0.000000000082,0.005158839264,true,true,2022,T1_previous_party_hierarchical_raked
430,58,true,0.000000000096,0.004596923793,true,true,2022,T1_previous_party_hierarchical_raked
431,49,true,0.000000000092,0.003837188946,true,true,2022,T1_previous_party_hierarchical_raked
432,57,true,0.000000000083,0.004388541118,true,true,2022,T1_previous_party_hierarchical_raked
433,58,true,0.000000000085,0.004761564783,true,true,2022,T1_previous_party_hierarchical_raked
434,54,true,0.000000000082,0.006934159251,true,true,2022,T1_previous_party_hierarchical_raked
435,48,true,0.000000000072,0.003968652566,true,true,2022,T1_previous_party_hierarchical_raked
436,48,true,0.000000000077,0.004659897020,true,true,2022,T1_previous_party_hierarchical_raked
437,51,true,0.000000000075,0.001644255566,true,true,2022,T1_previous_party_hierarchical_raked
438,54,true,0.000000000074,0.004846321534,true,true,2022,T1_previous_party_hierarchical_raked
439,46,true,0.000000000098,0.002150338110,true,true,2022,T1_previous_party_hierarchical_raked
440,51,true,0.000000000071,0.003737316072,true,true,2022,T1_previous_party_hierarchical_raked
441,49,true,0.000000000078,0.005386338271,true,true,2022,T1_previous_party_hierarchical_raked
442,45,true,0.000000000076,0.002003390266,true,true,2022,T1_previous_party_hierarchical_raked
443,59,true,0.000000000091,0.005319062772,true,true,2022,T1_previous_party_hierarchical_raked
444,53,true,0.000000000091,0.004140971045,true,true,2022,T1_previous_party_hierarchical_raked
445,51,true,0.000000000072,0.001834467368,true,true,2022,T1_previous_party_hierarchical_raked
446,52,true,0.000000000089,0.005509695037,true,true,2022,T1_previous_party_hierarchical_raked
447,53,true,0.000000000082,0.003240120376,true,true,2022,T1_previous_party_hierarchical_raked
448,47,true,0.000000000090,0.006480043965,true,true,2022,T1_previous_party_hierarchical_raked
449,38,true,0.000000000083,0.006542136992,true,true,2022,T1_previous_party_hierarchical_raked
450,56,true,0.000000000088,0.005760711557,true,true,2022,T1_previous_party_hierarchical_raked
451,49,true,0.000000000096,0.002079679781,true,true,2022,T1_previous_party_hierarchical_raked
452,54,true,0.000000000089,0.003555588038,true,true,2022,T1_previous_party_hierarchical_raked
453,44,true,0.000000000088,0.003989664468,true,true,2022,T1_previous_party_hierarchical_raked
454,50,true,0.000000000097,0.003472021455,true,true,2022,T1_previous_party_hierarchical_raked
455,50,true,0.000000000099,0.002743961397,true,true,2022,T1_previous_party_hierarchical_raked
456,61,true,0.000000000094,0.003516059269,true,true,2022,T1_previous_party_hierarchical_raked
457,59,true,0.000000000095,0.004265294612,true,true,2022,T1_previous_party_hierarchical_raked
458,49,true,0.000000000091,0.004598712720,true,true,2022,T1_previous_party_hierarchical_raked
459,48,true,0.000000000097,0.002839997712,true,true,2022,T1_previous_party_hierarchical_raked
460,54,true,0.000000000077,0.003995418932,true,true,2022,T1_previous_party_hierarchical_raked
461,58,true,0.000000000082,0.004585413095,true,true,2022,T1_previous_party_hierarchical_raked
462,47,true,0.000000000095,0.002495517522,true,true,2022,T1_previous_party_hierarchical_raked
463,52,true,0.000000000087,0.001645088377,true,true,2022,T1_previous_party_hierarchical_raked
464,53,true,0.000000000074,0.004427840003,true,true,2022,T1_previous_party_hierarchical_raked
465,51,true,0.000000000091,0.003926209808,true,true,2022,T1_previous_party_hierarchical_raked
466,54,true,0.000000000082,0.005544314699,true,true,2022,T1_previous_party_hierarchical_raked
467,60,true,0.000000000089,0.004761874169,true,true,2022,T1_previous_party_hierarchical_raked
468,51,true,0.000000000099,0.003801390400,true,true,2022,T1_previous_party_hierarchical_raked
469,57,true,0.000000000088,0.003270636005,true,true,2022,T1_previous_party_hierarchical_raked
470,49,true,0.000000000093,0.004627358412,true,true,2022,T1_previous_party_hierarchical_raked
471,49,true,0.000000000077,0.003935964897,true,true,2022,T1_previous_party_hierarchical_raked
472,61,true,0.000000000085,0.006055935220,true,true,2022,T1_previous_party_hierarchical_raked
473,53,true,0.000000000100,0.003758296013,true,true,2022,T1_previous_party_hierarchical_raked
474,46,true,0.000000000073,0.001686559191,true,true,2022,T1_previous_party_hierarchical_raked
475,58,true,0.000000000095,0.002839140401,true,true,2022,T1_previous_party_hierarchical_raked
476,51,true,0.000000000081,0.003217369724,true,true,2022,T1_previous_party_hierarchical_raked
477,48,true,0.000000000092,0.004655269509,true,true,2022,T1_previous_party_hierarchical_raked
478,48,true,0.000000000089,0.003495537791,true,true,2022,T1_previous_party_hierarchical_raked
479,49,true,0.000000000096,0.003443803783,true,true,2022,T1_previous_party_hierarchical_raked
480,45,true,0.000000000086,0.002424145555,true,true,2022,T1_previous_party_hierarchical_raked
481,48,true,0.000000000077,0.005418380660,true,true,2022,T1_previous_party_hierarchical_raked
482,47,true,0.000000000091,0.002727880329,true,true,2022,T1_previous_party_hierarchical_raked
483,47,true,0.000000000099,0.003114318473,true,true,2022,T1_previous_party_hierarchical_raked
484,49,true,0.000000000073,0.004137703967,true,true,2022,T1_previous_party_hierarchical_raked
485,47,true,0.000000000094,0.002126488791,true,true,2022,T1_previous_party_hierarchical_raked
486,51,true,0.000000000095,0.004874935775,true,true,2022,T1_previous_party_hierarchical_raked
487,48,true,0.000000000080,0.003106300337,true,true,2022,T1_previous_party_hierarchical_raked
488,55,true,0.000000000093,0.008586999850,true,true,2022,T1_previous_party_hierarchical_raked
489,54,true,0.000000000082,0.002049094373,true,true,2022,T1_previous_party_hierarchical_raked
490,47,true,0.000000000072,0.002154748794,true,true,2022,T1_previous_party_hierarchical_raked
491,53,true,0.000000000084,0.005072989195,true,true,2022,T1_previous_party_hierarchical_raked
492,51,true,0.000000000087,0.004594665850,true,true,2022,T1_previous_party_hierarchical_raked
493,53,true,0.000000000100,0.005928229838,true,true,2022,T1_previous_party_hierarchical_raked
494,55,true,0.000000000085,0.005348824115,true,true,2022,T1_previous_party_hierarchical_raked
495,50,true,0.000000000093,0.003759557141,true,true,2022,T1_previous_party_hierarchical_raked
496,56,true,0.000000000079,0.003501008942,true,true,2022,T1_previous_party_hierarchical_raked
497,46,true,0.000000000090,0.005006899762,true,true,2022,T1_previous_party_hierarchical_raked
498,53,true,0.000000000092,0.003928221854,true,true,2022,T1_previous_party_hierarchical_raked
499,52,true,0.000000000097,0.002738199332,true,true,2022,T1_previous_party_hierarchical_raked
500,52,true,0.000000000099,0.003797035404,true,true,2022,T1_previous_party_hierarchical_raked
501,56,true,0.000000000096,0.004502398731,true,true,2022,T1_previous_party_hierarchical_raked
502,49,true,0.000000000071,0.005092188694,true,true,2022,T1_previous_party_hierarchical_raked
503,56,true,0.000000000082,0.007136522146,true,true,2022,T1_previous_party_hierarchical_raked
504,53,true,0.000000000083,0.003901296931,true,true,2022,T1_previous_party_hierarchical_raked
505,47,true,0.000000000090,0.002579223644,true,true,2022,T1_previous_party_hierarchical_raked
506,53,true,0.000000000092,0.003161550173,true,true,2022,T1_previous_party_hierarchical_raked
507,52,true,0.000000000093,0.002577865310,true,true,2022,T1_previous_party_hierarchical_raked
508,56,true,0.000000000090,0.004844210645,true,true,2022,T1_previous_party_hierarchical_raked
509,60,true,0.000000000081,0.004947343934,true,true,2022,T1_previous_party_hierarchical_raked
510,52,true,0.000000000076,0.003430793693,true,true,2022,T1_previous_party_hierarchical_raked
511,55,true,0.000000000096,0.003212889231,true,true,2022,T1_previous_party_hierarchical_raked
512,50,true,0.000000000071,0.003342467784,true,true,2022,T1_previous_party_hierarchical_raked
513,50,true,0.000000000079,0.004177082142,true,true,2022,T1_previous_party_hierarchical_raked
514,58,true,0.000000000085,0.004776223399,true,true,2022,T1_previous_party_hierarchical_raked
515,50,true,0.000000000089,0.003521581831,true,true,2022,T1_previous_party_hierarchical_raked
516,40,true,0.000000000068,0.002409779621,true,true,2022,T1_previous_party_hierarchical_raked
517,52,true,0.000000000073,0.003456873049,true,true,2022,T1_previous_party_hierarchical_raked
518,55,true,0.000000000073,0.002160540927,true,true,2022,T1_previous_party_hierarchical_raked
519,50,true,0.000000000091,0.004481071734,true,true,2022,T1_previous_party_hierarchical_raked
520,55,true,0.000000000075,0.004049242175,true,true,2022,T1_previous_party_hierarchical_raked
521,51,true,0.000000000097,0.003276191604,true,true,2022,T1_previous_party_hierarchical_raked
522,52,true,0.000000000085,0.004185381627,true,true,2022,T1_previous_party_hierarchical_raked
523,53,true,0.000000000097,0.006882581917,true,true,2022,T1_previous_party_hierarchical_raked
524,57,true,0.000000000077,0.005148955082,true,true,2022,T1_previous_party_hierarchical_raked
525,51,true,0.000000000097,0.004637790457,true,true,2022,T1_previous_party_hierarchical_raked
526,57,true,0.000000000085,0.003347070471,true,true,2022,T1_previous_party_hierarchical_raked
527,47,true,0.000000000090,0.002158148930,true,true,2022,T1_previous_party_hierarchical_raked
528,43,true,0.000000000074,0.003377611395,true,true,2022,T1_previous_party_hierarchical_raked
529,52,true,0.000000000087,0.003615020220,true,true,2022,T1_previous_party_hierarchical_raked
530,44,true,0.000000000072,0.003277055852,true,true,2022,T1_previous_party_hierarchical_raked
531,50,true,0.000000000095,0.005017027385,true,true,2022,T1_previous_party_hierarchical_raked
532,48,true,0.000000000083,0.006531634332,true,true,2022,T1_previous_party_hierarchical_raked
533,53,true,0.000000000074,0.003091619588,true,true,2022,T1_previous_party_hierarchical_raked
534,55,true,0.000000000092,0.006477507257,true,true,2022,T1_previous_party_hierarchical_raked
535,55,true,0.000000000084,0.004649556384,true,true,2022,T1_previous_party_hierarchical_raked
536,48,true,0.000000000071,0.004405924540,true,true,2022,T1_previous_party_hierarchical_raked
537,53,true,0.000000000082,0.004917745889,true,true,2022,T1_previous_party_hierarchical_raked
538,56,true,0.000000000092,0.005056510514,true,true,2022,T1_previous_party_hierarchical_raked
539,57,true,0.000000000079,0.005359610222,true,true,2022,T1_previous_party_hierarchical_raked
540,51,true,0.000000000094,0.005962580188,true,true,2022,T1_previous_party_hierarchical_raked
541,54,true,0.000000000092,0.003344009406,true,true,2022,T1_previous_party_hierarchical_raked
542,46,true,0.000000000093,0.004232258988,true,true,2022,T1_previous_party_hierarchical_raked
543,53,true,0.000000000087,0.005181085451,true,true,2022,T1_previous_party_hierarchical_raked
544,51,true,0.000000000092,0.004111118863,true,true,2022,T1_previous_party_hierarchical_raked
545,53,true,0.000000000098,0.003804950642,true,true,2022,T1_previous_party_hierarchical_raked
546,46,true,0.000000000087,0.003535357199,true,true,2022,T1_previous_party_hierarchical_raked
547,56,true,0.000000000083,0.003450106321,true,true,2022,T1_previous_party_hierarchical_raked
548,56,true,0.000000000092,0.004145309605,true,true,2022,T1_previous_party_hierarchical_raked
549,54,true,0.000000000087,0.005813700583,true,true,2022,T1_previous_party_hierarchical_raked
550,39,true,0.000000000092,0.003253799371,true,true,2022,T1_previous_party_hierarchical_raked
551,57,true,0.000000000073,0.002767220020,true,true,2022,T1_previous_party_hierarchical_raked
552,51,true,0.000000000086,0.003358788084,true,true,2022,T1_previous_party_hierarchical_raked
553,49,true,0.000000000071,0.003564761352,true,true,2022,T1_previous_party_hierarchical_raked
554,53,true,0.000000000076,0.005550557562,true,true,2022,T1_previous_party_hierarchical_raked
555,54,true,0.000000000087,0.004266916100,true,true,2022,T1_previous_party_hierarchical_raked
556,52,true,0.000000000082,0.004609624391,true,true,2022,T1_previous_party_hierarchical_raked
557,56,true,0.000000000075,0.003924575986,true,true,2022,T1_previous_party_hierarchical_raked
558,60,true,0.000000000091,0.004735007006,true,true,2022,T1_previous_party_hierarchical_raked
559,46,true,0.000000000069,0.003887750106,true,true,2022,T1_previous_party_hierarchical_raked
560,50,true,0.000000000078,0.005052539013,true,true,2022,T1_previous_party_hierarchical_raked
561,51,true,0.000000000086,0.002133495104,true,true,2022,T1_previous_party_hierarchical_raked
562,58,true,0.000000000091,0.005560740367,true,true,2022,T1_previous_party_hierarchical_raked
563,56,true,0.000000000074,0.003687243626,true,true,2022,T1_previous_party_hierarchical_raked
564,57,true,0.000000000084,0.005575834389,true,true,2022,T1_previous_party_hierarchical_raked
565,46,true,0.000000000092,0.003290012687,true,true,2022,T1_previous_party_hierarchical_raked
566,55,true,0.000000000084,0.002166222674,true,true,2022,T1_previous_party_hierarchical_raked
567,53,true,0.000000000092,0.003141021799,true,true,2022,T1_previous_party_hierarchical_raked
568,50,true,0.000000000097,0.003985695767,true,true,2022,T1_previous_party_hierarchical_raked
569,57,true,0.000000000093,0.006974736998,true,true,2022,T1_previous_party_hierarchical_raked
570,56,true,0.000000000073,0.004144989441,true,true,2022,T1_previous_party_hierarchical_raked
571,49,true,0.000000000099,0.003165455327,true,true,2022,T1_previous_party_hierarchical_raked
572,58,true,0.000000000083,0.006888422249,true,true,2022,T1_previous_party_hierarchical_raked
573,58,true,0.000000000076,0.003971463163,true,true,2022,T1_previous_party_hierarchical_raked
574,50,true,0.000000000093,0.007074759157,true,true,2022,T1_previous_party_hierarchical_raked
575,53,true,0.000000000078,0.002633829222,true,true,2022,T1_previous_party_hierarchical_raked
576,59,true,0.000000000090,0.005947235595,true,true,2022,T1_previous_party_hierarchical_raked
577,56,true,0.000000000076,0.004273090598,true,true,2022,T1_previous_party_hierarchical_raked
578,45,true,0.000000000090,0.002803799763,true,true,2022,T1_previous_party_hierarchical_raked
579,53,true,0.000000000078,0.004978447101,true,true,2022,T1_previous_party_hierarchical_raked
580,53,true,0.000000000075,0.004125762682,true,true,2022,T1_previous_party_hierarchical_raked
581,55,true,0.000000000098,0.004631461698,true,true,2022,T1_previous_party_hierarchical_raked
582,43,true,0.000000000097,0.003916862692,true,true,2022,T1_previous_party_hierarchical_raked
583,55,true,0.000000000076,0.004100949542,true,true,2022,T1_previous_party_hierarchical_raked
584,47,true,0.000000000073,0.004957202104,true,true,2022,T1_previous_party_hierarchical_raked
585,48,true,0.000000000099,0.005275354689,true,true,2022,T1_previous_party_hierarchical_raked
586,49,true,0.000000000076,0.002183389295,true,true,2022,T1_previous_party_hierarchical_raked
587,52,true,0.000000000081,0.007017062711,true,true,2022,T1_previous_party_hierarchical_raked
588,58,true,0.000000000097,0.007534409477,true,true,2022,T1_previous_party_hierarchical_raked
589,49,true,0.000000000098,0.003655239972,true,true,2022,T1_previous_party_hierarchical_raked
590,51,true,0.000000000081,0.004107066692,true,true,2022,T1_previous_party_hierarchical_raked
591,48,true,0.000000000081,0.003300242368,true,true,2022,T1_previous_party_hierarchical_raked
592,55,true,0.000000000075,0.003563235122,true,true,2022,T1_previous_party_hierarchical_raked
593,55,true,0.000000000077,0.005076404815,true,true,2022,T1_previous_party_hierarchical_raked
594,49,true,0.000000000097,0.003959136188,true,true,2022,T1_previous_party_hierarchical_raked
595,47,true,0.000000000072,0.003646525488,true,true,2022,T1_previous_party_hierarchical_raked
596,50,true,0.000000000096,0.004315308552,true,true,2022,T1_previous_party_hierarchical_raked
597,57,true,0.000000000094,0.005534349246,true,true,2022,T1_previous_party_hierarchical_raked
598,58,true,0.000000000099,0.003811590517,true,true,2022,T1_previous_party_hierarchical_raked
599,50,true,0.000000000083,0.003498431881,true,true,2022,T1_previous_party_hierarchical_raked
600,53,true,0.000000000076,0.005186410055,true,true,2022,T1_previous_party_hierarchical_raked
601,52,true,0.000000000082,0.003017679100,true,true,2022,T1_previous_party_hierarchical_raked
602,51,true,0.000000000079,0.005510740394,true,true,2022,T1_previous_party_hierarchical_raked
603,44,true,0.000000000092,0.002931980180,true,true,2022,T1_previous_party_hierarchical_raked
604,53,true,0.000000000078,0.005295915777,true,true,2022,T1_previous_party_hierarchical_raked
605,47,true,0.000000000092,0.003008917216,true,true,2022,T1_previous_party_hierarchical_raked
606,45,true,0.000000000094,0.003370874534,true,true,2022,T1_previous_party_hierarchical_raked
607,56,true,0.000000000087,0.003174967725,true,true,2022,T1_previous_party_hierarchical_raked
608,55,true,0.000000000083,0.004801689799,true,true,2022,T1_previous_party_hierarchical_raked
609,48,true,0.000000000095,0.003422085494,true,true,2022,T1_previous_party_hierarchical_raked
610,61,true,0.000000000094,0.003013977757,true,true,2022,T1_previous_party_hierarchical_raked
611,57,true,0.000000000089,0.007070620776,true,true,2022,T1_previous_party_hierarchical_raked
612,53,true,0.000000000075,0.002788923637,true,true,2022,T1_previous_party_hierarchical_raked
613,49,true,0.000000000087,0.002881204924,true,true,2022,T1_previous_party_hierarchical_raked
614,45,true,0.000000000081,0.001930945902,true,true,2022,T1_previous_party_hierarchical_raked
615,49,true,0.000000000079,0.002725282959,true,true,2022,T1_previous_party_hierarchical_raked
616,49,true,0.000000000096,0.002796857252,true,true,2022,T1_previous_party_hierarchical_raked
617,53,true,0.000000000072,0.005543518837,true,true,2022,T1_previous_party_hierarchical_raked
618,53,true,0.000000000088,0.004516825528,true,true,2022,T1_previous_party_hierarchical_raked
619,53,true,0.000000000079,0.001834686350,true,true,2022,T1_previous_party_hierarchical_raked
620,54,true,0.000000000084,0.002789338352,true,true,2022,T1_previous_party_hierarchical_raked
621,49,true,0.000000000075,0.002958345863,true,true,2022,T1_previous_party_hierarchical_raked
622,47,true,0.000000000076,0.003552548269,true,true,2022,T1_previous_party_hierarchical_raked
623,54,true,0.000000000075,0.004631180553,true,true,2022,T1_previous_party_hierarchical_raked
624,52,true,0.000000000075,0.004424135388,true,true,2022,T1_previous_party_hierarchical_raked
625,49,true,0.000000000087,0.002612190520,true,true,2022,T1_previous_party_hierarchical_raked
626,53,true,0.000000000099,0.002063231845,true,true,2022,T1_previous_party_hierarchical_raked
627,48,true,0.000000000092,0.003335197727,true,true,2022,T1_previous_party_hierarchical_raked
628,48,true,0.000000000077,0.003667880548,true,true,2022,T1_previous_party_hierarchical_raked
629,58,true,0.000000000088,0.003168031023,true,true,2022,T1_previous_party_hierarchical_raked
630,54,true,0.000000000079,0.004665423869,true,true,2022,T1_previous_party_hierarchical_raked
631,50,true,0.000000000095,0.003779527262,true,true,2022,T1_previous_party_hierarchical_raked
632,50,true,0.000000000097,0.003312483659,true,true,2022,T1_previous_party_hierarchical_raked
633,51,true,0.000000000071,0.004566411511,true,true,2022,T1_previous_party_hierarchical_raked
634,49,true,0.000000000095,0.005187169271,true,true,2022,T1_previous_party_hierarchical_raked
635,53,true,0.000000000099,0.002532607937,true,true,2022,T1_previous_party_hierarchical_raked
636,53,true,0.000000000081,0.003015376229,true,true,2022,T1_previous_party_hierarchical_raked
637,53,true,0.000000000087,0.005589246608,true,true,2022,T1_previous_party_hierarchical_raked
638,51,true,0.000000000081,0.003089746261,true,true,2022,T1_previous_party_hierarchical_raked
639,51,true,0.000000000077,0.005506859471,true,true,2022,T1_previous_party_hierarchical_raked
640,54,true,0.000000000098,0.005643761390,true,true,2022,T1_previous_party_hierarchical_raked
641,51,true,0.000000000092,0.007774144344,true,true,2022,T1_previous_party_hierarchical_raked
642,49,true,0.000000000078,0.003307015189,true,true,2022,T1_previous_party_hierarchical_raked
643,53,true,0.000000000097,0.002836525520,true,true,2022,T1_previous_party_hierarchical_raked
644,53,true,0.000000000091,0.002045854433,true,true,2022,T1_previous_party_hierarchical_raked
645,53,true,0.000000000092,0.004183240089,true,true,2022,T1_previous_party_hierarchical_raked
646,51,true,0.000000000082,0.005170904491,true,true,2022,T1_previous_party_hierarchical_raked
647,50,true,0.000000000089,0.006132376627,true,true,2022,T1_previous_party_hierarchical_raked
648,46,true,0.000000000097,0.002454205198,true,true,2022,T1_previous_party_hierarchical_raked
649,52,true,0.000000000072,0.002884791981,true,true,2022,T1_previous_party_hierarchical_raked
650,52,true,0.000000000095,0.003143500921,true,true,2022,T1_previous_party_hierarchical_raked
651,49,true,0.000000000081,0.003774595243,true,true,2022,T1_previous_party_hierarchical_raked
652,52,true,0.000000000099,0.002239142575,true,true,2022,T1_previous_party_hierarchical_raked
653,51,true,0.000000000091,0.003602577908,true,true,2022,T1_previous_party_hierarchical_raked
654,48,true,0.000000000091,0.001864281421,true,true,2022,T1_previous_party_hierarchical_raked
655,54,true,0.000000000079,0.004058427506,true,true,2022,T1_previous_party_hierarchical_raked
656,59,true,0.000000000085,0.003817485268,true,true,2022,T1_previous_party_hierarchical_raked
657,47,true,0.000000000071,0.003055372562,true,true,2022,T1_previous_party_hierarchical_raked
658,50,true,0.000000000074,0.003928642722,true,true,2022,T1_previous_party_hierarchical_raked
659,59,true,0.000000000084,0.002993224125,true,true,2022,T1_previous_party_hierarchical_raked
660,57,true,0.000000000087,0.002405030033,true,true,2022,T1_previous_party_hierarchical_raked
661,54,true,0.000000000075,0.005427703873,true,true,2022,T1_previous_party_hierarchical_raked
662,50,true,0.000000000081,0.004203176272,true,true,2022,T1_previous_party_hierarchical_raked
663,41,true,0.000000000079,0.003537552779,true,true,2022,T1_previous_party_hierarchical_raked
664,61,true,0.000000000093,0.006313726913,true,true,2022,T1_previous_party_hierarchical_raked
665,51,true,0.000000000079,0.003909545989,true,true,2022,T1_previous_party_hierarchical_raked
666,54,true,0.000000000076,0.006286747291,true,true,2022,T1_previous_party_hierarchical_raked
667,55,true,0.000000000094,0.002962977511,true,true,2022,T1_previous_party_hierarchical_raked
668,47,true,0.000000000085,0.004457838938,true,true,2022,T1_previous_party_hierarchical_raked
669,53,true,0.000000000074,0.004893100577,true,true,2022,T1_previous_party_hierarchical_raked
670,53,true,0.000000000091,0.003791443972,true,true,2022,T1_previous_party_hierarchical_raked
671,55,true,0.000000000091,0.005866052954,true,true,2022,T1_previous_party_hierarchical_raked
672,52,true,0.000000000098,0.006318407999,true,true,2022,T1_previous_party_hierarchical_raked
673,44,true,0.000000000093,0.001690045926,true,true,2022,T1_previous_party_hierarchical_raked
674,54,true,0.000000000096,0.006436913105,true,true,2022,T1_previous_party_hierarchical_raked
675,56,true,0.000000000078,0.005831963013,true,true,2022,T1_previous_party_hierarchical_raked
676,52,true,0.000000000094,0.008590990377,true,true,2022,T1_previous_party_hierarchical_raked
677,55,true,0.000000000094,0.005166693990,true,true,2022,T1_previous_party_hierarchical_raked
678,56,true,0.000000000078,0.005048134445,true,true,2022,T1_previous_party_hierarchical_raked
679,51,true,0.000000000075,0.003264520391,true,true,2022,T1_previous_party_hierarchical_raked
680,51,true,0.000000000088,0.003657871393,true,true,2022,T1_previous_party_hierarchical_raked
681,51,true,0.000000000088,0.002689243866,true,true,2022,T1_previous_party_hierarchical_raked
682,43,true,0.000000000073,0.003122230320,true,true,2022,T1_previous_party_hierarchical_raked
683,49,true,0.000000000098,0.003444003544,true,true,2022,T1_previous_party_hierarchical_raked
684,54,true,0.000000000076,0.003402268301,true,true,2022,T1_previous_party_hierarchical_raked
685,52,true,0.000000000075,0.002334972436,true,true,2022,T1_previous_party_hierarchical_raked
686,48,true,0.000000000075,0.002774382296,true,true,2022,T1_previous_party_hierarchical_raked
687,50,true,0.000000000094,0.002933429826,true,true,2022,T1_previous_party_hierarchical_raked
688,54,true,0.000000000088,0.003950124814,true,true,2022,T1_previous_party_hierarchical_raked
689,50,true,0.000000000087,0.004099307807,true,true,2022,T1_previous_party_hierarchical_raked
690,58,true,0.000000000093,0.006417491240,true,true,2022,T1_previous_party_hierarchical_raked
691,58,true,0.000000000097,0.003401060381,true,true,2022,T1_previous_party_hierarchical_raked
692,57,true,0.000000000074,0.005336452849,true,true,2022,T1_previous_party_hierarchical_raked
693,51,true,0.000000000095,0.003826114557,true,true,2022,T1_previous_party_hierarchical_raked
694,51,true,0.000000000077,0.004816795707,true,true,2022,T1_previous_party_hierarchical_raked
695,54,true,0.000000000088,0.003782047496,true,true,2022,T1_previous_party_hierarchical_raked
696,47,true,0.000000000099,0.003260726231,true,true,2022,T1_previous_party_hierarchical_raked
697,55,true,0.000000000075,0.006373544003,true,true,2022,T1_previous_party_hierarchical_raked
698,56,true,0.000000000080,0.004781877484,true,true,2022,T1_previous_party_hierarchical_raked
699,56,true,0.000000000073,0.003524097471,true,true,2022,T1_previous_party_hierarchical_raked
700,50,true,0.000000000098,0.002166504834,true,true,2022,T1_previous_party_hierarchical_raked
701,53,true,0.000000000095,0.003185760664,true,true,2022,T1_previous_party_hierarchical_raked
702,46,true,0.000000000077,0.003438324221,true,true,2022,T1_previous_party_hierarchical_raked
703,48,true,0.000000000097,0.003225249093,true,true,2022,T1_previous_party_hierarchical_raked
704,51,true,0.000000000092,0.004099524952,true,true,2022,T1_previous_party_hierarchical_raked
705,47,true,0.000000000083,0.006436046720,true,true,2022,T1_previous_party_hierarchical_raked
706,56,true,0.000000000097,0.005636296539,true,true,2022,T1_previous_party_hierarchical_raked
707,52,true,0.000000000090,0.007281964794,true,true,2022,T1_previous_party_hierarchical_raked
708,51,true,0.000000000071,0.008937996079,true,true,2022,T1_previous_party_hierarchical_raked
709,55,true,0.000000000091,0.005957447206,true,true,2022,T1_previous_party_hierarchical_raked
710,49,true,0.000000000096,0.005099101619,true,true,2022,T1_previous_party_hierarchical_raked
711,49,true,0.000000000093,0.003798735127,true,true,2022,T1_previous_party_hierarchical_raked
712,54,true,0.000000000099,0.003695102651,true,true,2022,T1_previous_party_hierarchical_raked
713,51,true,0.000000000080,0.003369059059,true,true,2022,T1_previous_party_hierarchical_raked
714,53,true,0.000000000100,0.004615939428,true,true,2022,T1_previous_party_hierarchical_raked
715,46,true,0.000000000082,0.002929247447,true,true,2022,T1_previous_party_hierarchical_raked
716,51,true,0.000000000082,0.003628955292,true,true,2022,T1_previous_party_hierarchical_raked
717,51,true,0.000000000096,0.002217792509,true,true,2022,T1_previous_party_hierarchical_raked
718,47,true,0.000000000078,0.003913449866,true,true,2022,T1_previous_party_hierarchical_raked
719,57,true,0.000000000075,0.004387340656,true,true,2022,T1_previous_party_hierarchical_raked
720,52,true,0.000000000080,0.002922787939,true,true,2022,T1_previous_party_hierarchical_raked
721,54,true,0.000000000097,0.004267363881,true,true,2022,T1_previous_party_hierarchical_raked
722,59,true,0.000000000089,0.004821484381,true,true,2022,T1_previous_party_hierarchical_raked
723,54,true,0.000000000075,0.003289224090,true,true,2022,T1_previous_party_hierarchical_raked
724,44,true,0.000000000094,0.003135613406,true,true,2022,T1_previous_party_hierarchical_raked
725,57,true,0.000000000079,0.005607873411,true,true,2022,T1_previous_party_hierarchical_raked
726,51,true,0.000000000098,0.005723306902,true,true,2022,T1_previous_party_hierarchical_raked
727,54,true,0.000000000077,0.003707444708,true,true,2022,T1_previous_party_hierarchical_raked
728,48,true,0.000000000087,0.003578249171,true,true,2022,T1_previous_party_hierarchical_raked
729,50,true,0.000000000080,0.002253928467,true,true,2022,T1_previous_party_hierarchical_raked
730,52,true,0.000000000089,0.003485759784,true,true,2022,T1_previous_party_hierarchical_raked
731,57,true,0.000000000086,0.005316218903,true,true,2022,T1_previous_party_hierarchical_raked
732,57,true,0.000000000077,0.004074837779,true,true,2022,T1_previous_party_hierarchical_raked
733,48,true,0.000000000087,0.005720325286,true,true,2022,T1_previous_party_hierarchical_raked
734,54,true,0.000000000097,0.005834934520,true,true,2022,T1_previous_party_hierarchical_raked
735,46,true,0.000000000077,0.003263106882,true,true,2022,T1_previous_party_hierarchical_raked
736,55,true,0.000000000094,0.003397848184,true,true,2022,T1_previous_party_hierarchical_raked
737,52,true,0.000000000095,0.003988186551,true,true,2022,T1_previous_party_hierarchical_raked
738,53,true,0.000000000087,0.003513189160,true,true,2022,T1_previous_party_hierarchical_raked
739,53,true,0.000000000089,0.003668077167,true,true,2022,T1_previous_party_hierarchical_raked
740,49,true,0.000000000099,0.002724439490,true,true,2022,T1_previous_party_hierarchical_raked
741,58,true,0.000000000078,0.004875335235,true,true,2022,T1_previous_party_hierarchical_raked
742,50,true,0.000000000078,0.004670607201,true,true,2022,T1_previous_party_hierarchical_raked
743,51,true,0.000000000073,0.002213216027,true,true,2022,T1_previous_party_hierarchical_raked
744,48,true,0.000000000084,0.004047106947,true,true,2022,T1_previous_party_hierarchical_raked
745,52,true,0.000000000098,0.003212068179,true,true,2022,T1_previous_party_hierarchical_raked
746,45,true,0.000000000099,0.001604926178,true,true,2022,T1_previous_party_hierarchical_raked
747,51,true,0.000000000075,0.004161868845,true,true,2022,T1_previous_party_hierarchical_raked
748,51,true,0.000000000074,0.003500587943,true,true,2022,T1_previous_party_hierarchical_raked
749,55,true,0.000000000097,0.003084069932,true,true,2022,T1_previous_party_hierarchical_raked
750,51,true,0.000000000080,0.002479896417,true,true,2022,T1_previous_party_hierarchical_raked
751,50,true,0.000000000072,0.004492204610,true,true,2022,T1_previous_party_hierarchical_raked
752,55,true,0.000000000073,0.003664559241,true,true,2022,T1_previous_party_hierarchical_raked
753,48,true,0.000000000092,0.003290112876,true,true,2022,T1_previous_party_hierarchical_raked
754,49,true,0.000000000080,0.005729297988,true,true,2022,T1_previous_party_hierarchical_raked
755,48,true,0.000000000095,0.002822364596,true,true,2022,T1_previous_party_hierarchical_raked
756,55,true,0.000000000078,0.003548201302,true,true,2022,T1_previous_party_hierarchical_raked
757,51,true,0.000000000081,0.003787218765,true,true,2022,T1_previous_party_hierarchical_raked
758,52,true,0.000000000090,0.001388855812,true,true,2022,T1_previous_party_hierarchical_raked
759,46,true,0.000000000076,0.004411899141,true,true,2022,T1_previous_party_hierarchical_raked
760,48,true,0.000000000070,0.003265847540,true,true,2022,T1_previous_party_hierarchical_raked
761,51,true,0.000000000082,0.002923718392,true,true,2022,T1_previous_party_hierarchical_raked
762,49,true,0.000000000088,0.003414414032,true,true,2022,T1_previous_party_hierarchical_raked
763,56,true,0.000000000089,0.004115396443,true,true,2022,T1_previous_party_hierarchical_raked
764,52,true,0.000000000094,0.002777887545,true,true,2022,T1_previous_party_hierarchical_raked
765,45,true,0.000000000078,0.003083307090,true,true,2022,T1_previous_party_hierarchical_raked
766,52,true,0.000000000099,0.004320539817,true,true,2022,T1_previous_party_hierarchical_raked
767,52,true,0.000000000081,0.005263559911,true,true,2022,T1_previous_party_hierarchical_raked
768,56,true,0.000000000087,0.003959001999,true,true,2022,T1_previous_party_hierarchical_raked
769,53,true,0.000000000085,0.004850113292,true,true,2022,T1_previous_party_hierarchical_raked
770,45,true,0.000000000088,0.003120396706,true,true,2022,T1_previous_party_hierarchical_raked
771,51,true,0.000000000075,0.003296605208,true,true,2022,T1_previous_party_hierarchical_raked
772,52,true,0.000000000094,0.002919330872,true,true,2022,T1_previous_party_hierarchical_raked
773,50,true,0.000000000098,0.003493554001,true,true,2022,T1_previous_party_hierarchical_raked
774,53,true,0.000000000083,0.003146162306,true,true,2022,T1_previous_party_hierarchical_raked
775,55,true,0.000000000074,0.003636239037,true,true,2022,T1_previous_party_hierarchical_raked
776,56,true,0.000000000082,0.003489018413,true,true,2022,T1_previous_party_hierarchical_raked
777,51,true,0.000000000073,0.002653788850,true,true,2022,T1_previous_party_hierarchical_raked
778,41,true,0.000000000086,0.003174713142,true,true,2022,T1_previous_party_hierarchical_raked
779,52,true,0.000000000077,0.004446984954,true,true,2022,T1_previous_party_hierarchical_raked
780,53,true,0.000000000086,0.004097022291,true,true,2022,T1_previous_party_hierarchical_raked
781,51,true,0.000000000078,0.005250040536,true,true,2022,T1_previous_party_hierarchical_raked
782,58,true,0.000000000080,0.007109033066,true,true,2022,T1_previous_party_hierarchical_raked
783,45,true,0.000000000092,0.001645669431,true,true,2022,T1_previous_party_hierarchical_raked
784,45,true,0.000000000082,0.002885845698,true,true,2022,T1_previous_party_hierarchical_raked
785,51,true,0.000000000083,0.003876380086,true,true,2022,T1_previous_party_hierarchical_raked
786,51,true,0.000000000085,0.005659367419,true,true,2022,T1_previous_party_hierarchical_raked
787,41,true,0.000000000076,0.002229338392,true,true,2022,T1_previous_party_hierarchical_raked
788,51,true,0.000000000081,0.003676165312,true,true,2022,T1_previous_party_hierarchical_raked
789,58,true,0.000000000075,0.006192745634,true,true,2022,T1_previous_party_hierarchical_raked
790,45,true,0.000000000081,0.004396378822,true,true,2022,T1_previous_party_hierarchical_raked
791,46,true,0.000000000085,0.006236886131,true,true,2022,T1_previous_party_hierarchical_raked
792,40,true,0.000000000092,0.002808873443,true,true,2022,T1_previous_party_hierarchical_raked
793,55,true,0.000000000079,0.004881927324,true,true,2022,T1_previous_party_hierarchical_raked
794,46,true,0.000000000085,0.004396818111,true,true,2022,T1_previous_party_hierarchical_raked
795,54,true,0.000000000093,0.005840324042,true,true,2022,T1_previous_party_hierarchical_raked
796,56,true,0.000000000099,0.005814259920,true,true,2022,T1_previous_party_hierarchical_raked
797,52,true,0.000000000091,0.003243005265,true,true,2022,T1_previous_party_hierarchical_raked
798,52,true,0.000000000083,0.004656880537,true,true,2022,T1_previous_party_hierarchical_raked
799,48,true,0.000000000084,0.003286857398,true,true,2022,T1_previous_party_hierarchical_raked
800,58,true,0.000000000080,0.002716824108,true,true,2022,T1_previous_party_hierarchical_raked
801,51,true,0.000000000075,0.004103089464,true,true,2022,T1_previous_party_hierarchical_raked
802,57,true,0.000000000078,0.003824059001,true,true,2022,T1_previous_party_hierarchical_raked
803,51,true,0.000000000098,0.001398703882,true,true,2022,T1_previous_party_hierarchical_raked
804,50,true,0.000000000078,0.001904511497,true,true,2022,T1_previous_party_hierarchical_raked
805,55,true,0.000000000083,0.003031719323,true,true,2022,T1_previous_party_hierarchical_raked
806,52,true,0.000000000091,0.002521372707,true,true,2022,T1_previous_party_hierarchical_raked
807,49,true,0.000000000076,0.003507856572,true,true,2022,T1_previous_party_hierarchical_raked
808,52,true,0.000000000072,0.004762363421,true,true,2022,T1_previous_party_hierarchical_raked
809,48,true,0.000000000087,0.007025049660,true,true,2022,T1_previous_party_hierarchical_raked
810,51,true,0.000000000078,0.004956178928,true,true,2022,T1_previous_party_hierarchical_raked
811,50,true,0.000000000074,0.004940728900,true,true,2022,T1_previous_party_hierarchical_raked
812,51,true,0.000000000073,0.003881378919,true,true,2022,T1_previous_party_hierarchical_raked
813,55,true,0.000000000091,0.004953591303,true,true,2022,T1_previous_party_hierarchical_raked
814,54,true,0.000000000097,0.004536471789,true,true,2022,T1_previous_party_hierarchical_raked
815,50,true,0.000000000078,0.004015869480,true,true,2022,T1_previous_party_hierarchical_raked
816,44,true,0.000000000078,0.001311318356,true,true,2022,T1_previous_party_hierarchical_raked
817,52,true,0.000000000086,0.003732954045,true,true,2022,T1_previous_party_hierarchical_raked
818,52,true,0.000000000098,0.004146396576,true,true,2022,T1_previous_party_hierarchical_raked
819,56,true,0.000000000090,0.006142917541,true,true,2022,T1_previous_party_hierarchical_raked
820,53,true,0.000000000090,0.002593680118,true,true,2022,T1_previous_party_hierarchical_raked
821,53,true,0.000000000075,0.005581383536,true,true,2022,T1_previous_party_hierarchical_raked
822,54,true,0.000000000073,0.005166594510,true,true,2022,T1_previous_party_hierarchical_raked
823,53,true,0.000000000073,0.002416442899,true,true,2022,T1_previous_party_hierarchical_raked
824,49,true,0.000000000075,0.003175928556,true,true,2022,T1_previous_party_hierarchical_raked
825,54,true,0.000000000077,0.002471682529,true,true,2022,T1_previous_party_hierarchical_raked
826,52,true,0.000000000078,0.004492018118,true,true,2022,T1_previous_party_hierarchical_raked
827,53,true,0.000000000086,0.005491212280,true,true,2022,T1_previous_party_hierarchical_raked
828,49,true,0.000000000087,0.004462237463,true,true,2022,T1_previous_party_hierarchical_raked
829,48,true,0.000000000074,0.004924251883,true,true,2022,T1_previous_party_hierarchical_raked
830,49,true,0.000000000096,0.002984817319,true,true,2022,T1_previous_party_hierarchical_raked
831,56,true,0.000000000081,0.002371171207,true,true,2022,T1_previous_party_hierarchical_raked
832,53,true,0.000000000074,0.005957516433,true,true,2022,T1_previous_party_hierarchical_raked
833,53,true,0.000000000081,0.002762885847,true,true,2022,T1_previous_party_hierarchical_raked
834,51,true,0.000000000075,0.005540965932,true,true,2022,T1_previous_party_hierarchical_raked
835,51,true,0.000000000098,0.003831402389,true,true,2022,T1_previous_party_hierarchical_raked
836,41,true,0.000000000080,0.002085223749,true,true,2022,T1_previous_party_hierarchical_raked
837,57,true,0.000000000084,0.004418499933,true,true,2022,T1_previous_party_hierarchical_raked
838,45,true,0.000000000088,0.004298422298,true,true,2022,T1_previous_party_hierarchical_raked
839,54,true,0.000000000075,0.005098667683,true,true,2022,T1_previous_party_hierarchical_raked
840,52,true,0.000000000097,0.004142480497,true,true,2022,T1_previous_party_hierarchical_raked
841,52,true,0.000000000082,0.004733538995,true,true,2022,T1_previous_party_hierarchical_raked
842,53,true,0.000000000093,0.004140909309,true,true,2022,T1_previous_party_hierarchical_raked
843,54,true,0.000000000078,0.002662376304,true,true,2022,T1_previous_party_hierarchical_raked
844,49,true,0.000000000086,0.002539571150,true,true,2022,T1_previous_party_hierarchical_raked
845,47,true,0.000000000089,0.004918249600,true,true,2022,T1_previous_party_hierarchical_raked
846,45,true,0.000000000073,0.004919709229,true,true,2022,T1_previous_party_hierarchical_raked
847,55,true,0.000000000094,0.007722987259,true,true,2022,T1_previous_party_hierarchical_raked
848,50,true,0.000000000091,0.003388057157,true,true,2022,T1_previous_party_hierarchical_raked
849,50,true,0.000000000087,0.003260158042,true,true,2022,T1_previous_party_hierarchical_raked
850,51,true,0.000000000087,0.002346151063,true,true,2022,T1_previous_party_hierarchical_raked
851,50,true,0.000000000086,0.004143560780,true,true,2022,T1_previous_party_hierarchical_raked
852,49,true,0.000000000078,0.003750326447,true,true,2022,T1_previous_party_hierarchical_raked
853,52,true,0.000000000079,0.002511420984,true,true,2022,T1_previous_party_hierarchical_raked
854,57,true,0.000000000078,0.003873889872,true,true,2022,T1_previous_party_hierarchical_raked
855,55,true,0.000000000095,0.006108486806,true,true,2022,T1_previous_party_hierarchical_raked
856,54,true,0.000000000089,0.003226687702,true,true,2022,T1_previous_party_hierarchical_raked
857,51,true,0.000000000093,0.003866063372,true,true,2022,T1_previous_party_hierarchical_raked
858,55,true,0.000000000095,0.002804147827,true,true,2022,T1_previous_party_hierarchical_raked
859,47,true,0.000000000084,0.002991715941,true,true,2022,T1_previous_party_hierarchical_raked
860,60,true,0.000000000097,0.004210410345,true,true,2022,T1_previous_party_hierarchical_raked
861,53,true,0.000000000079,0.003629255563,true,true,2022,T1_previous_party_hierarchical_raked
862,53,true,0.000000000084,0.004663925262,true,true,2022,T1_previous_party_hierarchical_raked
863,46,true,0.000000000070,0.002308745691,true,true,2022,T1_previous_party_hierarchical_raked
864,51,true,0.000000000076,0.006608484351,true,true,2022,T1_previous_party_hierarchical_raked
865,54,true,0.000000000081,0.003728075686,true,true,2022,T1_previous_party_hierarchical_raked
866,48,true,0.000000000094,0.003075523998,true,true,2022,T1_previous_party_hierarchical_raked
867,51,true,0.000000000084,0.004885335396,true,true,2022,T1_previous_party_hierarchical_raked
868,55,true,0.000000000082,0.002379055919,true,true,2022,T1_previous_party_hierarchical_raked
869,51,true,0.000000000080,0.005633495952,true,true,2022,T1_previous_party_hierarchical_raked
870,51,true,0.000000000096,0.006231482689,true,true,2022,T1_previous_party_hierarchical_raked
871,59,true,0.000000000091,0.003727861877,true,true,2022,T1_previous_party_hierarchical_raked
872,48,true,0.000000000083,0.003793862243,true,true,2022,T1_previous_party_hierarchical_raked
873,51,true,0.000000000093,0.008399012284,true,true,2022,T1_previous_party_hierarchical_raked
874,59,true,0.000000000077,0.003073218559,true,true,2022,T1_previous_party_hierarchical_raked
875,54,true,0.000000000094,0.001752318755,true,true,2022,T1_previous_party_hierarchical_raked
876,46,true,0.000000000070,0.002235557418,true,true,2022,T1_previous_party_hierarchical_raked
877,57,true,0.000000000095,0.005928603072,true,true,2022,T1_previous_party_hierarchical_raked
878,52,true,0.000000000073,0.003629873034,true,true,2022,T1_previous_party_hierarchical_raked
879,58,true,0.000000000083,0.003814597807,true,true,2022,T1_previous_party_hierarchical_raked
880,51,true,0.000000000078,0.003073445492,true,true,2022,T1_previous_party_hierarchical_raked
881,54,true,0.000000000073,0.006189665777,true,true,2022,T1_previous_party_hierarchical_raked
882,45,true,0.000000000095,0.003010398221,true,true,2022,T1_previous_party_hierarchical_raked
883,51,true,0.000000000092,0.002107030050,true,true,2022,T1_previous_party_hierarchical_raked
884,53,true,0.000000000096,0.004837638175,true,true,2022,T1_previous_party_hierarchical_raked
885,53,true,0.000000000092,0.008123674952,true,true,2022,T1_previous_party_hierarchical_raked
886,55,true,0.000000000084,0.006803646365,true,true,2022,T1_previous_party_hierarchical_raked
887,48,true,0.000000000099,0.001666457934,true,true,2022,T1_previous_party_hierarchical_raked
888,48,true,0.000000000073,0.002476502090,true,true,2022,T1_previous_party_hierarchical_raked
889,58,true,0.000000000080,0.002596415687,true,true,2022,T1_previous_party_hierarchical_raked
890,48,true,0.000000000098,0.006316964191,true,true,2022,T1_previous_party_hierarchical_raked
891,49,true,0.000000000088,0.003065487560,true,true,2022,T1_previous_party_hierarchical_raked
892,57,true,0.000000000090,0.004167454690,true,true,2022,T1_previous_party_hierarchical_raked
893,57,true,0.000000000089,0.005098519540,true,true,2022,T1_previous_party_hierarchical_raked
894,52,true,0.000000000074,0.002829658887,true,true,2022,T1_previous_party_hierarchical_raked
895,49,true,0.000000000086,0.006442248203,true,true,2022,T1_previous_party_hierarchical_raked
896,55,true,0.000000000086,0.005897179720,true,true,2022,T1_previous_party_hierarchical_raked
897,46,true,0.000000000091,0.003147122314,true,true,2022,T1_previous_party_hierarchical_raked
898,55,true,0.000000000077,0.003632342766,true,true,2022,T1_previous_party_hierarchical_raked
899,57,true,0.000000000084,0.002520136406,true,true,2022,T1_previous_party_hierarchical_raked
900,48,true,0.000000000098,0.004359918995,true,true,2022,T1_previous_party_hierarchical_raked
901,55,true,0.000000000090,0.002873797804,true,true,2022,T1_previous_party_hierarchical_raked
902,52,true,0.000000000083,0.004184158831,true,true,2022,T1_previous_party_hierarchical_raked
903,57,true,0.000000000081,0.002244949274,true,true,2022,T1_previous_party_hierarchical_raked
904,57,true,0.000000000099,0.006628909510,true,true,2022,T1_previous_party_hierarchical_raked
905,55,true,0.000000000084,0.004223426280,true,true,2022,T1_previous_party_hierarchical_raked
906,50,true,0.000000000080,0.003331725630,true,true,2022,T1_previous_party_hierarchical_raked
907,53,true,0.000000000088,0.005180909394,true,true,2022,T1_previous_party_hierarchical_raked
908,46,true,0.000000000094,0.002158031604,true,true,2022,T1_previous_party_hierarchical_raked
909,45,true,0.000000000075,0.004796724880,true,true,2022,T1_previous_party_hierarchical_raked
910,52,true,0.000000000094,0.003286646000,true,true,2022,T1_previous_party_hierarchical_raked
911,48,true,0.000000000093,0.001807549502,true,true,2022,T1_previous_party_hierarchical_raked
912,56,true,0.000000000086,0.005830075703,true,true,2022,T1_previous_party_hierarchical_raked
913,53,true,0.000000000090,0.003027063960,true,true,2022,T1_previous_party_hierarchical_raked
914,50,true,0.000000000075,0.002983272431,true,true,2022,T1_previous_party_hierarchical_raked
915,54,true,0.000000000073,0.004368309703,true,true,2022,T1_previous_party_hierarchical_raked
916,53,true,0.000000000078,0.003580707359,true,true,2022,T1_previous_party_hierarchical_raked
917,59,true,0.000000000096,0.008829667573,true,true,2022,T1_previous_party_hierarchical_raked
918,57,true,0.000000000100,0.005547459883,true,true,2022,T1_previous_party_hierarchical_raked
919,47,true,0.000000000094,0.004054245154,true,true,2022,T1_previous_party_hierarchical_raked
920,59,true,0.000000000100,0.004415472440,true,true,2022,T1_previous_party_hierarchical_raked
921,50,true,0.000000000080,0.002975516810,true,true,2022,T1_previous_party_hierarchical_raked
922,46,true,0.000000000092,0.002849181743,true,true,2022,T1_previous_party_hierarchical_raked
923,51,true,0.000000000097,0.003171711037,true,true,2022,T1_previous_party_hierarchical_raked
924,45,true,0.000000000076,0.001780594613,true,true,2022,T1_previous_party_hierarchical_raked
925,50,true,0.000000000096,0.004905640182,true,true,2022,T1_previous_party_hierarchical_raked
926,61,true,0.000000000081,0.004421554729,true,true,2022,T1_previous_party_hierarchical_raked
927,52,true,0.000000000098,0.005103412470,true,true,2022,T1_previous_party_hierarchical_raked
928,52,true,0.000000000073,0.003796922377,true,true,2022,T1_previous_party_hierarchical_raked
929,44,true,0.000000000089,0.001838171040,true,true,2022,T1_previous_party_hierarchical_raked
930,51,true,0.000000000092,0.003901496986,true,true,2022,T1_previous_party_hierarchical_raked
931,52,true,0.000000000081,0.006400089162,true,true,2022,T1_previous_party_hierarchical_raked
932,54,true,0.000000000076,0.004037815744,true,true,2022,T1_previous_party_hierarchical_raked
933,52,true,0.000000000075,0.002409933994,true,true,2022,T1_previous_party_hierarchical_raked
934,45,true,0.000000000092,0.004391233560,true,true,2022,T1_previous_party_hierarchical_raked
935,46,true,0.000000000072,0.003626170532,true,true,2022,T1_previous_party_hierarchical_raked
936,50,true,0.000000000078,0.003662618764,true,true,2022,T1_previous_party_hierarchical_raked
937,51,true,0.000000000086,0.003044096715,true,true,2022,T1_previous_party_hierarchical_raked
938,49,true,0.000000000083,0.003150592713,true,true,2022,T1_previous_party_hierarchical_raked
939,54,true,0.000000000088,0.003091548647,true,true,2022,T1_previous_party_hierarchical_raked
940,50,true,0.000000000084,0.002121366424,true,true,2022,T1_previous_party_hierarchical_raked
941,57,true,0.000000000085,0.004453408091,true,true,2022,T1_previous_party_hierarchical_raked
942,54,true,0.000000000075,0.006619655680,true,true,2022,T1_previous_party_hierarchical_raked
943,46,true,0.000000000077,0.004718375200,true,true,2022,T1_previous_party_hierarchical_raked
944,54,true,0.000000000083,0.003894316151,true,true,2022,T1_previous_party_hierarchical_raked
945,48,true,0.000000000092,0.005717365623,true,true,2022,T1_previous_party_hierarchical_raked
946,57,true,0.000000000081,0.003524778378,true,true,2022,T1_previous_party_hierarchical_raked
947,48,true,0.000000000078,0.002305294716,true,true,2022,T1_previous_party_hierarchical_raked
948,42,true,0.000000000079,0.005652620286,true,true,2022,T1_previous_party_hierarchical_raked
949,58,true,0.000000000078,0.003004082262,true,true,2022,T1_previous_party_hierarchical_raked
950,51,true,0.000000000074,0.002634099550,true,true,2022,T1_previous_party_hierarchical_raked
951,49,true,0.000000000070,0.003690253240,true,true,2022,T1_previous_party_hierarchical_raked
952,47,true,0.000000000094,0.001808536414,true,true,2022,T1_previous_party_hierarchical_raked
953,55,true,0.000000000077,0.002601772908,true,true,2022,T1_previous_party_hierarchical_raked
954,52,true,0.000000000081,0.002929386965,true,true,2022,T1_previous_party_hierarchical_raked
955,53,true,0.000000000073,0.004001969277,true,true,2022,T1_previous_party_hierarchical_raked
956,52,true,0.000000000073,0.003045559296,true,true,2022,T1_previous_party_hierarchical_raked
957,53,true,0.000000000079,0.003626970570,true,true,2022,T1_previous_party_hierarchical_raked
958,52,true,0.000000000073,0.004720547926,true,true,2022,T1_previous_party_hierarchical_raked
959,54,true,0.000000000081,0.006670678292,true,true,2022,T1_previous_party_hierarchical_raked
960,55,true,0.000000000089,0.005112912450,true,true,2022,T1_previous_party_hierarchical_raked
961,51,true,0.000000000095,0.001675385683,true,true,2022,T1_previous_party_hierarchical_raked
962,55,true,0.000000000079,0.006981985003,true,true,2022,T1_previous_party_hierarchical_raked
963,52,true,0.000000000072,0.002778080439,true,true,2022,T1_previous_party_hierarchical_raked
964,56,true,0.000000000086,0.002929131212,true,true,2022,T1_previous_party_hierarchical_raked
965,52,true,0.000000000098,0.004392214877,true,true,2022,T1_previous_party_hierarchical_raked
966,54,true,0.000000000090,0.002219545062,true,true,2022,T1_previous_party_hierarchical_raked
967,50,true,0.000000000070,0.006133504738,true,true,2022,T1_previous_party_hierarchical_raked
968,46,true,0.000000000080,0.003088859251,true,true,2022,T1_previous_party_hierarchical_raked
969,49,true,0.000000000086,0.001002995156,true,true,2022,T1_previous_party_hierarchical_raked
970,52,true,0.000000000088,0.003973679306,true,true,2022,T1_previous_party_hierarchical_raked
971,44,true,0.000000000074,0.002793076789,true,true,2022,T1_previous_party_hierarchical_raked
972,45,true,0.000000000087,0.001473182979,true,true,2022,T1_previous_party_hierarchical_raked
973,54,true,0.000000000072,0.007068518447,true,true,2022,T1_previous_party_hierarchical_raked
974,52,true,0.000000000087,0.003187836344,true,true,2022,T1_previous_party_hierarchical_raked
975,43,true,0.000000000100,0.006319539427,true,true,2022,T1_previous_party_hierarchical_raked
976,50,true,0.000000000072,0.003312077782,true,true,2022,T1_previous_party_hierarchical_raked
977,49,true,0.000000000078,0.002827413712,true,true,2022,T1_previous_party_hierarchical_raked
978,51,true,0.000000000074,0.006084088989,true,true,2022,T1_previous_party_hierarchical_raked
979,52,true,0.000000000099,0.004042961023,true,true,2022,T1_previous_party_hierarchical_raked
980,54,true,0.000000000085,0.002234524904,true,true,2022,T1_previous_party_hierarchical_raked
981,55,true,0.000000000080,0.006295615960,true,true,2022,T1_previous_party_hierarchical_raked
982,57,true,0.000000000088,0.004183444728,true,true,2022,T1_previous_party_hierarchical_raked
983,52,true,0.000000000073,0.004733132222,true,true,2022,T1_previous_party_hierarchical_raked
984,54,true,0.000000000081,0.003718889984,true,true,2022,T1_previous_party_hierarchical_raked
985,49,true,0.000000000078,0.003644599598,true,true,2022,T1_previous_party_hierarchical_raked
986,58,true,0.000000000080,0.006780734277,true,true,2022,T1_previous_party_hierarchical_raked
987,45,true,0.000000000092,0.002632347534,true,true,2022,T1_previous_party_hierarchical_raked
988,54,true,0.000000000088,0.005526482841,true,true,2022,T1_previous_party_hierarchical_raked
989,57,true,0.000000000087,0.004280456991,true,true,2022,T1_previous_party_hierarchical_raked
990,47,true,0.000000000093,0.005133269604,true,true,2022,T1_previous_party_hierarchical_raked
991,53,true,0.000000000093,0.005292126075,true,true,2022,T1_previous_party_hierarchical_raked
992,47,true,0.000000000096,0.004044451466,true,true,2022,T1_previous_party_hierarchical_raked
993,50,true,0.000000000087,0.003720405999,true,true,2022,T1_previous_party_hierarchical_raked
994,46,true,0.000000000077,0.003725766587,true,true,2022,T1_previous_party_hierarchical_raked
995,55,true,0.000000000087,0.003700196436,true,true,2022,T1_previous_party_hierarchical_raked
996,49,true,0.000000000075,0.003164225562,true,true,2022,T1_previous_party_hierarchical_raked
997,50,true,0.000000000077,0.001084054460,true,true,2022,T1_previous_party_hierarchical_raked
998,54,true,0.000000000100,0.004510354167,true,true,2022,T1_previous_party_hierarchical_raked
999,49,true,0.000000000095,0.003074579917,true,true,2022,T1_previous_party_hierarchical_raked
1000,52,true,0.000000000096,0.002522300414,true,true,2022,T1_previous_party_hierarchical_raked
1001,53,true,0.000000000084,0.003018104894,true,true,2022,T1_previous_party_hierarchical_raked
1002,54,true,0.000000000088,0.003814677884,true,true,2022,T1_previous_party_hierarchical_raked
1003,51,true,0.000000000082,0.002377213066,true,true,2022,T1_previous_party_hierarchical_raked
1004,59,true,0.000000000092,0.006722069366,true,true,2022,T1_previous_party_hierarchical_raked
1005,51,true,0.000000000082,0.005008639617,true,true,2022,T1_previous_party_hierarchical_raked
1006,53,true,0.000000000086,0.005147209957,true,true,2022,T1_previous_party_hierarchical_raked
1007,48,true,0.000000000082,0.003112692338,true,true,2022,T1_previous_party_hierarchical_raked
1008,50,true,0.000000000083,0.004242653301,true,true,2022,T1_previous_party_hierarchical_raked
1009,42,true,0.000000000100,0.002895555552,true,true,2022,T1_previous_party_hierarchical_raked
1010,52,true,0.000000000096,0.004394135645,true,true,2022,T1_previous_party_hierarchical_raked
1011,56,true,0.000000000080,0.004842568786,true,true,2022,T1_previous_party_hierarchical_raked
1012,53,true,0.000000000074,0.004993980868,true,true,2022,T1_previous_party_hierarchical_raked
1013,54,true,0.000000000082,0.006078277955,true,true,2022,T1_previous_party_hierarchical_raked
1014,53,true,0.000000000099,0.002182834836,true,true,2022,T1_previous_party_hierarchical_raked
1015,54,true,0.000000000084,0.004817252854,true,true,2022,T1_previous_party_hierarchical_raked
1016,52,true,0.000000000075,0.003788994278,true,true,2022,T1_previous_party_hierarchical_raked
1017,44,true,0.000000000092,0.004633909666,true,true,2022,T1_previous_party_hierarchical_raked
1018,53,true,0.000000000075,0.006261159100,true,true,2022,T1_previous_party_hierarchical_raked
1019,53,true,0.000000000084,0.001825508944,true,true,2022,T1_previous_party_hierarchical_raked
1020,54,true,0.000000000082,0.003682400701,true,true,2022,T1_previous_party_hierarchical_raked
1021,49,true,0.000000000077,0.001646203026,true,true,2022,T1_previous_party_hierarchical_raked
1022,54,true,0.000000000087,0.004721408753,true,true,2022,T1_previous_party_hierarchical_raked
1023,52,true,0.000000000089,0.004894213338,true,true,2022,T1_previous_party_hierarchical_raked
1024,46,true,0.000000000080,0.002736135869,true,true,2022,T1_previous_party_hierarchical_raked
1025,57,true,0.000000000079,0.002797249465,true,true,2022,T1_previous_party_hierarchical_raked
1026,44,true,0.000000000099,0.002095848827,true,true,2022,T1_previous_party_hierarchical_raked
1027,48,true,0.000000000091,0.003179470300,true,true,2022,T1_previous_party_hierarchical_raked
1028,45,true,0.000000000090,0.005558222461,true,true,2022,T1_previous_party_hierarchical_raked
1029,47,true,0.000000000072,0.006272149294,true,true,2022,T1_previous_party_hierarchical_raked
1030,52,true,0.000000000093,0.001577342944,true,true,2022,T1_previous_party_hierarchical_raked
1031,49,true,0.000000000089,0.003492727106,true,true,2022,T1_previous_party_hierarchical_raked
1032,54,true,0.000000000083,0.005212344420,true,true,2022,T1_previous_party_hierarchical_raked
1033,51,true,0.000000000099,0.002217545894,true,true,2022,T1_previous_party_hierarchical_raked
1034,58,true,0.000000000078,0.004272297881,true,true,2022,T1_previous_party_hierarchical_raked
1035,53,true,0.000000000098,0.004232183883,true,true,2022,T1_previous_party_hierarchical_raked
1036,53,true,0.000000000097,0.003468646959,true,true,2022,T1_previous_party_hierarchical_raked
1037,57,true,0.000000000095,0.004007746659,true,true,2022,T1_previous_party_hierarchical_raked
1038,54,true,0.000000000093,0.003124781844,true,true,2022,T1_previous_party_hierarchical_raked
1039,60,true,0.000000000094,0.005354302284,true,true,2022,T1_previous_party_hierarchical_raked
1040,45,true,0.000000000083,0.004390281873,true,true,2022,T1_previous_party_hierarchical_raked
1041,54,true,0.000000000095,0.002835933112,true,true,2022,T1_previous_party_hierarchical_raked
1042,53,true,0.000000000095,0.004232966445,true,true,2022,T1_previous_party_hierarchical_raked
1043,48,true,0.000000000072,0.004328926349,true,true,2022,T1_previous_party_hierarchical_raked
1044,51,true,0.000000000080,0.003747653659,true,true,2022,T1_previous_party_hierarchical_raked
1045,50,true,0.000000000079,0.003235249847,true,true,2022,T1_previous_party_hierarchical_raked
1046,43,true,0.000000000092,0.001966725919,true,true,2022,T1_previous_party_hierarchical_raked
1047,57,true,0.000000000083,0.002970158253,true,true,2022,T1_previous_party_hierarchical_raked
1048,49,true,0.000000000088,0.003504720332,true,true,2022,T1_previous_party_hierarchical_raked
1049,51,true,0.000000000093,0.005757182721,true,true,2022,T1_previous_party_hierarchical_raked
1050,52,true,0.000000000073,0.004119679410,true,true,2022,T1_previous_party_hierarchical_raked
1051,53,true,0.000000000076,0.006078471264,true,true,2022,T1_previous_party_hierarchical_raked
1052,51,true,0.000000000085,0.005217087415,true,true,2022,T1_previous_party_hierarchical_raked
1053,50,true,0.000000000079,0.005041696650,true,true,2022,T1_previous_party_hierarchical_raked
1054,52,true,0.000000000089,0.002865823706,true,true,2022,T1_previous_party_hierarchical_raked
1055,49,true,0.000000000086,0.003310371278,true,true,2022,T1_previous_party_hierarchical_raked
1056,49,true,0.000000000096,0.003885311027,true,true,2022,T1_previous_party_hierarchical_raked
1057,54,true,0.000000000092,0.006460209199,true,true,2022,T1_previous_party_hierarchical_raked
1058,52,true,0.000000000098,0.004035480728,true,true,2022,T1_previous_party_hierarchical_raked
1059,53,true,0.000000000097,0.003230290726,true,true,2022,T1_previous_party_hierarchical_raked
1060,54,true,0.000000000073,0.005551476565,true,true,2022,T1_previous_party_hierarchical_raked
1061,54,true,0.000000000090,0.003909988766,true,true,2022,T1_previous_party_hierarchical_raked
1062,57,true,0.000000000096,0.007414817370,true,true,2022,T1_previous_party_hierarchical_raked
1063,55,true,0.000000000077,0.005205151203,true,true,2022,T1_previous_party_hierarchical_raked
1064,55,true,0.000000000087,0.004297844681,true,true,2022,T1_previous_party_hierarchical_raked
1065,48,true,0.000000000075,0.002789833548,true,true,2022,T1_previous_party_hierarchical_raked
1066,44,true,0.000000000081,0.002555288954,true,true,2022,T1_previous_party_hierarchical_raked
1067,44,true,0.000000000090,0.002500857167,true,true,2022,T1_previous_party_hierarchical_raked
1068,54,true,0.000000000092,0.003660114618,true,true,2022,T1_previous_party_hierarchical_raked
1069,51,true,0.000000000078,0.003455357163,true,true,2022,T1_previous_party_hierarchical_raked
1070,51,true,0.000000000082,0.004603601310,true,true,2022,T1_previous_party_hierarchical_raked
1071,50,true,0.000000000087,0.004536689618,true,true,2022,T1_previous_party_hierarchical_raked
1072,52,true,0.000000000072,0.003394504285,true,true,2022,T1_previous_party_hierarchical_raked
1073,50,true,0.000000000076,0.003514885028,true,true,2022,T1_previous_party_hierarchical_raked
1074,57,true,0.000000000090,0.003688486659,true,true,2022,T1_previous_party_hierarchical_raked
1075,52,true,0.000000000095,0.004538907442,true,true,2022,T1_previous_party_hierarchical_raked
1076,51,true,0.000000000086,0.003535018959,true,true,2022,T1_previous_party_hierarchical_raked
1077,56,true,0.000000000080,0.005183342855,true,true,2022,T1_previous_party_hierarchical_raked
1078,52,true,0.000000000085,0.003450205917,true,true,2022,T1_previous_party_hierarchical_raked
1079,57,true,0.000000000078,0.005238136195,true,true,2022,T1_previous_party_hierarchical_raked
1080,55,true,0.000000000099,0.003657083902,true,true,2022,T1_previous_party_hierarchical_raked
1081,55,true,0.000000000080,0.005961743689,true,true,2022,T1_previous_party_hierarchical_raked
1082,57,true,0.000000000099,0.004772192216,true,true,2022,T1_previous_party_hierarchical_raked
1083,49,true,0.000000000072,0.003436288665,true,true,2022,T1_previous_party_hierarchical_raked
1084,55,true,0.000000000091,0.006283847587,true,true,2022,T1_previous_party_hierarchical_raked
1085,57,true,0.000000000085,0.005031354279,true,true,2022,T1_previous_party_hierarchical_raked
1086,51,true,0.000000000077,0.004619664668,true,true,2022,T1_previous_party_hierarchical_raked
1087,49,true,0.000000000090,0.002242045624,true,true,2022,T1_previous_party_hierarchical_raked
1088,53,true,0.000000000091,0.002119938409,true,true,2022,T1_previous_party_hierarchical_raked
1089,45,true,0.000000000075,0.003545059936,true,true,2022,T1_previous_party_hierarchical_raked
1090,54,true,0.000000000078,0.005343827607,true,true,2022,T1_previous_party_hierarchical_raked
1091,49,true,0.000000000077,0.004443540661,true,true,2022,T1_previous_party_hierarchical_raked
1092,54,true,0.000000000088,0.002903323759,true,true,2022,T1_previous_party_hierarchical_raked
1093,58,true,0.000000000088,0.007939212419,true,true,2022,T1_previous_party_hierarchical_raked
1094,51,true,0.000000000075,0.003648986262,true,true,2022,T1_previous_party_hierarchical_raked
1095,54,true,0.000000000077,0.003765817359,true,true,2022,T1_previous_party_hierarchical_raked
1096,48,true,0.000000000075,0.003550834401,true,true,2022,T1_previous_party_hierarchical_raked
1097,48,true,0.000000000089,0.005596391156,true,true,2022,T1_previous_party_hierarchical_raked
1098,49,true,0.000000000093,0.003377991361,true,true,2022,T1_previous_party_hierarchical_raked
1099,58,true,0.000000000074,0.004890917433,true,true,2022,T1_previous_party_hierarchical_raked
1100,47,true,0.000000000080,0.004550261656,true,true,2022,T1_previous_party_hierarchical_raked
1101,54,true,0.000000000092,0.005484361089,true,true,2022,T1_previous_party_hierarchical_raked
1102,56,true,0.000000000075,0.007364004489,true,true,2022,T1_previous_party_hierarchical_raked
1103,55,true,0.000000000077,0.003516722915,true,true,2022,T1_previous_party_hierarchical_raked
1104,50,true,0.000000000088,0.003636220904,true,true,2022,T1_previous_party_hierarchical_raked
1105,51,true,0.000000000083,0.003882910114,true,true,2022,T1_previous_party_hierarchical_raked
1106,56,true,0.000000000084,0.007868409096,true,true,2022,T1_previous_party_hierarchical_raked
1107,52,true,0.000000000078,0.002703890478,true,true,2022,T1_previous_party_hierarchical_raked
1108,52,true,0.000000000088,0.004808393764,true,true,2022,T1_previous_party_hierarchical_raked
1109,56,true,0.000000000098,0.004056179639,true,true,2022,T1_previous_party_hierarchical_raked
1110,54,true,0.000000000098,0.003762974200,true,true,2022,T1_previous_party_hierarchical_raked
1111,55,true,0.000000000079,0.005054951527,true,true,2022,T1_previous_party_hierarchical_raked
1112,59,true,0.000000000076,0.005363154161,true,true,2022,T1_previous_party_hierarchical_raked
1113,40,true,0.000000000077,0.003934031779,true,true,2022,T1_previous_party_hierarchical_raked
1114,49,true,0.000000000096,0.002166469484,true,true,2022,T1_previous_party_hierarchical_raked
1115,52,true,0.000000000099,0.003089614868,true,true,2022,T1_previous_party_hierarchical_raked
1116,55,true,0.000000000080,0.005091540914,true,true,2022,T1_previous_party_hierarchical_raked
1117,40,true,0.000000000077,0.003662201850,true,true,2022,T1_previous_party_hierarchical_raked
1118,50,true,0.000000000089,0.003004414272,true,true,2022,T1_previous_party_hierarchical_raked
1119,54,true,0.000000000093,0.003372951334,true,true,2022,T1_previous_party_hierarchical_raked
1120,41,true,0.000000000080,0.003172714203,true,true,2022,T1_previous_party_hierarchical_raked
1121,56,true,0.000000000088,0.005830260226,true,true,2022,T1_previous_party_hierarchical_raked
1122,53,true,0.000000000080,0.007648113800,true,true,2022,T1_previous_party_hierarchical_raked
1123,53,true,0.000000000073,0.004888373096,true,true,2022,T1_previous_party_hierarchical_raked
1124,51,true,0.000000000083,0.001965419311,true,true,2022,T1_previous_party_hierarchical_raked
1125,52,true,0.000000000074,0.003322566613,true,true,2022,T1_previous_party_hierarchical_raked
1126,56,true,0.000000000096,0.003015670535,true,true,2022,T1_previous_party_hierarchical_raked
1127,47,true,0.000000000091,0.002542917145,true,true,2022,T1_previous_party_hierarchical_raked
1128,60,true,0.000000000081,0.003535184396,true,true,2022,T1_previous_party_hierarchical_raked
1129,46,true,0.000000000091,0.003335776653,true,true,2022,T1_previous_party_hierarchical_raked
1130,57,true,0.000000000089,0.007859317006,true,true,2022,T1_previous_party_hierarchical_raked
1131,48,true,0.000000000076,0.003312955354,true,true,2022,T1_previous_party_hierarchical_raked
1132,60,true,0.000000000076,0.004726863510,true,true,2022,T1_previous_party_hierarchical_raked
1133,60,true,0.000000000075,0.004039660758,true,true,2022,T1_previous_party_hierarchical_raked
1134,50,true,0.000000000095,0.004093812780,true,true,2022,T1_previous_party_hierarchical_raked
1135,51,true,0.000000000085,0.005411713040,true,true,2022,T1_previous_party_hierarchical_raked
1136,50,true,0.000000000076,0.003689858128,true,true,2022,T1_previous_party_hierarchical_raked
1137,50,true,0.000000000070,0.003274973647,true,true,2022,T1_previous_party_hierarchical_raked
1138,57,true,0.000000000076,0.005808571943,true,true,2022,T1_previous_party_hierarchical_raked
1139,55,true,0.000000000093,0.005712723137,true,true,2022,T1_previous_party_hierarchical_raked
1140,55,true,0.000000000073,0.003323926709,true,true,2022,T1_previous_party_hierarchical_raked
1141,55,true,0.000000000080,0.005428091055,true,true,2022,T1_previous_party_hierarchical_raked
1142,54,true,0.000000000093,0.003006246190,true,true,2022,T1_previous_party_hierarchical_raked
1143,57,true,0.000000000086,0.003433031701,true,true,2022,T1_previous_party_hierarchical_raked
1144,47,true,0.000000000083,0.004487950482,true,true,2022,T1_previous_party_hierarchical_raked
1145,48,true,0.000000000084,0.002500589859,true,true,2022,T1_previous_party_hierarchical_raked
1146,54,true,0.000000000076,0.003797361894,true,true,2022,T1_previous_party_hierarchical_raked
1147,57,true,0.000000000096,0.004457139306,true,true,2022,T1_previous_party_hierarchical_raked
1148,51,true,0.000000000094,0.004180993410,true,true,2022,T1_previous_party_hierarchical_raked
1149,51,true,0.000000000094,0.003845491277,true,true,2022,T1_previous_party_hierarchical_raked
1150,50,true,0.000000000071,0.003441238105,true,true,2022,T1_previous_party_hierarchical_raked
1151,52,true,0.000000000097,0.005893544506,true,true,2022,T1_previous_party_hierarchical_raked
1152,53,true,0.000000000077,0.004868091746,true,true,2022,T1_previous_party_hierarchical_raked
1153,57,true,0.000000000083,0.005019169034,true,true,2022,T1_previous_party_hierarchical_raked
1154,57,true,0.000000000078,0.006677947750,true,true,2022,T1_previous_party_hierarchical_raked
1155,54,true,0.000000000097,0.004611388164,true,true,2022,T1_previous_party_hierarchical_raked
1156,54,true,0.000000000079,0.002645604832,true,true,2022,T1_previous_party_hierarchical_raked
1157,48,true,0.000000000096,0.002706139376,true,true,2022,T1_previous_party_hierarchical_raked
1158,55,true,0.000000000078,0.004507296290,true,true,2022,T1_previous_party_hierarchical_raked
1159,44,true,0.000000000097,0.001898124423,true,true,2022,T1_previous_party_hierarchical_raked
1160,55,true,0.000000000076,0.003302246028,true,true,2022,T1_previous_party_hierarchical_raked
1161,51,true,0.000000000083,0.005215615585,true,true,2022,T1_previous_party_hierarchical_raked
1162,50,true,0.000000000085,0.004779886804,true,true,2022,T1_previous_party_hierarchical_raked
1163,57,true,0.000000000087,0.003842681232,true,true,2022,T1_previous_party_hierarchical_raked
1164,54,true,0.000000000078,0.004083157125,true,true,2022,T1_previous_party_hierarchical_raked
1165,53,true,0.000000000074,0.003901606903,true,true,2022,T1_previous_party_hierarchical_raked
1166,53,true,0.000000000094,0.004091085734,true,true,2022,T1_previous_party_hierarchical_raked
1167,54,true,0.000000000074,0.007042338588,true,true,2022,T1_previous_party_hierarchical_raked
1168,57,true,0.000000000095,0.004163570029,true,true,2022,T1_previous_party_hierarchical_raked
1169,56,true,0.000000000092,0.005476775486,true,true,2022,T1_previous_party_hierarchical_raked
1170,52,true,0.000000000085,0.004859778597,true,true,2022,T1_previous_party_hierarchical_raked
1171,52,true,0.000000000090,0.002480395942,true,true,2022,T1_previous_party_hierarchical_raked
1172,51,true,0.000000000092,0.004448713894,true,true,2022,T1_previous_party_hierarchical_raked
1173,54,true,0.000000000082,0.003240180962,true,true,2022,T1_previous_party_hierarchical_raked
1174,57,true,0.000000000083,0.004133502620,true,true,2022,T1_previous_party_hierarchical_raked
1175,57,true,0.000000000081,0.004035694345,true,true,2022,T1_previous_party_hierarchical_raked
1176,54,true,0.000000000081,0.003654442632,true,true,2022,T1_previous_party_hierarchical_raked
1177,51,true,0.000000000096,0.003350093532,true,true,2022,T1_previous_party_hierarchical_raked
1178,53,true,0.000000000088,0.005302888773,true,true,2022,T1_previous_party_hierarchical_raked
1179,54,true,0.000000000073,0.005833647540,true,true,2022,T1_previous_party_hierarchical_raked
1180,58,true,0.000000000085,0.002998034988,true,true,2022,T1_previous_party_hierarchical_raked
1181,49,true,0.000000000081,0.003833228322,true,true,2022,T1_previous_party_hierarchical_raked
1182,52,true,0.000000000074,0.004193735751,true,true,2022,T1_previous_party_hierarchical_raked
1183,51,true,0.000000000091,0.002318700278,true,true,2022,T1_previous_party_hierarchical_raked
1184,44,true,0.000000000084,0.004848701611,true,true,2022,T1_previous_party_hierarchical_raked
1185,51,true,0.000000000097,0.006121055992,true,true,2022,T1_previous_party_hierarchical_raked
1186,51,true,0.000000000073,0.001358796671,true,true,2022,T1_previous_party_hierarchical_raked
1187,56,true,0.000000000085,0.004209677846,true,true,2022,T1_previous_party_hierarchical_raked
1188,50,true,0.000000000071,0.003406080051,true,true,2022,T1_previous_party_hierarchical_raked
1189,50,true,0.000000000083,0.003124221571,true,true,2022,T1_previous_party_hierarchical_raked
1190,50,true,0.000000000078,0.005878995002,true,true,2022,T1_previous_party_hierarchical_raked
1191,50,true,0.000000000085,0.005359354977,true,true,2022,T1_previous_party_hierarchical_raked
1192,51,true,0.000000000085,0.003974614019,true,true,2022,T1_previous_party_hierarchical_raked
1193,55,true,0.000000000092,0.005173320233,true,true,2022,T1_previous_party_hierarchical_raked
1194,46,true,0.000000000086,0.003445338777,true,true,2022,T1_previous_party_hierarchical_raked
1195,52,true,0.000000000076,0.002881067765,true,true,2022,T1_previous_party_hierarchical_raked
1196,50,true,0.000000000085,0.003745981402,true,true,2022,T1_previous_party_hierarchical_raked
1197,46,true,0.000000000084,0.001686773024,true,true,2022,T1_previous_party_hierarchical_raked
1198,55,true,0.000000000088,0.003847347824,true,true,2022,T1_previous_party_hierarchical_raked
1199,47,true,0.000000000080,0.002819353464,true,true,2022,T1_previous_party_hierarchical_raked
1200,54,true,0.000000000074,0.003348436017,true,true,2022,T1_previous_party_hierarchical_raked
1201,55,true,0.000000000089,0.004237183963,true,true,2022,T1_previous_party_hierarchical_raked
1202,54,true,0.000000000098,0.004986905671,true,true,2022,T1_previous_party_hierarchical_raked
1203,48,true,0.000000000081,0.002491943309,true,true,2022,T1_previous_party_hierarchical_raked
1204,51,true,0.000000000071,0.002840867895,true,true,2022,T1_previous_party_hierarchical_raked
1205,46,true,0.000000000081,0.006148108543,true,true,2022,T1_previous_party_hierarchical_raked
1206,54,true,0.000000000072,0.002842509169,true,true,2022,T1_previous_party_hierarchical_raked
1207,55,true,0.000000000080,0.003389119436,true,true,2022,T1_previous_party_hierarchical_raked
1208,59,true,0.000000000074,0.004305093927,true,true,2022,T1_previous_party_hierarchical_raked
1209,48,true,0.000000000075,0.003660123167,true,true,2022,T1_previous_party_hierarchical_raked
1210,53,true,0.000000000081,0.004326789174,true,true,2022,T1_previous_party_hierarchical_raked
1211,51,true,0.000000000098,0.005699552357,true,true,2022,T1_previous_party_hierarchical_raked
1212,51,true,0.000000000083,0.003964142035,true,true,2022,T1_previous_party_hierarchical_raked
1213,50,true,0.000000000097,0.004092174618,true,true,2022,T1_previous_party_hierarchical_raked
1214,56,true,0.000000000080,0.004192076857,true,true,2022,T1_previous_party_hierarchical_raked
1215,52,true,0.000000000098,0.004509198986,true,true,2022,T1_previous_party_hierarchical_raked
1216,58,true,0.000000000082,0.005555376757,true,true,2022,T1_previous_party_hierarchical_raked
1217,55,true,0.000000000089,0.004868349089,true,true,2022,T1_previous_party_hierarchical_raked
1218,47,true,0.000000000096,0.004302647234,true,true,2022,T1_previous_party_hierarchical_raked
1219,48,true,0.000000000099,0.003505804703,true,true,2022,T1_previous_party_hierarchical_raked
1220,54,true,0.000000000078,0.002561580783,true,true,2022,T1_previous_party_hierarchical_raked
1221,54,true,0.000000000081,0.003252366898,true,true,2022,T1_previous_party_hierarchical_raked
1222,58,true,0.000000000100,0.003066527131,true,true,2022,T1_previous_party_hierarchical_raked
1223,51,true,0.000000000080,0.003187349279,true,true,2022,T1_previous_party_hierarchical_raked
1224,55,true,0.000000000074,0.006047840333,true,true,2022,T1_previous_party_hierarchical_raked
1225,50,true,0.000000000095,0.002767972414,true,true,2022,T1_previous_party_hierarchical_raked
1226,52,true,0.000000000083,0.003444643426,true,true,2022,T1_previous_party_hierarchical_raked
1227,50,true,0.000000000074,0.002958583773,true,true,2022,T1_previous_party_hierarchical_raked
1228,52,true,0.000000000087,0.004575270846,true,true,2022,T1_previous_party_hierarchical_raked
1229,54,true,0.000000000088,0.004901631591,true,true,2022,T1_previous_party_hierarchical_raked
1230,48,true,0.000000000087,0.004352992129,true,true,2022,T1_previous_party_hierarchical_raked
1231,56,true,0.000000000082,0.005810769176,true,true,2022,T1_previous_party_hierarchical_raked
1232,52,true,0.000000000080,0.005938345158,true,true,2022,T1_previous_party_hierarchical_raked
1233,52,true,0.000000000074,0.002578755442,true,true,2022,T1_previous_party_hierarchical_raked
1234,57,true,0.000000000098,0.004096295291,true,true,2022,T1_previous_party_hierarchical_raked
1235,56,true,0.000000000097,0.008598452930,true,true,2022,T1_previous_party_hierarchical_raked
1236,57,true,0.000000000075,0.006630971897,true,true,2022,T1_previous_party_hierarchical_raked
1237,51,true,0.000000000088,0.003734336996,true,true,2022,T1_previous_party_hierarchical_raked
1238,50,true,0.000000000076,0.003482479789,true,true,2022,T1_previous_party_hierarchical_raked
1239,52,true,0.000000000097,0.004373725889,true,true,2022,T1_previous_party_hierarchical_raked
1240,53,true,0.000000000078,0.006876300736,true,true,2022,T1_previous_party_hierarchical_raked
1241,53,true,0.000000000096,0.005925469281,true,true,2022,T1_previous_party_hierarchical_raked
1242,52,true,0.000000000089,0.003945252638,true,true,2022,T1_previous_party_hierarchical_raked
1243,41,true,0.000000000069,0.003804193158,true,true,2022,T1_previous_party_hierarchical_raked
1244,35,true,0.000000000071,0.004446915941,true,true,2022,T1_previous_party_hierarchical_raked
1245,54,true,0.000000000095,0.004969304291,true,true,2022,T1_previous_party_hierarchical_raked
1246,53,true,0.000000000083,0.001884427178,true,true,2022,T1_previous_party_hierarchical_raked
1247,49,true,0.000000000098,0.004720505080,true,true,2022,T1_previous_party_hierarchical_raked
1248,48,true,0.000000000087,0.003604105978,true,true,2022,T1_previous_party_hierarchical_raked
1249,50,true,0.000000000091,0.002691400290,true,true,2022,T1_previous_party_hierarchical_raked
1250,55,true,0.000000000073,0.004879027895,true,true,2022,T1_previous_party_hierarchical_raked
1251,55,true,0.000000000084,0.002468991184,true,true,2022,T1_previous_party_hierarchical_raked
1252,54,true,0.000000000073,0.003472250278,true,true,2022,T1_previous_party_hierarchical_raked
1253,49,true,0.000000000071,0.002260541802,true,true,2022,T1_previous_party_hierarchical_raked
1254,51,true,0.000000000095,0.003857455403,true,true,2022,T1_previous_party_hierarchical_raked
1255,48,true,0.000000000079,0.003763571310,true,true,2022,T1_previous_party_hierarchical_raked
1256,52,true,0.000000000091,0.002085594396,true,true,2022,T1_previous_party_hierarchical_raked
1257,51,true,0.000000000077,0.004548628632,true,true,2022,T1_previous_party_hierarchical_raked
1258,53,true,0.000000000082,0.003408473624,true,true,2022,T1_previous_party_hierarchical_raked
1259,51,true,0.000000000089,0.003394541689,true,true,2022,T1_previous_party_hierarchical_raked
1260,46,true,0.000000000098,0.004055755685,true,true,2022,T1_previous_party_hierarchical_raked
1261,48,true,0.000000000084,0.004102475502,true,true,2022,T1_previous_party_hierarchical_raked
1262,55,true,0.000000000089,0.005404184230,true,true,2022,T1_previous_party_hierarchical_raked
1263,45,true,0.000000000092,0.004523438519,true,true,2022,T1_previous_party_hierarchical_raked
1264,45,true,0.000000000070,0.002710140248,true,true,2022,T1_previous_party_hierarchical_raked
1265,55,true,0.000000000076,0.003065696144,true,true,2022,T1_previous_party_hierarchical_raked
1266,56,true,0.000000000094,0.005505523493,true,true,2022,T1_previous_party_hierarchical_raked
1267,51,true,0.000000000093,0.002179854837,true,true,2022,T1_previous_party_hierarchical_raked
1268,50,true,0.000000000073,0.003086676828,true,true,2022,T1_previous_party_hierarchical_raked
1269,53,true,0.000000000075,0.004735247619,true,true,2022,T1_previous_party_hierarchical_raked
1270,48,true,0.000000000098,0.004097821715,true,true,2022,T1_previous_party_hierarchical_raked
1271,42,true,0.000000000088,0.004106069660,true,true,2022,T1_previous_party_hierarchical_raked
1272,46,true,0.000000000093,0.002251358520,true,true,2022,T1_previous_party_hierarchical_raked
1273,55,true,0.000000000090,0.004580918707,true,true,2022,T1_previous_party_hierarchical_raked
1274,54,true,0.000000000094,0.003015661389,true,true,2022,T1_previous_party_hierarchical_raked
1275,56,true,0.000000000082,0.005225658369,true,true,2022,T1_previous_party_hierarchical_raked
1276,50,true,0.000000000083,0.004511401537,true,true,2022,T1_previous_party_hierarchical_raked
1277,50,true,0.000000000096,0.003626256111,true,true,2022,T1_previous_party_hierarchical_raked
1278,52,true,0.000000000075,0.005134520260,true,true,2022,T1_previous_party_hierarchical_raked
1279,49,true,0.000000000100,0.003418242933,true,true,2022,T1_previous_party_hierarchical_raked
1280,58,true,0.000000000085,0.005189385443,true,true,2022,T1_previous_party_hierarchical_raked
1281,48,true,0.000000000088,0.005927763609,true,true,2022,T1_previous_party_hierarchical_raked
1282,50,true,0.000000000079,0.004247160779,true,true,2022,T1_previous_party_hierarchical_raked
1283,57,true,0.000000000076,0.003063726021,true,true,2022,T1_previous_party_hierarchical_raked
1284,53,true,0.000000000098,0.003217801798,true,true,2022,T1_previous_party_hierarchical_raked
1285,56,true,0.000000000086,0.004830478340,true,true,2022,T1_previous_party_hierarchical_raked
1286,47,true,0.000000000099,0.001302482391,true,true,2022,T1_previous_party_hierarchical_raked
1287,50,true,0.000000000089,0.003656841455,true,true,2022,T1_previous_party_hierarchical_raked
1288,52,true,0.000000000078,0.002117544245,true,true,2022,T1_previous_party_hierarchical_raked
1289,52,true,0.000000000083,0.004086233598,true,true,2022,T1_previous_party_hierarchical_raked
1290,56,true,0.000000000078,0.006355618603,true,true,2022,T1_previous_party_hierarchical_raked
1291,53,true,0.000000000095,0.002862695326,true,true,2022,T1_previous_party_hierarchical_raked
1292,52,true,0.000000000082,0.003686762559,true,true,2022,T1_previous_party_hierarchical_raked
1293,54,true,0.000000000077,0.002798482815,true,true,2022,T1_previous_party_hierarchical_raked
1294,53,true,0.000000000083,0.006470241859,true,true,2022,T1_previous_party_hierarchical_raked
1295,50,true,0.000000000079,0.002812576117,true,true,2022,T1_previous_party_hierarchical_raked
1296,53,true,0.000000000094,0.004279535266,true,true,2022,T1_previous_party_hierarchical_raked
1297,51,true,0.000000000083,0.004443197661,true,true,2022,T1_previous_party_hierarchical_raked
1298,57,true,0.000000000076,0.004979154920,true,true,2022,T1_previous_party_hierarchical_raked
1299,53,true,0.000000000088,0.003323187269,true,true,2022,T1_previous_party_hierarchical_raked
1300,58,true,0.000000000094,0.004127844318,true,true,2022,T1_previous_party_hierarchical_raked
1301,52,true,0.000000000089,0.003302197617,true,true,2022,T1_previous_party_hierarchical_raked
1302,48,true,0.000000000084,0.004455945299,true,true,2022,T1_previous_party_hierarchical_raked
1303,53,true,0.000000000077,0.003081139914,true,true,2022,T1_previous_party_hierarchical_raked
1304,52,true,0.000000000084,0.002307919000,true,true,2022,T1_previous_party_hierarchical_raked
1305,57,true,0.000000000084,0.006734445466,true,true,2022,T1_previous_party_hierarchical_raked
1306,41,true,0.000000000082,0.005851472274,true,true,2022,T1_previous_party_hierarchical_raked
1307,55,true,0.000000000085,0.004898828588,true,true,2022,T1_previous_party_hierarchical_raked
1308,58,true,0.000000000080,0.004170469701,true,true,2022,T1_previous_party_hierarchical_raked
1309,47,true,0.000000000087,0.004115256788,true,true,2022,T1_previous_party_hierarchical_raked
1310,53,true,0.000000000080,0.002124977701,true,true,2022,T1_previous_party_hierarchical_raked
1311,53,true,0.000000000098,0.004881505223,true,true,2022,T1_previous_party_hierarchical_raked
1312,55,true,0.000000000076,0.004963690808,true,true,2022,T1_previous_party_hierarchical_raked
1313,55,true,0.000000000092,0.005705515860,true,true,2022,T1_previous_party_hierarchical_raked
1314,54,true,0.000000000075,0.004202946452,true,true,2022,T1_previous_party_hierarchical_raked
1315,53,true,0.000000000077,0.005353776266,true,true,2022,T1_previous_party_hierarchical_raked
1316,49,true,0.000000000079,0.006032334833,true,true,2022,T1_previous_party_hierarchical_raked
1317,57,true,0.000000000086,0.003220573911,true,true,2022,T1_previous_party_hierarchical_raked
1318,57,true,0.000000000092,0.003569914712,true,true,2022,T1_previous_party_hierarchical_raked
1319,55,true,0.000000000075,0.004401554921,true,true,2022,T1_previous_party_hierarchical_raked
1320,53,true,0.000000000075,0.004264169425,true,true,2022,T1_previous_party_hierarchical_raked
1321,56,true,0.000000000094,0.006597768411,true,true,2022,T1_previous_party_hierarchical_raked
1322,52,true,0.000000000081,0.003651543927,true,true,2022,T1_previous_party_hierarchical_raked
1323,53,true,0.000000000080,0.004801542214,true,true,2022,T1_previous_party_hierarchical_raked
1324,62,true,0.000000000075,0.008970230897,true,true,2022,T1_previous_party_hierarchical_raked
1325,54,true,0.000000000096,0.003695681969,true,true,2022,T1_previous_party_hierarchical_raked
1326,54,true,0.000000000079,0.005877949845,true,true,2022,T1_previous_party_hierarchical_raked
1327,52,true,0.000000000089,0.003758518034,true,true,2022,T1_previous_party_hierarchical_raked
1328,57,true,0.000000000075,0.001952002651,true,true,2022,T1_previous_party_hierarchical_raked
1329,52,true,0.000000000073,0.002317814619,true,true,2022,T1_previous_party_hierarchical_raked
1330,55,true,0.000000000077,0.003456933077,true,true,2022,T1_previous_party_hierarchical_raked
1331,55,true,0.000000000083,0.005642337146,true,true,2022,T1_previous_party_hierarchical_raked
1332,55,true,0.000000000084,0.002187246797,true,true,2022,T1_previous_party_hierarchical_raked
1333,45,true,0.000000000075,0.001669980780,true,true,2022,T1_previous_party_hierarchical_raked
1334,54,true,0.000000000073,0.004042244372,true,true,2022,T1_previous_party_hierarchical_raked
1335,54,true,0.000000000078,0.003588367717,true,true,2022,T1_previous_party_hierarchical_raked
1336,53,true,0.000000000086,0.002131756067,true,true,2022,T1_previous_party_hierarchical_raked
1337,57,true,0.000000000087,0.006112550643,true,true,2022,T1_previous_party_hierarchical_raked
1338,55,true,0.000000000095,0.007234028871,true,true,2022,T1_previous_party_hierarchical_raked
1339,50,true,0.000000000084,0.004579316839,true,true,2022,T1_previous_party_hierarchical_raked
1340,53,true,0.000000000087,0.003458501026,true,true,2022,T1_previous_party_hierarchical_raked
1341,55,true,0.000000000087,0.005516151651,true,true,2022,T1_previous_party_hierarchical_raked
1342,54,true,0.000000000075,0.002158062875,true,true,2022,T1_previous_party_hierarchical_raked
1343,49,true,0.000000000073,0.005063280121,true,true,2022,T1_previous_party_hierarchical_raked
1344,50,true,0.000000000094,0.004264006702,true,true,2022,T1_previous_party_hierarchical_raked
1345,54,true,0.000000000075,0.007319015364,true,true,2022,T1_previous_party_hierarchical_raked
1346,51,true,0.000000000073,0.003425535772,true,true,2022,T1_previous_party_hierarchical_raked
1347,58,true,0.000000000087,0.005844145140,true,true,2022,T1_previous_party_hierarchical_raked
1348,54,true,0.000000000080,0.002866893954,true,true,2022,T1_previous_party_hierarchical_raked
1349,61,true,0.000000000098,0.005246427771,true,true,2022,T1_previous_party_hierarchical_raked
1350,59,true,0.000000000085,0.002258369843,true,true,2022,T1_previous_party_hierarchical_raked
1351,51,true,0.000000000086,0.003763234304,true,true,2022,T1_previous_party_hierarchical_raked
1352,54,true,0.000000000093,0.004996761890,true,true,2022,T1_previous_party_hierarchical_raked
1353,53,true,0.000000000073,0.004628872572,true,true,2022,T1_previous_party_hierarchical_raked
1354,51,true,0.000000000085,0.002006211313,true,true,2022,T1_previous_party_hierarchical_raked
1355,51,true,0.000000000095,0.003340093666,true,true,2022,T1_previous_party_hierarchical_raked
1356,42,true,0.000000000075,0.004173023129,true,true,2022,T1_previous_party_hierarchical_raked
1357,55,true,0.000000000076,0.005923289810,true,true,2022,T1_previous_party_hierarchical_raked
1358,53,true,0.000000000096,0.004678381840,true,true,2022,T1_previous_party_hierarchical_raked
1359,55,true,0.000000000082,0.001911269611,true,true,2022,T1_previous_party_hierarchical_raked
1360,52,true,0.000000000093,0.002647269475,true,true,2022,T1_previous_party_hierarchical_raked
1361,52,true,0.000000000085,0.003281012841,true,true,2022,T1_previous_party_hierarchical_raked
1362,48,true,0.000000000086,0.006744826067,true,true,2022,T1_previous_party_hierarchical_raked
1363,49,true,0.000000000090,0.003350921109,true,true,2022,T1_previous_party_hierarchical_raked
1364,47,true,0.000000000075,0.002582026116,true,true,2022,T1_previous_party_hierarchical_raked
1365,49,true,0.000000000100,0.004484507008,true,true,2022,T1_previous_party_hierarchical_raked
1366,48,true,0.000000000070,0.004167457836,true,true,2022,T1_previous_party_hierarchical_raked
1367,53,true,0.000000000096,0.006937743005,true,true,2022,T1_previous_party_hierarchical_raked
1368,50,true,0.000000000076,0.003470125588,true,true,2022,T1_previous_party_hierarchical_raked
1369,52,true,0.000000000074,0.008012326711,true,true,2022,T1_previous_party_hierarchical_raked
1370,52,true,0.000000000075,0.003767251739,true,true,2022,T1_previous_party_hierarchical_raked
1371,50,true,0.000000000087,0.004640983005,true,true,2022,T1_previous_party_hierarchical_raked
1372,50,true,0.000000000086,0.001804235597,true,true,2022,T1_previous_party_hierarchical_raked
1373,32,true,0.000000000069,0.002969765180,true,true,2022,T1_previous_party_hierarchical_raked
1374,55,true,0.000000000076,0.005622832969,true,true,2022,T1_previous_party_hierarchical_raked
1375,54,true,0.000000000094,0.004843875332,true,true,2022,T1_previous_party_hierarchical_raked
1376,51,true,0.000000000076,0.002185560396,true,true,2022,T1_previous_party_hierarchical_raked
1377,54,true,0.000000000095,0.010064319027,true,true,2022,T1_previous_party_hierarchical_raked
1378,54,true,0.000000000081,0.004254124842,true,true,2022,T1_previous_party_hierarchical_raked
1379,55,true,0.000000000078,0.004690380607,true,true,2022,T1_previous_party_hierarchical_raked
1380,50,true,0.000000000084,0.003453060983,true,true,2022,T1_previous_party_hierarchical_raked
1381,55,true,0.000000000091,0.004324058948,true,true,2022,T1_previous_party_hierarchical_raked
1382,52,true,0.000000000074,0.005077457808,true,true,2022,T1_previous_party_hierarchical_raked
1383,52,true,0.000000000086,0.005028179473,true,true,2022,T1_previous_party_hierarchical_raked
1384,52,true,0.000000000079,0.004717634171,true,true,2022,T1_previous_party_hierarchical_raked
1385,53,true,0.000000000075,0.003358365412,true,true,2022,T1_previous_party_hierarchical_raked
1386,46,true,0.000000000072,0.003553956873,true,true,2022,T1_previous_party_hierarchical_raked
1387,53,true,0.000000000076,0.003946675644,true,true,2022,T1_previous_party_hierarchical_raked
1388,45,true,0.000000000093,0.002725645598,true,true,2022,T1_previous_party_hierarchical_raked
1389,52,true,0.000000000094,0.004693634182,true,true,2022,T1_previous_party_hierarchical_raked
1390,47,true,0.000000000071,0.002443601206,true,true,2022,T1_previous_party_hierarchical_raked
1391,53,true,0.000000000071,0.002049110603,true,true,2022,T1_previous_party_hierarchical_raked
1392,54,true,0.000000000087,0.004096566539,true,true,2022,T1_previous_party_hierarchical_raked
1393,53,true,0.000000000075,0.005047967632,true,true,2022,T1_previous_party_hierarchical_raked
1394,47,true,0.000000000073,0.003109952201,true,true,2022,T1_previous_party_hierarchical_raked
1395,50,true,0.000000000095,0.003745071101,true,true,2022,T1_previous_party_hierarchical_raked
1396,39,true,0.000000000098,0.002707344510,true,true,2022,T1_previous_party_hierarchical_raked
1397,49,true,0.000000000100,0.004241680041,true,true,2022,T1_previous_party_hierarchical_raked
1398,56,true,0.000000000092,0.006246830113,true,true,2022,T1_previous_party_hierarchical_raked
1399,50,true,0.000000000086,0.004172643002,true,true,2022,T1_previous_party_hierarchical_raked
1400,55,true,0.000000000074,0.004064330888,true,true,2022,T1_previous_party_hierarchical_raked
1401,52,true,0.000000000080,0.002960459084,true,true,2022,T1_previous_party_hierarchical_raked
1402,51,true,0.000000000079,0.002640877312,true,true,2022,T1_previous_party_hierarchical_raked
1403,50,true,0.000000000095,0.007135710144,true,true,2022,T1_previous_party_hierarchical_raked
1404,51,true,0.000000000089,0.003776577487,true,true,2022,T1_previous_party_hierarchical_raked
1405,55,true,0.000000000083,0.005542705338,true,true,2022,T1_previous_party_hierarchical_raked
1406,44,true,0.000000000087,0.003968971303,true,true,2022,T1_previous_party_hierarchical_raked
1407,52,true,0.000000000089,0.005228397111,true,true,2022,T1_previous_party_hierarchical_raked
1408,52,true,0.000000000079,0.004204788549,true,true,2022,T1_previous_party_hierarchical_raked
1409,53,true,0.000000000088,0.002365007776,true,true,2022,T1_previous_party_hierarchical_raked
1410,44,true,0.000000000094,0.002805524222,true,true,2022,T1_previous_party_hierarchical_raked
1411,57,true,0.000000000090,0.005640977617,true,true,2022,T1_previous_party_hierarchical_raked
1412,48,true,0.000000000094,0.004891255185,true,true,2022,T1_previous_party_hierarchical_raked
1413,53,true,0.000000000072,0.006001020105,true,true,2022,T1_previous_party_hierarchical_raked
1414,51,true,0.000000000082,0.003977994143,true,true,2022,T1_previous_party_hierarchical_raked
1415,54,true,0.000000000075,0.003534597139,true,true,2022,T1_previous_party_hierarchical_raked
1416,61,true,0.000000000087,0.004461009106,true,true,2022,T1_previous_party_hierarchical_raked
1417,46,true,0.000000000099,0.002892415047,true,true,2022,T1_previous_party_hierarchical_raked
1418,51,true,0.000000000075,0.004305135309,true,true,2022,T1_previous_party_hierarchical_raked
1419,54,true,0.000000000075,0.003288025755,true,true,2022,T1_previous_party_hierarchical_raked
1420,50,true,0.000000000078,0.005260993453,true,true,2022,T1_previous_party_hierarchical_raked
1421,52,true,0.000000000075,0.001209933337,true,true,2022,T1_previous_party_hierarchical_raked
1422,50,true,0.000000000099,0.003127335706,true,true,2022,T1_previous_party_hierarchical_raked
1423,50,true,0.000000000089,0.001990543617,true,true,2022,T1_previous_party_hierarchical_raked
1424,46,true,0.000000000077,0.004509735158,true,true,2022,T1_previous_party_hierarchical_raked
1425,56,true,0.000000000093,0.003420821867,true,true,2022,T1_previous_party_hierarchical_raked
1426,51,true,0.000000000096,0.004794216007,true,true,2022,T1_previous_party_hierarchical_raked
1427,55,true,0.000000000078,0.005101634062,true,true,2022,T1_previous_party_hierarchical_raked
1428,54,true,0.000000000093,0.005054354739,true,true,2022,T1_previous_party_hierarchical_raked
1429,50,true,0.000000000087,0.003991461702,true,true,2022,T1_previous_party_hierarchical_raked
1430,60,true,0.000000000086,0.004608085395,true,true,2022,T1_previous_party_hierarchical_raked
1431,56,true,0.000000000083,0.004859160881,true,true,2022,T1_previous_party_hierarchical_raked
1432,53,true,0.000000000096,0.005719070377,true,true,2022,T1_previous_party_hierarchical_raked
1433,54,true,0.000000000080,0.003598025536,true,true,2022,T1_previous_party_hierarchical_raked
1434,47,true,0.000000000092,0.002393102174,true,true,2022,T1_previous_party_hierarchical_raked
1435,48,true,0.000000000100,0.005246908182,true,true,2022,T1_previous_party_hierarchical_raked
1436,47,true,0.000000000090,0.003286116839,true,true,2022,T1_previous_party_hierarchical_raked
1437,49,true,0.000000000078,0.006128695673,true,true,2022,T1_previous_party_hierarchical_raked
1438,52,true,0.000000000089,0.004980069046,true,true,2022,T1_previous_party_hierarchical_raked
1439,53,true,0.000000000085,0.005174506971,true,true,2022,T1_previous_party_hierarchical_raked
1440,54,true,0.000000000082,0.005034928031,true,true,2022,T1_previous_party_hierarchical_raked
1441,52,true,0.000000000088,0.002934344187,true,true,2022,T1_previous_party_hierarchical_raked
1442,52,true,0.000000000081,0.003596214716,true,true,2022,T1_previous_party_hierarchical_raked
1443,48,true,0.000000000087,0.002217417979,true,true,2022,T1_previous_party_hierarchical_raked
1444,54,true,0.000000000096,0.003533822984,true,true,2022,T1_previous_party_hierarchical_raked
1445,48,true,0.000000000090,0.003208244139,true,true,2022,T1_previous_party_hierarchical_raked
1446,52,true,0.000000000092,0.005739035781,true,true,2022,T1_previous_party_hierarchical_raked
1447,52,true,0.000000000099,0.003408853651,true,true,2022,T1_previous_party_hierarchical_raked
1448,51,true,0.000000000094,0.002564807717,true,true,2022,T1_previous_party_hierarchical_raked
1449,56,true,0.000000000084,0.004280011930,true,true,2022,T1_previous_party_hierarchical_raked
1450,54,true,0.000000000085,0.005089895601,true,true,2022,T1_previous_party_hierarchical_raked
1451,49,true,0.000000000075,0.004636038905,true,true,2022,T1_previous_party_hierarchical_raked
1452,54,true,0.000000000078,0.005064015612,true,true,2022,T1_previous_party_hierarchical_raked
1453,55,true,0.000000000074,0.006484348329,true,true,2022,T1_previous_party_hierarchical_raked
1454,48,true,0.000000000092,0.002796824941,true,true,2022,T1_previous_party_hierarchical_raked
1455,51,true,0.000000000097,0.004669340004,true,true,2022,T1_previous_party_hierarchical_raked
1456,56,true,0.000000000091,0.004025316985,true,true,2022,T1_previous_party_hierarchical_raked
1457,57,true,0.000000000093,0.006026575311,true,true,2022,T1_previous_party_hierarchical_raked
1458,51,true,0.000000000076,0.003183169147,true,true,2022,T1_previous_party_hierarchical_raked
1459,47,true,0.000000000096,0.004504294809,true,true,2022,T1_previous_party_hierarchical_raked
1460,50,true,0.000000000086,0.003417384962,true,true,2022,T1_previous_party_hierarchical_raked
1461,59,true,0.000000000097,0.006159776555,true,true,2022,T1_previous_party_hierarchical_raked
1462,52,true,0.000000000076,0.001440592714,true,true,2022,T1_previous_party_hierarchical_raked
1463,56,true,0.000000000075,0.005619485484,true,true,2022,T1_previous_party_hierarchical_raked
1464,52,true,0.000000000074,0.005877439450,true,true,2022,T1_previous_party_hierarchical_raked
1465,53,true,0.000000000092,0.005337166881,true,true,2022,T1_previous_party_hierarchical_raked
1466,58,true,0.000000000095,0.004177091859,true,true,2022,T1_previous_party_hierarchical_raked
1467,56,true,0.000000000081,0.005051377215,true,true,2022,T1_previous_party_hierarchical_raked
1468,47,true,0.000000000096,0.003447595267,true,true,2022,T1_previous_party_hierarchical_raked
1469,50,true,0.000000000087,0.003657792572,true,true,2022,T1_previous_party_hierarchical_raked
1470,49,true,0.000000000096,0.001417653057,true,true,2022,T1_previous_party_hierarchical_raked
1471,51,true,0.000000000089,0.003269730352,true,true,2022,T1_previous_party_hierarchical_raked
1472,54,true,0.000000000086,0.002993381169,true,true,2022,T1_previous_party_hierarchical_raked
1473,57,true,0.000000000091,0.003306821093,true,true,2022,T1_previous_party_hierarchical_raked
1474,54,true,0.000000000081,0.005148767289,true,true,2022,T1_previous_party_hierarchical_raked
1475,54,true,0.000000000073,0.005945102845,true,true,2022,T1_previous_party_hierarchical_raked
1476,57,true,0.000000000075,0.004741486738,true,true,2022,T1_previous_party_hierarchical_raked
1477,56,true,0.000000000092,0.004357570959,true,true,2022,T1_previous_party_hierarchical_raked
1478,45,true,0.000000000070,0.003786567062,true,true,2022,T1_previous_party_hierarchical_raked
1479,53,true,0.000000000094,0.003323081704,true,true,2022,T1_previous_party_hierarchical_raked
1480,53,true,0.000000000076,0.005672492701,true,true,2022,T1_previous_party_hierarchical_raked
1481,53,true,0.000000000084,0.004876920566,true,true,2022,T1_previous_party_hierarchical_raked
1482,54,true,0.000000000096,0.006340790489,true,true,2022,T1_previous_party_hierarchical_raked
1483,55,true,0.000000000083,0.004904187700,true,true,2022,T1_previous_party_hierarchical_raked
1484,55,true,0.000000000087,0.001931318915,true,true,2022,T1_previous_party_hierarchical_raked
1485,52,true,0.000000000076,0.005624444022,true,true,2022,T1_previous_party_hierarchical_raked
1486,52,true,0.000000000078,0.003815447918,true,true,2022,T1_previous_party_hierarchical_raked
1487,51,true,0.000000000084,0.004589010133,true,true,2022,T1_previous_party_hierarchical_raked
1488,58,true,0.000000000090,0.003998678504,true,true,2022,T1_previous_party_hierarchical_raked
1489,55,true,0.000000000074,0.006708082574,true,true,2022,T1_previous_party_hierarchical_raked
1490,46,true,0.000000000086,0.004235058718,true,true,2022,T1_previous_party_hierarchical_raked
1491,49,true,0.000000000093,0.004499575529,true,true,2022,T1_previous_party_hierarchical_raked
1492,53,true,0.000000000098,0.004619105072,true,true,2022,T1_previous_party_hierarchical_raked
1493,52,true,0.000000000099,0.001558352431,true,true,2022,T1_previous_party_hierarchical_raked
1494,57,true,0.000000000082,0.005095100844,true,true,2022,T1_previous_party_hierarchical_raked
1495,56,true,0.000000000080,0.004765873276,true,true,2022,T1_previous_party_hierarchical_raked
1496,56,true,0.000000000098,0.004045029139,true,true,2022,T1_previous_party_hierarchical_raked
1497,58,true,0.000000000087,0.002833457294,true,true,2022,T1_previous_party_hierarchical_raked
1498,48,true,0.000000000075,0.002704064377,true,true,2022,T1_previous_party_hierarchical_raked
1499,41,true,0.000000000096,0.002837136501,true,true,2022,T1_previous_party_hierarchical_raked
1500,51,true,0.000000000091,0.003557172295,true,true,2022,T1_previous_party_hierarchical_raked
1501,54,true,0.000000000089,0.004764336254,true,true,2022,T1_previous_party_hierarchical_raked
1502,53,true,0.000000000083,0.004456831261,true,true,2022,T1_previous_party_hierarchical_raked
1503,53,true,0.000000000100,0.004635701268,true,true,2022,T1_previous_party_hierarchical_raked
1504,58,true,0.000000000095,0.002958146750,true,true,2022,T1_previous_party_hierarchical_raked
1505,56,true,0.000000000092,0.006469649937,true,true,2022,T1_previous_party_hierarchical_raked
1506,52,true,0.000000000073,0.003009875228,true,true,2022,T1_previous_party_hierarchical_raked
1507,59,true,0.000000000091,0.007911551571,true,true,2022,T1_previous_party_hierarchical_raked
1508,57,true,0.000000000088,0.005458107689,true,true,2022,T1_previous_party_hierarchical_raked
1509,51,true,0.000000000083,0.007727585403,true,true,2022,T1_previous_party_hierarchical_raked
1510,50,true,0.000000000086,0.002511974037,true,true,2022,T1_previous_party_hierarchical_raked
1511,53,true,0.000000000085,0.005001420412,true,true,2022,T1_previous_party_hierarchical_raked
1512,47,true,0.000000000090,0.002291510334,true,true,2022,T1_previous_party_hierarchical_raked
1513,46,true,0.000000000079,0.003571722164,true,true,2022,T1_previous_party_hierarchical_raked
1514,49,true,0.000000000091,0.006848313683,true,true,2022,T1_previous_party_hierarchical_raked
1515,51,true,0.000000000094,0.003322680873,true,true,2022,T1_previous_party_hierarchical_raked
1516,52,true,0.000000000092,0.003461919794,true,true,2022,T1_previous_party_hierarchical_raked
1517,45,true,0.000000000096,0.003821712747,true,true,2022,T1_previous_party_hierarchical_raked
1518,56,true,0.000000000099,0.004274428396,true,true,2022,T1_previous_party_hierarchical_raked
1519,55,true,0.000000000074,0.005562690522,true,true,2022,T1_previous_party_hierarchical_raked
1520,51,true,0.000000000093,0.002493695436,true,true,2022,T1_previous_party_hierarchical_raked
1521,42,true,0.000000000100,0.002512332613,true,true,2022,T1_previous_party_hierarchical_raked
1522,52,true,0.000000000088,0.002605619532,true,true,2022,T1_previous_party_hierarchical_raked
1523,50,true,0.000000000089,0.003610499481,true,true,2022,T1_previous_party_hierarchical_raked
1524,49,true,0.000000000078,0.002068041061,true,true,2022,T1_previous_party_hierarchical_raked
1525,53,true,0.000000000098,0.005513365972,true,true,2022,T1_previous_party_hierarchical_raked
1526,53,true,0.000000000093,0.002246751029,true,true,2022,T1_previous_party_hierarchical_raked
1527,46,true,0.000000000097,0.003894867679,true,true,2022,T1_previous_party_hierarchical_raked
1528,51,true,0.000000000077,0.005855779435,true,true,2022,T1_previous_party_hierarchical_raked
1529,55,true,0.000000000087,0.005231531120,true,true,2022,T1_previous_party_hierarchical_raked
1530,59,true,0.000000000083,0.003438502370,true,true,2022,T1_previous_party_hierarchical_raked
1531,53,true,0.000000000081,0.004410549458,true,true,2022,T1_previous_party_hierarchical_raked
1532,55,true,0.000000000076,0.004776862807,true,true,2022,T1_previous_party_hierarchical_raked
1533,51,true,0.000000000085,0.004108090608,true,true,2022,T1_previous_party_hierarchical_raked
1534,46,true,0.000000000097,0.001428404155,true,true,2022,T1_previous_party_hierarchical_raked
1535,48,true,0.000000000082,0.003398798890,true,true,2022,T1_previous_party_hierarchical_raked
1536,59,true,0.000000000092,0.003504705242,true,true,2022,T1_previous_party_hierarchical_raked
1537,53,true,0.000000000100,0.003274939062,true,true,2022,T1_previous_party_hierarchical_raked
1538,51,true,0.000000000097,0.002277281836,true,true,2022,T1_previous_party_hierarchical_raked
1539,45,true,0.000000000084,0.004220277995,true,true,2022,T1_previous_party_hierarchical_raked
1540,50,true,0.000000000087,0.003170789421,true,true,2022,T1_previous_party_hierarchical_raked
1541,52,true,0.000000000091,0.002820961469,true,true,2022,T1_previous_party_hierarchical_raked
1542,51,true,0.000000000095,0.005601758399,true,true,2022,T1_previous_party_hierarchical_raked
1543,48,true,0.000000000074,0.002659361597,true,true,2022,T1_previous_party_hierarchical_raked
1544,52,true,0.000000000080,0.004166900604,true,true,2022,T1_previous_party_hierarchical_raked
1545,48,true,0.000000000088,0.003608885386,true,true,2022,T1_previous_party_hierarchical_raked
1546,54,true,0.000000000078,0.005077905579,true,true,2022,T1_previous_party_hierarchical_raked
1547,51,true,0.000000000100,0.003782105571,true,true,2022,T1_previous_party_hierarchical_raked
1548,48,true,0.000000000083,0.004672342238,true,true,2022,T1_previous_party_hierarchical_raked
1549,54,true,0.000000000094,0.003665248709,true,true,2022,T1_previous_party_hierarchical_raked
1550,40,true,0.000000000087,0.003648722138,true,true,2022,T1_previous_party_hierarchical_raked
1551,53,true,0.000000000090,0.006522425137,true,true,2022,T1_previous_party_hierarchical_raked
1552,49,true,0.000000000080,0.003869412007,true,true,2022,T1_previous_party_hierarchical_raked
1553,56,true,0.000000000077,0.004665433020,true,true,2022,T1_previous_party_hierarchical_raked
1554,56,true,0.000000000093,0.003859857422,true,true,2022,T1_previous_party_hierarchical_raked
1555,49,true,0.000000000086,0.003105160589,true,true,2022,T1_previous_party_hierarchical_raked
1556,52,true,0.000000000090,0.002851599959,true,true,2022,T1_previous_party_hierarchical_raked
1557,53,true,0.000000000089,0.003030549189,true,true,2022,T1_previous_party_hierarchical_raked
1558,52,true,0.000000000099,0.005664986697,true,true,2022,T1_previous_party_hierarchical_raked
1559,53,true,0.000000000097,0.005346260853,true,true,2022,T1_previous_party_hierarchical_raked
1560,47,true,0.000000000079,0.002134127092,true,true,2022,T1_previous_party_hierarchical_raked
1561,52,true,0.000000000073,0.001634281366,true,true,2022,T1_previous_party_hierarchical_raked
1562,53,true,0.000000000085,0.004448197724,true,true,2022,T1_previous_party_hierarchical_raked
1563,52,true,0.000000000088,0.004067145043,true,true,2022,T1_previous_party_hierarchical_raked
1564,59,true,0.000000000075,0.005825935334,true,true,2022,T1_previous_party_hierarchical_raked
1565,54,true,0.000000000098,0.004499576227,true,true,2022,T1_previous_party_hierarchical_raked
1566,57,true,0.000000000077,0.004769558273,true,true,2022,T1_previous_party_hierarchical_raked
1567,51,true,0.000000000089,0.004470556491,true,true,2022,T1_previous_party_hierarchical_raked
1568,49,true,0.000000000082,0.003815128678,true,true,2022,T1_previous_party_hierarchical_raked
1569,54,true,0.000000000081,0.002608184655,true,true,2022,T1_previous_party_hierarchical_raked
1570,53,true,0.000000000083,0.005480824062,true,true,2022,T1_previous_party_hierarchical_raked
1571,50,true,0.000000000075,0.004188083499,true,true,2022,T1_previous_party_hierarchical_raked
1572,52,true,0.000000000087,0.004174873408,true,true,2022,T1_previous_party_hierarchical_raked
1573,54,true,0.000000000088,0.005210386950,true,true,2022,T1_previous_party_hierarchical_raked
1574,52,true,0.000000000073,0.003646179375,true,true,2022,T1_previous_party_hierarchical_raked
1575,55,true,0.000000000083,0.003707655153,true,true,2022,T1_previous_party_hierarchical_raked
1576,46,true,0.000000000091,0.005570549113,true,true,2022,T1_previous_party_hierarchical_raked
1577,56,true,0.000000000074,0.004997096827,true,true,2022,T1_previous_party_hierarchical_raked
1578,53,true,0.000000000072,0.004312354661,true,true,2022,T1_previous_party_hierarchical_raked
1579,45,true,0.000000000075,0.006153348844,true,true,2022,T1_previous_party_hierarchical_raked
1580,54,true,0.000000000090,0.003250570896,true,true,2022,T1_previous_party_hierarchical_raked
1581,46,true,0.000000000090,0.004515760941,true,true,2022,T1_previous_party_hierarchical_raked
1582,50,true,0.000000000075,0.002456140142,true,true,2022,T1_previous_party_hierarchical_raked
1583,51,true,0.000000000076,0.006316434931,true,true,2022,T1_previous_party_hierarchical_raked
1584,50,true,0.000000000074,0.003986433971,true,true,2022,T1_previous_party_hierarchical_raked
1585,50,true,0.000000000100,0.002257488355,true,true,2022,T1_previous_party_hierarchical_raked
1586,52,true,0.000000000095,0.004580362502,true,true,2022,T1_previous_party_hierarchical_raked
1587,56,true,0.000000000094,0.005331368758,true,true,2022,T1_previous_party_hierarchical_raked
1588,53,true,0.000000000093,0.004676281038,true,true,2022,T1_previous_party_hierarchical_raked
1589,54,true,0.000000000096,0.004125142180,true,true,2022,T1_previous_party_hierarchical_raked
1590,50,true,0.000000000099,0.003502873674,true,true,2022,T1_previous_party_hierarchical_raked
1591,54,true,0.000000000074,0.006185527586,true,true,2022,T1_previous_party_hierarchical_raked
1592,56,true,0.000000000083,0.004841325937,true,true,2022,T1_previous_party_hierarchical_raked
1593,58,true,0.000000000092,0.002509526892,true,true,2022,T1_previous_party_hierarchical_raked
1594,54,true,0.000000000087,0.004210823222,true,true,2022,T1_previous_party_hierarchical_raked
1595,57,true,0.000000000088,0.003215144286,true,true,2022,T1_previous_party_hierarchical_raked
1596,53,true,0.000000000092,0.002735060208,true,true,2022,T1_previous_party_hierarchical_raked
1597,60,true,0.000000000076,0.008071267000,true,true,2022,T1_previous_party_hierarchical_raked
1598,55,true,0.000000000098,0.003722301069,true,true,2022,T1_previous_party_hierarchical_raked
1599,51,true,0.000000000087,0.004374722161,true,true,2022,T1_previous_party_hierarchical_raked
1600,52,true,0.000000000086,0.004053460536,true,true,2022,T1_previous_party_hierarchical_raked
1601,56,true,0.000000000091,0.002185701873,true,true,2022,T1_previous_party_hierarchical_raked
1602,53,true,0.000000000090,0.004173207669,true,true,2022,T1_previous_party_hierarchical_raked
1603,62,true,0.000000000076,0.004622733410,true,true,2022,T1_previous_party_hierarchical_raked
1604,56,true,0.000000000080,0.002946285691,true,true,2022,T1_previous_party_hierarchical_raked
1605,51,true,0.000000000078,0.004391124102,true,true,2022,T1_previous_party_hierarchical_raked
1606,46,true,0.000000000095,0.005477692636,true,true,2022,T1_previous_party_hierarchical_raked
1607,51,true,0.000000000092,0.003221432304,true,true,2022,T1_previous_party_hierarchical_raked
1608,51,true,0.000000000071,0.005279417045,true,true,2022,T1_previous_party_hierarchical_raked
1609,53,true,0.000000000085,0.003572957642,true,true,2022,T1_previous_party_hierarchical_raked
1610,48,true,0.000000000077,0.001549810469,true,true,2022,T1_previous_party_hierarchical_raked
1611,50,true,0.000000000071,0.002822852568,true,true,2022,T1_previous_party_hierarchical_raked
1612,57,true,0.000000000075,0.003949020665,true,true,2022,T1_previous_party_hierarchical_raked
1613,60,true,0.000000000085,0.006473839679,true,true,2022,T1_previous_party_hierarchical_raked
1614,54,true,0.000000000085,0.006855989752,true,true,2022,T1_previous_party_hierarchical_raked
1615,45,true,0.000000000090,0.003021652992,true,true,2022,T1_previous_party_hierarchical_raked
1616,53,true,0.000000000077,0.005130559219,true,true,2022,T1_previous_party_hierarchical_raked
1617,53,true,0.000000000087,0.004585953082,true,true,2022,T1_previous_party_hierarchical_raked
1618,55,true,0.000000000094,0.006784884572,true,true,2022,T1_previous_party_hierarchical_raked
1619,47,true,0.000000000080,0.004142621794,true,true,2022,T1_previous_party_hierarchical_raked
1620,55,true,0.000000000072,0.006384749801,true,true,2022,T1_previous_party_hierarchical_raked
1621,39,true,0.000000000091,0.003786475930,true,true,2022,T1_previous_party_hierarchical_raked
1622,55,true,0.000000000091,0.004025364792,true,true,2022,T1_previous_party_hierarchical_raked
1623,54,true,0.000000000098,0.006330872443,true,true,2022,T1_previous_party_hierarchical_raked
1624,55,true,0.000000000089,0.003607948950,true,true,2022,T1_previous_party_hierarchical_raked
1625,52,true,0.000000000074,0.003829450075,true,true,2022,T1_previous_party_hierarchical_raked
1626,37,true,0.000000000067,0.003139208727,true,true,2022,T1_previous_party_hierarchical_raked
1627,47,true,0.000000000077,0.004404994256,true,true,2022,T1_previous_party_hierarchical_raked
1628,56,true,0.000000000100,0.003538556807,true,true,2022,T1_previous_party_hierarchical_raked
1629,52,true,0.000000000077,0.005827209236,true,true,2022,T1_previous_party_hierarchical_raked
1630,51,true,0.000000000085,0.003995868773,true,true,2022,T1_previous_party_hierarchical_raked
1631,56,true,0.000000000083,0.005714454873,true,true,2022,T1_previous_party_hierarchical_raked
1632,51,true,0.000000000077,0.005206240750,true,true,2022,T1_previous_party_hierarchical_raked
1633,48,true,0.000000000076,0.001960971760,true,true,2022,T1_previous_party_hierarchical_raked
1634,56,true,0.000000000078,0.005472045506,true,true,2022,T1_previous_party_hierarchical_raked
1635,52,true,0.000000000096,0.005329140332,true,true,2022,T1_previous_party_hierarchical_raked
1636,50,true,0.000000000073,0.002741579560,true,true,2022,T1_previous_party_hierarchical_raked
1637,49,true,0.000000000076,0.003675123025,true,true,2022,T1_previous_party_hierarchical_raked
1638,51,true,0.000000000079,0.003223745755,true,true,2022,T1_previous_party_hierarchical_raked
1639,54,true,0.000000000092,0.005268326826,true,true,2022,T1_previous_party_hierarchical_raked
1640,46,true,0.000000000093,0.003787861881,true,true,2022,T1_previous_party_hierarchical_raked
1641,63,true,0.000000000078,0.005222150972,true,true,2022,T1_previous_party_hierarchical_raked
1642,55,true,0.000000000097,0.003487435725,true,true,2022,T1_previous_party_hierarchical_raked
1643,59,true,0.000000000073,0.007195853918,true,true,2022,T1_previous_party_hierarchical_raked
1644,52,true,0.000000000072,0.003444506332,true,true,2022,T1_previous_party_hierarchical_raked
1645,54,true,0.000000000085,0.002774290176,true,true,2022,T1_previous_party_hierarchical_raked
1646,56,true,0.000000000086,0.005394652879,true,true,2022,T1_previous_party_hierarchical_raked
1647,53,true,0.000000000093,0.005201295494,true,true,2022,T1_previous_party_hierarchical_raked
1648,49,true,0.000000000087,0.003406825054,true,true,2022,T1_previous_party_hierarchical_raked
1649,49,true,0.000000000082,0.002642305104,true,true,2022,T1_previous_party_hierarchical_raked
1650,57,true,0.000000000090,0.003452933954,true,true,2022,T1_previous_party_hierarchical_raked
1651,52,true,0.000000000093,0.004465707235,true,true,2022,T1_previous_party_hierarchical_raked
1652,53,true,0.000000000096,0.004384915626,true,true,2022,T1_previous_party_hierarchical_raked
1653,51,true,0.000000000095,0.004651752419,true,true,2022,T1_previous_party_hierarchical_raked
1654,53,true,0.000000000075,0.003639637237,true,true,2022,T1_previous_party_hierarchical_raked
1655,46,true,0.000000000073,0.003437771172,true,true,2022,T1_previous_party_hierarchical_raked
1656,57,true,0.000000000088,0.006336010747,true,true,2022,T1_previous_party_hierarchical_raked
1657,50,true,0.000000000071,0.001869077098,true,true,2022,T1_previous_party_hierarchical_raked
1658,54,true,0.000000000096,0.003159784560,true,true,2022,T1_previous_party_hierarchical_raked
1659,52,true,0.000000000092,0.004825825799,true,true,2022,T1_previous_party_hierarchical_raked
1660,52,true,0.000000000084,0.001787044508,true,true,2022,T1_previous_party_hierarchical_raked
1661,52,true,0.000000000097,0.007352577836,true,true,2022,T1_previous_party_hierarchical_raked
1662,48,true,0.000000000091,0.003026595400,true,true,2022,T1_previous_party_hierarchical_raked
1663,51,true,0.000000000085,0.004559812892,true,true,2022,T1_previous_party_hierarchical_raked
1664,51,true,0.000000000094,0.004968190438,true,true,2022,T1_previous_party_hierarchical_raked
1665,53,true,0.000000000078,0.003760364831,true,true,2022,T1_previous_party_hierarchical_raked
1666,50,true,0.000000000096,0.003916854020,true,true,2022,T1_previous_party_hierarchical_raked
1667,57,true,0.000000000076,0.005291904306,true,true,2022,T1_previous_party_hierarchical_raked
1668,60,true,0.000000000086,0.005218123799,true,true,2022,T1_previous_party_hierarchical_raked
1669,53,true,0.000000000092,0.002910657654,true,true,2022,T1_previous_party_hierarchical_raked
1670,55,true,0.000000000079,0.002554004326,true,true,2022,T1_previous_party_hierarchical_raked
1671,58,true,0.000000000075,0.006104074259,true,true,2022,T1_previous_party_hierarchical_raked
1672,51,true,0.000000000089,0.005735828287,true,true,2022,T1_previous_party_hierarchical_raked
1673,51,true,0.000000000076,0.004279119070,true,true,2022,T1_previous_party_hierarchical_raked
1674,51,true,0.000000000096,0.003917020961,true,true,2022,T1_previous_party_hierarchical_raked
1675,50,true,0.000000000076,0.003269134601,true,true,2022,T1_previous_party_hierarchical_raked
1676,51,true,0.000000000088,0.002364700804,true,true,2022,T1_previous_party_hierarchical_raked
1677,46,true,0.000000000097,0.001278188599,true,true,2022,T1_previous_party_hierarchical_raked
1678,57,true,0.000000000083,0.005750894996,true,true,2022,T1_previous_party_hierarchical_raked
1679,48,true,0.000000000072,0.002423754077,true,true,2022,T1_previous_party_hierarchical_raked
1680,55,true,0.000000000073,0.007150191493,true,true,2022,T1_previous_party_hierarchical_raked
1681,48,true,0.000000000075,0.004082493748,true,true,2022,T1_previous_party_hierarchical_raked
1682,56,true,0.000000000087,0.002947365795,true,true,2022,T1_previous_party_hierarchical_raked
1683,59,true,0.000000000086,0.005275980884,true,true,2022,T1_previous_party_hierarchical_raked
1684,53,true,0.000000000081,0.004075906006,true,true,2022,T1_previous_party_hierarchical_raked
1685,47,true,0.000000000076,0.005200176519,true,true,2022,T1_previous_party_hierarchical_raked
1686,55,true,0.000000000076,0.004800513276,true,true,2022,T1_previous_party_hierarchical_raked
1687,48,true,0.000000000099,0.003094486517,true,true,2022,T1_previous_party_hierarchical_raked
1688,50,true,0.000000000074,0.002110476943,true,true,2022,T1_previous_party_hierarchical_raked
1689,51,true,0.000000000083,0.004277479299,true,true,2022,T1_previous_party_hierarchical_raked
1690,58,true,0.000000000094,0.004682603485,true,true,2022,T1_previous_party_hierarchical_raked
1691,57,true,0.000000000098,0.005947628031,true,true,2022,T1_previous_party_hierarchical_raked
1692,55,true,0.000000000080,0.004973748092,true,true,2022,T1_previous_party_hierarchical_raked
1693,50,true,0.000000000087,0.006604747115,true,true,2022,T1_previous_party_hierarchical_raked
1694,50,true,0.000000000071,0.004249770112,true,true,2022,T1_previous_party_hierarchical_raked
1695,49,true,0.000000000074,0.002195531666,true,true,2022,T1_previous_party_hierarchical_raked
1696,57,true,0.000000000073,0.002930261050,true,true,2022,T1_previous_party_hierarchical_raked
1697,55,true,0.000000000089,0.003048688980,true,true,2022,T1_previous_party_hierarchical_raked
1698,51,true,0.000000000086,0.002875755823,true,true,2022,T1_previous_party_hierarchical_raked
1699,50,true,0.000000000096,0.008576159583,true,true,2022,T1_previous_party_hierarchical_raked
1700,52,true,0.000000000099,0.003506469459,true,true,2022,T1_previous_party_hierarchical_raked
1701,52,true,0.000000000087,0.006198709515,true,true,2022,T1_previous_party_hierarchical_raked
1702,52,true,0.000000000081,0.005270964450,true,true,2022,T1_previous_party_hierarchical_raked
1703,56,true,0.000000000076,0.005258364155,true,true,2022,T1_previous_party_hierarchical_raked
1704,48,true,0.000000000093,0.003830737589,true,true,2022,T1_previous_party_hierarchical_raked
1705,52,true,0.000000000072,0.002633085045,true,true,2022,T1_previous_party_hierarchical_raked
1706,55,true,0.000000000077,0.005095628559,true,true,2022,T1_previous_party_hierarchical_raked
1707,49,true,0.000000000085,0.004013650734,true,true,2022,T1_previous_party_hierarchical_raked
1708,57,true,0.000000000083,0.004403644843,true,true,2022,T1_previous_party_hierarchical_raked
1709,54,true,0.000000000090,0.003890027726,true,true,2022,T1_previous_party_hierarchical_raked
1710,53,true,0.000000000093,0.004633720569,true,true,2022,T1_previous_party_hierarchical_raked
1711,53,true,0.000000000095,0.006121646867,true,true,2022,T1_previous_party_hierarchical_raked
1712,48,true,0.000000000074,0.007189171990,true,true,2022,T1_previous_party_hierarchical_raked
1713,53,true,0.000000000095,0.004463951202,true,true,2022,T1_previous_party_hierarchical_raked
1714,53,true,0.000000000091,0.002385220334,true,true,2022,T1_previous_party_hierarchical_raked
1715,54,true,0.000000000092,0.005166039657,true,true,2022,T1_previous_party_hierarchical_raked
1716,49,true,0.000000000086,0.002350826180,true,true,2022,T1_previous_party_hierarchical_raked
1717,51,true,0.000000000076,0.003285588283,true,true,2022,T1_previous_party_hierarchical_raked
1718,51,true,0.000000000094,0.002625421802,true,true,2022,T1_previous_party_hierarchical_raked
1719,54,true,0.000000000093,0.002712037739,true,true,2022,T1_previous_party_hierarchical_raked
1720,55,true,0.000000000095,0.006919724760,true,true,2022,T1_previous_party_hierarchical_raked
1721,46,true,0.000000000098,0.003063720025,true,true,2022,T1_previous_party_hierarchical_raked
1722,53,true,0.000000000094,0.003539004189,true,true,2022,T1_previous_party_hierarchical_raked
1723,51,true,0.000000000097,0.004326791191,true,true,2022,T1_previous_party_hierarchical_raked
1724,55,true,0.000000000099,0.004254041328,true,true,2022,T1_previous_party_hierarchical_raked
1725,50,true,0.000000000096,0.002945047793,true,true,2022,T1_previous_party_hierarchical_raked
1726,53,true,0.000000000094,0.005050498751,true,true,2022,T1_previous_party_hierarchical_raked
1727,42,true,0.000000000076,0.001772223574,true,true,2022,T1_previous_party_hierarchical_raked
1728,48,true,0.000000000086,0.004706093730,true,true,2022,T1_previous_party_hierarchical_raked
1729,47,true,0.000000000086,0.002950460375,true,true,2022,T1_previous_party_hierarchical_raked
1730,56,true,0.000000000081,0.002760926111,true,true,2022,T1_previous_party_hierarchical_raked
1731,54,true,0.000000000089,0.006796370250,true,true,2022,T1_previous_party_hierarchical_raked
1732,56,true,0.000000000086,0.004586526519,true,true,2022,T1_previous_party_hierarchical_raked
1733,51,true,0.000000000070,0.006175018086,true,true,2022,T1_previous_party_hierarchical_raked
1734,51,true,0.000000000097,0.004652213224,true,true,2022,T1_previous_party_hierarchical_raked
1735,52,true,0.000000000093,0.003887766863,true,true,2022,T1_previous_party_hierarchical_raked
1736,52,true,0.000000000079,0.003275138895,true,true,2022,T1_previous_party_hierarchical_raked
1737,50,true,0.000000000089,0.003610223993,true,true,2022,T1_previous_party_hierarchical_raked
1738,54,true,0.000000000078,0.003391960007,true,true,2022,T1_previous_party_hierarchical_raked
1739,57,true,0.000000000095,0.003826816067,true,true,2022,T1_previous_party_hierarchical_raked
1740,49,true,0.000000000080,0.002266649238,true,true,2022,T1_previous_party_hierarchical_raked
1741,49,true,0.000000000080,0.003053236175,true,true,2022,T1_previous_party_hierarchical_raked
1742,56,true,0.000000000097,0.007266668143,true,true,2022,T1_previous_party_hierarchical_raked
1743,55,true,0.000000000087,0.004089867255,true,true,2022,T1_previous_party_hierarchical_raked
1744,53,true,0.000000000097,0.001532745432,true,true,2022,T1_previous_party_hierarchical_raked
1745,51,true,0.000000000095,0.005656180102,true,true,2022,T1_previous_party_hierarchical_raked
1746,52,true,0.000000000076,0.004233098010,true,true,2022,T1_previous_party_hierarchical_raked
1747,56,true,0.000000000088,0.005093847270,true,true,2022,T1_previous_party_hierarchical_raked
1748,53,true,0.000000000094,0.005375921696,true,true,2022,T1_previous_party_hierarchical_raked
1749,57,true,0.000000000083,0.003707373251,true,true,2022,T1_previous_party_hierarchical_raked
1750,47,true,0.000000000093,0.004106521920,true,true,2022,T1_previous_party_hierarchical_raked
1751,43,true,0.000000000093,0.003999489691,true,true,2022,T1_previous_party_hierarchical_raked
1752,49,true,0.000000000076,0.003245343526,true,true,2022,T1_previous_party_hierarchical_raked
1753,50,true,0.000000000073,0.004438355623,true,true,2022,T1_previous_party_hierarchical_raked
1754,48,true,0.000000000077,0.003738255591,true,true,2022,T1_previous_party_hierarchical_raked
1755,50,true,0.000000000078,0.001964771057,true,true,2022,T1_previous_party_hierarchical_raked
1756,53,true,0.000000000074,0.004037301617,true,true,2022,T1_previous_party_hierarchical_raked
1757,54,true,0.000000000077,0.007972450516,true,true,2022,T1_previous_party_hierarchical_raked
1758,55,true,0.000000000075,0.003302850501,true,true,2022,T1_previous_party_hierarchical_raked
1759,59,true,0.000000000096,0.005105651393,true,true,2022,T1_previous_party_hierarchical_raked
1760,54,true,0.000000000085,0.004901030507,true,true,2022,T1_previous_party_hierarchical_raked
1761,43,true,0.000000000074,0.003549140999,true,true,2022,T1_previous_party_hierarchical_raked
1762,55,true,0.000000000093,0.003071855095,true,true,2022,T1_previous_party_hierarchical_raked
1763,52,true,0.000000000080,0.002737228357,true,true,2022,T1_previous_party_hierarchical_raked
1764,54,true,0.000000000090,0.002519595805,true,true,2022,T1_previous_party_hierarchical_raked
1765,41,true,0.000000000096,0.003444981286,true,true,2022,T1_previous_party_hierarchical_raked
1766,56,true,0.000000000084,0.003608909588,true,true,2022,T1_previous_party_hierarchical_raked
1767,53,true,0.000000000072,0.003882226956,true,true,2022,T1_previous_party_hierarchical_raked
1768,51,true,0.000000000100,0.004947888593,true,true,2022,T1_previous_party_hierarchical_raked
1769,52,true,0.000000000073,0.004587564324,true,true,2022,T1_previous_party_hierarchical_raked
1770,52,true,0.000000000083,0.006120662299,true,true,2022,T1_previous_party_hierarchical_raked
1771,53,true,0.000000000094,0.003117317764,true,true,2022,T1_previous_party_hierarchical_raked
1772,56,true,0.000000000091,0.001705215371,true,true,2022,T1_previous_party_hierarchical_raked
1773,55,true,0.000000000088,0.002338238021,true,true,2022,T1_previous_party_hierarchical_raked
1774,51,true,0.000000000074,0.001867460773,true,true,2022,T1_previous_party_hierarchical_raked
1775,49,true,0.000000000094,0.005076875785,true,true,2022,T1_previous_party_hierarchical_raked
1776,50,true,0.000000000081,0.003228806104,true,true,2022,T1_previous_party_hierarchical_raked
1777,50,true,0.000000000073,0.003353713869,true,true,2022,T1_previous_party_hierarchical_raked
1778,50,true,0.000000000093,0.003924160666,true,true,2022,T1_previous_party_hierarchical_raked
1779,53,true,0.000000000082,0.002973182230,true,true,2022,T1_previous_party_hierarchical_raked
1780,52,true,0.000000000072,0.005051618785,true,true,2022,T1_previous_party_hierarchical_raked
1781,51,true,0.000000000086,0.003118273379,true,true,2022,T1_previous_party_hierarchical_raked
1782,50,true,0.000000000088,0.002550028787,true,true,2022,T1_previous_party_hierarchical_raked
1783,50,true,0.000000000084,0.003029002552,true,true,2022,T1_previous_party_hierarchical_raked
1784,44,true,0.000000000096,0.003258880265,true,true,2022,T1_previous_party_hierarchical_raked
1785,56,true,0.000000000084,0.003214381068,true,true,2022,T1_previous_party_hierarchical_raked
1786,52,true,0.000000000076,0.000980390366,true,true,2022,T1_previous_party_hierarchical_raked
1787,49,true,0.000000000082,0.006215589490,true,true,2022,T1_previous_party_hierarchical_raked
1788,49,true,0.000000000083,0.006468300782,true,true,2022,T1_previous_party_hierarchical_raked
1789,56,true,0.000000000074,0.004248094722,true,true,2022,T1_previous_party_hierarchical_raked
1790,54,true,0.000000000076,0.005885798309,true,true,2022,T1_previous_party_hierarchical_raked
1791,56,true,0.000000000083,0.005725425611,true,true,2022,T1_previous_party_hierarchical_raked
1792,48,true,0.000000000075,0.002651338399,true,true,2022,T1_previous_party_hierarchical_raked
1793,55,true,0.000000000077,0.005404133412,true,true,2022,T1_previous_party_hierarchical_raked
1794,47,true,0.000000000086,0.003300498902,true,true,2022,T1_previous_party_hierarchical_raked
1795,42,true,0.000000000100,0.002100211472,true,true,2022,T1_previous_party_hierarchical_raked
1796,55,true,0.000000000074,0.002665432894,true,true,2022,T1_previous_party_hierarchical_raked
1797,58,true,0.000000000088,0.004521262644,true,true,2022,T1_previous_party_hierarchical_raked
1798,55,true,0.000000000075,0.003993738041,true,true,2022,T1_previous_party_hierarchical_raked
1799,53,true,0.000000000076,0.003727703441,true,true,2022,T1_previous_party_hierarchical_raked
1800,53,true,0.000000000084,0.001703766558,true,true,2022,T1_previous_party_hierarchical_raked
1801,54,true,0.000000000097,0.004051277220,true,true,2022,T1_previous_party_hierarchical_raked
1802,51,true,0.000000000097,0.003229226579,true,true,2022,T1_previous_party_hierarchical_raked
1803,51,true,0.000000000077,0.002563306662,true,true,2022,T1_previous_party_hierarchical_raked
1804,52,true,0.000000000084,0.003540489019,true,true,2022,T1_previous_party_hierarchical_raked
1805,55,true,0.000000000079,0.005631471504,true,true,2022,T1_previous_party_hierarchical_raked
1806,46,true,0.000000000076,0.005017901200,true,true,2022,T1_previous_party_hierarchical_raked
1807,48,true,0.000000000098,0.001819266605,true,true,2022,T1_previous_party_hierarchical_raked
1808,51,true,0.000000000091,0.004510189206,true,true,2022,T1_previous_party_hierarchical_raked
1809,50,true,0.000000000091,0.003869830634,true,true,2022,T1_previous_party_hierarchical_raked
1810,57,true,0.000000000076,0.002514767805,true,true,2022,T1_previous_party_hierarchical_raked
1811,52,true,0.000000000089,0.001510133185,true,true,2022,T1_previous_party_hierarchical_raked
1812,53,true,0.000000000076,0.004308445763,true,true,2022,T1_previous_party_hierarchical_raked
1813,51,true,0.000000000077,0.002991880189,true,true,2022,T1_previous_party_hierarchical_raked
1814,45,true,0.000000000085,0.001988065330,true,true,2022,T1_previous_party_hierarchical_raked
1815,54,true,0.000000000081,0.004695809846,true,true,2022,T1_previous_party_hierarchical_raked
1816,56,true,0.000000000083,0.005519201244,true,true,2022,T1_previous_party_hierarchical_raked
1817,53,true,0.000000000088,0.002783761274,true,true,2022,T1_previous_party_hierarchical_raked
1818,47,true,0.000000000079,0.004406854705,true,true,2022,T1_previous_party_hierarchical_raked
1819,47,true,0.000000000089,0.001699649556,true,true,2022,T1_previous_party_hierarchical_raked
1820,52,true,0.000000000083,0.004533061341,true,true,2022,T1_previous_party_hierarchical_raked
1821,44,true,0.000000000071,0.004337442008,true,true,2022,T1_previous_party_hierarchical_raked
1822,46,true,0.000000000080,0.002945245686,true,true,2022,T1_previous_party_hierarchical_raked
1823,46,true,0.000000000070,0.004298023821,true,true,2022,T1_previous_party_hierarchical_raked
1824,52,true,0.000000000078,0.003667171927,true,true,2022,T1_previous_party_hierarchical_raked
1825,52,true,0.000000000070,0.004734323898,true,true,2022,T1_previous_party_hierarchical_raked
1826,53,true,0.000000000100,0.002115398650,true,true,2022,T1_previous_party_hierarchical_raked
1827,56,true,0.000000000080,0.002307911708,true,true,2022,T1_previous_party_hierarchical_raked
1828,50,true,0.000000000077,0.003544322553,true,true,2022,T1_previous_party_hierarchical_raked
1829,51,true,0.000000000083,0.002253290164,true,true,2022,T1_previous_party_hierarchical_raked
1830,55,true,0.000000000076,0.003012706808,true,true,2022,T1_previous_party_hierarchical_raked
1831,55,true,0.000000000082,0.005939719340,true,true,2022,T1_previous_party_hierarchical_raked
1832,59,true,0.000000000084,0.002520938335,true,true,2022,T1_previous_party_hierarchical_raked
1833,51,true,0.000000000078,0.002563135127,true,true,2022,T1_previous_party_hierarchical_raked
1834,50,true,0.000000000078,0.002732216210,true,true,2022,T1_previous_party_hierarchical_raked
1835,60,true,0.000000000097,0.004009873655,true,true,2022,T1_previous_party_hierarchical_raked
1836,55,true,0.000000000093,0.003725291774,true,true,2022,T1_previous_party_hierarchical_raked
1837,51,true,0.000000000085,0.001339175459,true,true,2022,T1_previous_party_hierarchical_raked
1838,53,true,0.000000000085,0.003632958634,true,true,2022,T1_previous_party_hierarchical_raked
1839,59,true,0.000000000081,0.002865411908,true,true,2022,T1_previous_party_hierarchical_raked
1840,56,true,0.000000000088,0.002710746801,true,true,2022,T1_previous_party_hierarchical_raked
1841,44,true,0.000000000090,0.005222101488,true,true,2022,T1_previous_party_hierarchical_raked
1842,53,true,0.000000000071,0.003887816043,true,true,2022,T1_previous_party_hierarchical_raked
1843,50,true,0.000000000077,0.004592980237,true,true,2022,T1_previous_party_hierarchical_raked
1844,52,true,0.000000000076,0.002856225927,true,true,2022,T1_previous_party_hierarchical_raked
1845,59,true,0.000000000076,0.004591228251,true,true,2022,T1_previous_party_hierarchical_raked
1846,49,true,0.000000000080,0.005344792160,true,true,2022,T1_previous_party_hierarchical_raked
1847,56,true,0.000000000092,0.003292566524,true,true,2022,T1_previous_party_hierarchical_raked
1848,53,true,0.000000000085,0.002394487597,true,true,2022,T1_previous_party_hierarchical_raked
1849,47,true,0.000000000070,0.004890344457,true,true,2022,T1_previous_party_hierarchical_raked
1850,50,true,0.000000000092,0.004155216154,true,true,2022,T1_previous_party_hierarchical_raked
1851,51,true,0.000000000096,0.003780054713,true,true,2022,T1_previous_party_hierarchical_raked
1852,51,true,0.000000000089,0.003050717562,true,true,2022,T1_previous_party_hierarchical_raked
1853,54,true,0.000000000075,0.003361082505,true,true,2022,T1_previous_party_hierarchical_raked
1854,50,true,0.000000000078,0.007243913749,true,true,2022,T1_previous_party_hierarchical_raked
1855,49,true,0.000000000088,0.004270651596,true,true,2022,T1_previous_party_hierarchical_raked
1856,51,true,0.000000000085,0.004533933890,true,true,2022,T1_previous_party_hierarchical_raked
1857,50,true,0.000000000098,0.003509406704,true,true,2022,T1_previous_party_hierarchical_raked
1858,51,true,0.000000000078,0.003073841517,true,true,2022,T1_previous_party_hierarchical_raked
1859,55,true,0.000000000080,0.004662635110,true,true,2022,T1_previous_party_hierarchical_raked
1860,53,true,0.000000000083,0.005577037108,true,true,2022,T1_previous_party_hierarchical_raked
1861,56,true,0.000000000091,0.003595450852,true,true,2022,T1_previous_party_hierarchical_raked
1862,51,true,0.000000000097,0.003312888407,true,true,2022,T1_previous_party_hierarchical_raked
1863,54,true,0.000000000072,0.004537101873,true,true,2022,T1_previous_party_hierarchical_raked
1864,54,true,0.000000000080,0.004072668934,true,true,2022,T1_previous_party_hierarchical_raked
1865,55,true,0.000000000077,0.006633842519,true,true,2022,T1_previous_party_hierarchical_raked
1866,51,true,0.000000000073,0.004205354673,true,true,2022,T1_previous_party_hierarchical_raked
1867,48,true,0.000000000085,0.002678005477,true,true,2022,T1_previous_party_hierarchical_raked
1868,48,true,0.000000000082,0.002620016319,true,true,2022,T1_previous_party_hierarchical_raked
1869,49,true,0.000000000079,0.003853590536,true,true,2022,T1_previous_party_hierarchical_raked
1870,51,true,0.000000000072,0.003318789991,true,true,2022,T1_previous_party_hierarchical_raked
1871,54,true,0.000000000098,0.004122142899,true,true,2022,T1_previous_party_hierarchical_raked
1872,57,true,0.000000000094,0.003204958636,true,true,2022,T1_previous_party_hierarchical_raked
1873,54,true,0.000000000080,0.002472878332,true,true,2022,T1_previous_party_hierarchical_raked
1874,55,true,0.000000000087,0.006141245374,true,true,2022,T1_previous_party_hierarchical_raked
1875,45,true,0.000000000093,0.000931718462,true,true,2022,T1_previous_party_hierarchical_raked
1876,56,true,0.000000000076,0.004529787923,true,true,2022,T1_previous_party_hierarchical_raked
1877,56,true,0.000000000078,0.007092974314,true,true,2022,T1_previous_party_hierarchical_raked
1878,44,true,0.000000000071,0.004684830197,true,true,2022,T1_previous_party_hierarchical_raked
1879,56,true,0.000000000098,0.005373050567,true,true,2022,T1_previous_party_hierarchical_raked
1880,56,true,0.000000000081,0.006373621199,true,true,2022,T1_previous_party_hierarchical_raked
1881,50,true,0.000000000083,0.007573646786,true,true,2022,T1_previous_party_hierarchical_raked
1882,50,true,0.000000000087,0.003852274037,true,true,2022,T1_previous_party_hierarchical_raked
1883,51,true,0.000000000083,0.002280449598,true,true,2022,T1_previous_party_hierarchical_raked
1884,53,true,0.000000000085,0.003481288572,true,true,2022,T1_previous_party_hierarchical_raked
1885,59,true,0.000000000079,0.003994347580,true,true,2022,T1_previous_party_hierarchical_raked
1886,54,true,0.000000000090,0.003769708669,true,true,2022,T1_previous_party_hierarchical_raked
1887,49,true,0.000000000089,0.004482399774,true,true,2022,T1_previous_party_hierarchical_raked
1888,55,true,0.000000000081,0.004350142255,true,true,2022,T1_previous_party_hierarchical_raked
1889,57,true,0.000000000085,0.003983012889,true,true,2022,T1_previous_party_hierarchical_raked
1890,44,true,0.000000000076,0.003817142854,true,true,2022,T1_previous_party_hierarchical_raked
1891,45,true,0.000000000080,0.002046570587,true,true,2022,T1_previous_party_hierarchical_raked
1892,57,true,0.000000000086,0.002485426892,true,true,2022,T1_previous_party_hierarchical_raked
1893,52,true,0.000000000080,0.003429336869,true,true,2022,T1_previous_party_hierarchical_raked
1894,51,true,0.000000000075,0.003529007861,true,true,2022,T1_previous_party_hierarchical_raked
1895,48,true,0.000000000078,0.002434152257,true,true,2022,T1_previous_party_hierarchical_raked
1896,51,true,0.000000000080,0.007997451811,true,true,2022,T1_previous_party_hierarchical_raked
1897,50,true,0.000000000086,0.007034047993,true,true,2022,T1_previous_party_hierarchical_raked
1898,57,true,0.000000000082,0.002210562321,true,true,2022,T1_previous_party_hierarchical_raked
1899,54,true,0.000000000098,0.003332810325,true,true,2022,T1_previous_party_hierarchical_raked
1900,40,true,0.000000000094,0.001374637336,true,true,2022,T1_previous_party_hierarchical_raked
1901,54,true,0.000000000079,0.003690104413,true,true,2022,T1_previous_party_hierarchical_raked
1902,58,true,0.000000000074,0.006287192002,true,true,2022,T1_previous_party_hierarchical_raked
1903,54,true,0.000000000075,0.003619722789,true,true,2022,T1_previous_party_hierarchical_raked
1904,46,true,0.000000000095,0.002892092600,true,true,2022,T1_previous_party_hierarchical_raked
1905,47,true,0.000000000075,0.002008957459,true,true,2022,T1_previous_party_hierarchical_raked
1906,47,true,0.000000000077,0.002384894464,true,true,2022,T1_previous_party_hierarchical_raked
1907,45,true,0.000000000072,0.004939223834,true,true,2022,T1_previous_party_hierarchical_raked
1908,48,true,0.000000000093,0.005083518500,true,true,2022,T1_previous_party_hierarchical_raked
1909,52,true,0.000000000097,0.004573420198,true,true,2022,T1_previous_party_hierarchical_raked
1910,52,true,0.000000000078,0.004430841125,true,true,2022,T1_previous_party_hierarchical_raked
1911,47,true,0.000000000072,0.003016453818,true,true,2022,T1_previous_party_hierarchical_raked
1912,54,true,0.000000000086,0.004656623766,true,true,2022,T1_previous_party_hierarchical_raked
1913,53,true,0.000000000094,0.003486848218,true,true,2022,T1_previous_party_hierarchical_raked
1914,45,true,0.000000000091,0.004627974942,true,true,2022,T1_previous_party_hierarchical_raked
1915,57,true,0.000000000084,0.006417005422,true,true,2022,T1_previous_party_hierarchical_raked
1916,54,true,0.000000000073,0.006296043493,true,true,2022,T1_previous_party_hierarchical_raked
1917,51,true,0.000000000100,0.003459132029,true,true,2022,T1_previous_party_hierarchical_raked
1918,53,true,0.000000000088,0.003482151046,true,true,2022,T1_previous_party_hierarchical_raked
1919,56,true,0.000000000095,0.004374711985,true,true,2022,T1_previous_party_hierarchical_raked
1920,55,true,0.000000000081,0.002134481130,true,true,2022,T1_previous_party_hierarchical_raked
1921,48,true,0.000000000071,0.003551892832,true,true,2022,T1_previous_party_hierarchical_raked
1922,51,true,0.000000000084,0.002918031679,true,true,2022,T1_previous_party_hierarchical_raked
1923,56,true,0.000000000074,0.003400295950,true,true,2022,T1_previous_party_hierarchical_raked
1924,54,true,0.000000000089,0.002744888171,true,true,2022,T1_previous_party_hierarchical_raked
1925,55,true,0.000000000087,0.005413439234,true,true,2022,T1_previous_party_hierarchical_raked
1926,51,true,0.000000000084,0.003840854478,true,true,2022,T1_previous_party_hierarchical_raked
1927,49,true,0.000000000081,0.002146012467,true,true,2022,T1_previous_party_hierarchical_raked
1928,58,true,0.000000000080,0.006404901287,true,true,2022,T1_previous_party_hierarchical_raked
1929,53,true,0.000000000099,0.004822735649,true,true,2022,T1_previous_party_hierarchical_raked
1930,51,true,0.000000000090,0.006590757462,true,true,2022,T1_previous_party_hierarchical_raked
1931,50,true,0.000000000086,0.002680611825,true,true,2022,T1_previous_party_hierarchical_raked
1932,52,true,0.000000000082,0.002441795450,true,true,2022,T1_previous_party_hierarchical_raked
1933,57,true,0.000000000083,0.004054700731,true,true,2022,T1_previous_party_hierarchical_raked
1934,55,true,0.000000000092,0.003749735315,true,true,2022,T1_previous_party_hierarchical_raked
1935,51,true,0.000000000073,0.004573531327,true,true,2022,T1_previous_party_hierarchical_raked
1936,52,true,0.000000000099,0.003226978447,true,true,2022,T1_previous_party_hierarchical_raked
1937,56,true,0.000000000089,0.004035073671,true,true,2022,T1_previous_party_hierarchical_raked
1938,52,true,0.000000000087,0.002664641895,true,true,2022,T1_previous_party_hierarchical_raked
1939,46,true,0.000000000082,0.001994944388,true,true,2022,T1_previous_party_hierarchical_raked
1940,55,true,0.000000000099,0.003742244719,true,true,2022,T1_previous_party_hierarchical_raked
1941,53,true,0.000000000097,0.004357413896,true,true,2022,T1_previous_party_hierarchical_raked
1942,55,true,0.000000000098,0.005601177531,true,true,2022,T1_previous_party_hierarchical_raked
1943,52,true,0.000000000090,0.002893499707,true,true,2022,T1_previous_party_hierarchical_raked
1944,56,true,0.000000000088,0.003816166719,true,true,2022,T1_previous_party_hierarchical_raked
1945,46,true,0.000000000083,0.002584837877,true,true,2022,T1_previous_party_hierarchical_raked
1946,43,true,0.000000000085,0.001905341818,true,true,2022,T1_previous_party_hierarchical_raked
1947,51,true,0.000000000086,0.004901662398,true,true,2022,T1_previous_party_hierarchical_raked
1948,50,true,0.000000000091,0.003191682836,true,true,2022,T1_previous_party_hierarchical_raked
1949,56,true,0.000000000088,0.004197713511,true,true,2022,T1_previous_party_hierarchical_raked
1950,54,true,0.000000000081,0.002856603229,true,true,2022,T1_previous_party_hierarchical_raked
1951,48,true,0.000000000089,0.003765309712,true,true,2022,T1_previous_party_hierarchical_raked
1952,57,true,0.000000000076,0.004416902243,true,true,2022,T1_previous_party_hierarchical_raked
1953,53,true,0.000000000096,0.002281470018,true,true,2022,T1_previous_party_hierarchical_raked
1954,54,true,0.000000000078,0.003006790620,true,true,2022,T1_previous_party_hierarchical_raked
1955,50,true,0.000000000092,0.004796606741,true,true,2022,T1_previous_party_hierarchical_raked
1956,50,true,0.000000000085,0.002582088246,true,true,2022,T1_previous_party_hierarchical_raked
1957,46,true,0.000000000093,0.002619419272,true,true,2022,T1_previous_party_hierarchical_raked
1958,55,true,0.000000000087,0.003996255933,true,true,2022,T1_previous_party_hierarchical_raked
1959,50,true,0.000000000097,0.003062146268,true,true,2022,T1_previous_party_hierarchical_raked
1960,51,true,0.000000000081,0.003353586521,true,true,2022,T1_previous_party_hierarchical_raked
1961,52,true,0.000000000093,0.002840070458,true,true,2022,T1_previous_party_hierarchical_raked
1962,55,true,0.000000000098,0.003998357205,true,true,2022,T1_previous_party_hierarchical_raked
1963,53,true,0.000000000093,0.002840227273,true,true,2022,T1_previous_party_hierarchical_raked
1964,54,true,0.000000000082,0.002814085022,true,true,2022,T1_previous_party_hierarchical_raked
1965,50,true,0.000000000072,0.004839210028,true,true,2022,T1_previous_party_hierarchical_raked
1966,53,true,0.000000000083,0.003776314341,true,true,2022,T1_previous_party_hierarchical_raked
1967,50,true,0.000000000074,0.008635075420,true,true,2022,T1_previous_party_hierarchical_raked
1968,61,true,0.000000000080,0.005427437451,true,true,2022,T1_previous_party_hierarchical_raked
1969,48,true,0.000000000078,0.002860230075,true,true,2022,T1_previous_party_hierarchical_raked
1970,55,true,0.000000000072,0.003392600657,true,true,2022,T1_previous_party_hierarchical_raked
1971,46,true,0.000000000097,0.003636501954,true,true,2022,T1_previous_party_hierarchical_raked
1972,52,true,0.000000000074,0.003953708397,true,true,2022,T1_previous_party_hierarchical_raked
1973,46,true,0.000000000097,0.006134302726,true,true,2022,T1_previous_party_hierarchical_raked
1974,54,true,0.000000000095,0.004703823013,true,true,2022,T1_previous_party_hierarchical_raked
1975,45,true,0.000000000077,0.003747870835,true,true,2022,T1_previous_party_hierarchical_raked
1976,54,true,0.000000000087,0.003216457180,true,true,2022,T1_previous_party_hierarchical_raked
1977,42,true,0.000000000073,0.003636894476,true,true,2022,T1_previous_party_hierarchical_raked
1978,50,true,0.000000000092,0.004315637791,true,true,2022,T1_previous_party_hierarchical_raked
1979,57,true,0.000000000074,0.003161166795,true,true,2022,T1_previous_party_hierarchical_raked
1980,56,true,0.000000000085,0.005748403502,true,true,2022,T1_previous_party_hierarchical_raked
1981,49,true,0.000000000092,0.003156305746,true,true,2022,T1_previous_party_hierarchical_raked
1982,53,true,0.000000000083,0.005517136333,true,true,2022,T1_previous_party_hierarchical_raked
1983,57,true,0.000000000083,0.007813778423,true,true,2022,T1_previous_party_hierarchical_raked
1984,54,true,0.000000000073,0.004471742077,true,true,2022,T1_previous_party_hierarchical_raked
1985,50,true,0.000000000076,0.002190714809,true,true,2022,T1_previous_party_hierarchical_raked
1986,53,true,0.000000000085,0.005021386177,true,true,2022,T1_previous_party_hierarchical_raked
1987,57,true,0.000000000094,0.004312732597,true,true,2022,T1_previous_party_hierarchical_raked
1988,58,true,0.000000000082,0.003592914454,true,true,2022,T1_previous_party_hierarchical_raked
1989,51,true,0.000000000080,0.003176705106,true,true,2022,T1_previous_party_hierarchical_raked
1990,57,true,0.000000000082,0.002210029816,true,true,2022,T1_previous_party_hierarchical_raked
1991,45,true,0.000000000086,0.002249118896,true,true,2022,T1_previous_party_hierarchical_raked
1992,50,true,0.000000000075,0.003608050153,true,true,2022,T1_previous_party_hierarchical_raked
1993,46,true,0.000000000083,0.002000647121,true,true,2022,T1_previous_party_hierarchical_raked
1994,54,true,0.000000000075,0.002877937192,true,true,2022,T1_previous_party_hierarchical_raked
1995,42,true,0.000000000073,0.005328290407,true,true,2022,T1_previous_party_hierarchical_raked
1996,58,true,0.000000000089,0.006697520185,true,true,2022,T1_previous_party_hierarchical_raked
1997,51,true,0.000000000100,0.003624189389,true,true,2022,T1_previous_party_hierarchical_raked
1998,51,true,0.000000000076,0.003315918692,true,true,2022,T1_previous_party_hierarchical_raked
1999,55,true,0.000000000095,0.006131676345,true,true,2022,T1_previous_party_hierarchical_raked
