election_cycle,model,draw,model_mae,baseline_mae,delta_mae
2018,T1_no_point_shrinkage_raked,0,0.019163901309,0.019775019265,-0.000611117956
2018,T1_no_point_shrinkage_raked,1,0.019043948651,0.019775019265,-0.000731070615
2018,T1_no_point_shrinkage_raked,2,0.018866503341,0.019775019265,-0.000908515924
2018,T1_no_point_shrinkage_raked,3,0.019004393262,0.019775019265,-0.000770626003
2018,T1_no_point_shrinkage_raked,4,0.019016976050,0.019775019265,-0.000758043215
2018,T1_no_point_shrinkage_raked,5,0.018822077493,0.019775019265,-0.000952941772
2018,T1_no_point_shrinkage_raked,6,0.018992487500,0.019775019265,-0.000782531766
2018,T1_no_point_shrinkage_raked,7,0.018925232806,0.019775019265,-0.000849786460
2018,T1_no_point_shrinkage_raked,8,0.018882659012,0.019775019265,-0.000892360253
2018,T1_no_point_shrinkage_raked,9,0.019015271432,0.019775019265,-0.000759747833
2018,T1_no_point_shrinkage_raked,10,0.019061420704,0.019775019265,-0.000713598561
2018,T1_no_point_shrinkage_raked,11,0.018958421048,0.019775019265,-0.000816598217
2018,T1_no_point_shrinkage_raked,12,0.018899554366,0.019775019265,-0.000875464900
2018,T1_no_point_shrinkage_raked,13,0.018968617983,0.019775019265,-0.000806401282
2018,T1_no_point_shrinkage_raked,14,0.018878155760,0.019775019265,-0.000896863506
2018,T1_no_point_shrinkage_raked,15,0.018938840501,0.019775019265,-0.000836178765
2018,T1_no_point_shrinkage_raked,16,0.019011588530,0.019775019265,-0.000763430735
2018,T1_no_point_shrinkage_raked,17,0.019161054728,0.019775019265,-0.000613964537
2018,T1_no_point_shrinkage_raked,18,0.019051748320,0.019775019265,-0.000723270946
2018,T1_no_point_shrinkage_raked,19,0.018965557054,0.019775019265,-0.000809462212
2018,T1_no_point_shrinkage_raked,20,0.019075364768,0.019775019265,-0.000699654497
2018,T1_no_point_shrinkage_raked,21,0.019168024470,0.019775019265,-0.000606994795
2018,T1_no_point_shrinkage_raked,22,0.018923117487,0.019775019265,-0.000851901779
2018,T1_no_point_shrinkage_raked,23,0.019010900495,0.019775019265,-0.000764118771
2018,T1_no_point_shrinkage_raked,24,0.019102286100,0.019775019265,-0.000672733166
2018,T1_no_point_shrinkage_raked,25,0.019174515105,0.019775019265,-0.000600504160
2018,T1_no_point_shrinkage_raked,26,0.018879169744,0.019775019265,-0.000895849522
2018,T1_no_point_shrinkage_raked,27,0.018975565116,0.019775019265,-0.000799454150
2018,T1_no_point_shrinkage_raked,28,0.019077117035,0.019775019265,-0.000697902231
2018,T1_no_point_shrinkage_raked,29,0.019058371408,0.019775019265,-0.000716647858
2018,T1_no_point_shrinkage_raked,30,0.019054955137,0.019775019265,-0.000720064128
2018,T1_no_point_shrinkage_raked,31,0.018992449452,0.019775019265,-0.000782569814
2018,T1_no_point_shrinkage_raked,32,0.018868487509,0.019775019265,-0.000906531756
2018,T1_no_point_shrinkage_raked,33,0.019025399235,0.019775019265,-0.000749620031
2018,T1_no_point_shrinkage_raked,34,0.019185742819,0.019775019265,-0.000589276446
2018,T1_no_point_shrinkage_raked,35,0.019005550582,0.019775019265,-0.000769468683
2018,T1_no_point_shrinkage_raked,36,0.019176521227,0.019775019265,-0.000598498039
2018,T1_no_point_shrinkage_raked,37,0.018819673330,0.019775019265,-0.000955345936
2018,T1_no_point_shrinkage_raked,38,0.018943648385,0.019775019265,-0.000831370881
2018,T1_no_point_shrinkage_raked,39,0.018936437964,0.019775019265,-0.000838581301
2018,T1_no_point_shrinkage_raked,40,0.019007585522,0.019775019265,-0.000767433744
2018,T1_no_point_shrinkage_raked,41,0.018824873133,0.019775019265,-0.000950146132
2018,T1_no_point_shrinkage_raked,42,0.018891066887,0.019775019265,-0.000883952378
2018,T1_no_point_shrinkage_raked,43,0.019005756715,0.019775019265,-0.000769262550
2018,T1_no_point_shrinkage_raked,44,0.018910205190,0.019775019265,-0.000864814076
2018,T1_no_point_shrinkage_raked,45,0.018925129911,0.019775019265,-0.000849889355
2018,T1_no_point_shrinkage_raked,46,0.019000133360,0.019775019265,-0.000774885906
2018,T1_no_point_shrinkage_raked,47,0.019096038296,0.019775019265,-0.000678980969
2018,T1_no_point_shrinkage_raked,48,0.019046689972,0.019775019265,-0.000728329293
2018,T1_no_point_shrinkage_raked,49,0.018845491080,0.019775019265,-0.000929528185
2018,T1_no_point_shrinkage_raked,50,0.018816741820,0.019775019265,-0.000958277445
2018,T1_no_point_shrinkage_raked,51,0.018808392041,0.019775019265,-0.000966627225
2018,T1_no_point_shrinkage_raked,52,0.019051712216,0.019775019265,-0.000723307049
2018,T1_no_point_shrinkage_raked,53,0.019079443996,0.019775019265,-0.000695575270
2018,T1_no_point_shrinkage_raked,54,0.019016839735,0.019775019265,-0.000758179530
2018,T1_no_point_shrinkage_raked,55,0.019009378554,0.019775019265,-0.000765640712
2018,T1_no_point_shrinkage_raked,56,0.018938501511,0.019775019265,-0.000836517755
2018,T1_no_point_shrinkage_raked,57,0.019092485979,0.019775019265,-0.000682533287
2018,T1_no_point_shrinkage_raked,58,0.019018229458,0.019775019265,-0.000756789807
2018,T1_no_point_shrinkage_raked,59,0.019069926874,0.019775019265,-0.000705092391
2018,T1_no_point_shrinkage_raked,60,0.019061412305,0.019775019265,-0.000713606960
2018,T1_no_point_shrinkage_raked,61,0.018939188535,0.019775019265,-0.000835830730
2018,T1_no_point_shrinkage_raked,62,0.018804551539,0.019775019265,-0.000970467726
2018,T1_no_point_shrinkage_raked,63,0.018930487505,0.019775019265,-0.000844531761
2018,T1_no_point_shrinkage_raked,64,0.018971915020,0.019775019265,-0.000803104246
2018,T1_no_point_shrinkage_raked,65,0.019119200840,0.019775019265,-0.000655818425
2018,T1_no_point_shrinkage_raked,66,0.019087475001,0.019775019265,-0.000687544265
2018,T1_no_point_shrinkage_raked,67,0.018939759958,0.019775019265,-0.000835259307
2018,T1_no_point_shrinkage_raked,68,0.019064422987,0.019775019265,-0.000710596279
2018,T1_no_point_shrinkage_raked,69,0.018901300709,0.019775019265,-0.000873718556
2018,T1_no_point_shrinkage_raked,70,0.019049673011,0.019775019265,-0.000725346255
2018,T1_no_point_shrinkage_raked,71,0.018978728085,0.019775019265,-0.000796291181
2018,T1_no_point_shrinkage_raked,72,0.018988046093,0.019775019265,-0.000786973172
2018,T1_no_point_shrinkage_raked,73,0.018868958821,0.019775019265,-0.000906060444
2018,T1_no_point_shrinkage_raked,74,0.018841364692,0.019775019265,-0.000933654573
2018,T1_no_point_shrinkage_raked,75,0.019095433340,0.019775019265,-0.000679585925
2018,T1_no_point_shrinkage_raked,76,0.019095600665,0.019775019265,-0.000679418600
2018,T1_no_point_shrinkage_raked,77,0.018925343888,0.019775019265,-0.000849675377
2018,T1_no_point_shrinkage_raked,78,0.018889254785,0.019775019265,-0.000885764481
2018,T1_no_point_shrinkage_raked,79,0.018779910163,0.019775019265,-0.000995109103
2018,T1_no_point_shrinkage_raked,80,0.019108890883,0.019775019265,-0.000666128382
2018,T1_no_point_shrinkage_raked,81,0.018764096847,0.019775019265,-0.001010922419
2018,T1_no_point_shrinkage_raked,82,0.018817454403,0.019775019265,-0.000957564862
2018,T1_no_point_shrinkage_raked,83,0.019071165958,0.019775019265,-0.000703853308
2018,T1_no_point_shrinkage_raked,84,0.018992688650,0.019775019265,-0.000782330616
2018,T1_no_point_shrinkage_raked,85,0.018848507097,0.019775019265,-0.000926512169
2018,T1_no_point_shrinkage_raked,86,0.019009994404,0.019775019265,-0.000765024861
2018,T1_no_point_shrinkage_raked,87,0.019044141688,0.019775019265,-0.000730877577
2018,T1_no_point_shrinkage_raked,88,0.019195622705,0.019775019265,-0.000579396561
2018,T1_no_point_shrinkage_raked,89,0.018878988066,0.019775019265,-0.000896031200
2018,T1_no_point_shrinkage_raked,90,0.019104075195,0.019775019265,-0.000670944070
2018,T1_no_point_shrinkage_raked,91,0.019013962008,0.019775019265,-0.000761057257
2018,T1_no_point_shrinkage_raked,92,0.018814526826,0.019775019265,-0.000960492439
2018,T1_no_point_shrinkage_raked,93,0.019011796202,0.019775019265,-0.000763223063
2018,T1_no_point_shrinkage_raked,94,0.019160932821,0.019775019265,-0.000614086444
2018,T1_no_point_shrinkage_raked,95,0.019194539442,0.019775019265,-0.000580479823
2018,T1_no_point_shrinkage_raked,96,0.018940183130,0.019775019265,-0.000834836136
2018,T1_no_point_shrinkage_raked,97,0.019161010432,0.019775019265,-0.000614008834
2018,T1_no_point_shrinkage_raked,98,0.019307199449,0.019775019265,-0.000467819816
2018,T1_no_point_shrinkage_raked,99,0.018943671705,0.019775019265,-0.000831347561
2018,T1_no_point_shrinkage_raked,100,0.018869835992,0.019775019265,-0.000905183273
2018,T1_no_point_shrinkage_raked,101,0.019168162162,0.019775019265,-0.000606857103
2018,T1_no_point_shrinkage_raked,102,0.019197579880,0.019775019265,-0.000577439386
2018,T1_no_point_shrinkage_raked,103,0.019222697459,0.019775019265,-0.000552321806
2018,T1_no_point_shrinkage_raked,104,0.019171894379,0.019775019265,-0.000603124886
2018,T1_no_point_shrinkage_raked,105,0.019137952978,0.019775019265,-0.000637066288
2018,T1_no_point_shrinkage_raked,106,0.019030911006,0.019775019265,-0.000744108259
2018,T1_no_point_shrinkage_raked,107,0.019021072450,0.019775019265,-0.000753946816
2018,T1_no_point_shrinkage_raked,108,0.019141325115,0.019775019265,-0.000633694151
2018,T1_no_point_shrinkage_raked,109,0.019343489233,0.019775019265,-0.000431530033
2018,T1_no_point_shrinkage_raked,110,0.018935048842,0.019775019265,-0.000839970424
2018,T1_no_point_shrinkage_raked,111,0.018982488499,0.019775019265,-0.000792530766
2018,T1_no_point_shrinkage_raked,112,0.019209525820,0.019775019265,-0.000565493446
2018,T1_no_point_shrinkage_raked,113,0.019021505259,0.019775019265,-0.000753514006
2018,T1_no_point_shrinkage_raked,114,0.019139355516,0.019775019265,-0.000635663749
2018,T1_no_point_shrinkage_raked,115,0.019052741007,0.019775019265,-0.000722278259
2018,T1_no_point_shrinkage_raked,116,0.019087904758,0.019775019265,-0.000687114507
2018,T1_no_point_shrinkage_raked,117,0.018898460917,0.019775019265,-0.000876558349
2018,T1_no_point_shrinkage_raked,118,0.018920670331,0.019775019265,-0.000854348935
2018,T1_no_point_shrinkage_raked,119,0.018949577658,0.019775019265,-0.000825441608
2018,T1_no_point_shrinkage_raked,120,0.018904327938,0.019775019265,-0.000870691327
2018,T1_no_point_shrinkage_raked,121,0.018855375867,0.019775019265,-0.000919643399
2018,T1_no_point_shrinkage_raked,122,0.019037260194,0.019775019265,-0.000737759071
2018,T1_no_point_shrinkage_raked,123,0.019038039920,0.019775019265,-0.000736979346
2018,T1_no_point_shrinkage_raked,124,0.019198820493,0.019775019265,-0.000576198772
2018,T1_no_point_shrinkage_raked,125,0.019029684699,0.019775019265,-0.000745334567
2018,T1_no_point_shrinkage_raked,126,0.019089714265,0.019775019265,-0.000685305000
2018,T1_no_point_shrinkage_raked,127,0.019144967744,0.019775019265,-0.000630051522
2018,T1_no_point_shrinkage_raked,128,0.019242037044,0.019775019265,-0.000532982222
2018,T1_no_point_shrinkage_raked,129,0.019178412960,0.019775019265,-0.000596606305
2018,T1_no_point_shrinkage_raked,130,0.018969486168,0.019775019265,-0.000805533098
2018,T1_no_point_shrinkage_raked,131,0.018973522804,0.019775019265,-0.000801496461
2018,T1_no_point_shrinkage_raked,132,0.019208921128,0.019775019265,-0.000566098138
2018,T1_no_point_shrinkage_raked,133,0.018926973303,0.019775019265,-0.000848045962
2018,T1_no_point_shrinkage_raked,134,0.019190469556,0.019775019265,-0.000584549710
2018,T1_no_point_shrinkage_raked,135,0.019193486942,0.019775019265,-0.000581532324
2018,T1_no_point_shrinkage_raked,136,0.019114345154,0.019775019265,-0.000660674112
2018,T1_no_point_shrinkage_raked,137,0.019138305953,0.019775019265,-0.000636713312
2018,T1_no_point_shrinkage_raked,138,0.018937229750,0.019775019265,-0.000837789516
2018,T1_no_point_shrinkage_raked,139,0.019007234914,0.019775019265,-0.000767784352
2018,T1_no_point_shrinkage_raked,140,0.018938984348,0.019775019265,-0.000836034918
2018,T1_no_point_shrinkage_raked,141,0.018996988776,0.019775019265,-0.000778030489
2018,T1_no_point_shrinkage_raked,142,0.019047886907,0.019775019265,-0.000727132358
2018,T1_no_point_shrinkage_raked,143,0.018914384669,0.019775019265,-0.000860634597
2018,T1_no_point_shrinkage_raked,144,0.019169861178,0.019775019265,-0.000605158088
2018,T1_no_point_shrinkage_raked,145,0.019022859247,0.019775019265,-0.000752160019
2018,T1_no_point_shrinkage_raked,146,0.019011782714,0.019775019265,-0.000763236551
2018,T1_no_point_shrinkage_raked,147,0.018897979657,0.019775019265,-0.000877039609
2018,T1_no_point_shrinkage_raked,148,0.019005794929,0.019775019265,-0.000769224337
2018,T1_no_point_shrinkage_raked,149,0.019058485433,0.019775019265,-0.000716533833
2018,T1_no_point_shrinkage_raked,150,0.018985820011,0.019775019265,-0.000789199254
2018,T1_no_point_shrinkage_raked,151,0.019005530240,0.019775019265,-0.000769489025
2018,T1_no_point_shrinkage_raked,152,0.018976932880,0.019775019265,-0.000798086385
2018,T1_no_point_shrinkage_raked,153,0.018896396871,0.019775019265,-0.000878622394
2018,T1_no_point_shrinkage_raked,154,0.019143871841,0.019775019265,-0.000631147425
2018,T1_no_point_shrinkage_raked,155,0.019012546064,0.019775019265,-0.000762473202
2018,T1_no_point_shrinkage_raked,156,0.018913961892,0.019775019265,-0.000861057373
2018,T1_no_point_shrinkage_raked,157,0.019025792255,0.019775019265,-0.000749227010
2018,T1_no_point_shrinkage_raked,158,0.019131360241,0.019775019265,-0.000643659025
2018,T1_no_point_shrinkage_raked,159,0.019160539558,0.019775019265,-0.000614479708
2018,T1_no_point_shrinkage_raked,160,0.018930877913,0.019775019265,-0.000844141352
2018,T1_no_point_shrinkage_raked,161,0.018994308285,0.019775019265,-0.000780710980
2018,T1_no_point_shrinkage_raked,162,0.019193840811,0.019775019265,-0.000581178455
2018,T1_no_point_shrinkage_raked,163,0.019164759714,0.019775019265,-0.000610259552
2018,T1_no_point_shrinkage_raked,164,0.018959320191,0.019775019265,-0.000815699075
2018,T1_no_point_shrinkage_raked,165,0.018994402406,0.019775019265,-0.000780616860
2018,T1_no_point_shrinkage_raked,166,0.018977937405,0.019775019265,-0.000797081860
2018,T1_no_point_shrinkage_raked,167,0.019060366082,0.019775019265,-0.000714653183
2018,T1_no_point_shrinkage_raked,168,0.019160492574,0.019775019265,-0.000614526691
2018,T1_no_point_shrinkage_raked,169,0.019053053261,0.019775019265,-0.000721966005
2018,T1_no_point_shrinkage_raked,170,0.019070870677,0.019775019265,-0.000704148588
2018,T1_no_point_shrinkage_raked,171,0.018969532200,0.019775019265,-0.000805487065
2018,T1_no_point_shrinkage_raked,172,0.018980861006,0.019775019265,-0.000794158259
2018,T1_no_point_shrinkage_raked,173,0.018942863844,0.019775019265,-0.000832155422
2018,T1_no_point_shrinkage_raked,174,0.019033478914,0.019775019265,-0.000741540352
2018,T1_no_point_shrinkage_raked,175,0.019062043525,0.019775019265,-0.000712975740
2018,T1_no_point_shrinkage_raked,176,0.018897283887,0.019775019265,-0.000877735378
2018,T1_no_point_shrinkage_raked,177,0.019053442194,0.019775019265,-0.000721577071
2018,T1_no_point_shrinkage_raked,178,0.018883907855,0.019775019265,-0.000891111411
2018,T1_no_point_shrinkage_raked,179,0.018963469450,0.019775019265,-0.000811549816
2018,T1_no_point_shrinkage_raked,180,0.018870748533,0.019775019265,-0.000904270733
2018,T1_no_point_shrinkage_raked,181,0.019115826055,0.019775019265,-0.000659193210
2018,T1_no_point_shrinkage_raked,182,0.018888777810,0.019775019265,-0.000886241455
2018,T1_no_point_shrinkage_raked,183,0.018928504196,0.019775019265,-0.000846515069
2018,T1_no_point_shrinkage_raked,184,0.019084069765,0.019775019265,-0.000690949500
2018,T1_no_point_shrinkage_raked,185,0.019058677621,0.019775019265,-0.000716341644
2018,T1_no_point_shrinkage_raked,186,0.018988743315,0.019775019265,-0.000786275951
2018,T1_no_point_shrinkage_raked,187,0.018940019557,0.019775019265,-0.000834999708
2018,T1_no_point_shrinkage_raked,188,0.019073912675,0.019775019265,-0.000701106591
2018,T1_no_point_shrinkage_raked,189,0.018858513672,0.019775019265,-0.000916505593
2018,T1_no_point_shrinkage_raked,190,0.019043053564,0.019775019265,-0.000731965701
2018,T1_no_point_shrinkage_raked,191,0.018999123842,0.019775019265,-0.000775895423
2018,T1_no_point_shrinkage_raked,192,0.019073461670,0.019775019265,-0.000701557595
2018,T1_no_point_shrinkage_raked,193,0.019015816175,0.019775019265,-0.000759203090
2018,T1_no_point_shrinkage_raked,194,0.018938534200,0.019775019265,-0.000836485065
2018,T1_no_point_shrinkage_raked,195,0.019138543242,0.019775019265,-0.000636476023
2018,T1_no_point_shrinkage_raked,196,0.019033849362,0.019775019265,-0.000741169904
2018,T1_no_point_shrinkage_raked,197,0.018891873208,0.019775019265,-0.000883146057
2018,T1_no_point_shrinkage_raked,198,0.019019935347,0.019775019265,-0.000755083918
2018,T1_no_point_shrinkage_raked,199,0.018969207005,0.019775019265,-0.000805812260
2018,T1_no_point_shrinkage_raked,200,0.018996902619,0.019775019265,-0.000778116647
2018,T1_no_point_shrinkage_raked,201,0.019094332271,0.019775019265,-0.000680686994
2018,T1_no_point_shrinkage_raked,202,0.018936131489,0.019775019265,-0.000838887776
2018,T1_no_point_shrinkage_raked,203,0.018931733405,0.019775019265,-0.000843285861
2018,T1_no_point_shrinkage_raked,204,0.019147083324,0.019775019265,-0.000627935942
2018,T1_no_point_shrinkage_raked,205,0.018958997168,0.019775019265,-0.000816022098
2018,T1_no_point_shrinkage_raked,206,0.019007327365,0.019775019265,-0.000767691901
2018,T1_no_point_shrinkage_raked,207,0.019023111593,0.019775019265,-0.000751907672
2018,T1_no_point_shrinkage_raked,208,0.018860789310,0.019775019265,-0.000914229955
2018,T1_no_point_shrinkage_raked,209,0.019084239630,0.019775019265,-0.000690779635
2018,T1_no_point_shrinkage_raked,210,0.019069266407,0.019775019265,-0.000705752859
2018,T1_no_point_shrinkage_raked,211,0.019010821607,0.019775019265,-0.000764197659
2018,T1_no_point_shrinkage_raked,212,0.018808211721,0.019775019265,-0.000966807545
2018,T1_no_point_shrinkage_raked,213,0.018994674250,0.019775019265,-0.000780345015
2018,T1_no_point_shrinkage_raked,214,0.019313940794,0.019775019265,-0.000461078471
2018,T1_no_point_shrinkage_raked,215,0.018955715490,0.019775019265,-0.000819303776
2018,T1_no_point_shrinkage_raked,216,0.019170799818,0.019775019265,-0.000604219447
2018,T1_no_point_shrinkage_raked,217,0.019216459497,0.019775019265,-0.000558559768
2018,T1_no_point_shrinkage_raked,218,0.018734594705,0.019775019265,-0.001040424561
2018,T1_no_point_shrinkage_raked,219,0.018981572996,0.019775019265,-0.000793446269
2018,T1_no_point_shrinkage_raked,220,0.018816960302,0.019775019265,-0.000958058963
2018,T1_no_point_shrinkage_raked,221,0.019172087022,0.019775019265,-0.000602932243
2018,T1_no_point_shrinkage_raked,222,0.019181668168,0.019775019265,-0.000593351097
2018,T1_no_point_shrinkage_raked,223,0.019111148861,0.019775019265,-0.000663870404
2018,T1_no_point_shrinkage_raked,224,0.018961365563,0.019775019265,-0.000813653703
2018,T1_no_point_shrinkage_raked,225,0.018942232680,0.019775019265,-0.000832786586
2018,T1_no_point_shrinkage_raked,226,0.019169544552,0.019775019265,-0.000605474714
2018,T1_no_point_shrinkage_raked,227,0.019141795956,0.019775019265,-0.000633223310
2018,T1_no_point_shrinkage_raked,228,0.019055195176,0.019775019265,-0.000719824090
2018,T1_no_point_shrinkage_raked,229,0.019061042823,0.019775019265,-0.000713976443
2018,T1_no_point_shrinkage_raked,230,0.018868220342,0.019775019265,-0.000906798923
2018,T1_no_point_shrinkage_raked,231,0.019104623387,0.019775019265,-0.000670395878
2018,T1_no_point_shrinkage_raked,232,0.019023532541,0.019775019265,-0.000751486724
2018,T1_no_point_shrinkage_raked,233,0.018946963948,0.019775019265,-0.000828055318
2018,T1_no_point_shrinkage_raked,234,0.018983405916,0.019775019265,-0.000791613350
2018,T1_no_point_shrinkage_raked,235,0.019205904118,0.019775019265,-0.000569115147
2018,T1_no_point_shrinkage_raked,236,0.018956798280,0.019775019265,-0.000818220985
2018,T1_no_point_shrinkage_raked,237,0.018794899259,0.019775019265,-0.000980120006
2018,T1_no_point_shrinkage_raked,238,0.018969320407,0.019775019265,-0.000805698858
2018,T1_no_point_shrinkage_raked,239,0.018956113519,0.019775019265,-0.000818905747
2018,T1_no_point_shrinkage_raked,240,0.018974610903,0.019775019265,-0.000800408363
2018,T1_no_point_shrinkage_raked,241,0.018909838061,0.019775019265,-0.000865181204
2018,T1_no_point_shrinkage_raked,242,0.019267269057,0.019775019265,-0.000507750208
2018,T1_no_point_shrinkage_raked,243,0.019011080001,0.019775019265,-0.000763939265
2018,T1_no_point_shrinkage_raked,244,0.019047389433,0.019775019265,-0.000727629832
2018,T1_no_point_shrinkage_raked,245,0.019060838326,0.019775019265,-0.000714180939
2018,T1_no_point_shrinkage_raked,246,0.019047081871,0.019775019265,-0.000727937394
2018,T1_no_point_shrinkage_raked,247,0.019220644346,0.019775019265,-0.000554374920
2018,T1_no_point_shrinkage_raked,248,0.019025283906,0.019775019265,-0.000749735359
2018,T1_no_point_shrinkage_raked,249,0.019061294226,0.019775019265,-0.000713725039
2018,T1_no_point_shrinkage_raked,250,0.019146733177,0.019775019265,-0.000628286089
2018,T1_no_point_shrinkage_raked,251,0.019047889238,0.019775019265,-0.000727130028
2018,T1_no_point_shrinkage_raked,252,0.019056736579,0.019775019265,-0.000718282687
2018,T1_no_point_shrinkage_raked,253,0.019101562559,0.019775019265,-0.000673456706
2018,T1_no_point_shrinkage_raked,254,0.019046714544,0.019775019265,-0.000728304722
2018,T1_no_point_shrinkage_raked,255,0.019165095551,0.019775019265,-0.000609923715
2018,T1_no_point_shrinkage_raked,256,0.018969058489,0.019775019265,-0.000805960777
2018,T1_no_point_shrinkage_raked,257,0.019246946522,0.019775019265,-0.000528072743
2018,T1_no_point_shrinkage_raked,258,0.019002036403,0.019775019265,-0.000772982863
2018,T1_no_point_shrinkage_raked,259,0.019101291443,0.019775019265,-0.000673727823
2018,T1_no_point_shrinkage_raked,260,0.019199019729,0.019775019265,-0.000575999537
2018,T1_no_point_shrinkage_raked,261,0.018773143413,0.019775019265,-0.001001875852
2018,T1_no_point_shrinkage_raked,262,0.018853000754,0.019775019265,-0.000922018512
2018,T1_no_point_shrinkage_raked,263,0.018958483523,0.019775019265,-0.000816535743
2018,T1_no_point_shrinkage_raked,264,0.019083453913,0.019775019265,-0.000691565352
2018,T1_no_point_shrinkage_raked,265,0.019067911088,0.019775019265,-0.000707108178
2018,T1_no_point_shrinkage_raked,266,0.019164232256,0.019775019265,-0.000610787010
2018,T1_no_point_shrinkage_raked,267,0.019152810261,0.019775019265,-0.000622209005
2018,T1_no_point_shrinkage_raked,268,0.019064240251,0.019775019265,-0.000710779015
2018,T1_no_point_shrinkage_raked,269,0.018909466818,0.019775019265,-0.000865552447
2018,T1_no_point_shrinkage_raked,270,0.019017712778,0.019775019265,-0.000757306488
2018,T1_no_point_shrinkage_raked,271,0.018790807335,0.019775019265,-0.000984211930
2018,T1_no_point_shrinkage_raked,272,0.019007170573,0.019775019265,-0.000767848692
2018,T1_no_point_shrinkage_raked,273,0.018902749653,0.019775019265,-0.000872269613
2018,T1_no_point_shrinkage_raked,274,0.019141862615,0.019775019265,-0.000633156650
2018,T1_no_point_shrinkage_raked,275,0.019080435711,0.019775019265,-0.000694583555
2018,T1_no_point_shrinkage_raked,276,0.019244335170,0.019775019265,-0.000530684096
2018,T1_no_point_shrinkage_raked,277,0.018906170159,0.019775019265,-0.000868849106
2018,T1_no_point_shrinkage_raked,278,0.019022414451,0.019775019265,-0.000752604814
2018,T1_no_point_shrinkage_raked,279,0.018998196917,0.019775019265,-0.000776822349
2018,T1_no_point_shrinkage_raked,280,0.018980537379,0.019775019265,-0.000794481886
2018,T1_no_point_shrinkage_raked,281,0.018902185676,0.019775019265,-0.000872833590
2018,T1_no_point_shrinkage_raked,282,0.019124983078,0.019775019265,-0.000650036188
2018,T1_no_point_shrinkage_raked,283,0.019201574470,0.019775019265,-0.000573444795
2018,T1_no_point_shrinkage_raked,284,0.018765016554,0.019775019265,-0.001010002712
2018,T1_no_point_shrinkage_raked,285,0.019072245842,0.019775019265,-0.000702773424
2018,T1_no_point_shrinkage_raked,286,0.018900047677,0.019775019265,-0.000874971588
2018,T1_no_point_shrinkage_raked,287,0.019030711137,0.019775019265,-0.000744308129
2018,T1_no_point_shrinkage_raked,288,0.019077891135,0.019775019265,-0.000697128130
2018,T1_no_point_shrinkage_raked,289,0.019066203585,0.019775019265,-0.000708815681
2018,T1_no_point_shrinkage_raked,290,0.019087609342,0.019775019265,-0.000687409923
2018,T1_no_point_shrinkage_raked,291,0.019216559784,0.019775019265,-0.000558459482
2018,T1_no_point_shrinkage_raked,292,0.018976370428,0.019775019265,-0.000798648837
2018,T1_no_point_shrinkage_raked,293,0.018873039421,0.019775019265,-0.000901979844
2018,T1_no_point_shrinkage_raked,294,0.019128921328,0.019775019265,-0.000646097937
2018,T1_no_point_shrinkage_raked,295,0.019020397786,0.019775019265,-0.000754621479
2018,T1_no_point_shrinkage_raked,296,0.019062532917,0.019775019265,-0.000712486348
2018,T1_no_point_shrinkage_raked,297,0.018917425592,0.019775019265,-0.000857593673
2018,T1_no_point_shrinkage_raked,298,0.019007657873,0.019775019265,-0.000767361392
2018,T1_no_point_shrinkage_raked,299,0.019094802450,0.019775019265,-0.000680216816
2018,T1_no_point_shrinkage_raked,300,0.018962273793,0.019775019265,-0.000812745472
2018,T1_no_point_shrinkage_raked,301,0.018995599423,0.019775019265,-0.000779419842
2018,T1_no_point_shrinkage_raked,302,0.018976049077,0.019775019265,-0.000798970189
2018,T1_no_point_shrinkage_raked,303,0.018943507815,0.019775019265,-0.000831511451
2018,T1_no_point_shrinkage_raked,304,0.018846478062,0.019775019265,-0.000928541204
2018,T1_no_point_shrinkage_raked,305,0.018964027314,0.019775019265,-0.000810991951
2018,T1_no_point_shrinkage_raked,306,0.019174392556,0.019775019265,-0.000600626710
2018,T1_no_point_shrinkage_raked,307,0.018997425447,0.019775019265,-0.000777593818
2018,T1_no_point_shrinkage_raked,308,0.019083568167,0.019775019265,-0.000691451099
2018,T1_no_point_shrinkage_raked,309,0.018875062962,0.019775019265,-0.000899956303
2018,T1_no_point_shrinkage_raked,310,0.018757299390,0.019775019265,-0.001017719876
2018,T1_no_point_shrinkage_raked,311,0.019011445424,0.019775019265,-0.000763573841
2018,T1_no_point_shrinkage_raked,312,0.018974469647,0.019775019265,-0.000800549619
2018,T1_no_point_shrinkage_raked,313,0.019039214409,0.019775019265,-0.000735804856
2018,T1_no_point_shrinkage_raked,314,0.018788192989,0.019775019265,-0.000986826276
2018,T1_no_point_shrinkage_raked,315,0.019285162506,0.019775019265,-0.000489856759
2018,T1_no_point_shrinkage_raked,316,0.018928863314,0.019775019265,-0.000846155952
2018,T1_no_point_shrinkage_raked,317,0.019278044327,0.019775019265,-0.000496974939
2018,T1_no_point_shrinkage_raked,318,0.018763242469,0.019775019265,-0.001011776797
2018,T1_no_point_shrinkage_raked,319,0.019076487955,0.019775019265,-0.000698531311
2018,T1_no_point_shrinkage_raked,320,0.019029992115,0.019775019265,-0.000745027151
2018,T1_no_point_shrinkage_raked,321,0.018908837094,0.019775019265,-0.000866182171
2018,T1_no_point_shrinkage_raked,322,0.018936102527,0.019775019265,-0.000838916738
2018,T1_no_point_shrinkage_raked,323,0.018988738748,0.019775019265,-0.000786280518
2018,T1_no_point_shrinkage_raked,324,0.019069744135,0.019775019265,-0.000705275130
2018,T1_no_point_shrinkage_raked,325,0.019052671214,0.019775019265,-0.000722348052
2018,T1_no_point_shrinkage_raked,326,0.018966517593,0.019775019265,-0.000808501673
2018,T1_no_point_shrinkage_raked,327,0.019154171886,0.019775019265,-0.000620847380
2018,T1_no_point_shrinkage_raked,328,0.018930347852,0.019775019265,-0.000844671413
2018,T1_no_point_shrinkage_raked,329,0.019085912789,0.019775019265,-0.000689106476
2018,T1_no_point_shrinkage_raked,330,0.019182378505,0.019775019265,-0.000592640760
2018,T1_no_point_shrinkage_raked,331,0.018877207869,0.019775019265,-0.000897811397
2018,T1_no_point_shrinkage_raked,332,0.019075427709,0.019775019265,-0.000699591556
2018,T1_no_point_shrinkage_raked,333,0.018932191242,0.019775019265,-0.000842828024
2018,T1_no_point_shrinkage_raked,334,0.018873270604,0.019775019265,-0.000901748661
2018,T1_no_point_shrinkage_raked,335,0.019035903102,0.019775019265,-0.000739116164
2018,T1_no_point_shrinkage_raked,336,0.019047980322,0.019775019265,-0.000727038944
2018,T1_no_point_shrinkage_raked,337,0.019081282994,0.019775019265,-0.000693736271
2018,T1_no_point_shrinkage_raked,338,0.019198359548,0.019775019265,-0.000576659717
2018,T1_no_point_shrinkage_raked,339,0.018843938747,0.019775019265,-0.000931080518
2018,T1_no_point_shrinkage_raked,340,0.019150853872,0.019775019265,-0.000624165393
2018,T1_no_point_shrinkage_raked,341,0.018999716369,0.019775019265,-0.000775302896
2018,T1_no_point_shrinkage_raked,342,0.019075435910,0.019775019265,-0.000699583355
2018,T1_no_point_shrinkage_raked,343,0.019112376286,0.019775019265,-0.000662642979
2018,T1_no_point_shrinkage_raked,344,0.019123734407,0.019775019265,-0.000651284858
2018,T1_no_point_shrinkage_raked,345,0.018773299286,0.019775019265,-0.001001719979
2018,T1_no_point_shrinkage_raked,346,0.018892941298,0.019775019265,-0.000882077968
2018,T1_no_point_shrinkage_raked,347,0.019172105777,0.019775019265,-0.000602913488
2018,T1_no_point_shrinkage_raked,348,0.018875154484,0.019775019265,-0.000899864781
2018,T1_no_point_shrinkage_raked,349,0.019126115707,0.019775019265,-0.000648903558
2018,T1_no_point_shrinkage_raked,350,0.019059192650,0.019775019265,-0.000715826616
2018,T1_no_point_shrinkage_raked,351,0.019066504519,0.019775019265,-0.000708514747
2018,T1_no_point_shrinkage_raked,352,0.019141999443,0.019775019265,-0.000633019823
2018,T1_no_point_shrinkage_raked,353,0.019103946099,0.019775019265,-0.000671073167
2018,T1_no_point_shrinkage_raked,354,0.018960341095,0.019775019265,-0.000814678171
2018,T1_no_point_shrinkage_raked,355,0.019132472553,0.019775019265,-0.000642546712
2018,T1_no_point_shrinkage_raked,356,0.018980421620,0.019775019265,-0.000794597646
2018,T1_no_point_shrinkage_raked,357,0.018954543249,0.019775019265,-0.000820476017
2018,T1_no_point_shrinkage_raked,358,0.019031709235,0.019775019265,-0.000743310030
2018,T1_no_point_shrinkage_raked,359,0.018999365714,0.019775019265,-0.000775653552
2018,T1_no_point_shrinkage_raked,360,0.019066354923,0.019775019265,-0.000708664342
2018,T1_no_point_shrinkage_raked,361,0.018872642662,0.019775019265,-0.000902376604
2018,T1_no_point_shrinkage_raked,362,0.019067979603,0.019775019265,-0.000707039663
2018,T1_no_point_shrinkage_raked,363,0.019006743329,0.019775019265,-0.000768275936
2018,T1_no_point_shrinkage_raked,364,0.018924699226,0.019775019265,-0.000850320039
2018,T1_no_point_shrinkage_raked,365,0.018894289537,0.019775019265,-0.000880729728
2018,T1_no_point_shrinkage_raked,366,0.019041645321,0.019775019265,-0.000733373944
2018,T1_no_point_shrinkage_raked,367,0.018928430857,0.019775019265,-0.000846588409
2018,T1_no_point_shrinkage_raked,368,0.019006720325,0.019775019265,-0.000768298941
2018,T1_no_point_shrinkage_raked,369,0.018885713728,0.019775019265,-0.000889305537
2018,T1_no_point_shrinkage_raked,370,0.019093902065,0.019775019265,-0.000681117201
2018,T1_no_point_shrinkage_raked,371,0.018945591203,0.019775019265,-0.000829428063
2018,T1_no_point_shrinkage_raked,372,0.019104330126,0.019775019265,-0.000670689140
2018,T1_no_point_shrinkage_raked,373,0.019077272709,0.019775019265,-0.000697746556
2018,T1_no_point_shrinkage_raked,374,0.019067580483,0.019775019265,-0.000707438783
2018,T1_no_point_shrinkage_raked,375,0.018975260535,0.019775019265,-0.000799758731
2018,T1_no_point_shrinkage_raked,376,0.019014619419,0.019775019265,-0.000760399847
2018,T1_no_point_shrinkage_raked,377,0.019253077231,0.019775019265,-0.000521942034
2018,T1_no_point_shrinkage_raked,378,0.018823560676,0.019775019265,-0.000951458589
2018,T1_no_point_shrinkage_raked,379,0.018986685027,0.019775019265,-0.000788334238
2018,T1_no_point_shrinkage_raked,380,0.019006758654,0.019775019265,-0.000768260611
2018,T1_no_point_shrinkage_raked,381,0.019131150838,0.019775019265,-0.000643868428
2018,T1_no_point_shrinkage_raked,382,0.019010262466,0.019775019265,-0.000764756799
2018,T1_no_point_shrinkage_raked,383,0.018911824232,0.019775019265,-0.000863195033
2018,T1_no_point_shrinkage_raked,384,0.018923026589,0.019775019265,-0.000851992676
2018,T1_no_point_shrinkage_raked,385,0.018857413064,0.019775019265,-0.000917606202
2018,T1_no_point_shrinkage_raked,386,0.018926014846,0.019775019265,-0.000849004420
2018,T1_no_point_shrinkage_raked,387,0.019013536281,0.019775019265,-0.000761482985
2018,T1_no_point_shrinkage_raked,388,0.018956274009,0.019775019265,-0.000818745256
2018,T1_no_point_shrinkage_raked,389,0.018989816956,0.019775019265,-0.000785202310
2018,T1_no_point_shrinkage_raked,390,0.019069685071,0.019775019265,-0.000705334195
2018,T1_no_point_shrinkage_raked,391,0.018833586545,0.019775019265,-0.000941432720
2018,T1_no_point_shrinkage_raked,392,0.018799828062,0.019775019265,-0.000975191204
2018,T1_no_point_shrinkage_raked,393,0.018845373098,0.019775019265,-0.000929646168
2018,T1_no_point_shrinkage_raked,394,0.019048744143,0.019775019265,-0.000726275122
2018,T1_no_point_shrinkage_raked,395,0.018852011387,0.019775019265,-0.000923007879
2018,T1_no_point_shrinkage_raked,396,0.019112402889,0.019775019265,-0.000662616377
2018,T1_no_point_shrinkage_raked,397,0.019084849247,0.019775019265,-0.000690170019
2018,T1_no_point_shrinkage_raked,398,0.019078439937,0.019775019265,-0.000696579329
2018,T1_no_point_shrinkage_raked,399,0.019099865505,0.019775019265,-0.000675153760
2018,T1_no_point_shrinkage_raked,400,0.019091857364,0.019775019265,-0.000683161901
2018,T1_no_point_shrinkage_raked,401,0.019109332914,0.019775019265,-0.000665686352
2018,T1_no_point_shrinkage_raked,402,0.019013948198,0.019775019265,-0.000761071067
2018,T1_no_point_shrinkage_raked,403,0.019056226347,0.019775019265,-0.000718792918
2018,T1_no_point_shrinkage_raked,404,0.018993231242,0.019775019265,-0.000781788024
2018,T1_no_point_shrinkage_raked,405,0.019040024313,0.019775019265,-0.000734994953
2018,T1_no_point_shrinkage_raked,406,0.019096261562,0.019775019265,-0.000678757703
2018,T1_no_point_shrinkage_raked,407,0.018888110340,0.019775019265,-0.000886908926
2018,T1_no_point_shrinkage_raked,408,0.019131530749,0.019775019265,-0.000643488517
2018,T1_no_point_shrinkage_raked,409,0.019221766830,0.019775019265,-0.000553252435
2018,T1_no_point_shrinkage_raked,410,0.018968693864,0.019775019265,-0.000806325401
2018,T1_no_point_shrinkage_raked,411,0.018968732811,0.019775019265,-0.000806286454
2018,T1_no_point_shrinkage_raked,412,0.019141446047,0.019775019265,-0.000633573218
2018,T1_no_point_shrinkage_raked,413,0.019167765884,0.019775019265,-0.000607253381
2018,T1_no_point_shrinkage_raked,414,0.019079379527,0.019775019265,-0.000695639738
2018,T1_no_point_shrinkage_raked,415,0.019057420493,0.019775019265,-0.000717598773
2018,T1_no_point_shrinkage_raked,416,0.018981922118,0.019775019265,-0.000793097148
2018,T1_no_point_shrinkage_raked,417,0.018879441298,0.019775019265,-0.000895577967
2018,T1_no_point_shrinkage_raked,418,0.019105719001,0.019775019265,-0.000669300265
2018,T1_no_point_shrinkage_raked,419,0.018954176719,0.019775019265,-0.000820842546
2018,T1_no_point_shrinkage_raked,420,0.019075861735,0.019775019265,-0.000699157531
2018,T1_no_point_shrinkage_raked,421,0.019052386540,0.019775019265,-0.000722632725
2018,T1_no_point_shrinkage_raked,422,0.019075002146,0.019775019265,-0.000700017120
2018,T1_no_point_shrinkage_raked,423,0.019035032985,0.019775019265,-0.000739986280
2018,T1_no_point_shrinkage_raked,424,0.018995261634,0.019775019265,-0.000779757631
2018,T1_no_point_shrinkage_raked,425,0.018949615406,0.019775019265,-0.000825403859
2018,T1_no_point_shrinkage_raked,426,0.019030689496,0.019775019265,-0.000744329769
2018,T1_no_point_shrinkage_raked,427,0.019212712522,0.019775019265,-0.000562306743
2018,T1_no_point_shrinkage_raked,428,0.018956077835,0.019775019265,-0.000818941430
2018,T1_no_point_shrinkage_raked,429,0.018984951342,0.019775019265,-0.000790067924
2018,T1_no_point_shrinkage_raked,430,0.019015091080,0.019775019265,-0.000759928185
2018,T1_no_point_shrinkage_raked,431,0.019080603458,0.019775019265,-0.000694415807
2018,T1_no_point_shrinkage_raked,432,0.018915856006,0.019775019265,-0.000859163259
2018,T1_no_point_shrinkage_raked,433,0.018850271229,0.019775019265,-0.000924748037
2018,T1_no_point_shrinkage_raked,434,0.018982742184,0.019775019265,-0.000792277082
2018,T1_no_point_shrinkage_raked,435,0.019068182976,0.019775019265,-0.000706836290
2018,T1_no_point_shrinkage_raked,436,0.019057177099,0.019775019265,-0.000717842166
2018,T1_no_point_shrinkage_raked,437,0.019071564159,0.019775019265,-0.000703455106
2018,T1_no_point_shrinkage_raked,438,0.019054885008,0.019775019265,-0.000720134258
2018,T1_no_point_shrinkage_raked,439,0.018993739675,0.019775019265,-0.000781279590
2018,T1_no_point_shrinkage_raked,440,0.019109735415,0.019775019265,-0.000665283850
2018,T1_no_point_shrinkage_raked,441,0.019062835255,0.019775019265,-0.000712184010
2018,T1_no_point_shrinkage_raked,442,0.019003594271,0.019775019265,-0.000771424994
2018,T1_no_point_shrinkage_raked,443,0.018836732791,0.019775019265,-0.000938286475
2018,T1_no_point_shrinkage_raked,444,0.019129725487,0.019775019265,-0.000645293778
2018,T1_no_point_shrinkage_raked,445,0.019051214590,0.019775019265,-0.000723804675
2018,T1_no_point_shrinkage_raked,446,0.019088310461,0.019775019265,-0.000686708804
2018,T1_no_point_shrinkage_raked,447,0.018938387394,0.019775019265,-0.000836631871
2018,T1_no_point_shrinkage_raked,448,0.019061494151,0.019775019265,-0.000713525115
2018,T1_no_point_shrinkage_raked,449,0.019193629587,0.019775019265,-0.000581389679
2018,T1_no_point_shrinkage_raked,450,0.019168285832,0.019775019265,-0.000606733434
2018,T1_no_point_shrinkage_raked,451,0.018880364699,0.019775019265,-0.000894654567
2018,T1_no_point_shrinkage_raked,452,0.018954365159,0.019775019265,-0.000820654106
2018,T1_no_point_shrinkage_raked,453,0.018814807285,0.019775019265,-0.000960211980
2018,T1_no_point_shrinkage_raked,454,0.018925832459,0.019775019265,-0.000849186807
2018,T1_no_point_shrinkage_raked,455,0.019000629780,0.019775019265,-0.000774389486
2018,T1_no_point_shrinkage_raked,456,0.018969250036,0.019775019265,-0.000805769230
2018,T1_no_point_shrinkage_raked,457,0.019003854515,0.019775019265,-0.000771164750
2018,T1_no_point_shrinkage_raked,458,0.018953460987,0.019775019265,-0.000821558279
2018,T1_no_point_shrinkage_raked,459,0.019152813507,0.019775019265,-0.000622205758
2018,T1_no_point_shrinkage_raked,460,0.018910086576,0.019775019265,-0.000864932690
2018,T1_no_point_shrinkage_raked,461,0.018979094691,0.019775019265,-0.000795924575
2018,T1_no_point_shrinkage_raked,462,0.019172681144,0.019775019265,-0.000602338121
2018,T1_no_point_shrinkage_raked,463,0.019177180256,0.019775019265,-0.000597839009
2018,T1_no_point_shrinkage_raked,464,0.019029360005,0.019775019265,-0.000745659261
2018,T1_no_point_shrinkage_raked,465,0.019031697187,0.019775019265,-0.000743322079
2018,T1_no_point_shrinkage_raked,466,0.018990188465,0.019775019265,-0.000784830800
2018,T1_no_point_shrinkage_raked,467,0.019167001489,0.019775019265,-0.000608017776
2018,T1_no_point_shrinkage_raked,468,0.018810503001,0.019775019265,-0.000964516264
2018,T1_no_point_shrinkage_raked,469,0.019140478522,0.019775019265,-0.000634540743
2018,T1_no_point_shrinkage_raked,470,0.019089136752,0.019775019265,-0.000685882513
2018,T1_no_point_shrinkage_raked,471,0.019248573841,0.019775019265,-0.000526445425
2018,T1_no_point_shrinkage_raked,472,0.018955985183,0.019775019265,-0.000819034083
2018,T1_no_point_shrinkage_raked,473,0.018841835528,0.019775019265,-0.000933183737
2018,T1_no_point_shrinkage_raked,474,0.019117262930,0.019775019265,-0.000657756336
2018,T1_no_point_shrinkage_raked,475,0.018886526881,0.019775019265,-0.000888492384
2018,T1_no_point_shrinkage_raked,476,0.018952903198,0.019775019265,-0.000822116068
2018,T1_no_point_shrinkage_raked,477,0.019017889554,0.019775019265,-0.000757129712
2018,T1_no_point_shrinkage_raked,478,0.019134059085,0.019775019265,-0.000640960180
2018,T1_no_point_shrinkage_raked,479,0.019039948415,0.019775019265,-0.000735070851
2018,T1_no_point_shrinkage_raked,480,0.019017077688,0.019775019265,-0.000757941578
2018,T1_no_point_shrinkage_raked,481,0.018950997106,0.019775019265,-0.000824022159
2018,T1_no_point_shrinkage_raked,482,0.019040703993,0.019775019265,-0.000734315273
2018,T1_no_point_shrinkage_raked,483,0.019065825463,0.019775019265,-0.000709193802
2018,T1_no_point_shrinkage_raked,484,0.019204929637,0.019775019265,-0.000570089629
2018,T1_no_point_shrinkage_raked,485,0.019029447315,0.019775019265,-0.000745571951
2018,T1_no_point_shrinkage_raked,486,0.018860411919,0.019775019265,-0.000914607347
2018,T1_no_point_shrinkage_raked,487,0.019010963724,0.019775019265,-0.000764055542
2018,T1_no_point_shrinkage_raked,488,0.019046012195,0.019775019265,-0.000729007071
2018,T1_no_point_shrinkage_raked,489,0.019082873275,0.019775019265,-0.000692145990
2018,T1_no_point_shrinkage_raked,490,0.018864002965,0.019775019265,-0.000911016301
2018,T1_no_point_shrinkage_raked,491,0.018902110435,0.019775019265,-0.000872908830
2018,T1_no_point_shrinkage_raked,492,0.018928101583,0.019775019265,-0.000846917682
2018,T1_no_point_shrinkage_raked,493,0.019051509614,0.019775019265,-0.000723509651
2018,T1_no_point_shrinkage_raked,494,0.018986482640,0.019775019265,-0.000788536625
2018,T1_no_point_shrinkage_raked,495,0.018974067525,0.019775019265,-0.000800951740
2018,T1_no_point_shrinkage_raked,496,0.019019137111,0.019775019265,-0.000755882155
2018,T1_no_point_shrinkage_raked,497,0.019174485491,0.019775019265,-0.000600533775
2018,T1_no_point_shrinkage_raked,498,0.018988182991,0.019775019265,-0.000786836275
2018,T1_no_point_shrinkage_raked,499,0.019037542290,0.019775019265,-0.000737476976
2018,T1_no_point_shrinkage_raked,500,0.019091184151,0.019775019265,-0.000683835114
2018,T1_no_point_shrinkage_raked,501,0.018885305068,0.019775019265,-0.000889714198
2018,T1_no_point_shrinkage_raked,502,0.019203710942,0.019775019265,-0.000571308323
2018,T1_no_point_shrinkage_raked,503,0.019151883869,0.019775019265,-0.000623135397
2018,T1_no_point_shrinkage_raked,504,0.018983957473,0.019775019265,-0.000791061793
2018,T1_no_point_shrinkage_raked,505,0.019162085381,0.019775019265,-0.000612933885
2018,T1_no_point_shrinkage_raked,506,0.019132407463,0.019775019265,-0.000642611802
2018,T1_no_point_shrinkage_raked,507,0.019046945323,0.019775019265,-0.000728073943
2018,T1_no_point_shrinkage_raked,508,0.018984942582,0.019775019265,-0.000790076684
2018,T1_no_point_shrinkage_raked,509,0.019037528877,0.019775019265,-0.000737490388
2018,T1_no_point_shrinkage_raked,510,0.018891610977,0.019775019265,-0.000883408288
2018,T1_no_point_shrinkage_raked,511,0.019012666362,0.019775019265,-0.000762352904
2018,T1_no_point_shrinkage_raked,512,0.018865973285,0.019775019265,-0.000909045980
2018,T1_no_point_shrinkage_raked,513,0.019051501195,0.019775019265,-0.000723518070
2018,T1_no_point_shrinkage_raked,514,0.018998574005,0.019775019265,-0.000776445260
2018,T1_no_point_shrinkage_raked,515,0.018960017076,0.019775019265,-0.000815002190
2018,T1_no_point_shrinkage_raked,516,0.018916780921,0.019775019265,-0.000858238345
2018,T1_no_point_shrinkage_raked,517,0.019014089832,0.019775019265,-0.000760929433
2018,T1_no_point_shrinkage_raked,518,0.019066128968,0.019775019265,-0.000708890298
2018,T1_no_point_shrinkage_raked,519,0.019287938646,0.019775019265,-0.000487080619
2018,T1_no_point_shrinkage_raked,520,0.018942460786,0.019775019265,-0.000832558480
2018,T1_no_point_shrinkage_raked,521,0.018908781829,0.019775019265,-0.000866237436
2018,T1_no_point_shrinkage_raked,522,0.019285941696,0.019775019265,-0.000489077569
2018,T1_no_point_shrinkage_raked,523,0.018920959826,0.019775019265,-0.000854059439
2018,T1_no_point_shrinkage_raked,524,0.018880673735,0.019775019265,-0.000894345531
2018,T1_no_point_shrinkage_raked,525,0.018994649379,0.019775019265,-0.000780369886
2018,T1_no_point_shrinkage_raked,526,0.019032890693,0.019775019265,-0.000742128573
2018,T1_no_point_shrinkage_raked,527,0.019050456133,0.019775019265,-0.000724563132
2018,T1_no_point_shrinkage_raked,528,0.018951089029,0.019775019265,-0.000823930237
2018,T1_no_point_shrinkage_raked,529,0.019132906334,0.019775019265,-0.000642112931
2018,T1_no_point_shrinkage_raked,530,0.018944304257,0.019775019265,-0.000830715009
2018,T1_no_point_shrinkage_raked,531,0.018850678324,0.019775019265,-0.000924340941
2018,T1_no_point_shrinkage_raked,532,0.019013372546,0.019775019265,-0.000761646720
2018,T1_no_point_shrinkage_raked,533,0.018992070269,0.019775019265,-0.000782948997
2018,T1_no_point_shrinkage_raked,534,0.019029672206,0.019775019265,-0.000745347060
2018,T1_no_point_shrinkage_raked,535,0.019063571697,0.019775019265,-0.000711447568
2018,T1_no_point_shrinkage_raked,536,0.019175630850,0.019775019265,-0.000599388416
2018,T1_no_point_shrinkage_raked,537,0.018838618430,0.019775019265,-0.000936400836
2018,T1_no_point_shrinkage_raked,538,0.018950274009,0.019775019265,-0.000824745256
2018,T1_no_point_shrinkage_raked,539,0.019108615420,0.019775019265,-0.000666403846
2018,T1_no_point_shrinkage_raked,540,0.019086688158,0.019775019265,-0.000688331107
2018,T1_no_point_shrinkage_raked,541,0.019064489756,0.019775019265,-0.000710529509
2018,T1_no_point_shrinkage_raked,542,0.019031144548,0.019775019265,-0.000743874717
2018,T1_no_point_shrinkage_raked,543,0.019031752102,0.019775019265,-0.000743267164
2018,T1_no_point_shrinkage_raked,544,0.019011145263,0.019775019265,-0.000763874003
2018,T1_no_point_shrinkage_raked,545,0.018954530366,0.019775019265,-0.000820488900
2018,T1_no_point_shrinkage_raked,546,0.019002663727,0.019775019265,-0.000772355539
2018,T1_no_point_shrinkage_raked,547,0.019119235253,0.019775019265,-0.000655784012
2018,T1_no_point_shrinkage_raked,548,0.018960639236,0.019775019265,-0.000814380029
2018,T1_no_point_shrinkage_raked,549,0.019044492147,0.019775019265,-0.000730527119
2018,T1_no_point_shrinkage_raked,550,0.018987086210,0.019775019265,-0.000787933056
2018,T1_no_point_shrinkage_raked,551,0.019218318480,0.019775019265,-0.000556700785
2018,T1_no_point_shrinkage_raked,552,0.019206214741,0.019775019265,-0.000568804525
2018,T1_no_point_shrinkage_raked,553,0.018877916710,0.019775019265,-0.000897102556
2018,T1_no_point_shrinkage_raked,554,0.018905597130,0.019775019265,-0.000869422135
2018,T1_no_point_shrinkage_raked,555,0.019063623867,0.019775019265,-0.000711395399
2018,T1_no_point_shrinkage_raked,556,0.019030466779,0.019775019265,-0.000744552486
2018,T1_no_point_shrinkage_raked,557,0.019088342613,0.019775019265,-0.000686676652
2018,T1_no_point_shrinkage_raked,558,0.019067518704,0.019775019265,-0.000707500561
2018,T1_no_point_shrinkage_raked,559,0.018985308594,0.019775019265,-0.000789710672
2018,T1_no_point_shrinkage_raked,560,0.019231770455,0.019775019265,-0.000543248811
2018,T1_no_point_shrinkage_raked,561,0.018954380575,0.019775019265,-0.000820638690
2018,T1_no_point_shrinkage_raked,562,0.018932200088,0.019775019265,-0.000842819177
2018,T1_no_point_shrinkage_raked,563,0.018792045138,0.019775019265,-0.000982974127
2018,T1_no_point_shrinkage_raked,564,0.018995293834,0.019775019265,-0.000779725431
2018,T1_no_point_shrinkage_raked,565,0.018940271014,0.019775019265,-0.000834748251
2018,T1_no_point_shrinkage_raked,566,0.018914700406,0.019775019265,-0.000860318859
2018,T1_no_point_shrinkage_raked,567,0.019396540877,0.019775019265,-0.000378478389
2018,T1_no_point_shrinkage_raked,568,0.019019065079,0.019775019265,-0.000755954187
2018,T1_no_point_shrinkage_raked,569,0.019164248629,0.019775019265,-0.000610770637
2018,T1_no_point_shrinkage_raked,570,0.019247978926,0.019775019265,-0.000527040339
2018,T1_no_point_shrinkage_raked,571,0.019127172134,0.019775019265,-0.000647847132
2018,T1_no_point_shrinkage_raked,572,0.018847473975,0.019775019265,-0.000927545291
2018,T1_no_point_shrinkage_raked,573,0.019063185734,0.019775019265,-0.000711833532
2018,T1_no_point_shrinkage_raked,574,0.018868464213,0.019775019265,-0.000906555052
2018,T1_no_point_shrinkage_raked,575,0.019151073882,0.019775019265,-0.000623945383
2018,T1_no_point_shrinkage_raked,576,0.019038506426,0.019775019265,-0.000736512839
2018,T1_no_point_shrinkage_raked,577,0.018934198342,0.019775019265,-0.000840820924
2018,T1_no_point_shrinkage_raked,578,0.019142803705,0.019775019265,-0.000632215560
2018,T1_no_point_shrinkage_raked,579,0.019004596565,0.019775019265,-0.000770422700
2018,T1_no_point_shrinkage_raked,580,0.019016285950,0.019775019265,-0.000758733315
2018,T1_no_point_shrinkage_raked,581,0.019013122589,0.019775019265,-0.000761896677
2018,T1_no_point_shrinkage_raked,582,0.019019593186,0.019775019265,-0.000755426080
2018,T1_no_point_shrinkage_raked,583,0.019103516858,0.019775019265,-0.000671502408
2018,T1_no_point_shrinkage_raked,584,0.019067179214,0.019775019265,-0.000707840051
2018,T1_no_point_shrinkage_raked,585,0.018956664473,0.019775019265,-0.000818354793
2018,T1_no_point_shrinkage_raked,586,0.018978896928,0.019775019265,-0.000796122337
2018,T1_no_point_shrinkage_raked,587,0.018883431240,0.019775019265,-0.000891588026
2018,T1_no_point_shrinkage_raked,588,0.018933895173,0.019775019265,-0.000841124092
2018,T1_no_point_shrinkage_raked,589,0.018887360546,0.019775019265,-0.000887658720
2018,T1_no_point_shrinkage_raked,590,0.019037446241,0.019775019265,-0.000737573024
2018,T1_no_point_shrinkage_raked,591,0.019070244038,0.019775019265,-0.000704775228
2018,T1_no_point_shrinkage_raked,592,0.018987607328,0.019775019265,-0.000787411938
2018,T1_no_point_shrinkage_raked,593,0.018998666468,0.019775019265,-0.000776352797
2018,T1_no_point_shrinkage_raked,594,0.019152739300,0.019775019265,-0.000622279966
2018,T1_no_point_shrinkage_raked,595,0.018881321374,0.019775019265,-0.000893697892
2018,T1_no_point_shrinkage_raked,596,0.018946389038,0.019775019265,-0.000828630228
2018,T1_no_point_shrinkage_raked,597,0.018932739939,0.019775019265,-0.000842279327
2018,T1_no_point_shrinkage_raked,598,0.019110735564,0.019775019265,-0.000664283701
2018,T1_no_point_shrinkage_raked,599,0.019118353471,0.019775019265,-0.000656665795
2018,T1_no_point_shrinkage_raked,600,0.019111586815,0.019775019265,-0.000663432450
2018,T1_no_point_shrinkage_raked,601,0.019107648949,0.019775019265,-0.000667370317
2018,T1_no_point_shrinkage_raked,602,0.018977864575,0.019775019265,-0.000797154691
2018,T1_no_point_shrinkage_raked,603,0.019079027828,0.019775019265,-0.000695991437
2018,T1_no_point_shrinkage_raked,604,0.018845944780,0.019775019265,-0.000929074486
2018,T1_no_point_shrinkage_raked,605,0.019081841161,0.019775019265,-0.000693178104
2018,T1_no_point_shrinkage_raked,606,0.019031990870,0.019775019265,-0.000743028396
2018,T1_no_point_shrinkage_raked,607,0.019234888286,0.019775019265,-0.000540130980
2018,T1_no_point_shrinkage_raked,608,0.018962575656,0.019775019265,-0.000812443609
2018,T1_no_point_shrinkage_raked,609,0.019180259094,0.019775019265,-0.000594760172
2018,T1_no_point_shrinkage_raked,610,0.019074035718,0.019775019265,-0.000700983548
2018,T1_no_point_shrinkage_raked,611,0.019053664716,0.019775019265,-0.000721354549
2018,T1_no_point_shrinkage_raked,612,0.018995660476,0.019775019265,-0.000779358790
2018,T1_no_point_shrinkage_raked,613,0.018999468280,0.019775019265,-0.000775550986
2018,T1_no_point_shrinkage_raked,614,0.019068829746,0.019775019265,-0.000706189520
2018,T1_no_point_shrinkage_raked,615,0.019028368905,0.019775019265,-0.000746650360
2018,T1_no_point_shrinkage_raked,616,0.018909192694,0.019775019265,-0.000865826571
2018,T1_no_point_shrinkage_raked,617,0.019020529076,0.019775019265,-0.000754490190
2018,T1_no_point_shrinkage_raked,618,0.018959872192,0.019775019265,-0.000815147073
2018,T1_no_point_shrinkage_raked,619,0.019000310180,0.019775019265,-0.000774709086
2018,T1_no_point_shrinkage_raked,620,0.018998572362,0.019775019265,-0.000776446903
2018,T1_no_point_shrinkage_raked,621,0.018900316552,0.019775019265,-0.000874702713
2018,T1_no_point_shrinkage_raked,622,0.018843389030,0.019775019265,-0.000931630235
2018,T1_no_point_shrinkage_raked,623,0.019007442751,0.019775019265,-0.000767576514
2018,T1_no_point_shrinkage_raked,624,0.018971788972,0.019775019265,-0.000803230294
2018,T1_no_point_shrinkage_raked,625,0.019058628283,0.019775019265,-0.000716390983
2018,T1_no_point_shrinkage_raked,626,0.018940552518,0.019775019265,-0.000834466747
2018,T1_no_point_shrinkage_raked,627,0.018916172675,0.019775019265,-0.000858846591
2018,T1_no_point_shrinkage_raked,628,0.018899749049,0.019775019265,-0.000875270217
2018,T1_no_point_shrinkage_raked,629,0.018984914812,0.019775019265,-0.000790104453
2018,T1_no_point_shrinkage_raked,630,0.018919413674,0.019775019265,-0.000855605591
2018,T1_no_point_shrinkage_raked,631,0.018961761145,0.019775019265,-0.000813258121
2018,T1_no_point_shrinkage_raked,632,0.019191664195,0.019775019265,-0.000583355071
2018,T1_no_point_shrinkage_raked,633,0.019009129749,0.019775019265,-0.000765889517
2018,T1_no_point_shrinkage_raked,634,0.018977468748,0.019775019265,-0.000797550518
2018,T1_no_point_shrinkage_raked,635,0.018980596389,0.019775019265,-0.000794422877
2018,T1_no_point_shrinkage_raked,636,0.019079329295,0.019775019265,-0.000695689970
2018,T1_no_point_shrinkage_raked,637,0.019142747052,0.019775019265,-0.000632272213
2018,T1_no_point_shrinkage_raked,638,0.018903581822,0.019775019265,-0.000871437444
2018,T1_no_point_shrinkage_raked,639,0.019151568063,0.019775019265,-0.000623451202
2018,T1_no_point_shrinkage_raked,640,0.018959977850,0.019775019265,-0.000815041415
2018,T1_no_point_shrinkage_raked,641,0.019184900643,0.019775019265,-0.000590118622
2018,T1_no_point_shrinkage_raked,642,0.018917342323,0.019775019265,-0.000857676943
2018,T1_no_point_shrinkage_raked,643,0.019073322884,0.019775019265,-0.000701696381
2018,T1_no_point_shrinkage_raked,644,0.018986044268,0.019775019265,-0.000788974997
2018,T1_no_point_shrinkage_raked,645,0.019145547159,0.019775019265,-0.000629472107
2018,T1_no_point_shrinkage_raked,646,0.019141508246,0.019775019265,-0.000633511019
2018,T1_no_point_shrinkage_raked,647,0.019093947877,0.019775019265,-0.000681071388
2018,T1_no_point_shrinkage_raked,648,0.019040416303,0.019775019265,-0.000734602963
2018,T1_no_point_shrinkage_raked,649,0.019063755746,0.019775019265,-0.000711263519
2018,T1_no_point_shrinkage_raked,650,0.019222146051,0.019775019265,-0.000552873214
2018,T1_no_point_shrinkage_raked,651,0.019187006633,0.019775019265,-0.000588012633
2018,T1_no_point_shrinkage_raked,652,0.019075112928,0.019775019265,-0.000699906337
2018,T1_no_point_shrinkage_raked,653,0.019050400865,0.019775019265,-0.000724618400
2018,T1_no_point_shrinkage_raked,654,0.018877128308,0.019775019265,-0.000897890958
2018,T1_no_point_shrinkage_raked,655,0.019050979623,0.019775019265,-0.000724039643
2018,T1_no_point_shrinkage_raked,656,0.019089033227,0.019775019265,-0.000685986038
2018,T1_no_point_shrinkage_raked,657,0.018885563212,0.019775019265,-0.000889456053
2018,T1_no_point_shrinkage_raked,658,0.019054124206,0.019775019265,-0.000720895059
2018,T1_no_point_shrinkage_raked,659,0.019111654227,0.019775019265,-0.000663365038
2018,T1_no_point_shrinkage_raked,660,0.018908548229,0.019775019265,-0.000866471037
2018,T1_no_point_shrinkage_raked,661,0.018916465609,0.019775019265,-0.000858553657
2018,T1_no_point_shrinkage_raked,662,0.018960514626,0.019775019265,-0.000814504640
2018,T1_no_point_shrinkage_raked,663,0.018815784880,0.019775019265,-0.000959234385
2018,T1_no_point_shrinkage_raked,664,0.018924448080,0.019775019265,-0.000850571185
2018,T1_no_point_shrinkage_raked,665,0.019214420763,0.019775019265,-0.000560598502
2018,T1_no_point_shrinkage_raked,666,0.018966218004,0.019775019265,-0.000808801262
2018,T1_no_point_shrinkage_raked,667,0.018922822428,0.019775019265,-0.000852196837
2018,T1_no_point_shrinkage_raked,668,0.019023147846,0.019775019265,-0.000751871420
2018,T1_no_point_shrinkage_raked,669,0.018869213785,0.019775019265,-0.000905805481
2018,T1_no_point_shrinkage_raked,670,0.019140218056,0.019775019265,-0.000634801210
2018,T1_no_point_shrinkage_raked,671,0.018861417296,0.019775019265,-0.000913601970
2018,T1_no_point_shrinkage_raked,672,0.019015647139,0.019775019265,-0.000759372126
2018,T1_no_point_shrinkage_raked,673,0.019077087130,0.019775019265,-0.000697932135
2018,T1_no_point_shrinkage_raked,674,0.018972111312,0.019775019265,-0.000802907953
2018,T1_no_point_shrinkage_raked,675,0.019304990104,0.019775019265,-0.000470029161
2018,T1_no_point_shrinkage_raked,676,0.018991042104,0.019775019265,-0.000783977162
2018,T1_no_point_shrinkage_raked,677,0.019122966596,0.019775019265,-0.000652052669
2018,T1_no_point_shrinkage_raked,678,0.019158597736,0.019775019265,-0.000616421530
2018,T1_no_point_shrinkage_raked,679,0.019178935622,0.019775019265,-0.000596083644
2018,T1_no_point_shrinkage_raked,680,0.018873902308,0.019775019265,-0.000901116957
2018,T1_no_point_shrinkage_raked,681,0.018964182610,0.019775019265,-0.000810836656
2018,T1_no_point_shrinkage_raked,682,0.018953167412,0.019775019265,-0.000821851853
2018,T1_no_point_shrinkage_raked,683,0.019158790377,0.019775019265,-0.000616228889
2018,T1_no_point_shrinkage_raked,684,0.019003553753,0.019775019265,-0.000771465513
2018,T1_no_point_shrinkage_raked,685,0.019114731356,0.019775019265,-0.000660287909
2018,T1_no_point_shrinkage_raked,686,0.019120861087,0.019775019265,-0.000654158179
2018,T1_no_point_shrinkage_raked,687,0.019024429499,0.019775019265,-0.000750589767
2018,T1_no_point_shrinkage_raked,688,0.019121535946,0.019775019265,-0.000653483319
2018,T1_no_point_shrinkage_raked,689,0.018900620091,0.019775019265,-0.000874399175
2018,T1_no_point_shrinkage_raked,690,0.018974167851,0.019775019265,-0.000800851414
2018,T1_no_point_shrinkage_raked,691,0.018829005375,0.019775019265,-0.000946013890
2018,T1_no_point_shrinkage_raked,692,0.019036700121,0.019775019265,-0.000738319145
2018,T1_no_point_shrinkage_raked,693,0.019011526556,0.019775019265,-0.000763492709
2018,T1_no_point_shrinkage_raked,694,0.018967725036,0.019775019265,-0.000807294229
2018,T1_no_point_shrinkage_raked,695,0.018929464160,0.019775019265,-0.000845555106
2018,T1_no_point_shrinkage_raked,696,0.018924707840,0.019775019265,-0.000850311426
2018,T1_no_point_shrinkage_raked,697,0.019143055366,0.019775019265,-0.000631963899
2018,T1_no_point_shrinkage_raked,698,0.019135805685,0.019775019265,-0.000639213581
2018,T1_no_point_shrinkage_raked,699,0.018960738692,0.019775019265,-0.000814280574
2018,T1_no_point_shrinkage_raked,700,0.019227275581,0.019775019265,-0.000547743684
2018,T1_no_point_shrinkage_raked,701,0.019241424625,0.019775019265,-0.000533594640
2018,T1_no_point_shrinkage_raked,702,0.019164099327,0.019775019265,-0.000610919938
2018,T1_no_point_shrinkage_raked,703,0.019080880004,0.019775019265,-0.000694139262
2018,T1_no_point_shrinkage_raked,704,0.019242858632,0.019775019265,-0.000532160633
2018,T1_no_point_shrinkage_raked,705,0.019261841744,0.019775019265,-0.000513177521
2018,T1_no_point_shrinkage_raked,706,0.018982919184,0.019775019265,-0.000792100081
2018,T1_no_point_shrinkage_raked,707,0.019010123915,0.019775019265,-0.000764895350
2018,T1_no_point_shrinkage_raked,708,0.018971385355,0.019775019265,-0.000803633911
2018,T1_no_point_shrinkage_raked,709,0.018978773789,0.019775019265,-0.000796245476
2018,T1_no_point_shrinkage_raked,710,0.018993104556,0.019775019265,-0.000781914710
2018,T1_no_point_shrinkage_raked,711,0.018956417296,0.019775019265,-0.000818601969
2018,T1_no_point_shrinkage_raked,712,0.018924561031,0.019775019265,-0.000850458234
2018,T1_no_point_shrinkage_raked,713,0.019170004656,0.019775019265,-0.000605014609
2018,T1_no_point_shrinkage_raked,714,0.018999991274,0.019775019265,-0.000775027991
2018,T1_no_point_shrinkage_raked,715,0.019158518527,0.019775019265,-0.000616500738
2018,T1_no_point_shrinkage_raked,716,0.019116919258,0.019775019265,-0.000658100008
2018,T1_no_point_shrinkage_raked,717,0.018901780312,0.019775019265,-0.000873238954
2018,T1_no_point_shrinkage_raked,718,0.019059340182,0.019775019265,-0.000715679084
2018,T1_no_point_shrinkage_raked,719,0.019130240527,0.019775019265,-0.000644778739
2018,T1_no_point_shrinkage_raked,720,0.019031257020,0.019775019265,-0.000743762245
2018,T1_no_point_shrinkage_raked,721,0.018957228302,0.019775019265,-0.000817790964
2018,T1_no_point_shrinkage_raked,722,0.018986811604,0.019775019265,-0.000788207662
2018,T1_no_point_shrinkage_raked,723,0.018874435223,0.019775019265,-0.000900584042
2018,T1_no_point_shrinkage_raked,724,0.018726438328,0.019775019265,-0.001048580937
2018,T1_no_point_shrinkage_raked,725,0.018959461153,0.019775019265,-0.000815558113
2018,T1_no_point_shrinkage_raked,726,0.019106073722,0.019775019265,-0.000668945543
2018,T1_no_point_shrinkage_raked,727,0.018935236354,0.019775019265,-0.000839782912
2018,T1_no_point_shrinkage_raked,728,0.019120781413,0.019775019265,-0.000654237853
2018,T1_no_point_shrinkage_raked,729,0.018945133260,0.019775019265,-0.000829886005
2018,T1_no_point_shrinkage_raked,730,0.018915971095,0.019775019265,-0.000859048170
2018,T1_no_point_shrinkage_raked,731,0.019035475112,0.019775019265,-0.000739544154
2018,T1_no_point_shrinkage_raked,732,0.018823514734,0.019775019265,-0.000951504531
2018,T1_no_point_shrinkage_raked,733,0.019125892896,0.019775019265,-0.000649126369
2018,T1_no_point_shrinkage_raked,734,0.019078617391,0.019775019265,-0.000696401874
2018,T1_no_point_shrinkage_raked,735,0.018929270806,0.019775019265,-0.000845748459
2018,T1_no_point_shrinkage_raked,736,0.019101656532,0.019775019265,-0.000673362734
2018,T1_no_point_shrinkage_raked,737,0.019011636710,0.019775019265,-0.000763382556
2018,T1_no_point_shrinkage_raked,738,0.018940918363,0.019775019265,-0.000834100903
2018,T1_no_point_shrinkage_raked,739,0.018975312828,0.019775019265,-0.000799706438
2018,T1_no_point_shrinkage_raked,740,0.019143984764,0.019775019265,-0.000631034501
2018,T1_no_point_shrinkage_raked,741,0.019019623140,0.019775019265,-0.000755396125
2018,T1_no_point_shrinkage_raked,742,0.018960099227,0.019775019265,-0.000814920039
2018,T1_no_point_shrinkage_raked,743,0.019150947809,0.019775019265,-0.000624071456
2018,T1_no_point_shrinkage_raked,744,0.018961230329,0.019775019265,-0.000813788936
2018,T1_no_point_shrinkage_raked,745,0.019175650748,0.019775019265,-0.000599368517
2018,T1_no_point_shrinkage_raked,746,0.018888156632,0.019775019265,-0.000886862633
2018,T1_no_point_shrinkage_raked,747,0.018912098247,0.019775019265,-0.000862921019
2018,T1_no_point_shrinkage_raked,748,0.019037256566,0.019775019265,-0.000737762700
2018,T1_no_point_shrinkage_raked,749,0.019120348229,0.019775019265,-0.000654671036
2018,T1_no_point_shrinkage_raked,750,0.019042543671,0.019775019265,-0.000732475594
2018,T1_no_point_shrinkage_raked,751,0.019042811852,0.019775019265,-0.000732207413
2018,T1_no_point_shrinkage_raked,752,0.019013518633,0.019775019265,-0.000761500632
2018,T1_no_point_shrinkage_raked,753,0.018964049839,0.019775019265,-0.000810969427
2018,T1_no_point_shrinkage_raked,754,0.018892404798,0.019775019265,-0.000882614467
2018,T1_no_point_shrinkage_raked,755,0.019020447612,0.019775019265,-0.000754571654
2018,T1_no_point_shrinkage_raked,756,0.019043204977,0.019775019265,-0.000731814289
2018,T1_no_point_shrinkage_raked,757,0.019096064403,0.019775019265,-0.000678954862
2018,T1_no_point_shrinkage_raked,758,0.019144531475,0.019775019265,-0.000630487791
2018,T1_no_point_shrinkage_raked,759,0.019109625426,0.019775019265,-0.000665393840
2018,T1_no_point_shrinkage_raked,760,0.018815230780,0.019775019265,-0.000959788485
2018,T1_no_point_shrinkage_raked,761,0.018963597229,0.019775019265,-0.000811422036
2018,T1_no_point_shrinkage_raked,762,0.018962142010,0.019775019265,-0.000812877256
2018,T1_no_point_shrinkage_raked,763,0.019097662776,0.019775019265,-0.000677356489
2018,T1_no_point_shrinkage_raked,764,0.019064696757,0.019775019265,-0.000710322509
2018,T1_no_point_shrinkage_raked,765,0.018845098616,0.019775019265,-0.000929920649
2018,T1_no_point_shrinkage_raked,766,0.019214669342,0.019775019265,-0.000560349924
2018,T1_no_point_shrinkage_raked,767,0.019061832265,0.019775019265,-0.000713187000
2018,T1_no_point_shrinkage_raked,768,0.018977097566,0.019775019265,-0.000797921699
2018,T1_no_point_shrinkage_raked,769,0.018879509639,0.019775019265,-0.000895509626
2018,T1_no_point_shrinkage_raked,770,0.018888305859,0.019775019265,-0.000886713406
2018,T1_no_point_shrinkage_raked,771,0.018979656077,0.019775019265,-0.000795363189
2018,T1_no_point_shrinkage_raked,772,0.019080421771,0.019775019265,-0.000694597494
2018,T1_no_point_shrinkage_raked,773,0.018882605619,0.019775019265,-0.000892413646
2018,T1_no_point_shrinkage_raked,774,0.019130789714,0.019775019265,-0.000644229551
2018,T1_no_point_shrinkage_raked,775,0.018986585457,0.019775019265,-0.000788433808
2018,T1_no_point_shrinkage_raked,776,0.019268527497,0.019775019265,-0.000506491769
2018,T1_no_point_shrinkage_raked,777,0.019085398229,0.019775019265,-0.000689621036
2018,T1_no_point_shrinkage_raked,778,0.018924299081,0.019775019265,-0.000850720184
2018,T1_no_point_shrinkage_raked,779,0.018975375482,0.019775019265,-0.000799643784
2018,T1_no_point_shrinkage_raked,780,0.019002476835,0.019775019265,-0.000772542430
2018,T1_no_point_shrinkage_raked,781,0.019032743509,0.019775019265,-0.000742275756
2018,T1_no_point_shrinkage_raked,782,0.019202394632,0.019775019265,-0.000572624634
2018,T1_no_point_shrinkage_raked,783,0.019203854000,0.019775019265,-0.000571165265
2018,T1_no_point_shrinkage_raked,784,0.019125894234,0.019775019265,-0.000649125032
2018,T1_no_point_shrinkage_raked,785,0.018852154690,0.019775019265,-0.000922864575
2018,T1_no_point_shrinkage_raked,786,0.019001293088,0.019775019265,-0.000773726178
2018,T1_no_point_shrinkage_raked,787,0.018970467152,0.019775019265,-0.000804552114
2018,T1_no_point_shrinkage_raked,788,0.018936479887,0.019775019265,-0.000838539379
2018,T1_no_point_shrinkage_raked,789,0.018987439274,0.019775019265,-0.000787579991
2018,T1_no_point_shrinkage_raked,790,0.018859110076,0.019775019265,-0.000915909190
2018,T1_no_point_shrinkage_raked,791,0.019143733355,0.019775019265,-0.000631285910
2018,T1_no_point_shrinkage_raked,792,0.019119380118,0.019775019265,-0.000655639148
2018,T1_no_point_shrinkage_raked,793,0.019072413145,0.019775019265,-0.000702606120
2018,T1_no_point_shrinkage_raked,794,0.019116620413,0.019775019265,-0.000658398853
2018,T1_no_point_shrinkage_raked,795,0.018928738415,0.019775019265,-0.000846280850
2018,T1_no_point_shrinkage_raked,796,0.019143893172,0.019775019265,-0.000631126094
2018,T1_no_point_shrinkage_raked,797,0.019105292533,0.019775019265,-0.000669726733
2018,T1_no_point_shrinkage_raked,798,0.018874963464,0.019775019265,-0.000900055802
2018,T1_no_point_shrinkage_raked,799,0.019203998380,0.019775019265,-0.000571020885
2018,T1_no_point_shrinkage_raked,800,0.019051382603,0.019775019265,-0.000723636662
2018,T1_no_point_shrinkage_raked,801,0.018941998023,0.019775019265,-0.000833021243
2018,T1_no_point_shrinkage_raked,802,0.019122406860,0.019775019265,-0.000652612405
2018,T1_no_point_shrinkage_raked,803,0.019126155700,0.019775019265,-0.000648863566
2018,T1_no_point_shrinkage_raked,804,0.018900274587,0.019775019265,-0.000874744678
2018,T1_no_point_shrinkage_raked,805,0.019215780014,0.019775019265,-0.000559239252
2018,T1_no_point_shrinkage_raked,806,0.019037271034,0.019775019265,-0.000737748231
2018,T1_no_point_shrinkage_raked,807,0.018844020195,0.019775019265,-0.000930999071
2018,T1_no_point_shrinkage_raked,808,0.019109816836,0.019775019265,-0.000665202429
2018,T1_no_point_shrinkage_raked,809,0.018992885299,0.019775019265,-0.000782133966
2018,T1_no_point_shrinkage_raked,810,0.019083551690,0.019775019265,-0.000691467576
2018,T1_no_point_shrinkage_raked,811,0.019035923749,0.019775019265,-0.000739095516
2018,T1_no_point_shrinkage_raked,812,0.019012123758,0.019775019265,-0.000762895507
2018,T1_no_point_shrinkage_raked,813,0.019041012054,0.019775019265,-0.000734007212
2018,T1_no_point_shrinkage_raked,814,0.019110946583,0.019775019265,-0.000664072682
2018,T1_no_point_shrinkage_raked,815,0.018885037331,0.019775019265,-0.000889981934
2018,T1_no_point_shrinkage_raked,816,0.018923819935,0.019775019265,-0.000851199331
2018,T1_no_point_shrinkage_raked,817,0.019199777699,0.019775019265,-0.000575241567
2018,T1_no_point_shrinkage_raked,818,0.018886577691,0.019775019265,-0.000888441574
2018,T1_no_point_shrinkage_raked,819,0.019046075465,0.019775019265,-0.000728943801
2018,T1_no_point_shrinkage_raked,820,0.019025232718,0.019775019265,-0.000749786547
2018,T1_no_point_shrinkage_raked,821,0.019318511831,0.019775019265,-0.000456507434
2018,T1_no_point_shrinkage_raked,822,0.019112162275,0.019775019265,-0.000662856991
2018,T1_no_point_shrinkage_raked,823,0.019034129357,0.019775019265,-0.000740889908
2018,T1_no_point_shrinkage_raked,824,0.018996295064,0.019775019265,-0.000778724201
2018,T1_no_point_shrinkage_raked,825,0.019220417552,0.019775019265,-0.000554601714
2018,T1_no_point_shrinkage_raked,826,0.018983191864,0.019775019265,-0.000791827402
2018,T1_no_point_shrinkage_raked,827,0.018894295056,0.019775019265,-0.000880724209
2018,T1_no_point_shrinkage_raked,828,0.018937695961,0.019775019265,-0.000837323304
2018,T1_no_point_shrinkage_raked,829,0.019379470631,0.019775019265,-0.000395548635
2018,T1_no_point_shrinkage_raked,830,0.018827717858,0.019775019265,-0.000947301408
2018,T1_no_point_shrinkage_raked,831,0.019063617029,0.019775019265,-0.000711402236
2018,T1_no_point_shrinkage_raked,832,0.019266826236,0.019775019265,-0.000508193030
2018,T1_no_point_shrinkage_raked,833,0.018998657111,0.019775019265,-0.000776362154
2018,T1_no_point_shrinkage_raked,834,0.019176058552,0.019775019265,-0.000598960713
2018,T1_no_point_shrinkage_raked,835,0.019153006410,0.019775019265,-0.000622012856
2018,T1_no_point_shrinkage_raked,836,0.018980606375,0.019775019265,-0.000794412890
2018,T1_no_point_shrinkage_raked,837,0.019008530366,0.019775019265,-0.000766488899
2018,T1_no_point_shrinkage_raked,838,0.018947499859,0.019775019265,-0.000827519407
2018,T1_no_point_shrinkage_raked,839,0.018978148444,0.019775019265,-0.000796870821
2018,T1_no_point_shrinkage_raked,840,0.018839842320,0.019775019265,-0.000935176946
2018,T1_no_point_shrinkage_raked,841,0.018913149858,0.019775019265,-0.000861869407
2018,T1_no_point_shrinkage_raked,842,0.018822790180,0.019775019265,-0.000952229085
2018,T1_no_point_shrinkage_raked,843,0.018925008068,0.019775019265,-0.000850011197
2018,T1_no_point_shrinkage_raked,844,0.019268585157,0.019775019265,-0.000506434108
2018,T1_no_point_shrinkage_raked,845,0.018939933139,0.019775019265,-0.000835086127
2018,T1_no_point_shrinkage_raked,846,0.018895144910,0.019775019265,-0.000879874356
2018,T1_no_point_shrinkage_raked,847,0.019149589465,0.019775019265,-0.000625429801
2018,T1_no_point_shrinkage_raked,848,0.018941564768,0.019775019265,-0.000833454497
2018,T1_no_point_shrinkage_raked,849,0.019148212333,0.019775019265,-0.000626806932
2018,T1_no_point_shrinkage_raked,850,0.018848777916,0.019775019265,-0.000926241349
2018,T1_no_point_shrinkage_raked,851,0.019089109603,0.019775019265,-0.000685909663
2018,T1_no_point_shrinkage_raked,852,0.018884061723,0.019775019265,-0.000890957542
2018,T1_no_point_shrinkage_raked,853,0.019080680245,0.019775019265,-0.000694339020
2018,T1_no_point_shrinkage_raked,854,0.018935275724,0.019775019265,-0.000839743542
2018,T1_no_point_shrinkage_raked,855,0.019058163492,0.019775019265,-0.000716855774
2018,T1_no_point_shrinkage_raked,856,0.018987064535,0.019775019265,-0.000787954730
2018,T1_no_point_shrinkage_raked,857,0.018869777062,0.019775019265,-0.000905242203
2018,T1_no_point_shrinkage_raked,858,0.019111747694,0.019775019265,-0.000663271572
2018,T1_no_point_shrinkage_raked,859,0.019060942784,0.019775019265,-0.000714076481
2018,T1_no_point_shrinkage_raked,860,0.019147363981,0.019775019265,-0.000627655285
2018,T1_no_point_shrinkage_raked,861,0.019282958353,0.019775019265,-0.000492060912
2018,T1_no_point_shrinkage_raked,862,0.019126849465,0.019775019265,-0.000648169801
2018,T1_no_point_shrinkage_raked,863,0.018900904011,0.019775019265,-0.000874115254
2018,T1_no_point_shrinkage_raked,864,0.019257807837,0.019775019265,-0.000517211428
2018,T1_no_point_shrinkage_raked,865,0.019084407313,0.019775019265,-0.000690611953
2018,T1_no_point_shrinkage_raked,866,0.019106450995,0.019775019265,-0.000668568271
2018,T1_no_point_shrinkage_raked,867,0.019181509866,0.019775019265,-0.000593509399
2018,T1_no_point_shrinkage_raked,868,0.019115006833,0.019775019265,-0.000660012432
2018,T1_no_point_shrinkage_raked,869,0.019147108825,0.019775019265,-0.000627910440
2018,T1_no_point_shrinkage_raked,870,0.018967276718,0.019775019265,-0.000807742548
2018,T1_no_point_shrinkage_raked,871,0.019236003582,0.019775019265,-0.000539015684
2018,T1_no_point_shrinkage_raked,872,0.019037138602,0.019775019265,-0.000737880663
2018,T1_no_point_shrinkage_raked,873,0.018835928275,0.019775019265,-0.000939090990
2018,T1_no_point_shrinkage_raked,874,0.018970682495,0.019775019265,-0.000804336770
2018,T1_no_point_shrinkage_raked,875,0.018907918488,0.019775019265,-0.000867100777
2018,T1_no_point_shrinkage_raked,876,0.019020139437,0.019775019265,-0.000754879829
2018,T1_no_point_shrinkage_raked,877,0.019104712329,0.019775019265,-0.000670306936
2018,T1_no_point_shrinkage_raked,878,0.019004488384,0.019775019265,-0.000770530882
2018,T1_no_point_shrinkage_raked,879,0.019036474595,0.019775019265,-0.000738544670
2018,T1_no_point_shrinkage_raked,880,0.019023487045,0.019775019265,-0.000751532220
2018,T1_no_point_shrinkage_raked,881,0.018939463847,0.019775019265,-0.000835555418
2018,T1_no_point_shrinkage_raked,882,0.019072822312,0.019775019265,-0.000702196953
2018,T1_no_point_shrinkage_raked,883,0.018942404439,0.019775019265,-0.000832614827
2018,T1_no_point_shrinkage_raked,884,0.018881145666,0.019775019265,-0.000893873600
2018,T1_no_point_shrinkage_raked,885,0.019092003435,0.019775019265,-0.000683015831
2018,T1_no_point_shrinkage_raked,886,0.018983783591,0.019775019265,-0.000791235675
2018,T1_no_point_shrinkage_raked,887,0.018906826255,0.019775019265,-0.000868193011
2018,T1_no_point_shrinkage_raked,888,0.018900162489,0.019775019265,-0.000874856776
2018,T1_no_point_shrinkage_raked,889,0.019038406839,0.019775019265,-0.000736612427
2018,T1_no_point_shrinkage_raked,890,0.019032056254,0.019775019265,-0.000742963011
2018,T1_no_point_shrinkage_raked,891,0.019048173518,0.019775019265,-0.000726845747
2018,T1_no_point_shrinkage_raked,892,0.019007849940,0.019775019265,-0.000767169325
2018,T1_no_point_shrinkage_raked,893,0.018939410232,0.019775019265,-0.000835609034
2018,T1_no_point_shrinkage_raked,894,0.019012272515,0.019775019265,-0.000762746750
2018,T1_no_point_shrinkage_raked,895,0.019145354046,0.019775019265,-0.000629665220
2018,T1_no_point_shrinkage_raked,896,0.018912206388,0.019775019265,-0.000862812877
2018,T1_no_point_shrinkage_raked,897,0.019139459772,0.019775019265,-0.000635559494
2018,T1_no_point_shrinkage_raked,898,0.019103207130,0.019775019265,-0.000671812135
2018,T1_no_point_shrinkage_raked,899,0.019099752773,0.019775019265,-0.000675266492
2018,T1_no_point_shrinkage_raked,900,0.018992814143,0.019775019265,-0.000782205123
2018,T1_no_point_shrinkage_raked,901,0.019238777033,0.019775019265,-0.000536242232
2018,T1_no_point_shrinkage_raked,902,0.018997070766,0.019775019265,-0.000777948499
2018,T1_no_point_shrinkage_raked,903,0.019008427807,0.019775019265,-0.000766591459
2018,T1_no_point_shrinkage_raked,904,0.019198861401,0.019775019265,-0.000576157864
2018,T1_no_point_shrinkage_raked,905,0.019210821620,0.019775019265,-0.000564197645
2018,T1_no_point_shrinkage_raked,906,0.019021625170,0.019775019265,-0.000753394095
2018,T1_no_point_shrinkage_raked,907,0.019091590001,0.019775019265,-0.000683429265
2018,T1_no_point_shrinkage_raked,908,0.019090989416,0.019775019265,-0.000684029850
2018,T1_no_point_shrinkage_raked,909,0.018939309827,0.019775019265,-0.000835709438
2018,T1_no_point_shrinkage_raked,910,0.019127974561,0.019775019265,-0.000647044704
2018,T1_no_point_shrinkage_raked,911,0.019131916437,0.019775019265,-0.000643102828
2018,T1_no_point_shrinkage_raked,912,0.019046345364,0.019775019265,-0.000728673902
2018,T1_no_point_shrinkage_raked,913,0.019033308115,0.019775019265,-0.000741711150
2018,T1_no_point_shrinkage_raked,914,0.019092646772,0.019775019265,-0.000682372494
2018,T1_no_point_shrinkage_raked,915,0.018952261457,0.019775019265,-0.000822757809
2018,T1_no_point_shrinkage_raked,916,0.019085691337,0.019775019265,-0.000689327928
2018,T1_no_point_shrinkage_raked,917,0.018873060237,0.019775019265,-0.000901959029
2018,T1_no_point_shrinkage_raked,918,0.019019690008,0.019775019265,-0.000755329257
2018,T1_no_point_shrinkage_raked,919,0.019030988499,0.019775019265,-0.000744030766
2018,T1_no_point_shrinkage_raked,920,0.018947439701,0.019775019265,-0.000827579564
2018,T1_no_point_shrinkage_raked,921,0.019052502236,0.019775019265,-0.000722517029
2018,T1_no_point_shrinkage_raked,922,0.019045926172,0.019775019265,-0.000729093094
2018,T1_no_point_shrinkage_raked,923,0.019061851168,0.019775019265,-0.000713168097
2018,T1_no_point_shrinkage_raked,924,0.018775010211,0.019775019265,-0.001000009055
2018,T1_no_point_shrinkage_raked,925,0.019116387560,0.019775019265,-0.000658631706
2018,T1_no_point_shrinkage_raked,926,0.018942474688,0.019775019265,-0.000832544577
2018,T1_no_point_shrinkage_raked,927,0.018981833138,0.019775019265,-0.000793186128
2018,T1_no_point_shrinkage_raked,928,0.019087463160,0.019775019265,-0.000687556106
2018,T1_no_point_shrinkage_raked,929,0.019044617341,0.019775019265,-0.000730401925
2018,T1_no_point_shrinkage_raked,930,0.018823995064,0.019775019265,-0.000951024202
2018,T1_no_point_shrinkage_raked,931,0.018854710552,0.019775019265,-0.000920308713
2018,T1_no_point_shrinkage_raked,932,0.018904829128,0.019775019265,-0.000870190138
2018,T1_no_point_shrinkage_raked,933,0.019172210322,0.019775019265,-0.000602808944
2018,T1_no_point_shrinkage_raked,934,0.019179620134,0.019775019265,-0.000595399132
2018,T1_no_point_shrinkage_raked,935,0.018851704629,0.019775019265,-0.000923314637
2018,T1_no_point_shrinkage_raked,936,0.019133879653,0.019775019265,-0.000641139612
2018,T1_no_point_shrinkage_raked,937,0.018927985275,0.019775019265,-0.000847033991
2018,T1_no_point_shrinkage_raked,938,0.018971841530,0.019775019265,-0.000803177735
2018,T1_no_point_shrinkage_raked,939,0.018812572972,0.019775019265,-0.000962446293
2018,T1_no_point_shrinkage_raked,940,0.019025261087,0.019775019265,-0.000749758178
2018,T1_no_point_shrinkage_raked,941,0.018930469387,0.019775019265,-0.000844549878
2018,T1_no_point_shrinkage_raked,942,0.018978379852,0.019775019265,-0.000796639413
2018,T1_no_point_shrinkage_raked,943,0.018884476956,0.019775019265,-0.000890542309
2018,T1_no_point_shrinkage_raked,944,0.019129441695,0.019775019265,-0.000645577571
2018,T1_no_point_shrinkage_raked,945,0.019029903478,0.019775019265,-0.000745115788
2018,T1_no_point_shrinkage_raked,946,0.019163448172,0.019775019265,-0.000611571093
2018,T1_no_point_shrinkage_raked,947,0.019246517833,0.019775019265,-0.000528501433
2018,T1_no_point_shrinkage_raked,948,0.019007305930,0.019775019265,-0.000767713336
2018,T1_no_point_shrinkage_raked,949,0.019018942972,0.019775019265,-0.000756076294
2018,T1_no_point_shrinkage_raked,950,0.018977721648,0.019775019265,-0.000797297617
2018,T1_no_point_shrinkage_raked,951,0.019073873610,0.019775019265,-0.000701145655
2018,T1_no_point_shrinkage_raked,952,0.019208369389,0.019775019265,-0.000566649877
2018,T1_no_point_shrinkage_raked,953,0.018920294254,0.019775019265,-0.000854725012
2018,T1_no_point_shrinkage_raked,954,0.019045983802,0.019775019265,-0.000729035464
2018,T1_no_point_shrinkage_raked,955,0.018867726974,0.019775019265,-0.000907292292
2018,T1_no_point_shrinkage_raked,956,0.018795563011,0.019775019265,-0.000979456254
2018,T1_no_point_shrinkage_raked,957,0.018989936688,0.019775019265,-0.000785082578
2018,T1_no_point_shrinkage_raked,958,0.019088352815,0.019775019265,-0.000686666451
2018,T1_no_point_shrinkage_raked,959,0.019102569406,0.019775019265,-0.000672449860
2018,T1_no_point_shrinkage_raked,960,0.018924346876,0.019775019265,-0.000850672389
2018,T1_no_point_shrinkage_raked,961,0.019031929764,0.019775019265,-0.000743089501
2018,T1_no_point_shrinkage_raked,962,0.019105632364,0.019775019265,-0.000669386902
2018,T1_no_point_shrinkage_raked,963,0.018977637954,0.019775019265,-0.000797381311
2018,T1_no_point_shrinkage_raked,964,0.018996031494,0.019775019265,-0.000778987772
2018,T1_no_point_shrinkage_raked,965,0.018824886035,0.019775019265,-0.000950133230
2018,T1_no_point_shrinkage_raked,966,0.018958563616,0.019775019265,-0.000816455649
2018,T1_no_point_shrinkage_raked,967,0.019191114464,0.019775019265,-0.000583904802
2018,T1_no_point_shrinkage_raked,968,0.018868853480,0.019775019265,-0.000906165785
2018,T1_no_point_shrinkage_raked,969,0.019237051771,0.019775019265,-0.000537967495
2018,T1_no_point_shrinkage_raked,970,0.019032147253,0.019775019265,-0.000742872012
2018,T1_no_point_shrinkage_raked,971,0.019029929072,0.019775019265,-0.000745090194
2018,T1_no_point_shrinkage_raked,972,0.019046013398,0.019775019265,-0.000729005867
2018,T1_no_point_shrinkage_raked,973,0.019203227500,0.019775019265,-0.000571791765
2018,T1_no_point_shrinkage_raked,974,0.019102321098,0.019775019265,-0.000672698167
2018,T1_no_point_shrinkage_raked,975,0.018993662904,0.019775019265,-0.000781356361
2018,T1_no_point_shrinkage_raked,976,0.019084373512,0.019775019265,-0.000690645753
2018,T1_no_point_shrinkage_raked,977,0.019158410899,0.019775019265,-0.000616608366
2018,T1_no_point_shrinkage_raked,978,0.019072110737,0.019775019265,-0.000702908529
2018,T1_no_point_shrinkage_raked,979,0.018985333474,0.019775019265,-0.000789685791
2018,T1_no_point_shrinkage_raked,980,0.018857041430,0.019775019265,-0.000917977836
2018,T1_no_point_shrinkage_raked,981,0.019140842343,0.019775019265,-0.000634176922
2018,T1_no_point_shrinkage_raked,982,0.018983599851,0.019775019265,-0.000791419414
2018,T1_no_point_shrinkage_raked,983,0.018959271004,0.019775019265,-0.000815748261
2018,T1_no_point_shrinkage_raked,984,0.019105062803,0.019775019265,-0.000669956463
2018,T1_no_point_shrinkage_raked,985,0.018837544316,0.019775019265,-0.000937474950
2018,T1_no_point_shrinkage_raked,986,0.018897493570,0.019775019265,-0.000877525696
2018,T1_no_point_shrinkage_raked,987,0.019064404963,0.019775019265,-0.000710614302
2018,T1_no_point_shrinkage_raked,988,0.019120871233,0.019775019265,-0.000654148032
2018,T1_no_point_shrinkage_raked,989,0.018917682726,0.019775019265,-0.000857336540
2018,T1_no_point_shrinkage_raked,990,0.018987152783,0.019775019265,-0.000787866482
2018,T1_no_point_shrinkage_raked,991,0.019118327694,0.019775019265,-0.000656691572
2018,T1_no_point_shrinkage_raked,992,0.019045363742,0.019775019265,-0.000729655523
2018,T1_no_point_shrinkage_raked,993,0.018938235385,0.019775019265,-0.000836783880
2018,T1_no_point_shrinkage_raked,994,0.019033264647,0.019775019265,-0.000741754618
2018,T1_no_point_shrinkage_raked,995,0.019024772654,0.019775019265,-0.000750246611
2018,T1_no_point_shrinkage_raked,996,0.019033776938,0.019775019265,-0.000741242328
2018,T1_no_point_shrinkage_raked,997,0.019068404449,0.019775019265,-0.000706614816
2018,T1_no_point_shrinkage_raked,998,0.019063245752,0.019775019265,-0.000711773514
2018,T1_no_point_shrinkage_raked,999,0.019020038572,0.019775019265,-0.000754980694
2018,T1_no_point_shrinkage_raked,1000,0.018987170723,0.019775019265,-0.000787848542
2018,T1_no_point_shrinkage_raked,1001,0.019061993316,0.019775019265,-0.000713025949
2018,T1_no_point_shrinkage_raked,1002,0.018968488749,0.019775019265,-0.000806530517
2018,T1_no_point_shrinkage_raked,1003,0.019108477861,0.019775019265,-0.000666541405
2018,T1_no_point_shrinkage_raked,1004,0.018986656852,0.019775019265,-0.000788362414
2018,T1_no_point_shrinkage_raked,1005,0.018923038985,0.019775019265,-0.000851980280
2018,T1_no_point_shrinkage_raked,1006,0.019027334243,0.019775019265,-0.000747685023
2018,T1_no_point_shrinkage_raked,1007,0.019125259253,0.019775019265,-0.000649760013
2018,T1_no_point_shrinkage_raked,1008,0.019082992734,0.019775019265,-0.000692026532
2018,T1_no_point_shrinkage_raked,1009,0.019071222856,0.019775019265,-0.000703796409
2018,T1_no_point_shrinkage_raked,1010,0.018995793140,0.019775019265,-0.000779226125
2018,T1_no_point_shrinkage_raked,1011,0.018963961255,0.019775019265,-0.000811058011
2018,T1_no_point_shrinkage_raked,1012,0.018909661344,0.019775019265,-0.000865357921
2018,T1_no_point_shrinkage_raked,1013,0.019170424974,0.019775019265,-0.000604594291
2018,T1_no_point_shrinkage_raked,1014,0.018889139555,0.019775019265,-0.000885879711
2018,T1_no_point_shrinkage_raked,1015,0.019038598492,0.019775019265,-0.000736420773
2018,T1_no_point_shrinkage_raked,1016,0.019123981224,0.019775019265,-0.000651038042
2018,T1_no_point_shrinkage_raked,1017,0.019022336272,0.019775019265,-0.000752682994
2018,T1_no_point_shrinkage_raked,1018,0.019219895673,0.019775019265,-0.000555123593
2018,T1_no_point_shrinkage_raked,1019,0.019025809957,0.019775019265,-0.000749209308
2018,T1_no_point_shrinkage_raked,1020,0.019047002887,0.019775019265,-0.000728016378
2018,T1_no_point_shrinkage_raked,1021,0.018747888553,0.019775019265,-0.001027130713
2018,T1_no_point_shrinkage_raked,1022,0.019027307904,0.019775019265,-0.000747711361
2018,T1_no_point_shrinkage_raked,1023,0.019043597405,0.019775019265,-0.000731421860
2018,T1_no_point_shrinkage_raked,1024,0.019067478651,0.019775019265,-0.000707540614
2018,T1_no_point_shrinkage_raked,1025,0.018900809780,0.019775019265,-0.000874209485
2018,T1_no_point_shrinkage_raked,1026,0.019036506463,0.019775019265,-0.000738512803
2018,T1_no_point_shrinkage_raked,1027,0.019133382556,0.019775019265,-0.000641636709
2018,T1_no_point_shrinkage_raked,1028,0.018891883645,0.019775019265,-0.000883135620
2018,T1_no_point_shrinkage_raked,1029,0.019074137317,0.019775019265,-0.000700881949
2018,T1_no_point_shrinkage_raked,1030,0.018933977189,0.019775019265,-0.000841042077
2018,T1_no_point_shrinkage_raked,1031,0.018983624774,0.019775019265,-0.000791394491
2018,T1_no_point_shrinkage_raked,1032,0.018957078691,0.019775019265,-0.000817940574
2018,T1_no_point_shrinkage_raked,1033,0.018883639045,0.019775019265,-0.000891380220
2018,T1_no_point_shrinkage_raked,1034,0.018996791099,0.019775019265,-0.000778228166
2018,T1_no_point_shrinkage_raked,1035,0.018874798197,0.019775019265,-0.000900221068
2018,T1_no_point_shrinkage_raked,1036,0.019150796835,0.019775019265,-0.000624222431
2018,T1_no_point_shrinkage_raked,1037,0.019028069916,0.019775019265,-0.000746949350
2018,T1_no_point_shrinkage_raked,1038,0.019168584121,0.019775019265,-0.000606435145
2018,T1_no_point_shrinkage_raked,1039,0.018908519808,0.019775019265,-0.000866499457
2018,T1_no_point_shrinkage_raked,1040,0.019017175502,0.019775019265,-0.000757843764
2018,T1_no_point_shrinkage_raked,1041,0.018947594376,0.019775019265,-0.000827424889
2018,T1_no_point_shrinkage_raked,1042,0.018946810662,0.019775019265,-0.000828208603
2018,T1_no_point_shrinkage_raked,1043,0.019318162729,0.019775019265,-0.000456856537
2018,T1_no_point_shrinkage_raked,1044,0.018917670749,0.019775019265,-0.000857348517
2018,T1_no_point_shrinkage_raked,1045,0.019076162037,0.019775019265,-0.000698857229
2018,T1_no_point_shrinkage_raked,1046,0.018928392964,0.019775019265,-0.000846626301
2018,T1_no_point_shrinkage_raked,1047,0.019043061057,0.019775019265,-0.000731958209
2018,T1_no_point_shrinkage_raked,1048,0.018960410112,0.019775019265,-0.000814609154
2018,T1_no_point_shrinkage_raked,1049,0.019126338022,0.019775019265,-0.000648681244
2018,T1_no_point_shrinkage_raked,1050,0.019033623976,0.019775019265,-0.000741395289
2018,T1_no_point_shrinkage_raked,1051,0.019024116153,0.019775019265,-0.000750903112
2018,T1_no_point_shrinkage_raked,1052,0.019092526892,0.019775019265,-0.000682492373
2018,T1_no_point_shrinkage_raked,1053,0.019045177396,0.019775019265,-0.000729841870
2018,T1_no_point_shrinkage_raked,1054,0.019058711423,0.019775019265,-0.000716307842
2018,T1_no_point_shrinkage_raked,1055,0.018956837084,0.019775019265,-0.000818182181
2018,T1_no_point_shrinkage_raked,1056,0.019009016912,0.019775019265,-0.000766002354
2018,T1_no_point_shrinkage_raked,1057,0.018985971732,0.019775019265,-0.000789047533
2018,T1_no_point_shrinkage_raked,1058,0.018923948679,0.019775019265,-0.000851070586
2018,T1_no_point_shrinkage_raked,1059,0.019023019704,0.019775019265,-0.000751999561
2018,T1_no_point_shrinkage_raked,1060,0.019001660000,0.019775019265,-0.000773359266
2018,T1_no_point_shrinkage_raked,1061,0.018832483779,0.019775019265,-0.000942535486
2018,T1_no_point_shrinkage_raked,1062,0.018957250658,0.019775019265,-0.000817768608
2018,T1_no_point_shrinkage_raked,1063,0.018905370993,0.019775019265,-0.000869648272
2018,T1_no_point_shrinkage_raked,1064,0.018971308801,0.019775019265,-0.000803710465
2018,T1_no_point_shrinkage_raked,1065,0.019225242767,0.019775019265,-0.000549776498
2018,T1_no_point_shrinkage_raked,1066,0.019004848420,0.019775019265,-0.000770170845
2018,T1_no_point_shrinkage_raked,1067,0.019129593597,0.019775019265,-0.000645425669
2018,T1_no_point_shrinkage_raked,1068,0.018908897460,0.019775019265,-0.000866121806
2018,T1_no_point_shrinkage_raked,1069,0.019081195611,0.019775019265,-0.000693823655
2018,T1_no_point_shrinkage_raked,1070,0.018965387242,0.019775019265,-0.000809632023
2018,T1_no_point_shrinkage_raked,1071,0.018994800888,0.019775019265,-0.000780218377
2018,T1_no_point_shrinkage_raked,1072,0.019236730359,0.019775019265,-0.000538288906
2018,T1_no_point_shrinkage_raked,1073,0.018971567407,0.019775019265,-0.000803451859
2018,T1_no_point_shrinkage_raked,1074,0.019125648996,0.019775019265,-0.000649370269
2018,T1_no_point_shrinkage_raked,1075,0.018964649486,0.019775019265,-0.000810369780
2018,T1_no_point_shrinkage_raked,1076,0.018937038411,0.019775019265,-0.000837980855
2018,T1_no_point_shrinkage_raked,1077,0.018901401524,0.019775019265,-0.000873617742
2018,T1_no_point_shrinkage_raked,1078,0.018958381939,0.019775019265,-0.000816637327
2018,T1_no_point_shrinkage_raked,1079,0.018817436271,0.019775019265,-0.000957582995
2018,T1_no_point_shrinkage_raked,1080,0.018961571447,0.019775019265,-0.000813447818
2018,T1_no_point_shrinkage_raked,1081,0.019082415120,0.019775019265,-0.000692604145
2018,T1_no_point_shrinkage_raked,1082,0.019044115099,0.019775019265,-0.000730904167
2018,T1_no_point_shrinkage_raked,1083,0.019170946085,0.019775019265,-0.000604073181
2018,T1_no_point_shrinkage_raked,1084,0.019256664296,0.019775019265,-0.000518354969
2018,T1_no_point_shrinkage_raked,1085,0.018986503383,0.019775019265,-0.000788515883
2018,T1_no_point_shrinkage_raked,1086,0.018941685426,0.019775019265,-0.000833333839
2018,T1_no_point_shrinkage_raked,1087,0.019005362741,0.019775019265,-0.000769656524
2018,T1_no_point_shrinkage_raked,1088,0.019154227980,0.019775019265,-0.000620791286
2018,T1_no_point_shrinkage_raked,1089,0.018856705718,0.019775019265,-0.000918313547
2018,T1_no_point_shrinkage_raked,1090,0.019099440980,0.019775019265,-0.000675578286
2018,T1_no_point_shrinkage_raked,1091,0.018861308503,0.019775019265,-0.000913710763
2018,T1_no_point_shrinkage_raked,1092,0.019085482622,0.019775019265,-0.000689536644
2018,T1_no_point_shrinkage_raked,1093,0.019040436849,0.019775019265,-0.000734582417
2018,T1_no_point_shrinkage_raked,1094,0.019018349269,0.019775019265,-0.000756669996
2018,T1_no_point_shrinkage_raked,1095,0.019125479002,0.019775019265,-0.000649540264
2018,T1_no_point_shrinkage_raked,1096,0.018989078703,0.019775019265,-0.000785940563
2018,T1_no_point_shrinkage_raked,1097,0.019004125302,0.019775019265,-0.000770893964
2018,T1_no_point_shrinkage_raked,1098,0.019090253198,0.019775019265,-0.000684766067
2018,T1_no_point_shrinkage_raked,1099,0.018857888425,0.019775019265,-0.000917130840
2018,T1_no_point_shrinkage_raked,1100,0.019168084341,0.019775019265,-0.000606934924
2018,T1_no_point_shrinkage_raked,1101,0.018900953091,0.019775019265,-0.000874066174
2018,T1_no_point_shrinkage_raked,1102,0.018829318393,0.019775019265,-0.000945700873
2018,T1_no_point_shrinkage_raked,1103,0.019070951090,0.019775019265,-0.000704068175
2018,T1_no_point_shrinkage_raked,1104,0.019396350207,0.019775019265,-0.000378669059
2018,T1_no_point_shrinkage_raked,1105,0.019206861712,0.019775019265,-0.000568157554
2018,T1_no_point_shrinkage_raked,1106,0.019023649032,0.019775019265,-0.000751370233
2018,T1_no_point_shrinkage_raked,1107,0.018846828146,0.019775019265,-0.000928191120
2018,T1_no_point_shrinkage_raked,1108,0.019071050794,0.019775019265,-0.000703968472
2018,T1_no_point_shrinkage_raked,1109,0.019075409176,0.019775019265,-0.000699610089
2018,T1_no_point_shrinkage_raked,1110,0.019097892097,0.019775019265,-0.000677127168
2018,T1_no_point_shrinkage_raked,1111,0.018913603784,0.019775019265,-0.000861415481
2018,T1_no_point_shrinkage_raked,1112,0.019007417626,0.019775019265,-0.000767601639
2018,T1_no_point_shrinkage_raked,1113,0.018962617756,0.019775019265,-0.000812401510
2018,T1_no_point_shrinkage_raked,1114,0.019075410038,0.019775019265,-0.000699609227
2018,T1_no_point_shrinkage_raked,1115,0.019009600547,0.019775019265,-0.000765418719
2018,T1_no_point_shrinkage_raked,1116,0.018892841347,0.019775019265,-0.000882177918
2018,T1_no_point_shrinkage_raked,1117,0.018902224201,0.019775019265,-0.000872795064
2018,T1_no_point_shrinkage_raked,1118,0.018974400455,0.019775019265,-0.000800618811
2018,T1_no_point_shrinkage_raked,1119,0.018889114489,0.019775019265,-0.000885904777
2018,T1_no_point_shrinkage_raked,1120,0.018995927286,0.019775019265,-0.000779091979
2018,T1_no_point_shrinkage_raked,1121,0.018808174247,0.019775019265,-0.000966845019
2018,T1_no_point_shrinkage_raked,1122,0.018989623915,0.019775019265,-0.000785395351
2018,T1_no_point_shrinkage_raked,1123,0.019123718943,0.019775019265,-0.000651300323
2018,T1_no_point_shrinkage_raked,1124,0.018887975173,0.019775019265,-0.000887044092
2018,T1_no_point_shrinkage_raked,1125,0.019072868173,0.019775019265,-0.000702151093
2018,T1_no_point_shrinkage_raked,1126,0.019113445796,0.019775019265,-0.000661573469
2018,T1_no_point_shrinkage_raked,1127,0.019069369472,0.019775019265,-0.000705649794
2018,T1_no_point_shrinkage_raked,1128,0.018774069258,0.019775019265,-0.001000950008
2018,T1_no_point_shrinkage_raked,1129,0.019059187378,0.019775019265,-0.000715831888
2018,T1_no_point_shrinkage_raked,1130,0.018837205276,0.019775019265,-0.000937813990
2018,T1_no_point_shrinkage_raked,1131,0.019224484750,0.019775019265,-0.000550534516
2018,T1_no_point_shrinkage_raked,1132,0.019112053157,0.019775019265,-0.000662966109
2018,T1_no_point_shrinkage_raked,1133,0.019002990074,0.019775019265,-0.000772029192
2018,T1_no_point_shrinkage_raked,1134,0.019047825339,0.019775019265,-0.000727193927
2018,T1_no_point_shrinkage_raked,1135,0.019056337985,0.019775019265,-0.000718681281
2018,T1_no_point_shrinkage_raked,1136,0.018879922968,0.019775019265,-0.000895096297
2018,T1_no_point_shrinkage_raked,1137,0.018872113730,0.019775019265,-0.000902905535
2018,T1_no_point_shrinkage_raked,1138,0.019041742480,0.019775019265,-0.000733276785
2018,T1_no_point_shrinkage_raked,1139,0.019154690509,0.019775019265,-0.000620328756
2018,T1_no_point_shrinkage_raked,1140,0.019087417165,0.019775019265,-0.000687602101
2018,T1_no_point_shrinkage_raked,1141,0.018988066262,0.019775019265,-0.000786953003
2018,T1_no_point_shrinkage_raked,1142,0.018938987831,0.019775019265,-0.000836031435
2018,T1_no_point_shrinkage_raked,1143,0.018963861050,0.019775019265,-0.000811158216
2018,T1_no_point_shrinkage_raked,1144,0.018788165108,0.019775019265,-0.000986854157
2018,T1_no_point_shrinkage_raked,1145,0.018861024564,0.019775019265,-0.000913994701
2018,T1_no_point_shrinkage_raked,1146,0.018934828903,0.019775019265,-0.000840190363
2018,T1_no_point_shrinkage_raked,1147,0.018935906435,0.019775019265,-0.000839112831
2018,T1_no_point_shrinkage_raked,1148,0.019034334816,0.019775019265,-0.000740684449
2018,T1_no_point_shrinkage_raked,1149,0.019125847981,0.019775019265,-0.000649171284
2018,T1_no_point_shrinkage_raked,1150,0.018981674214,0.019775019265,-0.000793345052
2018,T1_no_point_shrinkage_raked,1151,0.018930363520,0.019775019265,-0.000844655746
2018,T1_no_point_shrinkage_raked,1152,0.019075643044,0.019775019265,-0.000699376222
2018,T1_no_point_shrinkage_raked,1153,0.019024811494,0.019775019265,-0.000750207771
2018,T1_no_point_shrinkage_raked,1154,0.019081409079,0.019775019265,-0.000693610186
2018,T1_no_point_shrinkage_raked,1155,0.019231987224,0.019775019265,-0.000543032041
2018,T1_no_point_shrinkage_raked,1156,0.019051968235,0.019775019265,-0.000723051031
2018,T1_no_point_shrinkage_raked,1157,0.018950583484,0.019775019265,-0.000824435782
2018,T1_no_point_shrinkage_raked,1158,0.018785351841,0.019775019265,-0.000989667424
2018,T1_no_point_shrinkage_raked,1159,0.018917167401,0.019775019265,-0.000857851864
2018,T1_no_point_shrinkage_raked,1160,0.018991634424,0.019775019265,-0.000783384842
2018,T1_no_point_shrinkage_raked,1161,0.019053408537,0.019775019265,-0.000721610728
2018,T1_no_point_shrinkage_raked,1162,0.018919062425,0.019775019265,-0.000855956841
2018,T1_no_point_shrinkage_raked,1163,0.019333676591,0.019775019265,-0.000441342674
2018,T1_no_point_shrinkage_raked,1164,0.018908796240,0.019775019265,-0.000866223025
2018,T1_no_point_shrinkage_raked,1165,0.019112144547,0.019775019265,-0.000662874719
2018,T1_no_point_shrinkage_raked,1166,0.018973960932,0.019775019265,-0.000801058334
2018,T1_no_point_shrinkage_raked,1167,0.018912010546,0.019775019265,-0.000863008720
2018,T1_no_point_shrinkage_raked,1168,0.019102187857,0.019775019265,-0.000672831409
2018,T1_no_point_shrinkage_raked,1169,0.018921744668,0.019775019265,-0.000853274598
2018,T1_no_point_shrinkage_raked,1170,0.018974274862,0.019775019265,-0.000800744403
2018,T1_no_point_shrinkage_raked,1171,0.018935092694,0.019775019265,-0.000839926572
2018,T1_no_point_shrinkage_raked,1172,0.018937441661,0.019775019265,-0.000837577604
2018,T1_no_point_shrinkage_raked,1173,0.018937920972,0.019775019265,-0.000837098293
2018,T1_no_point_shrinkage_raked,1174,0.018979899670,0.019775019265,-0.000795119595
2018,T1_no_point_shrinkage_raked,1175,0.018904259467,0.019775019265,-0.000870759798
2018,T1_no_point_shrinkage_raked,1176,0.019085415628,0.019775019265,-0.000689603638
2018,T1_no_point_shrinkage_raked,1177,0.018944749093,0.019775019265,-0.000830270172
2018,T1_no_point_shrinkage_raked,1178,0.018935137726,0.019775019265,-0.000839881540
2018,T1_no_point_shrinkage_raked,1179,0.019032335548,0.019775019265,-0.000742683717
2018,T1_no_point_shrinkage_raked,1180,0.018968595777,0.019775019265,-0.000806423488
2018,T1_no_point_shrinkage_raked,1181,0.019163362886,0.019775019265,-0.000611656380
2018,T1_no_point_shrinkage_raked,1182,0.019065901061,0.019775019265,-0.000709118205
2018,T1_no_point_shrinkage_raked,1183,0.019078322074,0.019775019265,-0.000696697192
2018,T1_no_point_shrinkage_raked,1184,0.019005141351,0.019775019265,-0.000769877914
2018,T1_no_point_shrinkage_raked,1185,0.018963331220,0.019775019265,-0.000811688046
2018,T1_no_point_shrinkage_raked,1186,0.018886376134,0.019775019265,-0.000888643131
2018,T1_no_point_shrinkage_raked,1187,0.018986877806,0.019775019265,-0.000788141460
2018,T1_no_point_shrinkage_raked,1188,0.018872119097,0.019775019265,-0.000902900168
2018,T1_no_point_shrinkage_raked,1189,0.019083366479,0.019775019265,-0.000691652787
2018,T1_no_point_shrinkage_raked,1190,0.018967906667,0.019775019265,-0.000807112599
2018,T1_no_point_shrinkage_raked,1191,0.019074050785,0.019775019265,-0.000700968481
2018,T1_no_point_shrinkage_raked,1192,0.019081795237,0.019775019265,-0.000693224029
2018,T1_no_point_shrinkage_raked,1193,0.018944362589,0.019775019265,-0.000830656677
2018,T1_no_point_shrinkage_raked,1194,0.018969168956,0.019775019265,-0.000805850310
2018,T1_no_point_shrinkage_raked,1195,0.018951266498,0.019775019265,-0.000823752768
2018,T1_no_point_shrinkage_raked,1196,0.018894942810,0.019775019265,-0.000880076456
2018,T1_no_point_shrinkage_raked,1197,0.019134626500,0.019775019265,-0.000640392765
2018,T1_no_point_shrinkage_raked,1198,0.019285282370,0.019775019265,-0.000489736895
2018,T1_no_point_shrinkage_raked,1199,0.018902789261,0.019775019265,-0.000872230005
2018,T1_no_point_shrinkage_raked,1200,0.018994415533,0.019775019265,-0.000780603733
2018,T1_no_point_shrinkage_raked,1201,0.019008623653,0.019775019265,-0.000766395612
2018,T1_no_point_shrinkage_raked,1202,0.018983639142,0.019775019265,-0.000791380123
2018,T1_no_point_shrinkage_raked,1203,0.018969564729,0.019775019265,-0.000805454537
2018,T1_no_point_shrinkage_raked,1204,0.019186314824,0.019775019265,-0.000588704442
2018,T1_no_point_shrinkage_raked,1205,0.018847460564,0.019775019265,-0.000927558701
2018,T1_no_point_shrinkage_raked,1206,0.019121738749,0.019775019265,-0.000653280517
2018,T1_no_point_shrinkage_raked,1207,0.019069936562,0.019775019265,-0.000705082703
2018,T1_no_point_shrinkage_raked,1208,0.018960363775,0.019775019265,-0.000814655491
2018,T1_no_point_shrinkage_raked,1209,0.018894257983,0.019775019265,-0.000880761283
2018,T1_no_point_shrinkage_raked,1210,0.018903975454,0.019775019265,-0.000871043811
2018,T1_no_point_shrinkage_raked,1211,0.018912495963,0.019775019265,-0.000862523302
2018,T1_no_point_shrinkage_raked,1212,0.019112924104,0.019775019265,-0.000662095161
2018,T1_no_point_shrinkage_raked,1213,0.018978269002,0.019775019265,-0.000796750263
2018,T1_no_point_shrinkage_raked,1214,0.018938889229,0.019775019265,-0.000836130036
2018,T1_no_point_shrinkage_raked,1215,0.018929159934,0.019775019265,-0.000845859332
2018,T1_no_point_shrinkage_raked,1216,0.018981255005,0.019775019265,-0.000793764261
2018,T1_no_point_shrinkage_raked,1217,0.018919896614,0.019775019265,-0.000855122651
2018,T1_no_point_shrinkage_raked,1218,0.019099381324,0.019775019265,-0.000675637942
2018,T1_no_point_shrinkage_raked,1219,0.018822417585,0.019775019265,-0.000952601681
2018,T1_no_point_shrinkage_raked,1220,0.018861755926,0.019775019265,-0.000913263340
2018,T1_no_point_shrinkage_raked,1221,0.019083879293,0.019775019265,-0.000691139973
2018,T1_no_point_shrinkage_raked,1222,0.018907758625,0.019775019265,-0.000867260641
2018,T1_no_point_shrinkage_raked,1223,0.019127569857,0.019775019265,-0.000647449408
2018,T1_no_point_shrinkage_raked,1224,0.019130039188,0.019775019265,-0.000644980078
2018,T1_no_point_shrinkage_raked,1225,0.019018412157,0.019775019265,-0.000756607108
2018,T1_no_point_shrinkage_raked,1226,0.018994935117,0.019775019265,-0.000780084149
2018,T1_no_point_shrinkage_raked,1227,0.019207330939,0.019775019265,-0.000567688326
2018,T1_no_point_shrinkage_raked,1228,0.019065286545,0.019775019265,-0.000709732720
2018,T1_no_point_shrinkage_raked,1229,0.018981353077,0.019775019265,-0.000793666189
2018,T1_no_point_shrinkage_raked,1230,0.019059698454,0.019775019265,-0.000715320811
2018,T1_no_point_shrinkage_raked,1231,0.019031835639,0.019775019265,-0.000743183626
2018,T1_no_point_shrinkage_raked,1232,0.018939685437,0.019775019265,-0.000835333828
2018,T1_no_point_shrinkage_raked,1233,0.018915069277,0.019775019265,-0.000859949988
2018,T1_no_point_shrinkage_raked,1234,0.019223611219,0.019775019265,-0.000551408047
2018,T1_no_point_shrinkage_raked,1235,0.018892962849,0.019775019265,-0.000882056417
2018,T1_no_point_shrinkage_raked,1236,0.018902703236,0.019775019265,-0.000872316029
2018,T1_no_point_shrinkage_raked,1237,0.019052657718,0.019775019265,-0.000722361547
2018,T1_no_point_shrinkage_raked,1238,0.019034763208,0.019775019265,-0.000740256057
2018,T1_no_point_shrinkage_raked,1239,0.018872291928,0.019775019265,-0.000902727337
2018,T1_no_point_shrinkage_raked,1240,0.019019744205,0.019775019265,-0.000755275060
2018,T1_no_point_shrinkage_raked,1241,0.018996803187,0.019775019265,-0.000778216078
2018,T1_no_point_shrinkage_raked,1242,0.018853999527,0.019775019265,-0.000921019738
2018,T1_no_point_shrinkage_raked,1243,0.019018560360,0.019775019265,-0.000756458906
2018,T1_no_point_shrinkage_raked,1244,0.019164104962,0.019775019265,-0.000610914303
2018,T1_no_point_shrinkage_raked,1245,0.018912497903,0.019775019265,-0.000862521363
2018,T1_no_point_shrinkage_raked,1246,0.019151502090,0.019775019265,-0.000623517175
2018,T1_no_point_shrinkage_raked,1247,0.018832360331,0.019775019265,-0.000942658934
2018,T1_no_point_shrinkage_raked,1248,0.019045954288,0.019775019265,-0.000729064977
2018,T1_no_point_shrinkage_raked,1249,0.018980154331,0.019775019265,-0.000794864934
2018,T1_no_point_shrinkage_raked,1250,0.019186070625,0.019775019265,-0.000588948640
2018,T1_no_point_shrinkage_raked,1251,0.018945786666,0.019775019265,-0.000829232600
2018,T1_no_point_shrinkage_raked,1252,0.019069835215,0.019775019265,-0.000705184050
2018,T1_no_point_shrinkage_raked,1253,0.019128755743,0.019775019265,-0.000646263522
2018,T1_no_point_shrinkage_raked,1254,0.018836224356,0.019775019265,-0.000938794910
2018,T1_no_point_shrinkage_raked,1255,0.019034943106,0.019775019265,-0.000740076159
2018,T1_no_point_shrinkage_raked,1256,0.019055376192,0.019775019265,-0.000719643073
2018,T1_no_point_shrinkage_raked,1257,0.018982224029,0.019775019265,-0.000792795236
2018,T1_no_point_shrinkage_raked,1258,0.019068590165,0.019775019265,-0.000706429100
2018,T1_no_point_shrinkage_raked,1259,0.018851939355,0.019775019265,-0.000923079910
2018,T1_no_point_shrinkage_raked,1260,0.019211147431,0.019775019265,-0.000563871834
2018,T1_no_point_shrinkage_raked,1261,0.019283339471,0.019775019265,-0.000491679795
2018,T1_no_point_shrinkage_raked,1262,0.019137149703,0.019775019265,-0.000637869563
2018,T1_no_point_shrinkage_raked,1263,0.019047929675,0.019775019265,-0.000727089590
2018,T1_no_point_shrinkage_raked,1264,0.018971263165,0.019775019265,-0.000803756101
2018,T1_no_point_shrinkage_raked,1265,0.019134611819,0.019775019265,-0.000640407446
2018,T1_no_point_shrinkage_raked,1266,0.019042335305,0.019775019265,-0.000732683961
2018,T1_no_point_shrinkage_raked,1267,0.019087317761,0.019775019265,-0.000687701505
2018,T1_no_point_shrinkage_raked,1268,0.019269612233,0.019775019265,-0.000505407032
2018,T1_no_point_shrinkage_raked,1269,0.019029375973,0.019775019265,-0.000745643292
2018,T1_no_point_shrinkage_raked,1270,0.019141250754,0.019775019265,-0.000633768511
2018,T1_no_point_shrinkage_raked,1271,0.019013144640,0.019775019265,-0.000761874625
2018,T1_no_point_shrinkage_raked,1272,0.018759373939,0.019775019265,-0.001015645326
2018,T1_no_point_shrinkage_raked,1273,0.019023510574,0.019775019265,-0.000751508691
2018,T1_no_point_shrinkage_raked,1274,0.018969248048,0.019775019265,-0.000805771217
2018,T1_no_point_shrinkage_raked,1275,0.018891385518,0.019775019265,-0.000883633748
2018,T1_no_point_shrinkage_raked,1276,0.019021518801,0.019775019265,-0.000753500465
2018,T1_no_point_shrinkage_raked,1277,0.018963381662,0.019775019265,-0.000811637603
2018,T1_no_point_shrinkage_raked,1278,0.018876658217,0.019775019265,-0.000898361048
2018,T1_no_point_shrinkage_raked,1279,0.019022447029,0.019775019265,-0.000752572237
2018,T1_no_point_shrinkage_raked,1280,0.019167573976,0.019775019265,-0.000607445289
2018,T1_no_point_shrinkage_raked,1281,0.018997428680,0.019775019265,-0.000777590586
2018,T1_no_point_shrinkage_raked,1282,0.018871771610,0.019775019265,-0.000903247655
2018,T1_no_point_shrinkage_raked,1283,0.019141515045,0.019775019265,-0.000633504220
2018,T1_no_point_shrinkage_raked,1284,0.018983094010,0.019775019265,-0.000791925255
2018,T1_no_point_shrinkage_raked,1285,0.018871328885,0.019775019265,-0.000903690381
2018,T1_no_point_shrinkage_raked,1286,0.018931455586,0.019775019265,-0.000843563679
2018,T1_no_point_shrinkage_raked,1287,0.018838356045,0.019775019265,-0.000936663221
2018,T1_no_point_shrinkage_raked,1288,0.018929107905,0.019775019265,-0.000845911361
2018,T1_no_point_shrinkage_raked,1289,0.019022640432,0.019775019265,-0.000752378833
2018,T1_no_point_shrinkage_raked,1290,0.019118023970,0.019775019265,-0.000656995295
2018,T1_no_point_shrinkage_raked,1291,0.018916007248,0.019775019265,-0.000859012017
2018,T1_no_point_shrinkage_raked,1292,0.018924580751,0.019775019265,-0.000850438514
2018,T1_no_point_shrinkage_raked,1293,0.019005095575,0.019775019265,-0.000769923690
2018,T1_no_point_shrinkage_raked,1294,0.019152628529,0.019775019265,-0.000622390737
2018,T1_no_point_shrinkage_raked,1295,0.019078396228,0.019775019265,-0.000696623038
2018,T1_no_point_shrinkage_raked,1296,0.018903747556,0.019775019265,-0.000871271710
2018,T1_no_point_shrinkage_raked,1297,0.019072336562,0.019775019265,-0.000702682704
2018,T1_no_point_shrinkage_raked,1298,0.018892903264,0.019775019265,-0.000882116001
2018,T1_no_point_shrinkage_raked,1299,0.019179481454,0.019775019265,-0.000595537811
2018,T1_no_point_shrinkage_raked,1300,0.018939993451,0.019775019265,-0.000835025815
2018,T1_no_point_shrinkage_raked,1301,0.019241096130,0.019775019265,-0.000533923136
2018,T1_no_point_shrinkage_raked,1302,0.019076922851,0.019775019265,-0.000698096415
2018,T1_no_point_shrinkage_raked,1303,0.018908480939,0.019775019265,-0.000866538326
2018,T1_no_point_shrinkage_raked,1304,0.019253297778,0.019775019265,-0.000521721487
2018,T1_no_point_shrinkage_raked,1305,0.019037771479,0.019775019265,-0.000737247786
2018,T1_no_point_shrinkage_raked,1306,0.019103816332,0.019775019265,-0.000671202933
2018,T1_no_point_shrinkage_raked,1307,0.018959654542,0.019775019265,-0.000815364724
2018,T1_no_point_shrinkage_raked,1308,0.018966958155,0.019775019265,-0.000808061110
2018,T1_no_point_shrinkage_raked,1309,0.019064998658,0.019775019265,-0.000710020607
2018,T1_no_point_shrinkage_raked,1310,0.019057488543,0.019775019265,-0.000717530722
2018,T1_no_point_shrinkage_raked,1311,0.018836566546,0.019775019265,-0.000938452720
2018,T1_no_point_shrinkage_raked,1312,0.018869181341,0.019775019265,-0.000905837924
2018,T1_no_point_shrinkage_raked,1313,0.019218289457,0.019775019265,-0.000556729808
2018,T1_no_point_shrinkage_raked,1314,0.018974125153,0.019775019265,-0.000800894112
2018,T1_no_point_shrinkage_raked,1315,0.018847094226,0.019775019265,-0.000927925040
2018,T1_no_point_shrinkage_raked,1316,0.019071601173,0.019775019265,-0.000703418092
2018,T1_no_point_shrinkage_raked,1317,0.019112586371,0.019775019265,-0.000662432894
2018,T1_no_point_shrinkage_raked,1318,0.018826066034,0.019775019265,-0.000948953231
2018,T1_no_point_shrinkage_raked,1319,0.018981385547,0.019775019265,-0.000793633718
2018,T1_no_point_shrinkage_raked,1320,0.018920250796,0.019775019265,-0.000854768470
2018,T1_no_point_shrinkage_raked,1321,0.018986696340,0.019775019265,-0.000788322925
2018,T1_no_point_shrinkage_raked,1322,0.019171270032,0.019775019265,-0.000603749234
2018,T1_no_point_shrinkage_raked,1323,0.018968858844,0.019775019265,-0.000806160421
2018,T1_no_point_shrinkage_raked,1324,0.018964577579,0.019775019265,-0.000810441687
2018,T1_no_point_shrinkage_raked,1325,0.018997667034,0.019775019265,-0.000777352231
2018,T1_no_point_shrinkage_raked,1326,0.019099191778,0.019775019265,-0.000675827488
2018,T1_no_point_shrinkage_raked,1327,0.018952491196,0.019775019265,-0.000822528069
2018,T1_no_point_shrinkage_raked,1328,0.018808078872,0.019775019265,-0.000966940393
2018,T1_no_point_shrinkage_raked,1329,0.019002800416,0.019775019265,-0.000772218849
2018,T1_no_point_shrinkage_raked,1330,0.019043496957,0.019775019265,-0.000731522309
2018,T1_no_point_shrinkage_raked,1331,0.019020510588,0.019775019265,-0.000754508677
2018,T1_no_point_shrinkage_raked,1332,0.019108852987,0.019775019265,-0.000666166278
2018,T1_no_point_shrinkage_raked,1333,0.019033105161,0.019775019265,-0.000741914104
2018,T1_no_point_shrinkage_raked,1334,0.019060476949,0.019775019265,-0.000714542317
2018,T1_no_point_shrinkage_raked,1335,0.018920880627,0.019775019265,-0.000854138639
2018,T1_no_point_shrinkage_raked,1336,0.018904155943,0.019775019265,-0.000870863323
2018,T1_no_point_shrinkage_raked,1337,0.019020190081,0.019775019265,-0.000754829184
2018,T1_no_point_shrinkage_raked,1338,0.019076660638,0.019775019265,-0.000698358627
2018,T1_no_point_shrinkage_raked,1339,0.018980139687,0.019775019265,-0.000794879579
2018,T1_no_point_shrinkage_raked,1340,0.018997161755,0.019775019265,-0.000777857510
2018,T1_no_point_shrinkage_raked,1341,0.019072205196,0.019775019265,-0.000702814070
2018,T1_no_point_shrinkage_raked,1342,0.018987978006,0.019775019265,-0.000787041260
2018,T1_no_point_shrinkage_raked,1343,0.019023379863,0.019775019265,-0.000751639403
2018,T1_no_point_shrinkage_raked,1344,0.018899457616,0.019775019265,-0.000875561649
2018,T1_no_point_shrinkage_raked,1345,0.019259243838,0.019775019265,-0.000515775427
2018,T1_no_point_shrinkage_raked,1346,0.019088092333,0.019775019265,-0.000686926932
2018,T1_no_point_shrinkage_raked,1347,0.018900773378,0.019775019265,-0.000874245887
2018,T1_no_point_shrinkage_raked,1348,0.019061861859,0.019775019265,-0.000713157407
2018,T1_no_point_shrinkage_raked,1349,0.019176760275,0.019775019265,-0.000598258991
2018,T1_no_point_shrinkage_raked,1350,0.019097024069,0.019775019265,-0.000677995197
2018,T1_no_point_shrinkage_raked,1351,0.019090736640,0.019775019265,-0.000684282626
2018,T1_no_point_shrinkage_raked,1352,0.019081951580,0.019775019265,-0.000693067685
2018,T1_no_point_shrinkage_raked,1353,0.018854556689,0.019775019265,-0.000920462577
2018,T1_no_point_shrinkage_raked,1354,0.019109490015,0.019775019265,-0.000665529250
2018,T1_no_point_shrinkage_raked,1355,0.019053261998,0.019775019265,-0.000721757267
2018,T1_no_point_shrinkage_raked,1356,0.019265290742,0.019775019265,-0.000509728524
2018,T1_no_point_shrinkage_raked,1357,0.019014381272,0.019775019265,-0.000760637993
2018,T1_no_point_shrinkage_raked,1358,0.019009490231,0.019775019265,-0.000765529035
2018,T1_no_point_shrinkage_raked,1359,0.019141459570,0.019775019265,-0.000633559696
2018,T1_no_point_shrinkage_raked,1360,0.018976593858,0.019775019265,-0.000798425407
2018,T1_no_point_shrinkage_raked,1361,0.019116284579,0.019775019265,-0.000658734686
2018,T1_no_point_shrinkage_raked,1362,0.019073003995,0.019775019265,-0.000702015271
2018,T1_no_point_shrinkage_raked,1363,0.019213491372,0.019775019265,-0.000561527893
2018,T1_no_point_shrinkage_raked,1364,0.018796383442,0.019775019265,-0.000978635823
2018,T1_no_point_shrinkage_raked,1365,0.019030218168,0.019775019265,-0.000744801098
2018,T1_no_point_shrinkage_raked,1366,0.018982983588,0.019775019265,-0.000792035677
2018,T1_no_point_shrinkage_raked,1367,0.019292767307,0.019775019265,-0.000482251958
2018,T1_no_point_shrinkage_raked,1368,0.018826033387,0.019775019265,-0.000948985878
2018,T1_no_point_shrinkage_raked,1369,0.019168436489,0.019775019265,-0.000606582777
2018,T1_no_point_shrinkage_raked,1370,0.018815545136,0.019775019265,-0.000959474130
2018,T1_no_point_shrinkage_raked,1371,0.019107949661,0.019775019265,-0.000667069605
2018,T1_no_point_shrinkage_raked,1372,0.019056678113,0.019775019265,-0.000718341153
2018,T1_no_point_shrinkage_raked,1373,0.019035376930,0.019775019265,-0.000739642335
2018,T1_no_point_shrinkage_raked,1374,0.018906306566,0.019775019265,-0.000868712699
2018,T1_no_point_shrinkage_raked,1375,0.018923333169,0.019775019265,-0.000851686096
2018,T1_no_point_shrinkage_raked,1376,0.019117267782,0.019775019265,-0.000657751484
2018,T1_no_point_shrinkage_raked,1377,0.019126584200,0.019775019265,-0.000648435066
2018,T1_no_point_shrinkage_raked,1378,0.019150608531,0.019775019265,-0.000624410735
2018,T1_no_point_shrinkage_raked,1379,0.019138858025,0.019775019265,-0.000636161240
2018,T1_no_point_shrinkage_raked,1380,0.018965467794,0.019775019265,-0.000809551471
2018,T1_no_point_shrinkage_raked,1381,0.019032793529,0.019775019265,-0.000742225736
2018,T1_no_point_shrinkage_raked,1382,0.019186970443,0.019775019265,-0.000588048823
2018,T1_no_point_shrinkage_raked,1383,0.019138419367,0.019775019265,-0.000636599898
2018,T1_no_point_shrinkage_raked,1384,0.018932647183,0.019775019265,-0.000842372083
2018,T1_no_point_shrinkage_raked,1385,0.018924237919,0.019775019265,-0.000850781346
2018,T1_no_point_shrinkage_raked,1386,0.018893160840,0.019775019265,-0.000881858425
2018,T1_no_point_shrinkage_raked,1387,0.019043762398,0.019775019265,-0.000731256868
2018,T1_no_point_shrinkage_raked,1388,0.019340248040,0.019775019265,-0.000434771226
2018,T1_no_point_shrinkage_raked,1389,0.018922304784,0.019775019265,-0.000852714481
2018,T1_no_point_shrinkage_raked,1390,0.019244458511,0.019775019265,-0.000530560754
2018,T1_no_point_shrinkage_raked,1391,0.018886945990,0.019775019265,-0.000888073276
2018,T1_no_point_shrinkage_raked,1392,0.018954392230,0.019775019265,-0.000820627035
2018,T1_no_point_shrinkage_raked,1393,0.019030120891,0.019775019265,-0.000744898374
2018,T1_no_point_shrinkage_raked,1394,0.018822085686,0.019775019265,-0.000952933580
2018,T1_no_point_shrinkage_raked,1395,0.019123776482,0.019775019265,-0.000651242783
2018,T1_no_point_shrinkage_raked,1396,0.018987990537,0.019775019265,-0.000787028729
2018,T1_no_point_shrinkage_raked,1397,0.018983196592,0.019775019265,-0.000791822674
2018,T1_no_point_shrinkage_raked,1398,0.018925450443,0.019775019265,-0.000849568823
2018,T1_no_point_shrinkage_raked,1399,0.019097273903,0.019775019265,-0.000677745362
2018,T1_no_point_shrinkage_raked,1400,0.019138920446,0.019775019265,-0.000636098819
2018,T1_no_point_shrinkage_raked,1401,0.018970007959,0.019775019265,-0.000805011306
2018,T1_no_point_shrinkage_raked,1402,0.018931897337,0.019775019265,-0.000843121928
2018,T1_no_point_shrinkage_raked,1403,0.018928430056,0.019775019265,-0.000846589209
2018,T1_no_point_shrinkage_raked,1404,0.019069393305,0.019775019265,-0.000705625960
2018,T1_no_point_shrinkage_raked,1405,0.019240595117,0.019775019265,-0.000534424149
2018,T1_no_point_shrinkage_raked,1406,0.019125693703,0.019775019265,-0.000649325562
2018,T1_no_point_shrinkage_raked,1407,0.018884491350,0.019775019265,-0.000890527916
2018,T1_no_point_shrinkage_raked,1408,0.019052969800,0.019775019265,-0.000722049465
2018,T1_no_point_shrinkage_raked,1409,0.018964127902,0.019775019265,-0.000810891364
2018,T1_no_point_shrinkage_raked,1410,0.018973648745,0.019775019265,-0.000801370520
2018,T1_no_point_shrinkage_raked,1411,0.019153078329,0.019775019265,-0.000621940936
2018,T1_no_point_shrinkage_raked,1412,0.019018347278,0.019775019265,-0.000756671988
2018,T1_no_point_shrinkage_raked,1413,0.018999657934,0.019775019265,-0.000775361331
2018,T1_no_point_shrinkage_raked,1414,0.018995013743,0.019775019265,-0.000780005523
2018,T1_no_point_shrinkage_raked,1415,0.019055081005,0.019775019265,-0.000719938260
2018,T1_no_point_shrinkage_raked,1416,0.018884847954,0.019775019265,-0.000890171311
2018,T1_no_point_shrinkage_raked,1417,0.018993530509,0.019775019265,-0.000781488757
2018,T1_no_point_shrinkage_raked,1418,0.019082204301,0.019775019265,-0.000692814964
2018,T1_no_point_shrinkage_raked,1419,0.018967824796,0.019775019265,-0.000807194469
2018,T1_no_point_shrinkage_raked,1420,0.019240536369,0.019775019265,-0.000534482897
2018,T1_no_point_shrinkage_raked,1421,0.019166213670,0.019775019265,-0.000608805596
2018,T1_no_point_shrinkage_raked,1422,0.018966866847,0.019775019265,-0.000808152418
2018,T1_no_point_shrinkage_raked,1423,0.019008848028,0.019775019265,-0.000766171237
2018,T1_no_point_shrinkage_raked,1424,0.019026197216,0.019775019265,-0.000748822049
2018,T1_no_point_shrinkage_raked,1425,0.019067153926,0.019775019265,-0.000707865339
2018,T1_no_point_shrinkage_raked,1426,0.019084716094,0.019775019265,-0.000690303171
2018,T1_no_point_shrinkage_raked,1427,0.019057373521,0.019775019265,-0.000717645745
2018,T1_no_point_shrinkage_raked,1428,0.019025209512,0.019775019265,-0.000749809753
2018,T1_no_point_shrinkage_raked,1429,0.018974633880,0.019775019265,-0.000800385385
2018,T1_no_point_shrinkage_raked,1430,0.019117839435,0.019775019265,-0.000657179830
2018,T1_no_point_shrinkage_raked,1431,0.019186484281,0.019775019265,-0.000588534985
2018,T1_no_point_shrinkage_raked,1432,0.018880520008,0.019775019265,-0.000894499257
2018,T1_no_point_shrinkage_raked,1433,0.018941228240,0.019775019265,-0.000833791025
2018,T1_no_point_shrinkage_raked,1434,0.018939736196,0.019775019265,-0.000835283069
2018,T1_no_point_shrinkage_raked,1435,0.019103654987,0.019775019265,-0.000671364278
2018,T1_no_point_shrinkage_raked,1436,0.019026633760,0.019775019265,-0.000748385506
2018,T1_no_point_shrinkage_raked,1437,0.018890969769,0.019775019265,-0.000884049496
2018,T1_no_point_shrinkage_raked,1438,0.019046173635,0.019775019265,-0.000728845631
2018,T1_no_point_shrinkage_raked,1439,0.018971441208,0.019775019265,-0.000803578057
2018,T1_no_point_shrinkage_raked,1440,0.018969043143,0.019775019265,-0.000805976123
2018,T1_no_point_shrinkage_raked,1441,0.018862756672,0.019775019265,-0.000912262593
2018,T1_no_point_shrinkage_raked,1442,0.019109563212,0.019775019265,-0.000665456054
2018,T1_no_point_shrinkage_raked,1443,0.019181906275,0.019775019265,-0.000593112991
2018,T1_no_point_shrinkage_raked,1444,0.019051445698,0.019775019265,-0.000723573567
2018,T1_no_point_shrinkage_raked,1445,0.019225569894,0.019775019265,-0.000549449372
2018,T1_no_point_shrinkage_raked,1446,0.019022126983,0.019775019265,-0.000752892282
2018,T1_no_point_shrinkage_raked,1447,0.018891532971,0.019775019265,-0.000883486294
2018,T1_no_point_shrinkage_raked,1448,0.019128967045,0.019775019265,-0.000646052220
2018,T1_no_point_shrinkage_raked,1449,0.019277606875,0.019775019265,-0.000497412390
2018,T1_no_point_shrinkage_raked,1450,0.019192051531,0.019775019265,-0.000582967735
2018,T1_no_point_shrinkage_raked,1451,0.019217059911,0.019775019265,-0.000557959354
2018,T1_no_point_shrinkage_raked,1452,0.018932365571,0.019775019265,-0.000842653695
2018,T1_no_point_shrinkage_raked,1453,0.019149778995,0.019775019265,-0.000625240271
2018,T1_no_point_shrinkage_raked,1454,0.018877602838,0.019775019265,-0.000897416427
2018,T1_no_point_shrinkage_raked,1455,0.019068421976,0.019775019265,-0.000706597289
2018,T1_no_point_shrinkage_raked,1456,0.018966058849,0.019775019265,-0.000808960416
2018,T1_no_point_shrinkage_raked,1457,0.019021911415,0.019775019265,-0.000753107850
2018,T1_no_point_shrinkage_raked,1458,0.018971442659,0.019775019265,-0.000803576607
2018,T1_no_point_shrinkage_raked,1459,0.018947949281,0.019775019265,-0.000827069985
2018,T1_no_point_shrinkage_raked,1460,0.018903804206,0.019775019265,-0.000871215060
2018,T1_no_point_shrinkage_raked,1461,0.018930310933,0.019775019265,-0.000844708332
2018,T1_no_point_shrinkage_raked,1462,0.019154688143,0.019775019265,-0.000620331123
2018,T1_no_point_shrinkage_raked,1463,0.018780752068,0.019775019265,-0.000994267198
2018,T1_no_point_shrinkage_raked,1464,0.018950412481,0.019775019265,-0.000824606785
2018,T1_no_point_shrinkage_raked,1465,0.018912988046,0.019775019265,-0.000862031219
2018,T1_no_point_shrinkage_raked,1466,0.019073321711,0.019775019265,-0.000701697555
2018,T1_no_point_shrinkage_raked,1467,0.019000492408,0.019775019265,-0.000774526857
2018,T1_no_point_shrinkage_raked,1468,0.018955442929,0.019775019265,-0.000819576337
2018,T1_no_point_shrinkage_raked,1469,0.019018195004,0.019775019265,-0.000756824262
2018,T1_no_point_shrinkage_raked,1470,0.019034519263,0.019775019265,-0.000740500002
2018,T1_no_point_shrinkage_raked,1471,0.019108489947,0.019775019265,-0.000666529318
2018,T1_no_point_shrinkage_raked,1472,0.018888913791,0.019775019265,-0.000886105474
2018,T1_no_point_shrinkage_raked,1473,0.019401489830,0.019775019265,-0.000373529435
2018,T1_no_point_shrinkage_raked,1474,0.019093545483,0.019775019265,-0.000681473782
2018,T1_no_point_shrinkage_raked,1475,0.018947247520,0.019775019265,-0.000827771745
2018,T1_no_point_shrinkage_raked,1476,0.018916029574,0.019775019265,-0.000858989692
2018,T1_no_point_shrinkage_raked,1477,0.019063624764,0.019775019265,-0.000711394502
2018,T1_no_point_shrinkage_raked,1478,0.018993248342,0.019775019265,-0.000781770923
2018,T1_no_point_shrinkage_raked,1479,0.019272938473,0.019775019265,-0.000502080792
2018,T1_no_point_shrinkage_raked,1480,0.019029937518,0.019775019265,-0.000745081747
2018,T1_no_point_shrinkage_raked,1481,0.019197394847,0.019775019265,-0.000577624419
2018,T1_no_point_shrinkage_raked,1482,0.019275159290,0.019775019265,-0.000499859975
2018,T1_no_point_shrinkage_raked,1483,0.018934783678,0.019775019265,-0.000840235588
2018,T1_no_point_shrinkage_raked,1484,0.019143382118,0.019775019265,-0.000631637147
2018,T1_no_point_shrinkage_raked,1485,0.018991441695,0.019775019265,-0.000783577571
2018,T1_no_point_shrinkage_raked,1486,0.018824326285,0.019775019265,-0.000950692981
2018,T1_no_point_shrinkage_raked,1487,0.019069367048,0.019775019265,-0.000705652217
2018,T1_no_point_shrinkage_raked,1488,0.019178098576,0.019775019265,-0.000596920690
2018,T1_no_point_shrinkage_raked,1489,0.019015819182,0.019775019265,-0.000759200083
2018,T1_no_point_shrinkage_raked,1490,0.019099612714,0.019775019265,-0.000675406551
2018,T1_no_point_shrinkage_raked,1491,0.018978395187,0.019775019265,-0.000796624078
2018,T1_no_point_shrinkage_raked,1492,0.019015683555,0.019775019265,-0.000759335710
2018,T1_no_point_shrinkage_raked,1493,0.019056698698,0.019775019265,-0.000718320567
2018,T1_no_point_shrinkage_raked,1494,0.018939431123,0.019775019265,-0.000835588143
2018,T1_no_point_shrinkage_raked,1495,0.018906929729,0.019775019265,-0.000868089536
2018,T1_no_point_shrinkage_raked,1496,0.018987706141,0.019775019265,-0.000787313124
2018,T1_no_point_shrinkage_raked,1497,0.018872073178,0.019775019265,-0.000902946087
2018,T1_no_point_shrinkage_raked,1498,0.018978747900,0.019775019265,-0.000796271365
2018,T1_no_point_shrinkage_raked,1499,0.019076059034,0.019775019265,-0.000698960231
2018,T1_no_point_shrinkage_raked,1500,0.019242313548,0.019775019265,-0.000532705718
2018,T1_no_point_shrinkage_raked,1501,0.019163529243,0.019775019265,-0.000611490022
2018,T1_no_point_shrinkage_raked,1502,0.019105981111,0.019775019265,-0.000669038154
2018,T1_no_point_shrinkage_raked,1503,0.018995297478,0.019775019265,-0.000779721788
2018,T1_no_point_shrinkage_raked,1504,0.018991359138,0.019775019265,-0.000783660127
2018,T1_no_point_shrinkage_raked,1505,0.019102457217,0.019775019265,-0.000672562048
2018,T1_no_point_shrinkage_raked,1506,0.018910101297,0.019775019265,-0.000864917969
2018,T1_no_point_shrinkage_raked,1507,0.018842900554,0.019775019265,-0.000932118711
2018,T1_no_point_shrinkage_raked,1508,0.018965058636,0.019775019265,-0.000809960629
2018,T1_no_point_shrinkage_raked,1509,0.019136281594,0.019775019265,-0.000638737672
2018,T1_no_point_shrinkage_raked,1510,0.019071792822,0.019775019265,-0.000703226443
2018,T1_no_point_shrinkage_raked,1511,0.018870527563,0.019775019265,-0.000904491703
2018,T1_no_point_shrinkage_raked,1512,0.019133802853,0.019775019265,-0.000641216413
2018,T1_no_point_shrinkage_raked,1513,0.018929136637,0.019775019265,-0.000845882629
2018,T1_no_point_shrinkage_raked,1514,0.019033424181,0.019775019265,-0.000741595084
2018,T1_no_point_shrinkage_raked,1515,0.019076665789,0.019775019265,-0.000698353476
2018,T1_no_point_shrinkage_raked,1516,0.019055904801,0.019775019265,-0.000719114465
2018,T1_no_point_shrinkage_raked,1517,0.019094123354,0.019775019265,-0.000680895912
2018,T1_no_point_shrinkage_raked,1518,0.018994472770,0.019775019265,-0.000780546495
2018,T1_no_point_shrinkage_raked,1519,0.018889035488,0.019775019265,-0.000885983777
2018,T1_no_point_shrinkage_raked,1520,0.018867072844,0.019775019265,-0.000907946421
2018,T1_no_point_shrinkage_raked,1521,0.018994564300,0.019775019265,-0.000780454966
2018,T1_no_point_shrinkage_raked,1522,0.018825025019,0.019775019265,-0.000949994247
2018,T1_no_point_shrinkage_raked,1523,0.018968914788,0.019775019265,-0.000806104477
2018,T1_no_point_shrinkage_raked,1524,0.019192626734,0.019775019265,-0.000582392532
2018,T1_no_point_shrinkage_raked,1525,0.019151722124,0.019775019265,-0.000623297141
2018,T1_no_point_shrinkage_raked,1526,0.019014084063,0.019775019265,-0.000760935203
2018,T1_no_point_shrinkage_raked,1527,0.019156160994,0.019775019265,-0.000618858271
2018,T1_no_point_shrinkage_raked,1528,0.019038425459,0.019775019265,-0.000736593806
2018,T1_no_point_shrinkage_raked,1529,0.019217099324,0.019775019265,-0.000557919941
2018,T1_no_point_shrinkage_raked,1530,0.018915424779,0.019775019265,-0.000859594487
2018,T1_no_point_shrinkage_raked,1531,0.019145471675,0.019775019265,-0.000629547591
2018,T1_no_point_shrinkage_raked,1532,0.019005957021,0.019775019265,-0.000769062245
2018,T1_no_point_shrinkage_raked,1533,0.018925230318,0.019775019265,-0.000849788948
2018,T1_no_point_shrinkage_raked,1534,0.018763450830,0.019775019265,-0.001011568435
2018,T1_no_point_shrinkage_raked,1535,0.019038809388,0.019775019265,-0.000736209878
2018,T1_no_point_shrinkage_raked,1536,0.018982215242,0.019775019265,-0.000792804023
2018,T1_no_point_shrinkage_raked,1537,0.019208588437,0.019775019265,-0.000566430828
2018,T1_no_point_shrinkage_raked,1538,0.019038876750,0.019775019265,-0.000736142515
2018,T1_no_point_shrinkage_raked,1539,0.019180318212,0.019775019265,-0.000594701053
2018,T1_no_point_shrinkage_raked,1540,0.019029453440,0.019775019265,-0.000745565826
2018,T1_no_point_shrinkage_raked,1541,0.019047545603,0.019775019265,-0.000727473663
2018,T1_no_point_shrinkage_raked,1542,0.019054492017,0.019775019265,-0.000720527248
2018,T1_no_point_shrinkage_raked,1543,0.019010988052,0.019775019265,-0.000764031214
2018,T1_no_point_shrinkage_raked,1544,0.019046753177,0.019775019265,-0.000728266089
2018,T1_no_point_shrinkage_raked,1545,0.018982162596,0.019775019265,-0.000792856670
2018,T1_no_point_shrinkage_raked,1546,0.019104964017,0.019775019265,-0.000670055248
2018,T1_no_point_shrinkage_raked,1547,0.018866997332,0.019775019265,-0.000908021933
2018,T1_no_point_shrinkage_raked,1548,0.018913555225,0.019775019265,-0.000861464041
2018,T1_no_point_shrinkage_raked,1549,0.018740905702,0.019775019265,-0.001034113564
2018,T1_no_point_shrinkage_raked,1550,0.019051870553,0.019775019265,-0.000723148712
2018,T1_no_point_shrinkage_raked,1551,0.019402577386,0.019775019265,-0.000372441879
2018,T1_no_point_shrinkage_raked,1552,0.018943684334,0.019775019265,-0.000831334931
2018,T1_no_point_shrinkage_raked,1553,0.019017112061,0.019775019265,-0.000757907204
2018,T1_no_point_shrinkage_raked,1554,0.019024286684,0.019775019265,-0.000750732582
2018,T1_no_point_shrinkage_raked,1555,0.019189479823,0.019775019265,-0.000585539443
2018,T1_no_point_shrinkage_raked,1556,0.018967224261,0.019775019265,-0.000807795004
2018,T1_no_point_shrinkage_raked,1557,0.019275365876,0.019775019265,-0.000499653390
2018,T1_no_point_shrinkage_raked,1558,0.018815705141,0.019775019265,-0.000959314124
2018,T1_no_point_shrinkage_raked,1559,0.019026796665,0.019775019265,-0.000748222601
2018,T1_no_point_shrinkage_raked,1560,0.019101620203,0.019775019265,-0.000673399062
2018,T1_no_point_shrinkage_raked,1561,0.018911147996,0.019775019265,-0.000863871270
2018,T1_no_point_shrinkage_raked,1562,0.018997484434,0.019775019265,-0.000777534832
2018,T1_no_point_shrinkage_raked,1563,0.019090482698,0.019775019265,-0.000684536567
2018,T1_no_point_shrinkage_raked,1564,0.019000581891,0.019775019265,-0.000774437375
2018,T1_no_point_shrinkage_raked,1565,0.019009583982,0.019775019265,-0.000765435283
2018,T1_no_point_shrinkage_raked,1566,0.019143859604,0.019775019265,-0.000631159662
2018,T1_no_point_shrinkage_raked,1567,0.019071420862,0.019775019265,-0.000703598403
2018,T1_no_point_shrinkage_raked,1568,0.018926760355,0.019775019265,-0.000848258910
2018,T1_no_point_shrinkage_raked,1569,0.018789802856,0.019775019265,-0.000985216409
2018,T1_no_point_shrinkage_raked,1570,0.018853714735,0.019775019265,-0.000921304530
2018,T1_no_point_shrinkage_raked,1571,0.019071139964,0.019775019265,-0.000703879301
2018,T1_no_point_shrinkage_raked,1572,0.018916069937,0.019775019265,-0.000858949328
2018,T1_no_point_shrinkage_raked,1573,0.018834942382,0.019775019265,-0.000940076884
2018,T1_no_point_shrinkage_raked,1574,0.019001480576,0.019775019265,-0.000773538690
2018,T1_no_point_shrinkage_raked,1575,0.018966490019,0.019775019265,-0.000808529247
2018,T1_no_point_shrinkage_raked,1576,0.018884262247,0.019775019265,-0.000890757019
2018,T1_no_point_shrinkage_raked,1577,0.019030313508,0.019775019265,-0.000744705757
2018,T1_no_point_shrinkage_raked,1578,0.018998499810,0.019775019265,-0.000776519455
2018,T1_no_point_shrinkage_raked,1579,0.018961097572,0.019775019265,-0.000813921694
2018,T1_no_point_shrinkage_raked,1580,0.019015383070,0.019775019265,-0.000759636195
2018,T1_no_point_shrinkage_raked,1581,0.018916184077,0.019775019265,-0.000858835188
2018,T1_no_point_shrinkage_raked,1582,0.018690223627,0.019775019265,-0.001084795639
2018,T1_no_point_shrinkage_raked,1583,0.018992742350,0.019775019265,-0.000782276915
2018,T1_no_point_shrinkage_raked,1584,0.019057317473,0.019775019265,-0.000717701793
2018,T1_no_point_shrinkage_raked,1585,0.019144901992,0.019775019265,-0.000630117273
2018,T1_no_point_shrinkage_raked,1586,0.019066441792,0.019775019265,-0.000708577474
2018,T1_no_point_shrinkage_raked,1587,0.019057496518,0.019775019265,-0.000717522747
2018,T1_no_point_shrinkage_raked,1588,0.019042259473,0.019775019265,-0.000732759793
2018,T1_no_point_shrinkage_raked,1589,0.018904319168,0.019775019265,-0.000870700097
2018,T1_no_point_shrinkage_raked,1590,0.018793622137,0.019775019265,-0.000981397129
2018,T1_no_point_shrinkage_raked,1591,0.019090471848,0.019775019265,-0.000684547418
2018,T1_no_point_shrinkage_raked,1592,0.019016012144,0.019775019265,-0.000759007121
2018,T1_no_point_shrinkage_raked,1593,0.018977540915,0.019775019265,-0.000797478351
2018,T1_no_point_shrinkage_raked,1594,0.018999329938,0.019775019265,-0.000775689328
2018,T1_no_point_shrinkage_raked,1595,0.019017871424,0.019775019265,-0.000757147842
2018,T1_no_point_shrinkage_raked,1596,0.018951387704,0.019775019265,-0.000823631562
2018,T1_no_point_shrinkage_raked,1597,0.018992483290,0.019775019265,-0.000782535975
2018,T1_no_point_shrinkage_raked,1598,0.019172472434,0.019775019265,-0.000602546832
2018,T1_no_point_shrinkage_raked,1599,0.018987471372,0.019775019265,-0.000787547893
2018,T1_no_point_shrinkage_raked,1600,0.018827003481,0.019775019265,-0.000948015785
2018,T1_no_point_shrinkage_raked,1601,0.018977740898,0.019775019265,-0.000797278367
2018,T1_no_point_shrinkage_raked,1602,0.018909017713,0.019775019265,-0.000866001553
2018,T1_no_point_shrinkage_raked,1603,0.018889835526,0.019775019265,-0.000885183739
2018,T1_no_point_shrinkage_raked,1604,0.018996838646,0.019775019265,-0.000778180619
2018,T1_no_point_shrinkage_raked,1605,0.019229265770,0.019775019265,-0.000545753496
2018,T1_no_point_shrinkage_raked,1606,0.019078728822,0.019775019265,-0.000696290444
2018,T1_no_point_shrinkage_raked,1607,0.019063828617,0.019775019265,-0.000711190649
2018,T1_no_point_shrinkage_raked,1608,0.018913875961,0.019775019265,-0.000861143304
2018,T1_no_point_shrinkage_raked,1609,0.018928136541,0.019775019265,-0.000846882724
2018,T1_no_point_shrinkage_raked,1610,0.019043286751,0.019775019265,-0.000731732514
2018,T1_no_point_shrinkage_raked,1611,0.018988568451,0.019775019265,-0.000786450814
2018,T1_no_point_shrinkage_raked,1612,0.019016076218,0.019775019265,-0.000758943048
2018,T1_no_point_shrinkage_raked,1613,0.019195415053,0.019775019265,-0.000579604212
2018,T1_no_point_shrinkage_raked,1614,0.019010869627,0.019775019265,-0.000764149639
2018,T1_no_point_shrinkage_raked,1615,0.019207444892,0.019775019265,-0.000567574373
2018,T1_no_point_shrinkage_raked,1616,0.018997533938,0.019775019265,-0.000777485327
2018,T1_no_point_shrinkage_raked,1617,0.019042689982,0.019775019265,-0.000732329284
2018,T1_no_point_shrinkage_raked,1618,0.018983909408,0.019775019265,-0.000791109857
2018,T1_no_point_shrinkage_raked,1619,0.019136382662,0.019775019265,-0.000638636604
2018,T1_no_point_shrinkage_raked,1620,0.018936700565,0.019775019265,-0.000838318700
2018,T1_no_point_shrinkage_raked,1621,0.019018365905,0.019775019265,-0.000756653361
2018,T1_no_point_shrinkage_raked,1622,0.019146551697,0.019775019265,-0.000628467568
2018,T1_no_point_shrinkage_raked,1623,0.018952697441,0.019775019265,-0.000822321824
2018,T1_no_point_shrinkage_raked,1624,0.019087615940,0.019775019265,-0.000687403325
2018,T1_no_point_shrinkage_raked,1625,0.019033209070,0.019775019265,-0.000741810195
2018,T1_no_point_shrinkage_raked,1626,0.019023538723,0.019775019265,-0.000751480542
2018,T1_no_point_shrinkage_raked,1627,0.018997786480,0.019775019265,-0.000777232786
2018,T1_no_point_shrinkage_raked,1628,0.018969429245,0.019775019265,-0.000805590020
2018,T1_no_point_shrinkage_raked,1629,0.018885751042,0.019775019265,-0.000889268223
2018,T1_no_point_shrinkage_raked,1630,0.018995871679,0.019775019265,-0.000779147586
2018,T1_no_point_shrinkage_raked,1631,0.018990813981,0.019775019265,-0.000784205284
2018,T1_no_point_shrinkage_raked,1632,0.019020949535,0.019775019265,-0.000754069730
2018,T1_no_point_shrinkage_raked,1633,0.018905764100,0.019775019265,-0.000869255165
2018,T1_no_point_shrinkage_raked,1634,0.019084721400,0.019775019265,-0.000690297865
2018,T1_no_point_shrinkage_raked,1635,0.019094495193,0.019775019265,-0.000680524072
2018,T1_no_point_shrinkage_raked,1636,0.019015989535,0.019775019265,-0.000759029730
2018,T1_no_point_shrinkage_raked,1637,0.018914782684,0.019775019265,-0.000860236581
2018,T1_no_point_shrinkage_raked,1638,0.018860544158,0.019775019265,-0.000914475108
2018,T1_no_point_shrinkage_raked,1639,0.019019042153,0.019775019265,-0.000755977113
2018,T1_no_point_shrinkage_raked,1640,0.019096159640,0.019775019265,-0.000678859625
2018,T1_no_point_shrinkage_raked,1641,0.019013780187,0.019775019265,-0.000761239079
2018,T1_no_point_shrinkage_raked,1642,0.019042331966,0.019775019265,-0.000732687299
2018,T1_no_point_shrinkage_raked,1643,0.019156525961,0.019775019265,-0.000618493304
2018,T1_no_point_shrinkage_raked,1644,0.019026286206,0.019775019265,-0.000748733059
2018,T1_no_point_shrinkage_raked,1645,0.018879913400,0.019775019265,-0.000895105866
2018,T1_no_point_shrinkage_raked,1646,0.019011499816,0.019775019265,-0.000763519450
2018,T1_no_point_shrinkage_raked,1647,0.018984492605,0.019775019265,-0.000790526661
2018,T1_no_point_shrinkage_raked,1648,0.018930443279,0.019775019265,-0.000844575987
2018,T1_no_point_shrinkage_raked,1649,0.018875567994,0.019775019265,-0.000899451272
2018,T1_no_point_shrinkage_raked,1650,0.018993294632,0.019775019265,-0.000781724633
2018,T1_no_point_shrinkage_raked,1651,0.019190274256,0.019775019265,-0.000584745010
2018,T1_no_point_shrinkage_raked,1652,0.019081439972,0.019775019265,-0.000693579294
2018,T1_no_point_shrinkage_raked,1653,0.018947022099,0.019775019265,-0.000827997166
2018,T1_no_point_shrinkage_raked,1654,0.019186957840,0.019775019265,-0.000588061426
2018,T1_no_point_shrinkage_raked,1655,0.018893907115,0.019775019265,-0.000881112151
2018,T1_no_point_shrinkage_raked,1656,0.018826606926,0.019775019265,-0.000948412339
2018,T1_no_point_shrinkage_raked,1657,0.019073583387,0.019775019265,-0.000701435879
2018,T1_no_point_shrinkage_raked,1658,0.019110565885,0.019775019265,-0.000664453380
2018,T1_no_point_shrinkage_raked,1659,0.018923048629,0.019775019265,-0.000851970636
2018,T1_no_point_shrinkage_raked,1660,0.018967502573,0.019775019265,-0.000807516692
2018,T1_no_point_shrinkage_raked,1661,0.018962431453,0.019775019265,-0.000812587813
2018,T1_no_point_shrinkage_raked,1662,0.019208049422,0.019775019265,-0.000566969843
2018,T1_no_point_shrinkage_raked,1663,0.018957358560,0.019775019265,-0.000817660706
2018,T1_no_point_shrinkage_raked,1664,0.019194285854,0.019775019265,-0.000580733412
2018,T1_no_point_shrinkage_raked,1665,0.019028391709,0.019775019265,-0.000746627556
2018,T1_no_point_shrinkage_raked,1666,0.018934251694,0.019775019265,-0.000840767571
2018,T1_no_point_shrinkage_raked,1667,0.018919610442,0.019775019265,-0.000855408823
2018,T1_no_point_shrinkage_raked,1668,0.018828458220,0.019775019265,-0.000946561046
2018,T1_no_point_shrinkage_raked,1669,0.019008696754,0.019775019265,-0.000766322512
2018,T1_no_point_shrinkage_raked,1670,0.019020318575,0.019775019265,-0.000754700690
2018,T1_no_point_shrinkage_raked,1671,0.019032328113,0.019775019265,-0.000742691153
2018,T1_no_point_shrinkage_raked,1672,0.018987232142,0.019775019265,-0.000787787123
2018,T1_no_point_shrinkage_raked,1673,0.019215962904,0.019775019265,-0.000559056361
2018,T1_no_point_shrinkage_raked,1674,0.018886704111,0.019775019265,-0.000888315155
2018,T1_no_point_shrinkage_raked,1675,0.019109800555,0.019775019265,-0.000665218711
2018,T1_no_point_shrinkage_raked,1676,0.018993544826,0.019775019265,-0.000781474439
2018,T1_no_point_shrinkage_raked,1677,0.019076314667,0.019775019265,-0.000698704598
2018,T1_no_point_shrinkage_raked,1678,0.019268605519,0.019775019265,-0.000506413747
2018,T1_no_point_shrinkage_raked,1679,0.018983529129,0.019775019265,-0.000791490136
2018,T1_no_point_shrinkage_raked,1680,0.019000987501,0.019775019265,-0.000774031765
2018,T1_no_point_shrinkage_raked,1681,0.019001808610,0.019775019265,-0.000773210656
2018,T1_no_point_shrinkage_raked,1682,0.018880703671,0.019775019265,-0.000894315594
2018,T1_no_point_shrinkage_raked,1683,0.019164817278,0.019775019265,-0.000610201988
2018,T1_no_point_shrinkage_raked,1684,0.019121776226,0.019775019265,-0.000653243040
2018,T1_no_point_shrinkage_raked,1685,0.019045135407,0.019775019265,-0.000729883858
2018,T1_no_point_shrinkage_raked,1686,0.018872225117,0.019775019265,-0.000902794148
2018,T1_no_point_shrinkage_raked,1687,0.018913976755,0.019775019265,-0.000861042510
2018,T1_no_point_shrinkage_raked,1688,0.018921725957,0.019775019265,-0.000853293309
2018,T1_no_point_shrinkage_raked,1689,0.019104941821,0.019775019265,-0.000670077445
2018,T1_no_point_shrinkage_raked,1690,0.019170230367,0.019775019265,-0.000604788899
2018,T1_no_point_shrinkage_raked,1691,0.018977225156,0.019775019265,-0.000797794109
2018,T1_no_point_shrinkage_raked,1692,0.019136896912,0.019775019265,-0.000638122354
2018,T1_no_point_shrinkage_raked,1693,0.018881797279,0.019775019265,-0.000893221986
2018,T1_no_point_shrinkage_raked,1694,0.018815419822,0.019775019265,-0.000959599443
2018,T1_no_point_shrinkage_raked,1695,0.019098872047,0.019775019265,-0.000676147218
2018,T1_no_point_shrinkage_raked,1696,0.019049084076,0.019775019265,-0.000725935189
2018,T1_no_point_shrinkage_raked,1697,0.019014394435,0.019775019265,-0.000760624831
2018,T1_no_point_shrinkage_raked,1698,0.018953446722,0.019775019265,-0.000821572544
2018,T1_no_point_shrinkage_raked,1699,0.018854817358,0.019775019265,-0.000920201907
2018,T1_no_point_shrinkage_raked,1700,0.019004629718,0.019775019265,-0.000770389548
2018,T1_no_point_shrinkage_raked,1701,0.019000171449,0.019775019265,-0.000774847816
2018,T1_no_point_shrinkage_raked,1702,0.019070594725,0.019775019265,-0.000704424540
2018,T1_no_point_shrinkage_raked,1703,0.019018339429,0.019775019265,-0.000756679836
2018,T1_no_point_shrinkage_raked,1704,0.018988417091,0.019775019265,-0.000786602174
2018,T1_no_point_shrinkage_raked,1705,0.019056546962,0.019775019265,-0.000718472304
2018,T1_no_point_shrinkage_raked,1706,0.019043621992,0.019775019265,-0.000731397273
2018,T1_no_point_shrinkage_raked,1707,0.019051990835,0.019775019265,-0.000723028430
2018,T1_no_point_shrinkage_raked,1708,0.019013609973,0.019775019265,-0.000761409292
2018,T1_no_point_shrinkage_raked,1709,0.019015365698,0.019775019265,-0.000759653568
2018,T1_no_point_shrinkage_raked,1710,0.019091229070,0.019775019265,-0.000683790196
2018,T1_no_point_shrinkage_raked,1711,0.018963263953,0.019775019265,-0.000811755313
2018,T1_no_point_shrinkage_raked,1712,0.018901697167,0.019775019265,-0.000873322098
2018,T1_no_point_shrinkage_raked,1713,0.018993818934,0.019775019265,-0.000781200332
2018,T1_no_point_shrinkage_raked,1714,0.018889607910,0.019775019265,-0.000885411356
2018,T1_no_point_shrinkage_raked,1715,0.019085858526,0.019775019265,-0.000689160739
2018,T1_no_point_shrinkage_raked,1716,0.018887537129,0.019775019265,-0.000887482136
2018,T1_no_point_shrinkage_raked,1717,0.018911549447,0.019775019265,-0.000863469819
2018,T1_no_point_shrinkage_raked,1718,0.018938990096,0.019775019265,-0.000836029170
2018,T1_no_point_shrinkage_raked,1719,0.019199815011,0.019775019265,-0.000575204255
2018,T1_no_point_shrinkage_raked,1720,0.018840011154,0.019775019265,-0.000935008112
2018,T1_no_point_shrinkage_raked,1721,0.019230510323,0.019775019265,-0.000544508943
2018,T1_no_point_shrinkage_raked,1722,0.018915119542,0.019775019265,-0.000859899723
2018,T1_no_point_shrinkage_raked,1723,0.018769873589,0.019775019265,-0.001005145677
2018,T1_no_point_shrinkage_raked,1724,0.019128810421,0.019775019265,-0.000646208845
2018,T1_no_point_shrinkage_raked,1725,0.018977411907,0.019775019265,-0.000797607358
2018,T1_no_point_shrinkage_raked,1726,0.018989633111,0.019775019265,-0.000785386154
2018,T1_no_point_shrinkage_raked,1727,0.018769832491,0.019775019265,-0.001005186774
2018,T1_no_point_shrinkage_raked,1728,0.019083857456,0.019775019265,-0.000691161809
2018,T1_no_point_shrinkage_raked,1729,0.019132535682,0.019775019265,-0.000642483584
2018,T1_no_point_shrinkage_raked,1730,0.019084850456,0.019775019265,-0.000690168810
2018,T1_no_point_shrinkage_raked,1731,0.019034416649,0.019775019265,-0.000740602617
2018,T1_no_point_shrinkage_raked,1732,0.019085038529,0.019775019265,-0.000689980737
2018,T1_no_point_shrinkage_raked,1733,0.019024870488,0.019775019265,-0.000750148777
2018,T1_no_point_shrinkage_raked,1734,0.019017632051,0.019775019265,-0.000757387214
2018,T1_no_point_shrinkage_raked,1735,0.018814671157,0.019775019265,-0.000960348108
2018,T1_no_point_shrinkage_raked,1736,0.018981195576,0.019775019265,-0.000793823689
2018,T1_no_point_shrinkage_raked,1737,0.019082309856,0.019775019265,-0.000692709410
2018,T1_no_point_shrinkage_raked,1738,0.018965850977,0.019775019265,-0.000809168288
2018,T1_no_point_shrinkage_raked,1739,0.018994558056,0.019775019265,-0.000780461209
2018,T1_no_point_shrinkage_raked,1740,0.019044259663,0.019775019265,-0.000730759602
2018,T1_no_point_shrinkage_raked,1741,0.018822635007,0.019775019265,-0.000952384258
2018,T1_no_point_shrinkage_raked,1742,0.019012553576,0.019775019265,-0.000762465689
2018,T1_no_point_shrinkage_raked,1743,0.019048061612,0.019775019265,-0.000726957654
2018,T1_no_point_shrinkage_raked,1744,0.019050497624,0.019775019265,-0.000724521641
2018,T1_no_point_shrinkage_raked,1745,0.019111708001,0.019775019265,-0.000663311264
2018,T1_no_point_shrinkage_raked,1746,0.018998724316,0.019775019265,-0.000776294949
2018,T1_no_point_shrinkage_raked,1747,0.019135996234,0.019775019265,-0.000639023032
2018,T1_no_point_shrinkage_raked,1748,0.018950064820,0.019775019265,-0.000824954446
2018,T1_no_point_shrinkage_raked,1749,0.019095406203,0.019775019265,-0.000679613062
2018,T1_no_point_shrinkage_raked,1750,0.018942963434,0.019775019265,-0.000832055832
2018,T1_no_point_shrinkage_raked,1751,0.018908358679,0.019775019265,-0.000866660586
2018,T1_no_point_shrinkage_raked,1752,0.018943018177,0.019775019265,-0.000832001088
2018,T1_no_point_shrinkage_raked,1753,0.019037765184,0.019775019265,-0.000737254081
2018,T1_no_point_shrinkage_raked,1754,0.018978952017,0.019775019265,-0.000796067249
2018,T1_no_point_shrinkage_raked,1755,0.018966560159,0.019775019265,-0.000808459106
2018,T1_no_point_shrinkage_raked,1756,0.019145331168,0.019775019265,-0.000629688097
2018,T1_no_point_shrinkage_raked,1757,0.019014337085,0.019775019265,-0.000760682181
2018,T1_no_point_shrinkage_raked,1758,0.019116440435,0.019775019265,-0.000658578831
2018,T1_no_point_shrinkage_raked,1759,0.018940737833,0.019775019265,-0.000834281432
2018,T1_no_point_shrinkage_raked,1760,0.019060435106,0.019775019265,-0.000714584160
2018,T1_no_point_shrinkage_raked,1761,0.018918717933,0.019775019265,-0.000856301332
2018,T1_no_point_shrinkage_raked,1762,0.019130547742,0.019775019265,-0.000644471524
2018,T1_no_point_shrinkage_raked,1763,0.019142102957,0.019775019265,-0.000632916308
2018,T1_no_point_shrinkage_raked,1764,0.018944436220,0.019775019265,-0.000830583046
2018,T1_no_point_shrinkage_raked,1765,0.019100095605,0.019775019265,-0.000674923661
2018,T1_no_point_shrinkage_raked,1766,0.018976982580,0.019775019265,-0.000798036686
2018,T1_no_point_shrinkage_raked,1767,0.018907775011,0.019775019265,-0.000867244254
2018,T1_no_point_shrinkage_raked,1768,0.019073073660,0.019775019265,-0.000701945605
2018,T1_no_point_shrinkage_raked,1769,0.018854332734,0.019775019265,-0.000920686531
2018,T1_no_point_shrinkage_raked,1770,0.018765964460,0.019775019265,-0.001009054805
2018,T1_no_point_shrinkage_raked,1771,0.019118457001,0.019775019265,-0.000656562265
2018,T1_no_point_shrinkage_raked,1772,0.019037732527,0.019775019265,-0.000737286739
2018,T1_no_point_shrinkage_raked,1773,0.018845223355,0.019775019265,-0.000929795910
2018,T1_no_point_shrinkage_raked,1774,0.018931916149,0.019775019265,-0.000843103117
2018,T1_no_point_shrinkage_raked,1775,0.019148027876,0.019775019265,-0.000626991390
2018,T1_no_point_shrinkage_raked,1776,0.019034590233,0.019775019265,-0.000740429032
2018,T1_no_point_shrinkage_raked,1777,0.019051896208,0.019775019265,-0.000723123058
2018,T1_no_point_shrinkage_raked,1778,0.019083996075,0.019775019265,-0.000691023191
2018,T1_no_point_shrinkage_raked,1779,0.019022817566,0.019775019265,-0.000752201700
2018,T1_no_point_shrinkage_raked,1780,0.019071486922,0.019775019265,-0.000703532344
2018,T1_no_point_shrinkage_raked,1781,0.019069016366,0.019775019265,-0.000706002899
2018,T1_no_point_shrinkage_raked,1782,0.019045747403,0.019775019265,-0.000729271863
2018,T1_no_point_shrinkage_raked,1783,0.018989879776,0.019775019265,-0.000785139489
2018,T1_no_point_shrinkage_raked,1784,0.019024751906,0.019775019265,-0.000750267360
2018,T1_no_point_shrinkage_raked,1785,0.019075941619,0.019775019265,-0.000699077646
2018,T1_no_point_shrinkage_raked,1786,0.019101400659,0.019775019265,-0.000673618606
2018,T1_no_point_shrinkage_raked,1787,0.019299237891,0.019775019265,-0.000475781374
2018,T1_no_point_shrinkage_raked,1788,0.019072125794,0.019775019265,-0.000702893472
2018,T1_no_point_shrinkage_raked,1789,0.019056888974,0.019775019265,-0.000718130292
2018,T1_no_point_shrinkage_raked,1790,0.019013498547,0.019775019265,-0.000761520719
2018,T1_no_point_shrinkage_raked,1791,0.019056329092,0.019775019265,-0.000718690174
2018,T1_no_point_shrinkage_raked,1792,0.018952515953,0.019775019265,-0.000822503312
2018,T1_no_point_shrinkage_raked,1793,0.019037387058,0.019775019265,-0.000737632207
2018,T1_no_point_shrinkage_raked,1794,0.019015281636,0.019775019265,-0.000759737629
2018,T1_no_point_shrinkage_raked,1795,0.018932203054,0.019775019265,-0.000842816212
2018,T1_no_point_shrinkage_raked,1796,0.018967534955,0.019775019265,-0.000807484310
2018,T1_no_point_shrinkage_raked,1797,0.019030845090,0.019775019265,-0.000744174175
2018,T1_no_point_shrinkage_raked,1798,0.019185176296,0.019775019265,-0.000589842969
2018,T1_no_point_shrinkage_raked,1799,0.019002999392,0.019775019265,-0.000772019873
2018,T1_no_point_shrinkage_raked,1800,0.019105226524,0.019775019265,-0.000669792742
2018,T1_no_point_shrinkage_raked,1801,0.019221329967,0.019775019265,-0.000553689299
2018,T1_no_point_shrinkage_raked,1802,0.018975408415,0.019775019265,-0.000799610851
2018,T1_no_point_shrinkage_raked,1803,0.018998365646,0.019775019265,-0.000776653620
2018,T1_no_point_shrinkage_raked,1804,0.018994303225,0.019775019265,-0.000780716041
2018,T1_no_point_shrinkage_raked,1805,0.019061777230,0.019775019265,-0.000713242035
2018,T1_no_point_shrinkage_raked,1806,0.019037448224,0.019775019265,-0.000737571041
2018,T1_no_point_shrinkage_raked,1807,0.019011511773,0.019775019265,-0.000763507493
2018,T1_no_point_shrinkage_raked,1808,0.018940269062,0.019775019265,-0.000834750203
2018,T1_no_point_shrinkage_raked,1809,0.018908447224,0.019775019265,-0.000866572041
2018,T1_no_point_shrinkage_raked,1810,0.019006104024,0.019775019265,-0.000768915241
2018,T1_no_point_shrinkage_raked,1811,0.019028621599,0.019775019265,-0.000746397667
2018,T1_no_point_shrinkage_raked,1812,0.019066730020,0.019775019265,-0.000708289246
2018,T1_no_point_shrinkage_raked,1813,0.018981813479,0.019775019265,-0.000793205786
2018,T1_no_point_shrinkage_raked,1814,0.018970657831,0.019775019265,-0.000804361435
2018,T1_no_point_shrinkage_raked,1815,0.019075650658,0.019775019265,-0.000699368607
2018,T1_no_point_shrinkage_raked,1816,0.019119594958,0.019775019265,-0.000655424308
2018,T1_no_point_shrinkage_raked,1817,0.018989996416,0.019775019265,-0.000785022849
2018,T1_no_point_shrinkage_raked,1818,0.019077859411,0.019775019265,-0.000697159855
2018,T1_no_point_shrinkage_raked,1819,0.019010093559,0.019775019265,-0.000764925707
2018,T1_no_point_shrinkage_raked,1820,0.019130266394,0.019775019265,-0.000644752872
2018,T1_no_point_shrinkage_raked,1821,0.019028395495,0.019775019265,-0.000746623771
2018,T1_no_point_shrinkage_raked,1822,0.019254931690,0.019775019265,-0.000520087575
2018,T1_no_point_shrinkage_raked,1823,0.019033859119,0.019775019265,-0.000741160146
2018,T1_no_point_shrinkage_raked,1824,0.018981486459,0.019775019265,-0.000793532807
2018,T1_no_point_shrinkage_raked,1825,0.019086564349,0.019775019265,-0.000688454916
2018,T1_no_point_shrinkage_raked,1826,0.019190447859,0.019775019265,-0.000584571407
2018,T1_no_point_shrinkage_raked,1827,0.019275220672,0.019775019265,-0.000499798593
2018,T1_no_point_shrinkage_raked,1828,0.018970690812,0.019775019265,-0.000804328454
2018,T1_no_point_shrinkage_raked,1829,0.018940976448,0.019775019265,-0.000834042817
2018,T1_no_point_shrinkage_raked,1830,0.019021765745,0.019775019265,-0.000753253521
2018,T1_no_point_shrinkage_raked,1831,0.018947178351,0.019775019265,-0.000827840915
2018,T1_no_point_shrinkage_raked,1832,0.018931714685,0.019775019265,-0.000843304580
2018,T1_no_point_shrinkage_raked,1833,0.018919000753,0.019775019265,-0.000856018513
2018,T1_no_point_shrinkage_raked,1834,0.018965726314,0.019775019265,-0.000809292952
2018,T1_no_point_shrinkage_raked,1835,0.018903596300,0.019775019265,-0.000871422965
2018,T1_no_point_shrinkage_raked,1836,0.018757150542,0.019775019265,-0.001017868723
2018,T1_no_point_shrinkage_raked,1837,0.018965346200,0.019775019265,-0.000809673065
2018,T1_no_point_shrinkage_raked,1838,0.019049067978,0.019775019265,-0.000725951288
2018,T1_no_point_shrinkage_raked,1839,0.019146460225,0.019775019265,-0.000628559040
2018,T1_no_point_shrinkage_raked,1840,0.018847963436,0.019775019265,-0.000927055829
2018,T1_no_point_shrinkage_raked,1841,0.019069063022,0.019775019265,-0.000705956243
2018,T1_no_point_shrinkage_raked,1842,0.019106783738,0.019775019265,-0.000668235527
2018,T1_no_point_shrinkage_raked,1843,0.019068240407,0.019775019265,-0.000706778858
2018,T1_no_point_shrinkage_raked,1844,0.019061826594,0.019775019265,-0.000713192671
2018,T1_no_point_shrinkage_raked,1845,0.018857707813,0.019775019265,-0.000917311452
2018,T1_no_point_shrinkage_raked,1846,0.019104729325,0.019775019265,-0.000670289940
2018,T1_no_point_shrinkage_raked,1847,0.019059863206,0.019775019265,-0.000715156059
2018,T1_no_point_shrinkage_raked,1848,0.018885081484,0.019775019265,-0.000889937782
2018,T1_no_point_shrinkage_raked,1849,0.019166588626,0.019775019265,-0.000608430639
2018,T1_no_point_shrinkage_raked,1850,0.019101108727,0.019775019265,-0.000673910539
2018,T1_no_point_shrinkage_raked,1851,0.018982728128,0.019775019265,-0.000792291137
2018,T1_no_point_shrinkage_raked,1852,0.018968282523,0.019775019265,-0.000806736742
2018,T1_no_point_shrinkage_raked,1853,0.019059771255,0.019775019265,-0.000715248010
2018,T1_no_point_shrinkage_raked,1854,0.018926360996,0.019775019265,-0.000848658270
2018,T1_no_point_shrinkage_raked,1855,0.019052220775,0.019775019265,-0.000722798491
2018,T1_no_point_shrinkage_raked,1856,0.019116803326,0.019775019265,-0.000658215940
2018,T1_no_point_shrinkage_raked,1857,0.018953843178,0.019775019265,-0.000821176088
2018,T1_no_point_shrinkage_raked,1858,0.019054808537,0.019775019265,-0.000720210728
2018,T1_no_point_shrinkage_raked,1859,0.019043096864,0.019775019265,-0.000731922401
2018,T1_no_point_shrinkage_raked,1860,0.019135768951,0.019775019265,-0.000639250314
2018,T1_no_point_shrinkage_raked,1861,0.018957140959,0.019775019265,-0.000817878307
2018,T1_no_point_shrinkage_raked,1862,0.019197366871,0.019775019265,-0.000577652394
2018,T1_no_point_shrinkage_raked,1863,0.019084959833,0.019775019265,-0.000690059432
2018,T1_no_point_shrinkage_raked,1864,0.019110647420,0.019775019265,-0.000664371846
2018,T1_no_point_shrinkage_raked,1865,0.019127203767,0.019775019265,-0.000647815498
2018,T1_no_point_shrinkage_raked,1866,0.019093862625,0.019775019265,-0.000681156641
2018,T1_no_point_shrinkage_raked,1867,0.019068476678,0.019775019265,-0.000706542588
2018,T1_no_point_shrinkage_raked,1868,0.019124228595,0.019775019265,-0.000650790670
2018,T1_no_point_shrinkage_raked,1869,0.019175862507,0.019775019265,-0.000599156759
2018,T1_no_point_shrinkage_raked,1870,0.019087259325,0.019775019265,-0.000687759940
2018,T1_no_point_shrinkage_raked,1871,0.018916061496,0.019775019265,-0.000858957769
2018,T1_no_point_shrinkage_raked,1872,0.019102158654,0.019775019265,-0.000672860612
2018,T1_no_point_shrinkage_raked,1873,0.019031290160,0.019775019265,-0.000743729106
2018,T1_no_point_shrinkage_raked,1874,0.018833520333,0.019775019265,-0.000941498932
2018,T1_no_point_shrinkage_raked,1875,0.019130327398,0.019775019265,-0.000644691867
2018,T1_no_point_shrinkage_raked,1876,0.019155059892,0.019775019265,-0.000619959374
2018,T1_no_point_shrinkage_raked,1877,0.018908717880,0.019775019265,-0.000866301385
2018,T1_no_point_shrinkage_raked,1878,0.018985790441,0.019775019265,-0.000789228825
2018,T1_no_point_shrinkage_raked,1879,0.018933259634,0.019775019265,-0.000841759631
2018,T1_no_point_shrinkage_raked,1880,0.018939506907,0.019775019265,-0.000835512358
2018,T1_no_point_shrinkage_raked,1881,0.019156001082,0.019775019265,-0.000619018184
2018,T1_no_point_shrinkage_raked,1882,0.019165058247,0.019775019265,-0.000609961018
2018,T1_no_point_shrinkage_raked,1883,0.018924172575,0.019775019265,-0.000850846690
2018,T1_no_point_shrinkage_raked,1884,0.019063265796,0.019775019265,-0.000711753470
2018,T1_no_point_shrinkage_raked,1885,0.018934745386,0.019775019265,-0.000840273879
2018,T1_no_point_shrinkage_raked,1886,0.019040388560,0.019775019265,-0.000734630705
2018,T1_no_point_shrinkage_raked,1887,0.019170967092,0.019775019265,-0.000604052173
2018,T1_no_point_shrinkage_raked,1888,0.019018690486,0.019775019265,-0.000756328780
2018,T1_no_point_shrinkage_raked,1889,0.018902453549,0.019775019265,-0.000872565716
2018,T1_no_point_shrinkage_raked,1890,0.019113746086,0.019775019265,-0.000661273179
2018,T1_no_point_shrinkage_raked,1891,0.018829813167,0.019775019265,-0.000945206098
2018,T1_no_point_shrinkage_raked,1892,0.019080200735,0.019775019265,-0.000694818531
2018,T1_no_point_shrinkage_raked,1893,0.018852002897,0.019775019265,-0.000923016368
2018,T1_no_point_shrinkage_raked,1894,0.018958011313,0.019775019265,-0.000817007953
2018,T1_no_point_shrinkage_raked,1895,0.019030574907,0.019775019265,-0.000744444359
2018,T1_no_point_shrinkage_raked,1896,0.019034445690,0.019775019265,-0.000740573576
2018,T1_no_point_shrinkage_raked,1897,0.019130949369,0.019775019265,-0.000644069896
2018,T1_no_point_shrinkage_raked,1898,0.019037799614,0.019775019265,-0.000737219651
2018,T1_no_point_shrinkage_raked,1899,0.019167746227,0.019775019265,-0.000607273038
2018,T1_no_point_shrinkage_raked,1900,0.018933468886,0.019775019265,-0.000841550379
2018,T1_no_point_shrinkage_raked,1901,0.018937323688,0.019775019265,-0.000837695577
2018,T1_no_point_shrinkage_raked,1902,0.019184512152,0.019775019265,-0.000590507113
2018,T1_no_point_shrinkage_raked,1903,0.018969518210,0.019775019265,-0.000805501056
2018,T1_no_point_shrinkage_raked,1904,0.019001532280,0.019775019265,-0.000773486985
2018,T1_no_point_shrinkage_raked,1905,0.019014419225,0.019775019265,-0.000760600040
2018,T1_no_point_shrinkage_raked,1906,0.018995971831,0.019775019265,-0.000779047434
2018,T1_no_point_shrinkage_raked,1907,0.018861675796,0.019775019265,-0.000913343469
2018,T1_no_point_shrinkage_raked,1908,0.018972501240,0.019775019265,-0.000802518025
2018,T1_no_point_shrinkage_raked,1909,0.018994498672,0.019775019265,-0.000780520593
2018,T1_no_point_shrinkage_raked,1910,0.018979415055,0.019775019265,-0.000795604210
2018,T1_no_point_shrinkage_raked,1911,0.019220801402,0.019775019265,-0.000554217863
2018,T1_no_point_shrinkage_raked,1912,0.018987909056,0.019775019265,-0.000787110210
2018,T1_no_point_shrinkage_raked,1913,0.019033246920,0.019775019265,-0.000741772346
2018,T1_no_point_shrinkage_raked,1914,0.018962040683,0.019775019265,-0.000812978582
2018,T1_no_point_shrinkage_raked,1915,0.019034943152,0.019775019265,-0.000740076114
2018,T1_no_point_shrinkage_raked,1916,0.018866034675,0.019775019265,-0.000908984591
2018,T1_no_point_shrinkage_raked,1917,0.018976291403,0.019775019265,-0.000798727863
2018,T1_no_point_shrinkage_raked,1918,0.019118864011,0.019775019265,-0.000656155254
2018,T1_no_point_shrinkage_raked,1919,0.019108900369,0.019775019265,-0.000666118897
2018,T1_no_point_shrinkage_raked,1920,0.019245489758,0.019775019265,-0.000529529507
2018,T1_no_point_shrinkage_raked,1921,0.019021986079,0.019775019265,-0.000753033186
2018,T1_no_point_shrinkage_raked,1922,0.019000891389,0.019775019265,-0.000774127876
2018,T1_no_point_shrinkage_raked,1923,0.019019968637,0.019775019265,-0.000755050629
2018,T1_no_point_shrinkage_raked,1924,0.018959351543,0.019775019265,-0.000815667722
2018,T1_no_point_shrinkage_raked,1925,0.019230760765,0.019775019265,-0.000544258501
2018,T1_no_point_shrinkage_raked,1926,0.018966527579,0.019775019265,-0.000808491687
2018,T1_no_point_shrinkage_raked,1927,0.018828405885,0.019775019265,-0.000946613381
2018,T1_no_point_shrinkage_raked,1928,0.019013698596,0.019775019265,-0.000761320670
2018,T1_no_point_shrinkage_raked,1929,0.019046167161,0.019775019265,-0.000728852104
2018,T1_no_point_shrinkage_raked,1930,0.019024850947,0.019775019265,-0.000750168318
2018,T1_no_point_shrinkage_raked,1931,0.019122166159,0.019775019265,-0.000652853107
2018,T1_no_point_shrinkage_raked,1932,0.019026077111,0.019775019265,-0.000748942154
2018,T1_no_point_shrinkage_raked,1933,0.019118092671,0.019775019265,-0.000656926594
2018,T1_no_point_shrinkage_raked,1934,0.019017869032,0.019775019265,-0.000757150233
2018,T1_no_point_shrinkage_raked,1935,0.018967273100,0.019775019265,-0.000807746165
2018,T1_no_point_shrinkage_raked,1936,0.019020723665,0.019775019265,-0.000754295600
2018,T1_no_point_shrinkage_raked,1937,0.019248894235,0.019775019265,-0.000526125030
2018,T1_no_point_shrinkage_raked,1938,0.018907366553,0.019775019265,-0.000867652713
2018,T1_no_point_shrinkage_raked,1939,0.018989308956,0.019775019265,-0.000785710309
2018,T1_no_point_shrinkage_raked,1940,0.018963212786,0.019775019265,-0.000811806480
2018,T1_no_point_shrinkage_raked,1941,0.018991632588,0.019775019265,-0.000783386678
2018,T1_no_point_shrinkage_raked,1942,0.018821396202,0.019775019265,-0.000953623064
2018,T1_no_point_shrinkage_raked,1943,0.018930312185,0.019775019265,-0.000844707080
2018,T1_no_point_shrinkage_raked,1944,0.018902792369,0.019775019265,-0.000872226896
2018,T1_no_point_shrinkage_raked,1945,0.019128350649,0.019775019265,-0.000646668617
2018,T1_no_point_shrinkage_raked,1946,0.019051402641,0.019775019265,-0.000723616625
2018,T1_no_point_shrinkage_raked,1947,0.018911127545,0.019775019265,-0.000863891721
2018,T1_no_point_shrinkage_raked,1948,0.019027462458,0.019775019265,-0.000747556808
2018,T1_no_point_shrinkage_raked,1949,0.018895361750,0.019775019265,-0.000879657516
2018,T1_no_point_shrinkage_raked,1950,0.018815140853,0.019775019265,-0.000959878412
2018,T1_no_point_shrinkage_raked,1951,0.018813038002,0.019775019265,-0.000961981264
2018,T1_no_point_shrinkage_raked,1952,0.018984729139,0.019775019265,-0.000790290126
2018,T1_no_point_shrinkage_raked,1953,0.019087334937,0.019775019265,-0.000687684328
2018,T1_no_point_shrinkage_raked,1954,0.018985919721,0.019775019265,-0.000789099544
2018,T1_no_point_shrinkage_raked,1955,0.019130441821,0.019775019265,-0.000644577444
2018,T1_no_point_shrinkage_raked,1956,0.019021649349,0.019775019265,-0.000753369916
2018,T1_no_point_shrinkage_raked,1957,0.019150155245,0.019775019265,-0.000624864020
2018,T1_no_point_shrinkage_raked,1958,0.019011990296,0.019775019265,-0.000763028969
2018,T1_no_point_shrinkage_raked,1959,0.019068338178,0.019775019265,-0.000706681088
2018,T1_no_point_shrinkage_raked,1960,0.019067995896,0.019775019265,-0.000707023369
2018,T1_no_point_shrinkage_raked,1961,0.019087464981,0.019775019265,-0.000687554284
2018,T1_no_point_shrinkage_raked,1962,0.018962130330,0.019775019265,-0.000812888935
2018,T1_no_point_shrinkage_raked,1963,0.018971354407,0.019775019265,-0.000803664859
2018,T1_no_point_shrinkage_raked,1964,0.019002500621,0.019775019265,-0.000772518644
2018,T1_no_point_shrinkage_raked,1965,0.018860880606,0.019775019265,-0.000914138659
2018,T1_no_point_shrinkage_raked,1966,0.019016022328,0.019775019265,-0.000758996938
2018,T1_no_point_shrinkage_raked,1967,0.018927110911,0.019775019265,-0.000847908354
2018,T1_no_point_shrinkage_raked,1968,0.019244057981,0.019775019265,-0.000530961285
2018,T1_no_point_shrinkage_raked,1969,0.019147778148,0.019775019265,-0.000627241117
2018,T1_no_point_shrinkage_raked,1970,0.019191951325,0.019775019265,-0.000583067940
2018,T1_no_point_shrinkage_raked,1971,0.019203835733,0.019775019265,-0.000571183533
2018,T1_no_point_shrinkage_raked,1972,0.018961812166,0.019775019265,-0.000813207099
2018,T1_no_point_shrinkage_raked,1973,0.019115902772,0.019775019265,-0.000659116493
2018,T1_no_point_shrinkage_raked,1974,0.019068786567,0.019775019265,-0.000706232698
2018,T1_no_point_shrinkage_raked,1975,0.019101456552,0.019775019265,-0.000673562713
2018,T1_no_point_shrinkage_raked,1976,0.019123366181,0.019775019265,-0.000651653084
2018,T1_no_point_shrinkage_raked,1977,0.019003741330,0.019775019265,-0.000771277936
2018,T1_no_point_shrinkage_raked,1978,0.018848835846,0.019775019265,-0.000926183420
2018,T1_no_point_shrinkage_raked,1979,0.018867368159,0.019775019265,-0.000907651106
2018,T1_no_point_shrinkage_raked,1980,0.019221106448,0.019775019265,-0.000553912817
2018,T1_no_point_shrinkage_raked,1981,0.019112741311,0.019775019265,-0.000662277954
2018,T1_no_point_shrinkage_raked,1982,0.018908406087,0.019775019265,-0.000866613178
2018,T1_no_point_shrinkage_raked,1983,0.019070909826,0.019775019265,-0.000704109439
2018,T1_no_point_shrinkage_raked,1984,0.018822717980,0.019775019265,-0.000952301286
2018,T1_no_point_shrinkage_raked,1985,0.019126862590,0.019775019265,-0.000648156675
2018,T1_no_point_shrinkage_raked,1986,0.019184471718,0.019775019265,-0.000590547547
2018,T1_no_point_shrinkage_raked,1987,0.018885250394,0.019775019265,-0.000889768871
2018,T1_no_point_shrinkage_raked,1988,0.019054809782,0.019775019265,-0.000720209483
2018,T1_no_point_shrinkage_raked,1989,0.018985953947,0.019775019265,-0.000789065318
2018,T1_no_point_shrinkage_raked,1990,0.019035001518,0.019775019265,-0.000740017747
2018,T1_no_point_shrinkage_raked,1991,0.019191302511,0.019775019265,-0.000583716755
2018,T1_no_point_shrinkage_raked,1992,0.019134374976,0.019775019265,-0.000640644289
2018,T1_no_point_shrinkage_raked,1993,0.019093638295,0.019775019265,-0.000681380971
2018,T1_no_point_shrinkage_raked,1994,0.019080763833,0.019775019265,-0.000694255433
2018,T1_no_point_shrinkage_raked,1995,0.018753630323,0.019775019265,-0.001021388942
2018,T1_no_point_shrinkage_raked,1996,0.018976574228,0.019775019265,-0.000798445038
2018,T1_no_point_shrinkage_raked,1997,0.018981560357,0.019775019265,-0.000793458908
2018,T1_no_point_shrinkage_raked,1998,0.018871375925,0.019775019265,-0.000903643340
2018,T1_no_point_shrinkage_raked,1999,0.018838116879,0.019775019265,-0.000936902387
2018,T1_previous_party_hierarchical_raked,0,0.019055486528,0.019775019265,-0.000719532737
2018,T1_previous_party_hierarchical_raked,1,0.018980046692,0.019775019265,-0.000794972574
2018,T1_previous_party_hierarchical_raked,2,0.019059773117,0.019775019265,-0.000715246149
2018,T1_previous_party_hierarchical_raked,3,0.019048097722,0.019775019265,-0.000726921544
2018,T1_previous_party_hierarchical_raked,4,0.019012368930,0.019775019265,-0.000762650336
2018,T1_previous_party_hierarchical_raked,5,0.019102598456,0.019775019265,-0.000672420810
2018,T1_previous_party_hierarchical_raked,6,0.019151727667,0.019775019265,-0.000623291598
2018,T1_previous_party_hierarchical_raked,7,0.018947804283,0.019775019265,-0.000827214982
2018,T1_previous_party_hierarchical_raked,8,0.019103121003,0.019775019265,-0.000671898262
2018,T1_previous_party_hierarchical_raked,9,0.019041421540,0.019775019265,-0.000733597726
2018,T1_previous_party_hierarchical_raked,10,0.018926271804,0.019775019265,-0.000848747462
2018,T1_previous_party_hierarchical_raked,11,0.019046902451,0.019775019265,-0.000728116814
2018,T1_previous_party_hierarchical_raked,12,0.019155413754,0.019775019265,-0.000619605511
2018,T1_previous_party_hierarchical_raked,13,0.019161451259,0.019775019265,-0.000613568006
2018,T1_previous_party_hierarchical_raked,14,0.019075364356,0.019775019265,-0.000699654909
2018,T1_previous_party_hierarchical_raked,15,0.018997415817,0.019775019265,-0.000777603449
2018,T1_previous_party_hierarchical_raked,16,0.019019694780,0.019775019265,-0.000755324485
2018,T1_previous_party_hierarchical_raked,17,0.019145241258,0.019775019265,-0.000629778007
2018,T1_previous_party_hierarchical_raked,18,0.018830293806,0.019775019265,-0.000944725460
2018,T1_previous_party_hierarchical_raked,19,0.019126125269,0.019775019265,-0.000648893997
2018,T1_previous_party_hierarchical_raked,20,0.019247227509,0.019775019265,-0.000527791757
2018,T1_previous_party_hierarchical_raked,21,0.018907481315,0.019775019265,-0.000867537950
2018,T1_previous_party_hierarchical_raked,22,0.019074102141,0.019775019265,-0.000700917125
2018,T1_previous_party_hierarchical_raked,23,0.019011472541,0.019775019265,-0.000763546724
2018,T1_previous_party_hierarchical_raked,24,0.019164570118,0.019775019265,-0.000610449148
2018,T1_previous_party_hierarchical_raked,25,0.019040461825,0.019775019265,-0.000734557440
2018,T1_previous_party_hierarchical_raked,26,0.019122848488,0.019775019265,-0.000652170778
2018,T1_previous_party_hierarchical_raked,27,0.018971113104,0.019775019265,-0.000803906161
2018,T1_previous_party_hierarchical_raked,28,0.018944448001,0.019775019265,-0.000830571264
2018,T1_previous_party_hierarchical_raked,29,0.018924607330,0.019775019265,-0.000850411936
2018,T1_previous_party_hierarchical_raked,30,0.018983921164,0.019775019265,-0.000791098102
2018,T1_previous_party_hierarchical_raked,31,0.019066763303,0.019775019265,-0.000708255962
2018,T1_previous_party_hierarchical_raked,32,0.019057773917,0.019775019265,-0.000717245349
2018,T1_previous_party_hierarchical_raked,33,0.019120421934,0.019775019265,-0.000654597332
2018,T1_previous_party_hierarchical_raked,34,0.019090712366,0.019775019265,-0.000684306900
2018,T1_previous_party_hierarchical_raked,35,0.018879569703,0.019775019265,-0.000895449563
2018,T1_previous_party_hierarchical_raked,36,0.018958061965,0.019775019265,-0.000816957301
2018,T1_previous_party_hierarchical_raked,37,0.018927267196,0.019775019265,-0.000847752070
2018,T1_previous_party_hierarchical_raked,38,0.019088909252,0.019775019265,-0.000686110014
2018,T1_previous_party_hierarchical_raked,39,0.019085185706,0.019775019265,-0.000689833559
2018,T1_previous_party_hierarchical_raked,40,0.018919690212,0.019775019265,-0.000855329053
2018,T1_previous_party_hierarchical_raked,41,0.018859948620,0.019775019265,-0.000915070646
2018,T1_previous_party_hierarchical_raked,42,0.019018147401,0.019775019265,-0.000756871865
2018,T1_previous_party_hierarchical_raked,43,0.019051683451,0.019775019265,-0.000723335814
2018,T1_previous_party_hierarchical_raked,44,0.019110468915,0.019775019265,-0.000664550350
2018,T1_previous_party_hierarchical_raked,45,0.019076434256,0.019775019265,-0.000698585009
2018,T1_previous_party_hierarchical_raked,46,0.019040516133,0.019775019265,-0.000734503132
2018,T1_previous_party_hierarchical_raked,47,0.019039972982,0.019775019265,-0.000735046284
2018,T1_previous_party_hierarchical_raked,48,0.019079190741,0.019775019265,-0.000695828525
2018,T1_previous_party_hierarchical_raked,49,0.019040917630,0.019775019265,-0.000734101636
2018,T1_previous_party_hierarchical_raked,50,0.018842066384,0.019775019265,-0.000932952881
2018,T1_previous_party_hierarchical_raked,51,0.018968403477,0.019775019265,-0.000806615788
2018,T1_previous_party_hierarchical_raked,52,0.019035787519,0.019775019265,-0.000739231746
2018,T1_previous_party_hierarchical_raked,53,0.018898999948,0.019775019265,-0.000876019318
2018,T1_previous_party_hierarchical_raked,54,0.018882342903,0.019775019265,-0.000892676363
2018,T1_previous_party_hierarchical_raked,55,0.019054257167,0.019775019265,-0.000720762098
2018,T1_previous_party_hierarchical_raked,56,0.019023086415,0.019775019265,-0.000751932850
2018,T1_previous_party_hierarchical_raked,57,0.018992395828,0.019775019265,-0.000782623437
2018,T1_previous_party_hierarchical_raked,58,0.019026612784,0.019775019265,-0.000748406481
2018,T1_previous_party_hierarchical_raked,59,0.018997242448,0.019775019265,-0.000777776818
2018,T1_previous_party_hierarchical_raked,60,0.018895660557,0.019775019265,-0.000879358708
2018,T1_previous_party_hierarchical_raked,61,0.018931252947,0.019775019265,-0.000843766319
2018,T1_previous_party_hierarchical_raked,62,0.019027230396,0.019775019265,-0.000747788870
2018,T1_previous_party_hierarchical_raked,63,0.018888966018,0.019775019265,-0.000886053248
2018,T1_previous_party_hierarchical_raked,64,0.018952075425,0.019775019265,-0.000822943841
2018,T1_previous_party_hierarchical_raked,65,0.018997787351,0.019775019265,-0.000777231915
2018,T1_previous_party_hierarchical_raked,66,0.018991407874,0.019775019265,-0.000783611391
2018,T1_previous_party_hierarchical_raked,67,0.018880934620,0.019775019265,-0.000894084645
2018,T1_previous_party_hierarchical_raked,68,0.019069014793,0.019775019265,-0.000706004473
2018,T1_previous_party_hierarchical_raked,69,0.019003186000,0.019775019265,-0.000771833266
2018,T1_previous_party_hierarchical_raked,70,0.019053879536,0.019775019265,-0.000721139730
2018,T1_previous_party_hierarchical_raked,71,0.019004232157,0.019775019265,-0.000770787108
2018,T1_previous_party_hierarchical_raked,72,0.018827978291,0.019775019265,-0.000947040974
2018,T1_previous_party_hierarchical_raked,73,0.019117600846,0.019775019265,-0.000657418419
2018,T1_previous_party_hierarchical_raked,74,0.019026687194,0.019775019265,-0.000748332072
2018,T1_previous_party_hierarchical_raked,75,0.018982273486,0.019775019265,-0.000792745779
2018,T1_previous_party_hierarchical_raked,76,0.018973820456,0.019775019265,-0.000801198810
2018,T1_previous_party_hierarchical_raked,77,0.018853441452,0.019775019265,-0.000921577814
2018,T1_previous_party_hierarchical_raked,78,0.018915661027,0.019775019265,-0.000859358238
2018,T1_previous_party_hierarchical_raked,79,0.019072960313,0.019775019265,-0.000702058952
2018,T1_previous_party_hierarchical_raked,80,0.018989779427,0.019775019265,-0.000785239839
2018,T1_previous_party_hierarchical_raked,81,0.018965500432,0.019775019265,-0.000809518833
2018,T1_previous_party_hierarchical_raked,82,0.019016134512,0.019775019265,-0.000758884753
2018,T1_previous_party_hierarchical_raked,83,0.019055787874,0.019775019265,-0.000719231391
2018,T1_previous_party_hierarchical_raked,84,0.018958058216,0.019775019265,-0.000816961050
2018,T1_previous_party_hierarchical_raked,85,0.018903978671,0.019775019265,-0.000871040594
2018,T1_previous_party_hierarchical_raked,86,0.018906028172,0.019775019265,-0.000868991094
2018,T1_previous_party_hierarchical_raked,87,0.018953679861,0.019775019265,-0.000821339404
2018,T1_previous_party_hierarchical_raked,88,0.018954970100,0.019775019265,-0.000820049166
2018,T1_previous_party_hierarchical_raked,89,0.018985078236,0.019775019265,-0.000789941029
2018,T1_previous_party_hierarchical_raked,90,0.018975059982,0.019775019265,-0.000799959284
2018,T1_previous_party_hierarchical_raked,91,0.019125676987,0.019775019265,-0.000649342279
2018,T1_previous_party_hierarchical_raked,92,0.019052818796,0.019775019265,-0.000722200470
2018,T1_previous_party_hierarchical_raked,93,0.018963115060,0.019775019265,-0.000811904206
2018,T1_previous_party_hierarchical_raked,94,0.019146057606,0.019775019265,-0.000628961659
2018,T1_previous_party_hierarchical_raked,95,0.019101350441,0.019775019265,-0.000673668825
2018,T1_previous_party_hierarchical_raked,96,0.019063656554,0.019775019265,-0.000711362711
2018,T1_previous_party_hierarchical_raked,97,0.019018437415,0.019775019265,-0.000756581851
2018,T1_previous_party_hierarchical_raked,98,0.018903404952,0.019775019265,-0.000871614314
2018,T1_previous_party_hierarchical_raked,99,0.019116223158,0.019775019265,-0.000658796108
2018,T1_previous_party_hierarchical_raked,100,0.019007252074,0.019775019265,-0.000767767192
2018,T1_previous_party_hierarchical_raked,101,0.019091684539,0.019775019265,-0.000683334726
2018,T1_previous_party_hierarchical_raked,102,0.019008990415,0.019775019265,-0.000766028851
2018,T1_previous_party_hierarchical_raked,103,0.019056603908,0.019775019265,-0.000718415358
2018,T1_previous_party_hierarchical_raked,104,0.018903897745,0.019775019265,-0.000871121521
2018,T1_previous_party_hierarchical_raked,105,0.018884584594,0.019775019265,-0.000890434671
2018,T1_previous_party_hierarchical_raked,106,0.019118272691,0.019775019265,-0.000656746575
2018,T1_previous_party_hierarchical_raked,107,0.019040940681,0.019775019265,-0.000734078584
2018,T1_previous_party_hierarchical_raked,108,0.018926359572,0.019775019265,-0.000848659693
2018,T1_previous_party_hierarchical_raked,109,0.018966136651,0.019775019265,-0.000808882615
2018,T1_previous_party_hierarchical_raked,110,0.018973138592,0.019775019265,-0.000801880673
2018,T1_previous_party_hierarchical_raked,111,0.019004282933,0.019775019265,-0.000770736332
2018,T1_previous_party_hierarchical_raked,112,0.019047528859,0.019775019265,-0.000727490407
2018,T1_previous_party_hierarchical_raked,113,0.019008817254,0.019775019265,-0.000766202011
2018,T1_previous_party_hierarchical_raked,114,0.019060690024,0.019775019265,-0.000714329242
2018,T1_previous_party_hierarchical_raked,115,0.019210709067,0.019775019265,-0.000564310198
2018,T1_previous_party_hierarchical_raked,116,0.019069487103,0.019775019265,-0.000705532162
2018,T1_previous_party_hierarchical_raked,117,0.018929261436,0.019775019265,-0.000845757829
2018,T1_previous_party_hierarchical_raked,118,0.019081287602,0.019775019265,-0.000693731663
2018,T1_previous_party_hierarchical_raked,119,0.019004654953,0.019775019265,-0.000770364313
2018,T1_previous_party_hierarchical_raked,120,0.018955516468,0.019775019265,-0.000819502797
2018,T1_previous_party_hierarchical_raked,121,0.019103503754,0.019775019265,-0.000671515511
2018,T1_previous_party_hierarchical_raked,122,0.018978050336,0.019775019265,-0.000796968929
2018,T1_previous_party_hierarchical_raked,123,0.019058528439,0.019775019265,-0.000716490826
2018,T1_previous_party_hierarchical_raked,124,0.019058229775,0.019775019265,-0.000716789491
2018,T1_previous_party_hierarchical_raked,125,0.019012839840,0.019775019265,-0.000762179426
2018,T1_previous_party_hierarchical_raked,126,0.019002816347,0.019775019265,-0.000772202918
2018,T1_previous_party_hierarchical_raked,127,0.019052278014,0.019775019265,-0.000722741251
2018,T1_previous_party_hierarchical_raked,128,0.019122644662,0.019775019265,-0.000652374604
2018,T1_previous_party_hierarchical_raked,129,0.018956123974,0.019775019265,-0.000818895291
2018,T1_previous_party_hierarchical_raked,130,0.018875497272,0.019775019265,-0.000899521994
2018,T1_previous_party_hierarchical_raked,131,0.019156361812,0.019775019265,-0.000618657453
2018,T1_previous_party_hierarchical_raked,132,0.018870074745,0.019775019265,-0.000904944521
2018,T1_previous_party_hierarchical_raked,133,0.018953199661,0.019775019265,-0.000821819605
2018,T1_previous_party_hierarchical_raked,134,0.018753322811,0.019775019265,-0.001021696455
2018,T1_previous_party_hierarchical_raked,135,0.018969805715,0.019775019265,-0.000805213551
2018,T1_previous_party_hierarchical_raked,136,0.018977413108,0.019775019265,-0.000797606158
2018,T1_previous_party_hierarchical_raked,137,0.018945030951,0.019775019265,-0.000829988315
2018,T1_previous_party_hierarchical_raked,138,0.018865584433,0.019775019265,-0.000909434832
2018,T1_previous_party_hierarchical_raked,139,0.019090288609,0.019775019265,-0.000684730656
2018,T1_previous_party_hierarchical_raked,140,0.019053525796,0.019775019265,-0.000721493469
2018,T1_previous_party_hierarchical_raked,141,0.019099277242,0.019775019265,-0.000675742023
2018,T1_previous_party_hierarchical_raked,142,0.019093704768,0.019775019265,-0.000681314498
2018,T1_previous_party_hierarchical_raked,143,0.019081571071,0.019775019265,-0.000693448195
2018,T1_previous_party_hierarchical_raked,144,0.018982543783,0.019775019265,-0.000792475483
2018,T1_previous_party_hierarchical_raked,145,0.019164439786,0.019775019265,-0.000610579480
2018,T1_previous_party_hierarchical_raked,146,0.019006371962,0.019775019265,-0.000768647303
2018,T1_previous_party_hierarchical_raked,147,0.018984983192,0.019775019265,-0.000790036073
2018,T1_previous_party_hierarchical_raked,148,0.018992612502,0.019775019265,-0.000782406764
2018,T1_previous_party_hierarchical_raked,149,0.018841824841,0.019775019265,-0.000933194424
2018,T1_previous_party_hierarchical_raked,150,0.019041835546,0.019775019265,-0.000733183720
2018,T1_previous_party_hierarchical_raked,151,0.019022633401,0.019775019265,-0.000752385864
2018,T1_previous_party_hierarchical_raked,152,0.018981274483,0.019775019265,-0.000793744783
2018,T1_previous_party_hierarchical_raked,153,0.018921201482,0.019775019265,-0.000853817784
2018,T1_previous_party_hierarchical_raked,154,0.019015236894,0.019775019265,-0.000759782372
2018,T1_previous_party_hierarchical_raked,155,0.019100331799,0.019775019265,-0.000674687466
2018,T1_previous_party_hierarchical_raked,156,0.018938599870,0.019775019265,-0.000836419395
2018,T1_previous_party_hierarchical_raked,157,0.019049473445,0.019775019265,-0.000725545821
2018,T1_previous_party_hierarchical_raked,158,0.019069224537,0.019775019265,-0.000705794728
2018,T1_previous_party_hierarchical_raked,159,0.019050349416,0.019775019265,-0.000724669850
2018,T1_previous_party_hierarchical_raked,160,0.018945872236,0.019775019265,-0.000829147030
2018,T1_previous_party_hierarchical_raked,161,0.019127787204,0.019775019265,-0.000647232061
2018,T1_previous_party_hierarchical_raked,162,0.018990531153,0.019775019265,-0.000784488113
2018,T1_previous_party_hierarchical_raked,163,0.019084247588,0.019775019265,-0.000690771677
2018,T1_previous_party_hierarchical_raked,164,0.018915761605,0.019775019265,-0.000859257661
2018,T1_previous_party_hierarchical_raked,165,0.018988645273,0.019775019265,-0.000786373992
2018,T1_previous_party_hierarchical_raked,166,0.019037599149,0.019775019265,-0.000737420116
2018,T1_previous_party_hierarchical_raked,167,0.019119796068,0.019775019265,-0.000655223197
2018,T1_previous_party_hierarchical_raked,168,0.018950168887,0.019775019265,-0.000824850379
2018,T1_previous_party_hierarchical_raked,169,0.019136236797,0.019775019265,-0.000638782468
2018,T1_previous_party_hierarchical_raked,170,0.019131368241,0.019775019265,-0.000643651025
2018,T1_previous_party_hierarchical_raked,171,0.019002932455,0.019775019265,-0.000772086811
2018,T1_previous_party_hierarchical_raked,172,0.019091593532,0.019775019265,-0.000683425733
2018,T1_previous_party_hierarchical_raked,173,0.019143595205,0.019775019265,-0.000631424061
2018,T1_previous_party_hierarchical_raked,174,0.018945122625,0.019775019265,-0.000829896640
2018,T1_previous_party_hierarchical_raked,175,0.019100976436,0.019775019265,-0.000674042830
2018,T1_previous_party_hierarchical_raked,176,0.019011502841,0.019775019265,-0.000763516424
2018,T1_previous_party_hierarchical_raked,177,0.019188335393,0.019775019265,-0.000586683872
2018,T1_previous_party_hierarchical_raked,178,0.018995379009,0.019775019265,-0.000779640257
2018,T1_previous_party_hierarchical_raked,179,0.019044512647,0.019775019265,-0.000730506619
2018,T1_previous_party_hierarchical_raked,180,0.019045780676,0.019775019265,-0.000729238590
2018,T1_previous_party_hierarchical_raked,181,0.018947141267,0.019775019265,-0.000827877998
2018,T1_previous_party_hierarchical_raked,182,0.018902726900,0.019775019265,-0.000872292366
2018,T1_previous_party_hierarchical_raked,183,0.018962090098,0.019775019265,-0.000812929167
2018,T1_previous_party_hierarchical_raked,184,0.018976647495,0.019775019265,-0.000798371771
2018,T1_previous_party_hierarchical_raked,185,0.019118866365,0.019775019265,-0.000656152901
2018,T1_previous_party_hierarchical_raked,186,0.018957235083,0.019775019265,-0.000817784182
2018,T1_previous_party_hierarchical_raked,187,0.019112597546,0.019775019265,-0.000662421720
2018,T1_previous_party_hierarchical_raked,188,0.019095264476,0.019775019265,-0.000679754790
2018,T1_previous_party_hierarchical_raked,189,0.019131848767,0.019775019265,-0.000643170499
2018,T1_previous_party_hierarchical_raked,190,0.018977593507,0.019775019265,-0.000797425758
2018,T1_previous_party_hierarchical_raked,191,0.019070433428,0.019775019265,-0.000704585837
2018,T1_previous_party_hierarchical_raked,192,0.019037618664,0.019775019265,-0.000737400602
2018,T1_previous_party_hierarchical_raked,193,0.018942720010,0.019775019265,-0.000832299256
2018,T1_previous_party_hierarchical_raked,194,0.018945572613,0.019775019265,-0.000829446652
2018,T1_previous_party_hierarchical_raked,195,0.018934035231,0.019775019265,-0.000840984035
2018,T1_previous_party_hierarchical_raked,196,0.018987805599,0.019775019265,-0.000787213667
2018,T1_previous_party_hierarchical_raked,197,0.018958290640,0.019775019265,-0.000816728625
2018,T1_previous_party_hierarchical_raked,198,0.019008652780,0.019775019265,-0.000766366486
2018,T1_previous_party_hierarchical_raked,199,0.019032482126,0.019775019265,-0.000742537139
2018,T1_previous_party_hierarchical_raked,200,0.018936918631,0.019775019265,-0.000838100634
2018,T1_previous_party_hierarchical_raked,201,0.019060896611,0.019775019265,-0.000714122654
2018,T1_previous_party_hierarchical_raked,202,0.019055446311,0.019775019265,-0.000719572954
2018,T1_previous_party_hierarchical_raked,203,0.019034482625,0.019775019265,-0.000740536640
2018,T1_previous_party_hierarchical_raked,204,0.018881670855,0.019775019265,-0.000893348410
2018,T1_previous_party_hierarchical_raked,205,0.018977126829,0.019775019265,-0.000797892436
2018,T1_previous_party_hierarchical_raked,206,0.018971529229,0.019775019265,-0.000803490036
2018,T1_previous_party_hierarchical_raked,207,0.018916491249,0.019775019265,-0.000858528017
2018,T1_previous_party_hierarchical_raked,208,0.019054989587,0.019775019265,-0.000720029678
2018,T1_previous_party_hierarchical_raked,209,0.019084044140,0.019775019265,-0.000690975126
2018,T1_previous_party_hierarchical_raked,210,0.018918400040,0.019775019265,-0.000856619226
2018,T1_previous_party_hierarchical_raked,211,0.018861424070,0.019775019265,-0.000913595195
2018,T1_previous_party_hierarchical_raked,212,0.019072178052,0.019775019265,-0.000702841214
2018,T1_previous_party_hierarchical_raked,213,0.019050116296,0.019775019265,-0.000724902970
2018,T1_previous_party_hierarchical_raked,214,0.018917263354,0.019775019265,-0.000857755912
2018,T1_previous_party_hierarchical_raked,215,0.018876879253,0.019775019265,-0.000898140012
2018,T1_previous_party_hierarchical_raked,216,0.018791818971,0.019775019265,-0.000983200294
2018,T1_previous_party_hierarchical_raked,217,0.019077274033,0.019775019265,-0.000697745232
2018,T1_previous_party_hierarchical_raked,218,0.019070477829,0.019775019265,-0.000704541436
2018,T1_previous_party_hierarchical_raked,219,0.019047241469,0.019775019265,-0.000727777797
2018,T1_previous_party_hierarchical_raked,220,0.019030845045,0.019775019265,-0.000744174221
2018,T1_previous_party_hierarchical_raked,221,0.019107950361,0.019775019265,-0.000667068905
2018,T1_previous_party_hierarchical_raked,222,0.018927988762,0.019775019265,-0.000847030504
2018,T1_previous_party_hierarchical_raked,223,0.019073620141,0.019775019265,-0.000701399124
2018,T1_previous_party_hierarchical_raked,224,0.019111155327,0.019775019265,-0.000663863938
2018,T1_previous_party_hierarchical_raked,225,0.019009783931,0.019775019265,-0.000765235334
2018,T1_previous_party_hierarchical_raked,226,0.019049364731,0.019775019265,-0.000725654534
2018,T1_previous_party_hierarchical_raked,227,0.018981151133,0.019775019265,-0.000793868132
2018,T1_previous_party_hierarchical_raked,228,0.019106736331,0.019775019265,-0.000668282935
2018,T1_previous_party_hierarchical_raked,229,0.019152355411,0.019775019265,-0.000622663855
2018,T1_previous_party_hierarchical_raked,230,0.019034831259,0.019775019265,-0.000740188007
2018,T1_previous_party_hierarchical_raked,231,0.019059332247,0.019775019265,-0.000715687019
2018,T1_previous_party_hierarchical_raked,232,0.019044537644,0.019775019265,-0.000730481622
2018,T1_previous_party_hierarchical_raked,233,0.019065885082,0.019775019265,-0.000709134184
2018,T1_previous_party_hierarchical_raked,234,0.019032836300,0.019775019265,-0.000742182965
2018,T1_previous_party_hierarchical_raked,235,0.018877142732,0.019775019265,-0.000897876533
2018,T1_previous_party_hierarchical_raked,236,0.018947173985,0.019775019265,-0.000827845281
2018,T1_previous_party_hierarchical_raked,237,0.018896295115,0.019775019265,-0.000878724150
2018,T1_previous_party_hierarchical_raked,238,0.019143782185,0.019775019265,-0.000631237081
2018,T1_previous_party_hierarchical_raked,239,0.018965671491,0.019775019265,-0.000809347774
2018,T1_previous_party_hierarchical_raked,240,0.018982752382,0.019775019265,-0.000792266884
2018,T1_previous_party_hierarchical_raked,241,0.018945151223,0.019775019265,-0.000829868042
2018,T1_previous_party_hierarchical_raked,242,0.019108136729,0.019775019265,-0.000666882536
2018,T1_previous_party_hierarchical_raked,243,0.019108227213,0.019775019265,-0.000666792052
2018,T1_previous_party_hierarchical_raked,244,0.018903767687,0.019775019265,-0.000871251579
2018,T1_previous_party_hierarchical_raked,245,0.018969150247,0.019775019265,-0.000805869019
2018,T1_previous_party_hierarchical_raked,246,0.018987121924,0.019775019265,-0.000787897341
2018,T1_previous_party_hierarchical_raked,247,0.019055108215,0.019775019265,-0.000719911050
2018,T1_previous_party_hierarchical_raked,248,0.018965927520,0.019775019265,-0.000809091745
2018,T1_previous_party_hierarchical_raked,249,0.018871904022,0.019775019265,-0.000903115243
2018,T1_previous_party_hierarchical_raked,250,0.019021642896,0.019775019265,-0.000753376370
2018,T1_previous_party_hierarchical_raked,251,0.018892843123,0.019775019265,-0.000882176142
2018,T1_previous_party_hierarchical_raked,252,0.018923406933,0.019775019265,-0.000851612332
2018,T1_previous_party_hierarchical_raked,253,0.019062138129,0.019775019265,-0.000712881136
2018,T1_previous_party_hierarchical_raked,254,0.019045795385,0.019775019265,-0.000729223881
2018,T1_previous_party_hierarchical_raked,255,0.018939212997,0.019775019265,-0.000835806269
2018,T1_previous_party_hierarchical_raked,256,0.019098897357,0.019775019265,-0.000676121908
2018,T1_previous_party_hierarchical_raked,257,0.018874007839,0.019775019265,-0.000901011427
2018,T1_previous_party_hierarchical_raked,258,0.019019437431,0.019775019265,-0.000755581834
2018,T1_previous_party_hierarchical_raked,259,0.019051023311,0.019775019265,-0.000723995955
2018,T1_previous_party_hierarchical_raked,260,0.018957666440,0.019775019265,-0.000817352825
2018,T1_previous_party_hierarchical_raked,261,0.019209198600,0.019775019265,-0.000565820666
2018,T1_previous_party_hierarchical_raked,262,0.018972220523,0.019775019265,-0.000802798742
2018,T1_previous_party_hierarchical_raked,263,0.018935936164,0.019775019265,-0.000839083101
2018,T1_previous_party_hierarchical_raked,264,0.018918537386,0.019775019265,-0.000856481879
2018,T1_previous_party_hierarchical_raked,265,0.019098375828,0.019775019265,-0.000676643438
2018,T1_previous_party_hierarchical_raked,266,0.019043995756,0.019775019265,-0.000731023509
2018,T1_previous_party_hierarchical_raked,267,0.019072659966,0.019775019265,-0.000702359300
2018,T1_previous_party_hierarchical_raked,268,0.018996610132,0.019775019265,-0.000778409133
2018,T1_previous_party_hierarchical_raked,269,0.019021180416,0.019775019265,-0.000753838850
2018,T1_previous_party_hierarchical_raked,270,0.019079989170,0.019775019265,-0.000695030096
2018,T1_previous_party_hierarchical_raked,271,0.019183807542,0.019775019265,-0.000591211723
2018,T1_previous_party_hierarchical_raked,272,0.018985679756,0.019775019265,-0.000789339509
2018,T1_previous_party_hierarchical_raked,273,0.019097435387,0.019775019265,-0.000677583878
2018,T1_previous_party_hierarchical_raked,274,0.018944766032,0.019775019265,-0.000830253233
2018,T1_previous_party_hierarchical_raked,275,0.018863129101,0.019775019265,-0.000911890164
2018,T1_previous_party_hierarchical_raked,276,0.018953299491,0.019775019265,-0.000821719774
2018,T1_previous_party_hierarchical_raked,277,0.019028127904,0.019775019265,-0.000746891361
2018,T1_previous_party_hierarchical_raked,278,0.018966570529,0.019775019265,-0.000808448737
2018,T1_previous_party_hierarchical_raked,279,0.018987395615,0.019775019265,-0.000787623651
2018,T1_previous_party_hierarchical_raked,280,0.019054150707,0.019775019265,-0.000720868559
2018,T1_previous_party_hierarchical_raked,281,0.019162312212,0.019775019265,-0.000612707053
2018,T1_previous_party_hierarchical_raked,282,0.018916629189,0.019775019265,-0.000858390076
2018,T1_previous_party_hierarchical_raked,283,0.019096271605,0.019775019265,-0.000678747661
2018,T1_previous_party_hierarchical_raked,284,0.019109567618,0.019775019265,-0.000665451647
2018,T1_previous_party_hierarchical_raked,285,0.019147647026,0.019775019265,-0.000627372239
2018,T1_previous_party_hierarchical_raked,286,0.019050020399,0.019775019265,-0.000724998867
2018,T1_previous_party_hierarchical_raked,287,0.018967031184,0.019775019265,-0.000807988082
2018,T1_previous_party_hierarchical_raked,288,0.018881697303,0.019775019265,-0.000893321962
2018,T1_previous_party_hierarchical_raked,289,0.019109520721,0.019775019265,-0.000665498545
2018,T1_previous_party_hierarchical_raked,290,0.019039621508,0.019775019265,-0.000735397758
2018,T1_previous_party_hierarchical_raked,291,0.019171372472,0.019775019265,-0.000603646794
2018,T1_previous_party_hierarchical_raked,292,0.018993238631,0.019775019265,-0.000781780634
2018,T1_previous_party_hierarchical_raked,293,0.018928097134,0.019775019265,-0.000846922132
2018,T1_previous_party_hierarchical_raked,294,0.018867437733,0.019775019265,-0.000907581532
2018,T1_previous_party_hierarchical_raked,295,0.018993429129,0.019775019265,-0.000781590136
2018,T1_previous_party_hierarchical_raked,296,0.019085918349,0.019775019265,-0.000689100917
2018,T1_previous_party_hierarchical_raked,297,0.019077012160,0.019775019265,-0.000698007106
2018,T1_previous_party_hierarchical_raked,298,0.019002162238,0.019775019265,-0.000772857027
2018,T1_previous_party_hierarchical_raked,299,0.019116659115,0.019775019265,-0.000658360150
2018,T1_previous_party_hierarchical_raked,300,0.018984441599,0.019775019265,-0.000790577666
2018,T1_previous_party_hierarchical_raked,301,0.019096839041,0.019775019265,-0.000678180224
2018,T1_previous_party_hierarchical_raked,302,0.019030951750,0.019775019265,-0.000744067515
2018,T1_previous_party_hierarchical_raked,303,0.018993260517,0.019775019265,-0.000781758749
2018,T1_previous_party_hierarchical_raked,304,0.018943240752,0.019775019265,-0.000831778514
2018,T1_previous_party_hierarchical_raked,305,0.018844177619,0.019775019265,-0.000930841646
2018,T1_previous_party_hierarchical_raked,306,0.019044604121,0.019775019265,-0.000730415144
2018,T1_previous_party_hierarchical_raked,307,0.019073514494,0.019775019265,-0.000701504771
2018,T1_previous_party_hierarchical_raked,308,0.018922402928,0.019775019265,-0.000852616337
2018,T1_previous_party_hierarchical_raked,309,0.018778807914,0.019775019265,-0.000996211352
2018,T1_previous_party_hierarchical_raked,310,0.018839584854,0.019775019265,-0.000935434411
2018,T1_previous_party_hierarchical_raked,311,0.019020009844,0.019775019265,-0.000755009422
2018,T1_previous_party_hierarchical_raked,312,0.018990923516,0.019775019265,-0.000784095749
2018,T1_previous_party_hierarchical_raked,313,0.019152164077,0.019775019265,-0.000622855188
2018,T1_previous_party_hierarchical_raked,314,0.018973465789,0.019775019265,-0.000801553476
2018,T1_previous_party_hierarchical_raked,315,0.018921719370,0.019775019265,-0.000853299895
2018,T1_previous_party_hierarchical_raked,316,0.018842743756,0.019775019265,-0.000932275509
2018,T1_previous_party_hierarchical_raked,317,0.019075787898,0.019775019265,-0.000699231368
2018,T1_previous_party_hierarchical_raked,318,0.019120882210,0.019775019265,-0.000654137055
2018,T1_previous_party_hierarchical_raked,319,0.019085772551,0.019775019265,-0.000689246715
2018,T1_previous_party_hierarchical_raked,320,0.018880729266,0.019775019265,-0.000894289999
2018,T1_previous_party_hierarchical_raked,321,0.019128044830,0.019775019265,-0.000646974436
2018,T1_previous_party_hierarchical_raked,322,0.019044531971,0.019775019265,-0.000730487294
2018,T1_previous_party_hierarchical_raked,323,0.019056093205,0.019775019265,-0.000718926061
2018,T1_previous_party_hierarchical_raked,324,0.019118374969,0.019775019265,-0.000656644297
2018,T1_previous_party_hierarchical_raked,325,0.018983854538,0.019775019265,-0.000791164727
2018,T1_previous_party_hierarchical_raked,326,0.019141882668,0.019775019265,-0.000633136597
2018,T1_previous_party_hierarchical_raked,327,0.019129777059,0.019775019265,-0.000645242207
2018,T1_previous_party_hierarchical_raked,328,0.018862746578,0.019775019265,-0.000912272688
2018,T1_previous_party_hierarchical_raked,329,0.018824666321,0.019775019265,-0.000950352945
2018,T1_previous_party_hierarchical_raked,330,0.018979636093,0.019775019265,-0.000795383172
2018,T1_previous_party_hierarchical_raked,331,0.019084302941,0.019775019265,-0.000690716324
2018,T1_previous_party_hierarchical_raked,332,0.019122049934,0.019775019265,-0.000652969331
2018,T1_previous_party_hierarchical_raked,333,0.018911302551,0.019775019265,-0.000863716715
2018,T1_previous_party_hierarchical_raked,334,0.019047991607,0.019775019265,-0.000727027658
2018,T1_previous_party_hierarchical_raked,335,0.018989350835,0.019775019265,-0.000785668431
2018,T1_previous_party_hierarchical_raked,336,0.018926590344,0.019775019265,-0.000848428921
2018,T1_previous_party_hierarchical_raked,337,0.018958407284,0.019775019265,-0.000816611981
2018,T1_previous_party_hierarchical_raked,338,0.019148460932,0.019775019265,-0.000626558333
2018,T1_previous_party_hierarchical_raked,339,0.018865497618,0.019775019265,-0.000909521648
2018,T1_previous_party_hierarchical_raked,340,0.018805451159,0.019775019265,-0.000969568107
2018,T1_previous_party_hierarchical_raked,341,0.018864686522,0.019775019265,-0.000910332743
2018,T1_previous_party_hierarchical_raked,342,0.019054932969,0.019775019265,-0.000720086296
2018,T1_previous_party_hierarchical_raked,343,0.019055619078,0.019775019265,-0.000719400187
2018,T1_previous_party_hierarchical_raked,344,0.018997493849,0.019775019265,-0.000777525417
2018,T1_previous_party_hierarchical_raked,345,0.019076894093,0.019775019265,-0.000698125172
2018,T1_previous_party_hierarchical_raked,346,0.018989125305,0.019775019265,-0.000785893960
2018,T1_previous_party_hierarchical_raked,347,0.019125296805,0.019775019265,-0.000649722460
2018,T1_previous_party_hierarchical_raked,348,0.019035161356,0.019775019265,-0.000739857909
2018,T1_previous_party_hierarchical_raked,349,0.018921604925,0.019775019265,-0.000853414340
2018,T1_previous_party_hierarchical_raked,350,0.018905384208,0.019775019265,-0.000869635058
2018,T1_previous_party_hierarchical_raked,351,0.018997203441,0.019775019265,-0.000777815824
2018,T1_previous_party_hierarchical_raked,352,0.018947117913,0.019775019265,-0.000827901353
2018,T1_previous_party_hierarchical_raked,353,0.018917945221,0.019775019265,-0.000857074044
2018,T1_previous_party_hierarchical_raked,354,0.019017460119,0.019775019265,-0.000757559147
2018,T1_previous_party_hierarchical_raked,355,0.018979480698,0.019775019265,-0.000795538567
2018,T1_previous_party_hierarchical_raked,356,0.019055447748,0.019775019265,-0.000719571517
2018,T1_previous_party_hierarchical_raked,357,0.018925809281,0.019775019265,-0.000849209985
2018,T1_previous_party_hierarchical_raked,358,0.018932201803,0.019775019265,-0.000842817462
2018,T1_previous_party_hierarchical_raked,359,0.018841559285,0.019775019265,-0.000933459980
2018,T1_previous_party_hierarchical_raked,360,0.018921531801,0.019775019265,-0.000853487464
2018,T1_previous_party_hierarchical_raked,361,0.019077498573,0.019775019265,-0.000697520693
2018,T1_previous_party_hierarchical_raked,362,0.018952370753,0.019775019265,-0.000822648512
2018,T1_previous_party_hierarchical_raked,363,0.019086491344,0.019775019265,-0.000688527921
2018,T1_previous_party_hierarchical_raked,364,0.019063048267,0.019775019265,-0.000711970998
2018,T1_previous_party_hierarchical_raked,365,0.019039536742,0.019775019265,-0.000735482524
2018,T1_previous_party_hierarchical_raked,366,0.019033250848,0.019775019265,-0.000741768417
2018,T1_previous_party_hierarchical_raked,367,0.019138727651,0.019775019265,-0.000636291615
2018,T1_previous_party_hierarchical_raked,368,0.018919680898,0.019775019265,-0.000855338368
2018,T1_previous_party_hierarchical_raked,369,0.019151192616,0.019775019265,-0.000623826650
2018,T1_previous_party_hierarchical_raked,370,0.019089591991,0.019775019265,-0.000685427275
2018,T1_previous_party_hierarchical_raked,371,0.018982616770,0.019775019265,-0.000792402495
2018,T1_previous_party_hierarchical_raked,372,0.019085953239,0.019775019265,-0.000689066027
2018,T1_previous_party_hierarchical_raked,373,0.018973732894,0.019775019265,-0.000801286372
2018,T1_previous_party_hierarchical_raked,374,0.019063705822,0.019775019265,-0.000711313444
2018,T1_previous_party_hierarchical_raked,375,0.018981419793,0.019775019265,-0.000793599473
2018,T1_previous_party_hierarchical_raked,376,0.018891774754,0.019775019265,-0.000883244512
2018,T1_previous_party_hierarchical_raked,377,0.019050399087,0.019775019265,-0.000724620178
2018,T1_previous_party_hierarchical_raked,378,0.019237399372,0.019775019265,-0.000537619893
2018,T1_previous_party_hierarchical_raked,379,0.018953701998,0.019775019265,-0.000821317267
2018,T1_previous_party_hierarchical_raked,380,0.018921118836,0.019775019265,-0.000853900430
2018,T1_previous_party_hierarchical_raked,381,0.018991089000,0.019775019265,-0.000783930266
2018,T1_previous_party_hierarchical_raked,382,0.019018134281,0.019775019265,-0.000756884984
2018,T1_previous_party_hierarchical_raked,383,0.018819584454,0.019775019265,-0.000955434811
2018,T1_previous_party_hierarchical_raked,384,0.018902914912,0.019775019265,-0.000872104354
2018,T1_previous_party_hierarchical_raked,385,0.019155404291,0.019775019265,-0.000619614975
2018,T1_previous_party_hierarchical_raked,386,0.019083515315,0.019775019265,-0.000691503951
2018,T1_previous_party_hierarchical_raked,387,0.018945728949,0.019775019265,-0.000829290316
2018,T1_previous_party_hierarchical_raked,388,0.018931424234,0.019775019265,-0.000843595031
2018,T1_previous_party_hierarchical_raked,389,0.018991180024,0.019775019265,-0.000783839242
2018,T1_previous_party_hierarchical_raked,390,0.019113859122,0.019775019265,-0.000661160143
2018,T1_previous_party_hierarchical_raked,391,0.018888726140,0.019775019265,-0.000886293125
2018,T1_previous_party_hierarchical_raked,392,0.019084411296,0.019775019265,-0.000690607969
2018,T1_previous_party_hierarchical_raked,393,0.019055362504,0.019775019265,-0.000719656762
2018,T1_previous_party_hierarchical_raked,394,0.018945820375,0.019775019265,-0.000829198890
2018,T1_previous_party_hierarchical_raked,395,0.019101131153,0.019775019265,-0.000673888113
2018,T1_previous_party_hierarchical_raked,396,0.018950611482,0.019775019265,-0.000824407783
2018,T1_previous_party_hierarchical_raked,397,0.019030420274,0.019775019265,-0.000744598991
2018,T1_previous_party_hierarchical_raked,398,0.018875097569,0.019775019265,-0.000899921696
2018,T1_previous_party_hierarchical_raked,399,0.019001494339,0.019775019265,-0.000773524926
2018,T1_previous_party_hierarchical_raked,400,0.018857865498,0.019775019265,-0.000917153767
2018,T1_previous_party_hierarchical_raked,401,0.018914869467,0.019775019265,-0.000860149798
2018,T1_previous_party_hierarchical_raked,402,0.019143163939,0.019775019265,-0.000631855327
2018,T1_previous_party_hierarchical_raked,403,0.018932806666,0.019775019265,-0.000842212599
2018,T1_previous_party_hierarchical_raked,404,0.018955199869,0.019775019265,-0.000819819397
2018,T1_previous_party_hierarchical_raked,405,0.019041834376,0.019775019265,-0.000733184890
2018,T1_previous_party_hierarchical_raked,406,0.018920294621,0.019775019265,-0.000854724645
2018,T1_previous_party_hierarchical_raked,407,0.019036169125,0.019775019265,-0.000738850141
2018,T1_previous_party_hierarchical_raked,408,0.018896250572,0.019775019265,-0.000878768693
2018,T1_previous_party_hierarchical_raked,409,0.018917482570,0.019775019265,-0.000857536695
2018,T1_previous_party_hierarchical_raked,410,0.018916584335,0.019775019265,-0.000858434931
2018,T1_previous_party_hierarchical_raked,411,0.019034364262,0.019775019265,-0.000740655004
2018,T1_previous_party_hierarchical_raked,412,0.018890819481,0.019775019265,-0.000884199785
2018,T1_previous_party_hierarchical_raked,413,0.019081444633,0.019775019265,-0.000693574632
2018,T1_previous_party_hierarchical_raked,414,0.018956212953,0.019775019265,-0.000818806313
2018,T1_previous_party_hierarchical_raked,415,0.018897345754,0.019775019265,-0.000877673512
2018,T1_previous_party_hierarchical_raked,416,0.019054669573,0.019775019265,-0.000720349693
2018,T1_previous_party_hierarchical_raked,417,0.019100758100,0.019775019265,-0.000674261166
2018,T1_previous_party_hierarchical_raked,418,0.018900215986,0.019775019265,-0.000874803280
2018,T1_previous_party_hierarchical_raked,419,0.018889265417,0.019775019265,-0.000885753849
2018,T1_previous_party_hierarchical_raked,420,0.019065194550,0.019775019265,-0.000709824716
2018,T1_previous_party_hierarchical_raked,421,0.019044123262,0.019775019265,-0.000730896003
2018,T1_previous_party_hierarchical_raked,422,0.018959271444,0.019775019265,-0.000815747822
2018,T1_previous_party_hierarchical_raked,423,0.018844532969,0.019775019265,-0.000930486296
2018,T1_previous_party_hierarchical_raked,424,0.018874478836,0.019775019265,-0.000900540430
2018,T1_previous_party_hierarchical_raked,425,0.018968942656,0.019775019265,-0.000806076610
2018,T1_previous_party_hierarchical_raked,426,0.018980422603,0.019775019265,-0.000794596663
2018,T1_previous_party_hierarchical_raked,427,0.019130336870,0.019775019265,-0.000644682395
2018,T1_previous_party_hierarchical_raked,428,0.019046179145,0.019775019265,-0.000728840121
2018,T1_previous_party_hierarchical_raked,429,0.019031759342,0.019775019265,-0.000743259923
2018,T1_previous_party_hierarchical_raked,430,0.019027775759,0.019775019265,-0.000747243506
2018,T1_previous_party_hierarchical_raked,431,0.019010566166,0.019775019265,-0.000764453099
2018,T1_previous_party_hierarchical_raked,432,0.019117498119,0.019775019265,-0.000657521146
2018,T1_previous_party_hierarchical_raked,433,0.018968859447,0.019775019265,-0.000806159819
2018,T1_previous_party_hierarchical_raked,434,0.018982686728,0.019775019265,-0.000792332537
2018,T1_previous_party_hierarchical_raked,435,0.018920942511,0.019775019265,-0.000854076754
2018,T1_previous_party_hierarchical_raked,436,0.019149771612,0.019775019265,-0.000625247653
2018,T1_previous_party_hierarchical_raked,437,0.019055906909,0.019775019265,-0.000719112356
2018,T1_previous_party_hierarchical_raked,438,0.019035912944,0.019775019265,-0.000739106321
2018,T1_previous_party_hierarchical_raked,439,0.018939700056,0.019775019265,-0.000835319209
2018,T1_previous_party_hierarchical_raked,440,0.019028612225,0.019775019265,-0.000746407040
2018,T1_previous_party_hierarchical_raked,441,0.018961853081,0.019775019265,-0.000813166185
2018,T1_previous_party_hierarchical_raked,442,0.019106031365,0.019775019265,-0.000668987901
2018,T1_previous_party_hierarchical_raked,443,0.018992196486,0.019775019265,-0.000782822779
2018,T1_previous_party_hierarchical_raked,444,0.019050162037,0.019775019265,-0.000724857229
2018,T1_previous_party_hierarchical_raked,445,0.019070940260,0.019775019265,-0.000704079005
2018,T1_previous_party_hierarchical_raked,446,0.019123432336,0.019775019265,-0.000651586929
2018,T1_previous_party_hierarchical_raked,447,0.019107198319,0.019775019265,-0.000667820947
2018,T1_previous_party_hierarchical_raked,448,0.019009911926,0.019775019265,-0.000765107340
2018,T1_previous_party_hierarchical_raked,449,0.019023002197,0.019775019265,-0.000752017068
2018,T1_previous_party_hierarchical_raked,450,0.019007168496,0.019775019265,-0.000767850769
2018,T1_previous_party_hierarchical_raked,451,0.018946362335,0.019775019265,-0.000828656930
2018,T1_previous_party_hierarchical_raked,452,0.018949150394,0.019775019265,-0.000825868871
2018,T1_previous_party_hierarchical_raked,453,0.019001839120,0.019775019265,-0.000773180145
2018,T1_previous_party_hierarchical_raked,454,0.018934195244,0.019775019265,-0.000840824022
2018,T1_previous_party_hierarchical_raked,455,0.019082204791,0.019775019265,-0.000692814474
2018,T1_previous_party_hierarchical_raked,456,0.019138145012,0.019775019265,-0.000636874253
2018,T1_previous_party_hierarchical_raked,457,0.019024182816,0.019775019265,-0.000750836449
2018,T1_previous_party_hierarchical_raked,458,0.018873930574,0.019775019265,-0.000901088692
2018,T1_previous_party_hierarchical_raked,459,0.018994912306,0.019775019265,-0.000780106959
2018,T1_previous_party_hierarchical_raked,460,0.019002501547,0.019775019265,-0.000772517719
2018,T1_previous_party_hierarchical_raked,461,0.019065425002,0.019775019265,-0.000709594263
2018,T1_previous_party_hierarchical_raked,462,0.018889888044,0.019775019265,-0.000885131221
2018,T1_previous_party_hierarchical_raked,463,0.019140892343,0.019775019265,-0.000634126923
2018,T1_previous_party_hierarchical_raked,464,0.018975138034,0.019775019265,-0.000799881231
2018,T1_previous_party_hierarchical_raked,465,0.019072367004,0.019775019265,-0.000702652262
2018,T1_previous_party_hierarchical_raked,466,0.019018177632,0.019775019265,-0.000756841633
2018,T1_previous_party_hierarchical_raked,467,0.019095514953,0.019775019265,-0.000679504313
2018,T1_previous_party_hierarchical_raked,468,0.018995863606,0.019775019265,-0.000779155660
2018,T1_previous_party_hierarchical_raked,469,0.019130112661,0.019775019265,-0.000644906604
2018,T1_previous_party_hierarchical_raked,470,0.018838984402,0.019775019265,-0.000936034863
2018,T1_previous_party_hierarchical_raked,471,0.019052279202,0.019775019265,-0.000722740064
2018,T1_previous_party_hierarchical_raked,472,0.019025008900,0.019775019265,-0.000750010366
2018,T1_previous_party_hierarchical_raked,473,0.018831762017,0.019775019265,-0.000943257248
2018,T1_previous_party_hierarchical_raked,474,0.018879469041,0.019775019265,-0.000895550224
2018,T1_previous_party_hierarchical_raked,475,0.019035085232,0.019775019265,-0.000739934034
2018,T1_previous_party_hierarchical_raked,476,0.019050610300,0.019775019265,-0.000724408965
2018,T1_previous_party_hierarchical_raked,477,0.019029784534,0.019775019265,-0.000745234732
2018,T1_previous_party_hierarchical_raked,478,0.019169579995,0.019775019265,-0.000605439270
2018,T1_previous_party_hierarchical_raked,479,0.019069592056,0.019775019265,-0.000705427209
2018,T1_previous_party_hierarchical_raked,480,0.018915219629,0.019775019265,-0.000859799636
2018,T1_previous_party_hierarchical_raked,481,0.019041996313,0.019775019265,-0.000733022952
2018,T1_previous_party_hierarchical_raked,482,0.018919172897,0.019775019265,-0.000855846368
2018,T1_previous_party_hierarchical_raked,483,0.019079256946,0.019775019265,-0.000695762320
2018,T1_previous_party_hierarchical_raked,484,0.018989741136,0.019775019265,-0.000785278129
2018,T1_previous_party_hierarchical_raked,485,0.019018281693,0.019775019265,-0.000756737573
2018,T1_previous_party_hierarchical_raked,486,0.019031766366,0.019775019265,-0.000743252900
2018,T1_previous_party_hierarchical_raked,487,0.019032222642,0.019775019265,-0.000742796623
2018,T1_previous_party_hierarchical_raked,488,0.019038434818,0.019775019265,-0.000736584448
2018,T1_previous_party_hierarchical_raked,489,0.019080598976,0.019775019265,-0.000694420289
2018,T1_previous_party_hierarchical_raked,490,0.019091728855,0.019775019265,-0.000683290411
2018,T1_previous_party_hierarchical_raked,491,0.018997169700,0.019775019265,-0.000777849565
2018,T1_previous_party_hierarchical_raked,492,0.019079424284,0.019775019265,-0.000695594981
2018,T1_previous_party_hierarchical_raked,493,0.019010465050,0.019775019265,-0.000764554216
2018,T1_previous_party_hierarchical_raked,494,0.018926541484,0.019775019265,-0.000848477782
2018,T1_previous_party_hierarchical_raked,495,0.018995100753,0.019775019265,-0.000779918513
2018,T1_previous_party_hierarchical_raked,496,0.018982689719,0.019775019265,-0.000792329546
2018,T1_previous_party_hierarchical_raked,497,0.018966197226,0.019775019265,-0.000808822039
2018,T1_previous_party_hierarchical_raked,498,0.018990798821,0.019775019265,-0.000784220445
2018,T1_previous_party_hierarchical_raked,499,0.019040128328,0.019775019265,-0.000734890938
2018,T1_previous_party_hierarchical_raked,500,0.019102689712,0.019775019265,-0.000672329554
2018,T1_previous_party_hierarchical_raked,501,0.018891235169,0.019775019265,-0.000883784096
2018,T1_previous_party_hierarchical_raked,502,0.018977646748,0.019775019265,-0.000797372518
2018,T1_previous_party_hierarchical_raked,503,0.018976668685,0.019775019265,-0.000798350580
2018,T1_previous_party_hierarchical_raked,504,0.019002065514,0.019775019265,-0.000772953751
2018,T1_previous_party_hierarchical_raked,505,0.019166167239,0.019775019265,-0.000608852026
2018,T1_previous_party_hierarchical_raked,506,0.018942009139,0.019775019265,-0.000833010127
2018,T1_previous_party_hierarchical_raked,507,0.019081326259,0.019775019265,-0.000693693007
2018,T1_previous_party_hierarchical_raked,508,0.019061673191,0.019775019265,-0.000713346074
2018,T1_previous_party_hierarchical_raked,509,0.018894988294,0.019775019265,-0.000880030972
2018,T1_previous_party_hierarchical_raked,510,0.019227552023,0.019775019265,-0.000547467243
2018,T1_previous_party_hierarchical_raked,511,0.018925613504,0.019775019265,-0.000849405761
2018,T1_previous_party_hierarchical_raked,512,0.019017868776,0.019775019265,-0.000757150489
2018,T1_previous_party_hierarchical_raked,513,0.019012297113,0.019775019265,-0.000762722153
2018,T1_previous_party_hierarchical_raked,514,0.018970748475,0.019775019265,-0.000804270791
2018,T1_previous_party_hierarchical_raked,515,0.019025175354,0.019775019265,-0.000749843912
2018,T1_previous_party_hierarchical_raked,516,0.018928896637,0.019775019265,-0.000846122629
2018,T1_previous_party_hierarchical_raked,517,0.018959990450,0.019775019265,-0.000815028815
2018,T1_previous_party_hierarchical_raked,518,0.018916007819,0.019775019265,-0.000859011447
2018,T1_previous_party_hierarchical_raked,519,0.019073736936,0.019775019265,-0.000701282330
2018,T1_previous_party_hierarchical_raked,520,0.018958305110,0.019775019265,-0.000816714155
2018,T1_previous_party_hierarchical_raked,521,0.019141734079,0.019775019265,-0.000633285187
2018,T1_previous_party_hierarchical_raked,522,0.018984531165,0.019775019265,-0.000790488101
2018,T1_previous_party_hierarchical_raked,523,0.019020182948,0.019775019265,-0.000754836318
2018,T1_previous_party_hierarchical_raked,524,0.018958146633,0.019775019265,-0.000816872632
2018,T1_previous_party_hierarchical_raked,525,0.018901698205,0.019775019265,-0.000873321061
2018,T1_previous_party_hierarchical_raked,526,0.019080656139,0.019775019265,-0.000694363126
2018,T1_previous_party_hierarchical_raked,527,0.019023708092,0.019775019265,-0.000751311173
2018,T1_previous_party_hierarchical_raked,528,0.019092676572,0.019775019265,-0.000682342694
2018,T1_previous_party_hierarchical_raked,529,0.018957730336,0.019775019265,-0.000817288929
2018,T1_previous_party_hierarchical_raked,530,0.019123483752,0.019775019265,-0.000651535513
2018,T1_previous_party_hierarchical_raked,531,0.018891491194,0.019775019265,-0.000883528071
2018,T1_previous_party_hierarchical_raked,532,0.019064441767,0.019775019265,-0.000710577499
2018,T1_previous_party_hierarchical_raked,533,0.018970542715,0.019775019265,-0.000804476550
2018,T1_previous_party_hierarchical_raked,534,0.019173749408,0.019775019265,-0.000601269857
2018,T1_previous_party_hierarchical_raked,535,0.018923049489,0.019775019265,-0.000851969776
2018,T1_previous_party_hierarchical_raked,536,0.019078476078,0.019775019265,-0.000696543188
2018,T1_previous_party_hierarchical_raked,537,0.018986764084,0.019775019265,-0.000788255181
2018,T1_previous_party_hierarchical_raked,538,0.019070155621,0.019775019265,-0.000704863644
2018,T1_previous_party_hierarchical_raked,539,0.019080546700,0.019775019265,-0.000694472566
2018,T1_previous_party_hierarchical_raked,540,0.018935256341,0.019775019265,-0.000839762925
2018,T1_previous_party_hierarchical_raked,541,0.018777877886,0.019775019265,-0.000997141380
2018,T1_previous_party_hierarchical_raked,542,0.019053963979,0.019775019265,-0.000721055287
2018,T1_previous_party_hierarchical_raked,543,0.018937913137,0.019775019265,-0.000837106128
2018,T1_previous_party_hierarchical_raked,544,0.018999206519,0.019775019265,-0.000775812747
2018,T1_previous_party_hierarchical_raked,545,0.018986486182,0.019775019265,-0.000788533083
2018,T1_previous_party_hierarchical_raked,546,0.018916327494,0.019775019265,-0.000858691771
2018,T1_previous_party_hierarchical_raked,547,0.018932948496,0.019775019265,-0.000842070769
2018,T1_previous_party_hierarchical_raked,548,0.019019599886,0.019775019265,-0.000755419379
2018,T1_previous_party_hierarchical_raked,549,0.018892172727,0.019775019265,-0.000882846538
2018,T1_previous_party_hierarchical_raked,550,0.019048111146,0.019775019265,-0.000726908119
2018,T1_previous_party_hierarchical_raked,551,0.019054494571,0.019775019265,-0.000720524694
2018,T1_previous_party_hierarchical_raked,552,0.018906677585,0.019775019265,-0.000868341680
2018,T1_previous_party_hierarchical_raked,553,0.018991110467,0.019775019265,-0.000783908799
2018,T1_previous_party_hierarchical_raked,554,0.018998561416,0.019775019265,-0.000776457849
2018,T1_previous_party_hierarchical_raked,555,0.019030444027,0.019775019265,-0.000744575239
2018,T1_previous_party_hierarchical_raked,556,0.019009455892,0.019775019265,-0.000765563374
2018,T1_previous_party_hierarchical_raked,557,0.019003986681,0.019775019265,-0.000771032584
2018,T1_previous_party_hierarchical_raked,558,0.019067461035,0.019775019265,-0.000707558231
2018,T1_previous_party_hierarchical_raked,559,0.019034422518,0.019775019265,-0.000740596748
2018,T1_previous_party_hierarchical_raked,560,0.019038931317,0.019775019265,-0.000736087948
2018,T1_previous_party_hierarchical_raked,561,0.018939659898,0.019775019265,-0.000835359368
2018,T1_previous_party_hierarchical_raked,562,0.019047060017,0.019775019265,-0.000727959248
2018,T1_previous_party_hierarchical_raked,563,0.019035737838,0.019775019265,-0.000739281427
2018,T1_previous_party_hierarchical_raked,564,0.018846400053,0.019775019265,-0.000928619212
2018,T1_previous_party_hierarchical_raked,565,0.019063225423,0.019775019265,-0.000711793843
2018,T1_previous_party_hierarchical_raked,566,0.018910843609,0.019775019265,-0.000864175656
2018,T1_previous_party_hierarchical_raked,567,0.018929453857,0.019775019265,-0.000845565408
2018,T1_previous_party_hierarchical_raked,568,0.019029816830,0.019775019265,-0.000745202436
2018,T1_previous_party_hierarchical_raked,569,0.019096732358,0.019775019265,-0.000678286907
2018,T1_previous_party_hierarchical_raked,570,0.019094861487,0.019775019265,-0.000680157779
2018,T1_previous_party_hierarchical_raked,571,0.019139002140,0.019775019265,-0.000636017126
2018,T1_previous_party_hierarchical_raked,572,0.018961109577,0.019775019265,-0.000813909688
2018,T1_previous_party_hierarchical_raked,573,0.019146406435,0.019775019265,-0.000628612830
2018,T1_previous_party_hierarchical_raked,574,0.018995808371,0.019775019265,-0.000779210895
2018,T1_previous_party_hierarchical_raked,575,0.018958650654,0.019775019265,-0.000816368611
2018,T1_previous_party_hierarchical_raked,576,0.018838279023,0.019775019265,-0.000936740242
2018,T1_previous_party_hierarchical_raked,577,0.019044533973,0.019775019265,-0.000730485292
2018,T1_previous_party_hierarchical_raked,578,0.018932458564,0.019775019265,-0.000842560701
2018,T1_previous_party_hierarchical_raked,579,0.018940466628,0.019775019265,-0.000834552638
2018,T1_previous_party_hierarchical_raked,580,0.018961013376,0.019775019265,-0.000814005889
2018,T1_previous_party_hierarchical_raked,581,0.019095298750,0.019775019265,-0.000679720516
2018,T1_previous_party_hierarchical_raked,582,0.018814643854,0.019775019265,-0.000960375412
2018,T1_previous_party_hierarchical_raked,583,0.019088081983,0.019775019265,-0.000686937282
2018,T1_previous_party_hierarchical_raked,584,0.018956269401,0.019775019265,-0.000818749865
2018,T1_previous_party_hierarchical_raked,585,0.019107680430,0.019775019265,-0.000667338836
2018,T1_previous_party_hierarchical_raked,586,0.018999144263,0.019775019265,-0.000775875003
2018,T1_previous_party_hierarchical_raked,587,0.018934628509,0.019775019265,-0.000840390756
2018,T1_previous_party_hierarchical_raked,588,0.019134319937,0.019775019265,-0.000640699329
2018,T1_previous_party_hierarchical_raked,589,0.018907684434,0.019775019265,-0.000867334832
2018,T1_previous_party_hierarchical_raked,590,0.018984889433,0.019775019265,-0.000790129833
2018,T1_previous_party_hierarchical_raked,591,0.019123358268,0.019775019265,-0.000651660997
2018,T1_previous_party_hierarchical_raked,592,0.018797541000,0.019775019265,-0.000977478265
2018,T1_previous_party_hierarchical_raked,593,0.018970513997,0.019775019265,-0.000804505268
2018,T1_previous_party_hierarchical_raked,594,0.019048141861,0.019775019265,-0.000726877405
2018,T1_previous_party_hierarchical_raked,595,0.018924146234,0.019775019265,-0.000850873032
2018,T1_previous_party_hierarchical_raked,596,0.018989080420,0.019775019265,-0.000785938845
2018,T1_previous_party_hierarchical_raked,597,0.018998245150,0.019775019265,-0.000776774115
2018,T1_previous_party_hierarchical_raked,598,0.018914813117,0.019775019265,-0.000860206148
2018,T1_previous_party_hierarchical_raked,599,0.018877216531,0.019775019265,-0.000897802734
2018,T1_previous_party_hierarchical_raked,600,0.018942856972,0.019775019265,-0.000832162293
2018,T1_previous_party_hierarchical_raked,601,0.019012550641,0.019775019265,-0.000762468625
2018,T1_previous_party_hierarchical_raked,602,0.018855927530,0.019775019265,-0.000919091736
2018,T1_previous_party_hierarchical_raked,603,0.019084757150,0.019775019265,-0.000690262115
2018,T1_previous_party_hierarchical_raked,604,0.019008595546,0.019775019265,-0.000766423719
2018,T1_previous_party_hierarchical_raked,605,0.019035088869,0.019775019265,-0.000739930397
2018,T1_previous_party_hierarchical_raked,606,0.018921123985,0.019775019265,-0.000853895280
2018,T1_previous_party_hierarchical_raked,607,0.018989077069,0.019775019265,-0.000785942197
2018,T1_previous_party_hierarchical_raked,608,0.019131547626,0.019775019265,-0.000643471639
2018,T1_previous_party_hierarchical_raked,609,0.018985564132,0.019775019265,-0.000789455133
2018,T1_previous_party_hierarchical_raked,610,0.019078387191,0.019775019265,-0.000696632075
2018,T1_previous_party_hierarchical_raked,611,0.018978552782,0.019775019265,-0.000796466484
2018,T1_previous_party_hierarchical_raked,612,0.018903269762,0.019775019265,-0.000871749504
2018,T1_previous_party_hierarchical_raked,613,0.018966123722,0.019775019265,-0.000808895544
2018,T1_previous_party_hierarchical_raked,614,0.018978526517,0.019775019265,-0.000796492749
2018,T1_previous_party_hierarchical_raked,615,0.019018809951,0.019775019265,-0.000756209315
2018,T1_previous_party_hierarchical_raked,616,0.019049874869,0.019775019265,-0.000725144396
2018,T1_previous_party_hierarchical_raked,617,0.019063602423,0.019775019265,-0.000711416843
2018,T1_previous_party_hierarchical_raked,618,0.018965311847,0.019775019265,-0.000809707418
2018,T1_previous_party_hierarchical_raked,619,0.018925276688,0.019775019265,-0.000849742578
2018,T1_previous_party_hierarchical_raked,620,0.018927066883,0.019775019265,-0.000847952382
2018,T1_previous_party_hierarchical_raked,621,0.018948259072,0.019775019265,-0.000826760193
2018,T1_previous_party_hierarchical_raked,622,0.018942004981,0.019775019265,-0.000833014284
2018,T1_previous_party_hierarchical_raked,623,0.019204187024,0.019775019265,-0.000570832241
2018,T1_previous_party_hierarchical_raked,624,0.018939227263,0.019775019265,-0.000835792003
2018,T1_previous_party_hierarchical_raked,625,0.019053845863,0.019775019265,-0.000721173402
2018,T1_previous_party_hierarchical_raked,626,0.019092462388,0.019775019265,-0.000682556877
2018,T1_previous_party_hierarchical_raked,627,0.018818312293,0.019775019265,-0.000956706972
2018,T1_previous_party_hierarchical_raked,628,0.019023745158,0.019775019265,-0.000751274108
2018,T1_previous_party_hierarchical_raked,629,0.019027427194,0.019775019265,-0.000747592071
2018,T1_previous_party_hierarchical_raked,630,0.019003356543,0.019775019265,-0.000771662722
2018,T1_previous_party_hierarchical_raked,631,0.019189022213,0.019775019265,-0.000585997052
2018,T1_previous_party_hierarchical_raked,632,0.019115043551,0.019775019265,-0.000659975714
2018,T1_previous_party_hierarchical_raked,633,0.019071596885,0.019775019265,-0.000703422381
2018,T1_previous_party_hierarchical_raked,634,0.019008495395,0.019775019265,-0.000766523871
2018,T1_previous_party_hierarchical_raked,635,0.019179087635,0.019775019265,-0.000595931630
2018,T1_previous_party_hierarchical_raked,636,0.018914166354,0.019775019265,-0.000860852912
2018,T1_previous_party_hierarchical_raked,637,0.018908251411,0.019775019265,-0.000866767855
2018,T1_previous_party_hierarchical_raked,638,0.018969697807,0.019775019265,-0.000805321458
2018,T1_previous_party_hierarchical_raked,639,0.018915151480,0.019775019265,-0.000859867786
2018,T1_previous_party_hierarchical_raked,640,0.018865319164,0.019775019265,-0.000909700102
2018,T1_previous_party_hierarchical_raked,641,0.018989726683,0.019775019265,-0.000785292583
2018,T1_previous_party_hierarchical_raked,642,0.019098568060,0.019775019265,-0.000676451206
2018,T1_previous_party_hierarchical_raked,643,0.019086795035,0.019775019265,-0.000688224230
2018,T1_previous_party_hierarchical_raked,644,0.019031306456,0.019775019265,-0.000743712810
2018,T1_previous_party_hierarchical_raked,645,0.019098198731,0.019775019265,-0.000676820535
2018,T1_previous_party_hierarchical_raked,646,0.018992421353,0.019775019265,-0.000782597913
2018,T1_previous_party_hierarchical_raked,647,0.018980822643,0.019775019265,-0.000794196623
2018,T1_previous_party_hierarchical_raked,648,0.018951362374,0.019775019265,-0.000823656892
2018,T1_previous_party_hierarchical_raked,649,0.019024905632,0.019775019265,-0.000750113633
2018,T1_previous_party_hierarchical_raked,650,0.019018453348,0.019775019265,-0.000756565918
2018,T1_previous_party_hierarchical_raked,651,0.018976833515,0.019775019265,-0.000798185751
2018,T1_previous_party_hierarchical_raked,652,0.018986857389,0.019775019265,-0.000788161877
2018,T1_previous_party_hierarchical_raked,653,0.018926362364,0.019775019265,-0.000848656902
2018,T1_previous_party_hierarchical_raked,654,0.018946018026,0.019775019265,-0.000829001239
2018,T1_previous_party_hierarchical_raked,655,0.018991905616,0.019775019265,-0.000783113650
2018,T1_previous_party_hierarchical_raked,656,0.019063476077,0.019775019265,-0.000711543189
2018,T1_previous_party_hierarchical_raked,657,0.019078899551,0.019775019265,-0.000696119715
2018,T1_previous_party_hierarchical_raked,658,0.018873052668,0.019775019265,-0.000901966597
2018,T1_previous_party_hierarchical_raked,659,0.018927450362,0.019775019265,-0.000847568904
2018,T1_previous_party_hierarchical_raked,660,0.018993433244,0.019775019265,-0.000781586021
2018,T1_previous_party_hierarchical_raked,661,0.019025757850,0.019775019265,-0.000749261416
2018,T1_previous_party_hierarchical_raked,662,0.019048292488,0.019775019265,-0.000726726777
2018,T1_previous_party_hierarchical_raked,663,0.019057530499,0.019775019265,-0.000717488766
2018,T1_previous_party_hierarchical_raked,664,0.018979642447,0.019775019265,-0.000795376818
2018,T1_previous_party_hierarchical_raked,665,0.019011662391,0.019775019265,-0.000763356874
2018,T1_previous_party_hierarchical_raked,666,0.018877778075,0.019775019265,-0.000897241190
2018,T1_previous_party_hierarchical_raked,667,0.019014144182,0.019775019265,-0.000760875084
2018,T1_previous_party_hierarchical_raked,668,0.018909425778,0.019775019265,-0.000865593487
2018,T1_previous_party_hierarchical_raked,669,0.018991568653,0.019775019265,-0.000783450613
2018,T1_previous_party_hierarchical_raked,670,0.019110224897,0.019775019265,-0.000664794369
2018,T1_previous_party_hierarchical_raked,671,0.019054749413,0.019775019265,-0.000720269853
2018,T1_previous_party_hierarchical_raked,672,0.019209723597,0.019775019265,-0.000565295668
2018,T1_previous_party_hierarchical_raked,673,0.019050632732,0.019775019265,-0.000724386534
2018,T1_previous_party_hierarchical_raked,674,0.019032828482,0.019775019265,-0.000742190783
2018,T1_previous_party_hierarchical_raked,675,0.019030130836,0.019775019265,-0.000744888429
2018,T1_previous_party_hierarchical_raked,676,0.019075782947,0.019775019265,-0.000699236318
2018,T1_previous_party_hierarchical_raked,677,0.019028726866,0.019775019265,-0.000746292400
2018,T1_previous_party_hierarchical_raked,678,0.018917734946,0.019775019265,-0.000857284319
2018,T1_previous_party_hierarchical_raked,679,0.018955604077,0.019775019265,-0.000819415189
2018,T1_previous_party_hierarchical_raked,680,0.018955232554,0.019775019265,-0.000819786711
2018,T1_previous_party_hierarchical_raked,681,0.019022979973,0.019775019265,-0.000752039292
2018,T1_previous_party_hierarchical_raked,682,0.019091701202,0.019775019265,-0.000683318063
2018,T1_previous_party_hierarchical_raked,683,0.018982386692,0.019775019265,-0.000792632574
2018,T1_previous_party_hierarchical_raked,684,0.018909965613,0.019775019265,-0.000865053653
2018,T1_previous_party_hierarchical_raked,685,0.019071768603,0.019775019265,-0.000703250663
2018,T1_previous_party_hierarchical_raked,686,0.018956676616,0.019775019265,-0.000818342650
2018,T1_previous_party_hierarchical_raked,687,0.019058970687,0.019775019265,-0.000716048579
2018,T1_previous_party_hierarchical_raked,688,0.018960106087,0.019775019265,-0.000814913179
2018,T1_previous_party_hierarchical_raked,689,0.019011264844,0.019775019265,-0.000763754421
2018,T1_previous_party_hierarchical_raked,690,0.019200490534,0.019775019265,-0.000574528731
2018,T1_previous_party_hierarchical_raked,691,0.019020086945,0.019775019265,-0.000754932321
2018,T1_previous_party_hierarchical_raked,692,0.019028187539,0.019775019265,-0.000746831726
2018,T1_previous_party_hierarchical_raked,693,0.019018414207,0.019775019265,-0.000756605058
2018,T1_previous_party_hierarchical_raked,694,0.019165052306,0.019775019265,-0.000609966959
2018,T1_previous_party_hierarchical_raked,695,0.019070781961,0.019775019265,-0.000704237305
2018,T1_previous_party_hierarchical_raked,696,0.019117535556,0.019775019265,-0.000657483710
2018,T1_previous_party_hierarchical_raked,697,0.019036169995,0.019775019265,-0.000738849271
2018,T1_previous_party_hierarchical_raked,698,0.019071929649,0.019775019265,-0.000703089616
2018,T1_previous_party_hierarchical_raked,699,0.018915604246,0.019775019265,-0.000859415020
2018,T1_previous_party_hierarchical_raked,700,0.018915050017,0.019775019265,-0.000859969248
2018,T1_previous_party_hierarchical_raked,701,0.019027141639,0.019775019265,-0.000747877626
2018,T1_previous_party_hierarchical_raked,702,0.018979251058,0.019775019265,-0.000795768208
2018,T1_previous_party_hierarchical_raked,703,0.019308670162,0.019775019265,-0.000466349103
2018,T1_previous_party_hierarchical_raked,704,0.018895202927,0.019775019265,-0.000879816338
2018,T1_previous_party_hierarchical_raked,705,0.018890804183,0.019775019265,-0.000884215082
2018,T1_previous_party_hierarchical_raked,706,0.018997719564,0.019775019265,-0.000777299702
2018,T1_previous_party_hierarchical_raked,707,0.019223969781,0.019775019265,-0.000551049485
2018,T1_previous_party_hierarchical_raked,708,0.018990621137,0.019775019265,-0.000784398128
2018,T1_previous_party_hierarchical_raked,709,0.018815401511,0.019775019265,-0.000959617755
2018,T1_previous_party_hierarchical_raked,710,0.018768810671,0.019775019265,-0.001006208594
2018,T1_previous_party_hierarchical_raked,711,0.018919934859,0.019775019265,-0.000855084406
2018,T1_previous_party_hierarchical_raked,712,0.019089967091,0.019775019265,-0.000685052175
2018,T1_previous_party_hierarchical_raked,713,0.019012099165,0.019775019265,-0.000762920101
2018,T1_previous_party_hierarchical_raked,714,0.019117940397,0.019775019265,-0.000657078868
2018,T1_previous_party_hierarchical_raked,715,0.019058554030,0.019775019265,-0.000716465236
2018,T1_previous_party_hierarchical_raked,716,0.018991717321,0.019775019265,-0.000783301944
2018,T1_previous_party_hierarchical_raked,717,0.018850764509,0.019775019265,-0.000924254757
2018,T1_previous_party_hierarchical_raked,718,0.019096432320,0.019775019265,-0.000678586945
2018,T1_previous_party_hierarchical_raked,719,0.019039999356,0.019775019265,-0.000735019909
2018,T1_previous_party_hierarchical_raked,720,0.019092538785,0.019775019265,-0.000682480481
2018,T1_previous_party_hierarchical_raked,721,0.018973797625,0.019775019265,-0.000801221640
2018,T1_previous_party_hierarchical_raked,722,0.018975564111,0.019775019265,-0.000799455155
2018,T1_previous_party_hierarchical_raked,723,0.018933220876,0.019775019265,-0.000841798390
2018,T1_previous_party_hierarchical_raked,724,0.019070122835,0.019775019265,-0.000704896430
2018,T1_previous_party_hierarchical_raked,725,0.019116304620,0.019775019265,-0.000658714645
2018,T1_previous_party_hierarchical_raked,726,0.018962991393,0.019775019265,-0.000812027873
2018,T1_previous_party_hierarchical_raked,727,0.018955415174,0.019775019265,-0.000819604091
2018,T1_previous_party_hierarchical_raked,728,0.018939448287,0.019775019265,-0.000835570979
2018,T1_previous_party_hierarchical_raked,729,0.019073414922,0.019775019265,-0.000701604344
2018,T1_previous_party_hierarchical_raked,730,0.018966034602,0.019775019265,-0.000808984664
2018,T1_previous_party_hierarchical_raked,731,0.018933335096,0.019775019265,-0.000841684169
2018,T1_previous_party_hierarchical_raked,732,0.018827469529,0.019775019265,-0.000947549736
2018,T1_previous_party_hierarchical_raked,733,0.018996404932,0.019775019265,-0.000778614333
2018,T1_previous_party_hierarchical_raked,734,0.018995866646,0.019775019265,-0.000779152619
2018,T1_previous_party_hierarchical_raked,735,0.019064103515,0.019775019265,-0.000710915750
2018,T1_previous_party_hierarchical_raked,736,0.018952665705,0.019775019265,-0.000822353561
2018,T1_previous_party_hierarchical_raked,737,0.018987931236,0.019775019265,-0.000787088030
2018,T1_previous_party_hierarchical_raked,738,0.018914769180,0.019775019265,-0.000860250085
2018,T1_previous_party_hierarchical_raked,739,0.018925538234,0.019775019265,-0.000849481032
2018,T1_previous_party_hierarchical_raked,740,0.019061645030,0.019775019265,-0.000713374235
2018,T1_previous_party_hierarchical_raked,741,0.019268829328,0.019775019265,-0.000506189938
2018,T1_previous_party_hierarchical_raked,742,0.019052409287,0.019775019265,-0.000722609979
2018,T1_previous_party_hierarchical_raked,743,0.018927686355,0.019775019265,-0.000847332910
2018,T1_previous_party_hierarchical_raked,744,0.018856301842,0.019775019265,-0.000918717424
2018,T1_previous_party_hierarchical_raked,745,0.018985561840,0.019775019265,-0.000789457426
2018,T1_previous_party_hierarchical_raked,746,0.019012294231,0.019775019265,-0.000762725034
2018,T1_previous_party_hierarchical_raked,747,0.018992286365,0.019775019265,-0.000782732901
2018,T1_previous_party_hierarchical_raked,748,0.019062704858,0.019775019265,-0.000712314407
2018,T1_previous_party_hierarchical_raked,749,0.018889804205,0.019775019265,-0.000885215061
2018,T1_previous_party_hierarchical_raked,750,0.019040465991,0.019775019265,-0.000734553274
2018,T1_previous_party_hierarchical_raked,751,0.018877712352,0.019775019265,-0.000897306914
2018,T1_previous_party_hierarchical_raked,752,0.018940819866,0.019775019265,-0.000834199399
2018,T1_previous_party_hierarchical_raked,753,0.019053660431,0.019775019265,-0.000721358835
2018,T1_previous_party_hierarchical_raked,754,0.018966874568,0.019775019265,-0.000808144698
2018,T1_previous_party_hierarchical_raked,755,0.018932594511,0.019775019265,-0.000842424754
2018,T1_previous_party_hierarchical_raked,756,0.019000715578,0.019775019265,-0.000774303688
2018,T1_previous_party_hierarchical_raked,757,0.019008654952,0.019775019265,-0.000766364314
2018,T1_previous_party_hierarchical_raked,758,0.019054149866,0.019775019265,-0.000720869399
2018,T1_previous_party_hierarchical_raked,759,0.019089842324,0.019775019265,-0.000685176942
2018,T1_previous_party_hierarchical_raked,760,0.019038773038,0.019775019265,-0.000736246228
2018,T1_previous_party_hierarchical_raked,761,0.019133550076,0.019775019265,-0.000641469189
2018,T1_previous_party_hierarchical_raked,762,0.019019081761,0.019775019265,-0.000755937505
2018,T1_previous_party_hierarchical_raked,763,0.018921085911,0.019775019265,-0.000853933354
2018,T1_previous_party_hierarchical_raked,764,0.019068796925,0.019775019265,-0.000706222341
2018,T1_previous_party_hierarchical_raked,765,0.018922104540,0.019775019265,-0.000852914725
2018,T1_previous_party_hierarchical_raked,766,0.018909216403,0.019775019265,-0.000865802863
2018,T1_previous_party_hierarchical_raked,767,0.019076360137,0.019775019265,-0.000698659129
2018,T1_previous_party_hierarchical_raked,768,0.019076028081,0.019775019265,-0.000698991184
2018,T1_previous_party_hierarchical_raked,769,0.019043750004,0.019775019265,-0.000731269261
2018,T1_previous_party_hierarchical_raked,770,0.019016124355,0.019775019265,-0.000758894910
2018,T1_previous_party_hierarchical_raked,771,0.018972167838,0.019775019265,-0.000802851428
2018,T1_previous_party_hierarchical_raked,772,0.019085049737,0.019775019265,-0.000689969528
2018,T1_previous_party_hierarchical_raked,773,0.019192628949,0.019775019265,-0.000582390317
2018,T1_previous_party_hierarchical_raked,774,0.019090428374,0.019775019265,-0.000684590892
2018,T1_previous_party_hierarchical_raked,775,0.019068765171,0.019775019265,-0.000706254095
2018,T1_previous_party_hierarchical_raked,776,0.019056823680,0.019775019265,-0.000718195586
2018,T1_previous_party_hierarchical_raked,777,0.019032811223,0.019775019265,-0.000742208042
2018,T1_previous_party_hierarchical_raked,778,0.018969272775,0.019775019265,-0.000805746490
2018,T1_previous_party_hierarchical_raked,779,0.019005612048,0.019775019265,-0.000769407218
2018,T1_previous_party_hierarchical_raked,780,0.018994173734,0.019775019265,-0.000780845532
2018,T1_previous_party_hierarchical_raked,781,0.018956285366,0.019775019265,-0.000818733899
2018,T1_previous_party_hierarchical_raked,782,0.018923071014,0.019775019265,-0.000851948252
2018,T1_previous_party_hierarchical_raked,783,0.018974594476,0.019775019265,-0.000800424789
2018,T1_previous_party_hierarchical_raked,784,0.019011356535,0.019775019265,-0.000763662730
2018,T1_previous_party_hierarchical_raked,785,0.018861679334,0.019775019265,-0.000913339932
2018,T1_previous_party_hierarchical_raked,786,0.019113151227,0.019775019265,-0.000661868038
2018,T1_previous_party_hierarchical_raked,787,0.018888928835,0.019775019265,-0.000886090431
2018,T1_previous_party_hierarchical_raked,788,0.018900270865,0.019775019265,-0.000874748401
2018,T1_previous_party_hierarchical_raked,789,0.019074898533,0.019775019265,-0.000700120732
2018,T1_previous_party_hierarchical_raked,790,0.019096682184,0.019775019265,-0.000678337081
2018,T1_previous_party_hierarchical_raked,791,0.019060472369,0.019775019265,-0.000714546896
2018,T1_previous_party_hierarchical_raked,792,0.019045640521,0.019775019265,-0.000729378744
2018,T1_previous_party_hierarchical_raked,793,0.019073886203,0.019775019265,-0.000701133062
2018,T1_previous_party_hierarchical_raked,794,0.019073098953,0.019775019265,-0.000701920312
2018,T1_previous_party_hierarchical_raked,795,0.019104129892,0.019775019265,-0.000670889373
2018,T1_previous_party_hierarchical_raked,796,0.018910174912,0.019775019265,-0.000864844354
2018,T1_previous_party_hierarchical_raked,797,0.018892240832,0.019775019265,-0.000882778433
2018,T1_previous_party_hierarchical_raked,798,0.018853876836,0.019775019265,-0.000921142429
2018,T1_previous_party_hierarchical_raked,799,0.018908689070,0.019775019265,-0.000866330196
2018,T1_previous_party_hierarchical_raked,800,0.018935897388,0.019775019265,-0.000839121878
2018,T1_previous_party_hierarchical_raked,801,0.019042269368,0.019775019265,-0.000732749897
2018,T1_previous_party_hierarchical_raked,802,0.019031005261,0.019775019265,-0.000744014004
2018,T1_previous_party_hierarchical_raked,803,0.018988915901,0.019775019265,-0.000786103365
2018,T1_previous_party_hierarchical_raked,804,0.018998338539,0.019775019265,-0.000776680727
2018,T1_previous_party_hierarchical_raked,805,0.018956089170,0.019775019265,-0.000818930095
2018,T1_previous_party_hierarchical_raked,806,0.019103795527,0.019775019265,-0.000671223738
2018,T1_previous_party_hierarchical_raked,807,0.019015001588,0.019775019265,-0.000760017678
2018,T1_previous_party_hierarchical_raked,808,0.019043010630,0.019775019265,-0.000732008635
2018,T1_previous_party_hierarchical_raked,809,0.019095731569,0.019775019265,-0.000679287696
2018,T1_previous_party_hierarchical_raked,810,0.018953665252,0.019775019265,-0.000821354013
2018,T1_previous_party_hierarchical_raked,811,0.019030908047,0.019775019265,-0.000744111219
2018,T1_previous_party_hierarchical_raked,812,0.019084376773,0.019775019265,-0.000690642493
2018,T1_previous_party_hierarchical_raked,813,0.019043109670,0.019775019265,-0.000731909595
2018,T1_previous_party_hierarchical_raked,814,0.018903979732,0.019775019265,-0.000871039533
2018,T1_previous_party_hierarchical_raked,815,0.019029308824,0.019775019265,-0.000745710441
2018,T1_previous_party_hierarchical_raked,816,0.018964620869,0.019775019265,-0.000810398397
2018,T1_previous_party_hierarchical_raked,817,0.019061721817,0.019775019265,-0.000713297448
2018,T1_previous_party_hierarchical_raked,818,0.018899186809,0.019775019265,-0.000875832456
2018,T1_previous_party_hierarchical_raked,819,0.019158975109,0.019775019265,-0.000616044156
2018,T1_previous_party_hierarchical_raked,820,0.018921726960,0.019775019265,-0.000853292306
2018,T1_previous_party_hierarchical_raked,821,0.019203546197,0.019775019265,-0.000571473068
2018,T1_previous_party_hierarchical_raked,822,0.018978402764,0.019775019265,-0.000796616502
2018,T1_previous_party_hierarchical_raked,823,0.018999618055,0.019775019265,-0.000775401210
2018,T1_previous_party_hierarchical_raked,824,0.019075364736,0.019775019265,-0.000699654530
2018,T1_previous_party_hierarchical_raked,825,0.019062322749,0.019775019265,-0.000712696516
2018,T1_previous_party_hierarchical_raked,826,0.018997268307,0.019775019265,-0.000777750959
2018,T1_previous_party_hierarchical_raked,827,0.019017677926,0.019775019265,-0.000757341339
2018,T1_previous_party_hierarchical_raked,828,0.019123003366,0.019775019265,-0.000652015899
2018,T1_previous_party_hierarchical_raked,829,0.018943697879,0.019775019265,-0.000831321386
2018,T1_previous_party_hierarchical_raked,830,0.019097875600,0.019775019265,-0.000677143665
2018,T1_previous_party_hierarchical_raked,831,0.018979813550,0.019775019265,-0.000795205716
2018,T1_previous_party_hierarchical_raked,832,0.019115085928,0.019775019265,-0.000659933338
2018,T1_previous_party_hierarchical_raked,833,0.018886327261,0.019775019265,-0.000888692005
2018,T1_previous_party_hierarchical_raked,834,0.019126485812,0.019775019265,-0.000648533454
2018,T1_previous_party_hierarchical_raked,835,0.018991076901,0.019775019265,-0.000783942364
2018,T1_previous_party_hierarchical_raked,836,0.018933791236,0.019775019265,-0.000841228029
2018,T1_previous_party_hierarchical_raked,837,0.018964831094,0.019775019265,-0.000810188172
2018,T1_previous_party_hierarchical_raked,838,0.018982909866,0.019775019265,-0.000792109399
2018,T1_previous_party_hierarchical_raked,839,0.019006194511,0.019775019265,-0.000768824754
2018,T1_previous_party_hierarchical_raked,840,0.019105055607,0.019775019265,-0.000669963658
2018,T1_previous_party_hierarchical_raked,841,0.019113418402,0.019775019265,-0.000661600864
2018,T1_previous_party_hierarchical_raked,842,0.018995116027,0.019775019265,-0.000779903238
2018,T1_previous_party_hierarchical_raked,843,0.018940752721,0.019775019265,-0.000834266544
2018,T1_previous_party_hierarchical_raked,844,0.019073621637,0.019775019265,-0.000701397629
2018,T1_previous_party_hierarchical_raked,845,0.019071215679,0.019775019265,-0.000703803586
2018,T1_previous_party_hierarchical_raked,846,0.018974499189,0.019775019265,-0.000800520077
2018,T1_previous_party_hierarchical_raked,847,0.018953533491,0.019775019265,-0.000821485774
2018,T1_previous_party_hierarchical_raked,848,0.018977557634,0.019775019265,-0.000797461631
2018,T1_previous_party_hierarchical_raked,849,0.018945070034,0.019775019265,-0.000829949232
2018,T1_previous_party_hierarchical_raked,850,0.019130258700,0.019775019265,-0.000644760565
2018,T1_previous_party_hierarchical_raked,851,0.019093445155,0.019775019265,-0.000681574111
2018,T1_previous_party_hierarchical_raked,852,0.019045275577,0.019775019265,-0.000729743688
2018,T1_previous_party_hierarchical_raked,853,0.018990279228,0.019775019265,-0.000784740037
2018,T1_previous_party_hierarchical_raked,854,0.018864154543,0.019775019265,-0.000910864722
2018,T1_previous_party_hierarchical_raked,855,0.018892714302,0.019775019265,-0.000882304963
2018,T1_previous_party_hierarchical_raked,856,0.019071826681,0.019775019265,-0.000703192584
2018,T1_previous_party_hierarchical_raked,857,0.019051825167,0.019775019265,-0.000723194099
2018,T1_previous_party_hierarchical_raked,858,0.019011277521,0.019775019265,-0.000763741745
2018,T1_previous_party_hierarchical_raked,859,0.018898132253,0.019775019265,-0.000876887012
2018,T1_previous_party_hierarchical_raked,860,0.018938578058,0.019775019265,-0.000836441208
2018,T1_previous_party_hierarchical_raked,861,0.019033916778,0.019775019265,-0.000741102487
2018,T1_previous_party_hierarchical_raked,862,0.018999224220,0.019775019265,-0.000775795045
2018,T1_previous_party_hierarchical_raked,863,0.019020358192,0.019775019265,-0.000754661073
2018,T1_previous_party_hierarchical_raked,864,0.019003546272,0.019775019265,-0.000771472993
2018,T1_previous_party_hierarchical_raked,865,0.019099150228,0.019775019265,-0.000675869038
2018,T1_previous_party_hierarchical_raked,866,0.019122158650,0.019775019265,-0.000652860616
2018,T1_previous_party_hierarchical_raked,867,0.019113355682,0.019775019265,-0.000661663584
2018,T1_previous_party_hierarchical_raked,868,0.018997704225,0.019775019265,-0.000777315041
2018,T1_previous_party_hierarchical_raked,869,0.019069460029,0.019775019265,-0.000705559236
2018,T1_previous_party_hierarchical_raked,870,0.018958436064,0.019775019265,-0.000816583202
2018,T1_previous_party_hierarchical_raked,871,0.018978577401,0.019775019265,-0.000796441865
2018,T1_previous_party_hierarchical_raked,872,0.019044889927,0.019775019265,-0.000730129338
2018,T1_previous_party_hierarchical_raked,873,0.019261019819,0.019775019265,-0.000513999446
2018,T1_previous_party_hierarchical_raked,874,0.018935624229,0.019775019265,-0.000839395036
2018,T1_previous_party_hierarchical_raked,875,0.018880021378,0.019775019265,-0.000894997888
2018,T1_previous_party_hierarchical_raked,876,0.019040816011,0.019775019265,-0.000734203255
2018,T1_previous_party_hierarchical_raked,877,0.019011224290,0.019775019265,-0.000763794976
2018,T1_previous_party_hierarchical_raked,878,0.019018332605,0.019775019265,-0.000756686660
2018,T1_previous_party_hierarchical_raked,879,0.018935768233,0.019775019265,-0.000839251032
2018,T1_previous_party_hierarchical_raked,880,0.019115342571,0.019775019265,-0.000659676695
2018,T1_previous_party_hierarchical_raked,881,0.019000783565,0.019775019265,-0.000774235700
2018,T1_previous_party_hierarchical_raked,882,0.019055797001,0.019775019265,-0.000719222264
2018,T1_previous_party_hierarchical_raked,883,0.018999014831,0.019775019265,-0.000776004435
2018,T1_previous_party_hierarchical_raked,884,0.019011013316,0.019775019265,-0.000764005950
2018,T1_previous_party_hierarchical_raked,885,0.019035890615,0.019775019265,-0.000739128651
2018,T1_previous_party_hierarchical_raked,886,0.019005305836,0.019775019265,-0.000769713430
2018,T1_previous_party_hierarchical_raked,887,0.019017975030,0.019775019265,-0.000757044236
2018,T1_previous_party_hierarchical_raked,888,0.019055610882,0.019775019265,-0.000719408384
2018,T1_previous_party_hierarchical_raked,889,0.018903438339,0.019775019265,-0.000871580926
2018,T1_previous_party_hierarchical_raked,890,0.018981337270,0.019775019265,-0.000793681996
2018,T1_previous_party_hierarchical_raked,891,0.018930814088,0.019775019265,-0.000844205177
2018,T1_previous_party_hierarchical_raked,892,0.018999138047,0.019775019265,-0.000775881218
2018,T1_previous_party_hierarchical_raked,893,0.018950844981,0.019775019265,-0.000824174285
2018,T1_previous_party_hierarchical_raked,894,0.019056318234,0.019775019265,-0.000718701031
2018,T1_previous_party_hierarchical_raked,895,0.018990425908,0.019775019265,-0.000784593358
2018,T1_previous_party_hierarchical_raked,896,0.018959678215,0.019775019265,-0.000815341050
2018,T1_previous_party_hierarchical_raked,897,0.018941483620,0.019775019265,-0.000833535646
2018,T1_previous_party_hierarchical_raked,898,0.018983484834,0.019775019265,-0.000791534431
2018,T1_previous_party_hierarchical_raked,899,0.019090587466,0.019775019265,-0.000684431799
2018,T1_previous_party_hierarchical_raked,900,0.018994624444,0.019775019265,-0.000780394822
2018,T1_previous_party_hierarchical_raked,901,0.019214091257,0.019775019265,-0.000560928009
2018,T1_previous_party_hierarchical_raked,902,0.018937409814,0.019775019265,-0.000837609451
2018,T1_previous_party_hierarchical_raked,903,0.019165082218,0.019775019265,-0.000609937047
2018,T1_previous_party_hierarchical_raked,904,0.019016350148,0.019775019265,-0.000758669117
2018,T1_previous_party_hierarchical_raked,905,0.018938038007,0.019775019265,-0.000836981258
2018,T1_previous_party_hierarchical_raked,906,0.018992660518,0.019775019265,-0.000782358747
2018,T1_previous_party_hierarchical_raked,907,0.018967383579,0.019775019265,-0.000807635686
2018,T1_previous_party_hierarchical_raked,908,0.019082813412,0.019775019265,-0.000692205853
2018,T1_previous_party_hierarchical_raked,909,0.019022889073,0.019775019265,-0.000752130193
2018,T1_previous_party_hierarchical_raked,910,0.019016684035,0.019775019265,-0.000758335230
2018,T1_previous_party_hierarchical_raked,911,0.018928552915,0.019775019265,-0.000846466351
2018,T1_previous_party_hierarchical_raked,912,0.019084794730,0.019775019265,-0.000690224535
2018,T1_previous_party_hierarchical_raked,913,0.018888558766,0.019775019265,-0.000886460500
2018,T1_previous_party_hierarchical_raked,914,0.019050601683,0.019775019265,-0.000724417582
2018,T1_previous_party_hierarchical_raked,915,0.018845631740,0.019775019265,-0.000929387526
2018,T1_previous_party_hierarchical_raked,916,0.019134399466,0.019775019265,-0.000640619799
2018,T1_previous_party_hierarchical_raked,917,0.018912947216,0.019775019265,-0.000862072050
2018,T1_previous_party_hierarchical_raked,918,0.018891656344,0.019775019265,-0.000883362922
2018,T1_previous_party_hierarchical_raked,919,0.019108034821,0.019775019265,-0.000666984445
2018,T1_previous_party_hierarchical_raked,920,0.019001014576,0.019775019265,-0.000774004690
2018,T1_previous_party_hierarchical_raked,921,0.018892988059,0.019775019265,-0.000882031206
2018,T1_previous_party_hierarchical_raked,922,0.018882018058,0.019775019265,-0.000893001207
2018,T1_previous_party_hierarchical_raked,923,0.019097934929,0.019775019265,-0.000677084336
2018,T1_previous_party_hierarchical_raked,924,0.018953362535,0.019775019265,-0.000821656730
2018,T1_previous_party_hierarchical_raked,925,0.018941745948,0.019775019265,-0.000833273317
2018,T1_previous_party_hierarchical_raked,926,0.018886269097,0.019775019265,-0.000888750168
2018,T1_previous_party_hierarchical_raked,927,0.019041487442,0.019775019265,-0.000733531823
2018,T1_previous_party_hierarchical_raked,928,0.019054797473,0.019775019265,-0.000720221792
2018,T1_previous_party_hierarchical_raked,929,0.018984224510,0.019775019265,-0.000790794756
2018,T1_previous_party_hierarchical_raked,930,0.018934722046,0.019775019265,-0.000840297219
2018,T1_previous_party_hierarchical_raked,931,0.019043946280,0.019775019265,-0.000731072986
2018,T1_previous_party_hierarchical_raked,932,0.018871929123,0.019775019265,-0.000903090142
2018,T1_previous_party_hierarchical_raked,933,0.018957117794,0.019775019265,-0.000817901472
2018,T1_previous_party_hierarchical_raked,934,0.018941735525,0.019775019265,-0.000833283740
2018,T1_previous_party_hierarchical_raked,935,0.019014674028,0.019775019265,-0.000760345238
2018,T1_previous_party_hierarchical_raked,936,0.018927205091,0.019775019265,-0.000847814175
2018,T1_previous_party_hierarchical_raked,937,0.018796218774,0.019775019265,-0.000978800491
2018,T1_previous_party_hierarchical_raked,938,0.018839095816,0.019775019265,-0.000935923449
2018,T1_previous_party_hierarchical_raked,939,0.018886179672,0.019775019265,-0.000888839594
2018,T1_previous_party_hierarchical_raked,940,0.019187384343,0.019775019265,-0.000587634923
2018,T1_previous_party_hierarchical_raked,941,0.019122033939,0.019775019265,-0.000652985326
2018,T1_previous_party_hierarchical_raked,942,0.019015747356,0.019775019265,-0.000759271909
2018,T1_previous_party_hierarchical_raked,943,0.019011191995,0.019775019265,-0.000763827270
2018,T1_previous_party_hierarchical_raked,944,0.018977146729,0.019775019265,-0.000797872536
2018,T1_previous_party_hierarchical_raked,945,0.018919747684,0.019775019265,-0.000855271581
2018,T1_previous_party_hierarchical_raked,946,0.019030900159,0.019775019265,-0.000744119107
2018,T1_previous_party_hierarchical_raked,947,0.019125144931,0.019775019265,-0.000649874334
2018,T1_previous_party_hierarchical_raked,948,0.019188596632,0.019775019265,-0.000586422633
2018,T1_previous_party_hierarchical_raked,949,0.019059727461,0.019775019265,-0.000715291805
2018,T1_previous_party_hierarchical_raked,950,0.019050620306,0.019775019265,-0.000724398959
2018,T1_previous_party_hierarchical_raked,951,0.018892105710,0.019775019265,-0.000882913555
2018,T1_previous_party_hierarchical_raked,952,0.018929838684,0.019775019265,-0.000845180582
2018,T1_previous_party_hierarchical_raked,953,0.018985688182,0.019775019265,-0.000789331084
2018,T1_previous_party_hierarchical_raked,954,0.019162755284,0.019775019265,-0.000612263981
2018,T1_previous_party_hierarchical_raked,955,0.019005987517,0.019775019265,-0.000769031749
2018,T1_previous_party_hierarchical_raked,956,0.018953171742,0.019775019265,-0.000821847524
2018,T1_previous_party_hierarchical_raked,957,0.019069213353,0.019775019265,-0.000705805913
2018,T1_previous_party_hierarchical_raked,958,0.019006521373,0.019775019265,-0.000768497892
2018,T1_previous_party_hierarchical_raked,959,0.018996141567,0.019775019265,-0.000778877699
2018,T1_previous_party_hierarchical_raked,960,0.019022354963,0.019775019265,-0.000752664303
2018,T1_previous_party_hierarchical_raked,961,0.018903873245,0.019775019265,-0.000871146021
2018,T1_previous_party_hierarchical_raked,962,0.018857828760,0.019775019265,-0.000917190506
2018,T1_previous_party_hierarchical_raked,963,0.018940142966,0.019775019265,-0.000834876299
2018,T1_previous_party_hierarchical_raked,964,0.018963055728,0.019775019265,-0.000811963537
2018,T1_previous_party_hierarchical_raked,965,0.019021479520,0.019775019265,-0.000753539745
2018,T1_previous_party_hierarchical_raked,966,0.018949375727,0.019775019265,-0.000825643538
2018,T1_previous_party_hierarchical_raked,967,0.019111976360,0.019775019265,-0.000663042906
2018,T1_previous_party_hierarchical_raked,968,0.018948779847,0.019775019265,-0.000826239419
2018,T1_previous_party_hierarchical_raked,969,0.018996570992,0.019775019265,-0.000778448274
2018,T1_previous_party_hierarchical_raked,970,0.019016808322,0.019775019265,-0.000758210944
2018,T1_previous_party_hierarchical_raked,971,0.019054536369,0.019775019265,-0.000720482897
2018,T1_previous_party_hierarchical_raked,972,0.018949979124,0.019775019265,-0.000825040142
2018,T1_previous_party_hierarchical_raked,973,0.018836937201,0.019775019265,-0.000938082065
2018,T1_previous_party_hierarchical_raked,974,0.018990855222,0.019775019265,-0.000784164043
2018,T1_previous_party_hierarchical_raked,975,0.019053414120,0.019775019265,-0.000721605146
2018,T1_previous_party_hierarchical_raked,976,0.018884504601,0.019775019265,-0.000890514665
2018,T1_previous_party_hierarchical_raked,977,0.019008747338,0.019775019265,-0.000766271928
2018,T1_previous_party_hierarchical_raked,978,0.019162390584,0.019775019265,-0.000612628682
2018,T1_previous_party_hierarchical_raked,979,0.018901981221,0.019775019265,-0.000873038045
2018,T1_previous_party_hierarchical_raked,980,0.018937963270,0.019775019265,-0.000837055996
2018,T1_previous_party_hierarchical_raked,981,0.018895376253,0.019775019265,-0.000879643013
2018,T1_previous_party_hierarchical_raked,982,0.018938026918,0.019775019265,-0.000836992348
2018,T1_previous_party_hierarchical_raked,983,0.018902789876,0.019775019265,-0.000872229390
2018,T1_previous_party_hierarchical_raked,984,0.019139360055,0.019775019265,-0.000635659211
2018,T1_previous_party_hierarchical_raked,985,0.018998385898,0.019775019265,-0.000776633367
2018,T1_previous_party_hierarchical_raked,986,0.018945681722,0.019775019265,-0.000829337543
2018,T1_previous_party_hierarchical_raked,987,0.018917159335,0.019775019265,-0.000857859930
2018,T1_previous_party_hierarchical_raked,988,0.018901280167,0.019775019265,-0.000873739098
2018,T1_previous_party_hierarchical_raked,989,0.018904540582,0.019775019265,-0.000870478683
2018,T1_previous_party_hierarchical_raked,990,0.019130548903,0.019775019265,-0.000644470363
2018,T1_previous_party_hierarchical_raked,991,0.018903876024,0.019775019265,-0.000871143242
2018,T1_previous_party_hierarchical_raked,992,0.019015125738,0.019775019265,-0.000759893527
2018,T1_previous_party_hierarchical_raked,993,0.019198095030,0.019775019265,-0.000576924236
2018,T1_previous_party_hierarchical_raked,994,0.018886552265,0.019775019265,-0.000888467000
2018,T1_previous_party_hierarchical_raked,995,0.019070224358,0.019775019265,-0.000704794907
2018,T1_previous_party_hierarchical_raked,996,0.018986020664,0.019775019265,-0.000788998601
2018,T1_previous_party_hierarchical_raked,997,0.018945002378,0.019775019265,-0.000830016887
2018,T1_previous_party_hierarchical_raked,998,0.018883690617,0.019775019265,-0.000891328648
2018,T1_previous_party_hierarchical_raked,999,0.018987495494,0.019775019265,-0.000787523771
2018,T1_previous_party_hierarchical_raked,1000,0.018945571249,0.019775019265,-0.000829448017
2018,T1_previous_party_hierarchical_raked,1001,0.018955974365,0.019775019265,-0.000819044901
2018,T1_previous_party_hierarchical_raked,1002,0.019235825518,0.019775019265,-0.000539193747
2018,T1_previous_party_hierarchical_raked,1003,0.019142808489,0.019775019265,-0.000632210777
2018,T1_previous_party_hierarchical_raked,1004,0.018977926638,0.019775019265,-0.000797092628
2018,T1_previous_party_hierarchical_raked,1005,0.019072089029,0.019775019265,-0.000702930236
2018,T1_previous_party_hierarchical_raked,1006,0.019001964738,0.019775019265,-0.000773054527
2018,T1_previous_party_hierarchical_raked,1007,0.019137448011,0.019775019265,-0.000637571255
2018,T1_previous_party_hierarchical_raked,1008,0.018994941637,0.019775019265,-0.000780077628
2018,T1_previous_party_hierarchical_raked,1009,0.018980581304,0.019775019265,-0.000794437961
2018,T1_previous_party_hierarchical_raked,1010,0.018893154744,0.019775019265,-0.000881864522
2018,T1_previous_party_hierarchical_raked,1011,0.018969514344,0.019775019265,-0.000805504922
2018,T1_previous_party_hierarchical_raked,1012,0.018976182907,0.019775019265,-0.000798836358
2018,T1_previous_party_hierarchical_raked,1013,0.019069451042,0.019775019265,-0.000705568223
2018,T1_previous_party_hierarchical_raked,1014,0.019012367505,0.019775019265,-0.000762651761
2018,T1_previous_party_hierarchical_raked,1015,0.018889841131,0.019775019265,-0.000885178134
2018,T1_previous_party_hierarchical_raked,1016,0.018987967323,0.019775019265,-0.000787051943
2018,T1_previous_party_hierarchical_raked,1017,0.019169038965,0.019775019265,-0.000605980300
2018,T1_previous_party_hierarchical_raked,1018,0.018888896963,0.019775019265,-0.000886122302
2018,T1_previous_party_hierarchical_raked,1019,0.018988531019,0.019775019265,-0.000786488246
2018,T1_previous_party_hierarchical_raked,1020,0.019048415146,0.019775019265,-0.000726604120
2018,T1_previous_party_hierarchical_raked,1021,0.019192651604,0.019775019265,-0.000582367662
2018,T1_previous_party_hierarchical_raked,1022,0.019191679975,0.019775019265,-0.000583339290
2018,T1_previous_party_hierarchical_raked,1023,0.018985476104,0.019775019265,-0.000789543161
2018,T1_previous_party_hierarchical_raked,1024,0.018928053942,0.019775019265,-0.000846965324
2018,T1_previous_party_hierarchical_raked,1025,0.019092869731,0.019775019265,-0.000682149534
2018,T1_previous_party_hierarchical_raked,1026,0.019134981325,0.019775019265,-0.000640037940
2018,T1_previous_party_hierarchical_raked,1027,0.018993769008,0.019775019265,-0.000781250257
2018,T1_previous_party_hierarchical_raked,1028,0.018958291195,0.019775019265,-0.000816728071
2018,T1_previous_party_hierarchical_raked,1029,0.019095455942,0.019775019265,-0.000679563324
2018,T1_previous_party_hierarchical_raked,1030,0.018971740660,0.019775019265,-0.000803278606
2018,T1_previous_party_hierarchical_raked,1031,0.018921191756,0.019775019265,-0.000853827510
2018,T1_previous_party_hierarchical_raked,1032,0.019234753981,0.019775019265,-0.000540265284
2018,T1_previous_party_hierarchical_raked,1033,0.018925510853,0.019775019265,-0.000849508412
2018,T1_previous_party_hierarchical_raked,1034,0.018965773149,0.019775019265,-0.000809246116
2018,T1_previous_party_hierarchical_raked,1035,0.019034944450,0.019775019265,-0.000740074816
2018,T1_previous_party_hierarchical_raked,1036,0.019005934811,0.019775019265,-0.000769084455
2018,T1_previous_party_hierarchical_raked,1037,0.018948448237,0.019775019265,-0.000826571028
2018,T1_previous_party_hierarchical_raked,1038,0.019165987551,0.019775019265,-0.000609031715
2018,T1_previous_party_hierarchical_raked,1039,0.019010208633,0.019775019265,-0.000764810633
2018,T1_previous_party_hierarchical_raked,1040,0.018987774694,0.019775019265,-0.000787244571
2018,T1_previous_party_hierarchical_raked,1041,0.018981371489,0.019775019265,-0.000793647777
2018,T1_previous_party_hierarchical_raked,1042,0.019077572008,0.019775019265,-0.000697447258
2018,T1_previous_party_hierarchical_raked,1043,0.019037100726,0.019775019265,-0.000737918539
2018,T1_previous_party_hierarchical_raked,1044,0.018900993901,0.019775019265,-0.000874025365
2018,T1_previous_party_hierarchical_raked,1045,0.019014953716,0.019775019265,-0.000760065550
2018,T1_previous_party_hierarchical_raked,1046,0.018994867184,0.019775019265,-0.000780152081
2018,T1_previous_party_hierarchical_raked,1047,0.019077898910,0.019775019265,-0.000697120356
2018,T1_previous_party_hierarchical_raked,1048,0.018964443875,0.019775019265,-0.000810575390
2018,T1_previous_party_hierarchical_raked,1049,0.019111135903,0.019775019265,-0.000663883363
2018,T1_previous_party_hierarchical_raked,1050,0.018995344223,0.019775019265,-0.000779675043
2018,T1_previous_party_hierarchical_raked,1051,0.019033000498,0.019775019265,-0.000742018768
2018,T1_previous_party_hierarchical_raked,1052,0.019029046578,0.019775019265,-0.000745972688
2018,T1_previous_party_hierarchical_raked,1053,0.019098231054,0.019775019265,-0.000676788211
2018,T1_previous_party_hierarchical_raked,1054,0.018984335721,0.019775019265,-0.000790683544
2018,T1_previous_party_hierarchical_raked,1055,0.019032965339,0.019775019265,-0.000742053926
2018,T1_previous_party_hierarchical_raked,1056,0.019017394688,0.019775019265,-0.000757624578
2018,T1_previous_party_hierarchical_raked,1057,0.019048632601,0.019775019265,-0.000726386665
2018,T1_previous_party_hierarchical_raked,1058,0.018969916903,0.019775019265,-0.000805102362
2018,T1_previous_party_hierarchical_raked,1059,0.019040514229,0.019775019265,-0.000734505036
2018,T1_previous_party_hierarchical_raked,1060,0.019005573418,0.019775019265,-0.000769445847
2018,T1_previous_party_hierarchical_raked,1061,0.019104385582,0.019775019265,-0.000670633684
2018,T1_previous_party_hierarchical_raked,1062,0.018818304171,0.019775019265,-0.000956715095
2018,T1_previous_party_hierarchical_raked,1063,0.018992879439,0.019775019265,-0.000782139827
2018,T1_previous_party_hierarchical_raked,1064,0.018983326246,0.019775019265,-0.000791693019
2018,T1_previous_party_hierarchical_raked,1065,0.018878836640,0.019775019265,-0.000896182625
2018,T1_previous_party_hierarchical_raked,1066,0.018964044310,0.019775019265,-0.000810974955
2018,T1_previous_party_hierarchical_raked,1067,0.019057732552,0.019775019265,-0.000717286713
2018,T1_previous_party_hierarchical_raked,1068,0.019014906968,0.019775019265,-0.000760112298
2018,T1_previous_party_hierarchical_raked,1069,0.019020877916,0.019775019265,-0.000754141349
2018,T1_previous_party_hierarchical_raked,1070,0.019130713308,0.019775019265,-0.000644305957
2018,T1_previous_party_hierarchical_raked,1071,0.019091861856,0.019775019265,-0.000683157409
2018,T1_previous_party_hierarchical_raked,1072,0.018992820961,0.019775019265,-0.000782198305
2018,T1_previous_party_hierarchical_raked,1073,0.018875041394,0.019775019265,-0.000899977871
2018,T1_previous_party_hierarchical_raked,1074,0.019001235931,0.019775019265,-0.000773783334
2018,T1_previous_party_hierarchical_raked,1075,0.018804987535,0.019775019265,-0.000970031730
2018,T1_previous_party_hierarchical_raked,1076,0.018995147868,0.019775019265,-0.000779871398
2018,T1_previous_party_hierarchical_raked,1077,0.018834658506,0.019775019265,-0.000940360759
2018,T1_previous_party_hierarchical_raked,1078,0.018796734647,0.019775019265,-0.000978284618
2018,T1_previous_party_hierarchical_raked,1079,0.019136657386,0.019775019265,-0.000638361879
2018,T1_previous_party_hierarchical_raked,1080,0.018987768945,0.019775019265,-0.000787250320
2018,T1_previous_party_hierarchical_raked,1081,0.019017563641,0.019775019265,-0.000757455625
2018,T1_previous_party_hierarchical_raked,1082,0.019040499170,0.019775019265,-0.000734520095
2018,T1_previous_party_hierarchical_raked,1083,0.019079877245,0.019775019265,-0.000695142021
2018,T1_previous_party_hierarchical_raked,1084,0.018915159319,0.019775019265,-0.000859859947
2018,T1_previous_party_hierarchical_raked,1085,0.019119911453,0.019775019265,-0.000655107813
2018,T1_previous_party_hierarchical_raked,1086,0.018973819351,0.019775019265,-0.000801199915
2018,T1_previous_party_hierarchical_raked,1087,0.018903004333,0.019775019265,-0.000872014932
2018,T1_previous_party_hierarchical_raked,1088,0.019052775599,0.019775019265,-0.000722243666
2018,T1_previous_party_hierarchical_raked,1089,0.019001893062,0.019775019265,-0.000773126204
2018,T1_previous_party_hierarchical_raked,1090,0.018938434505,0.019775019265,-0.000836584761
2018,T1_previous_party_hierarchical_raked,1091,0.018953612364,0.019775019265,-0.000821406901
2018,T1_previous_party_hierarchical_raked,1092,0.019065810816,0.019775019265,-0.000709208450
2018,T1_previous_party_hierarchical_raked,1093,0.019114891112,0.019775019265,-0.000660128153
2018,T1_previous_party_hierarchical_raked,1094,0.019004609395,0.019775019265,-0.000770409870
2018,T1_previous_party_hierarchical_raked,1095,0.018915397859,0.019775019265,-0.000859621406
2018,T1_previous_party_hierarchical_raked,1096,0.019015195832,0.019775019265,-0.000759823434
2018,T1_previous_party_hierarchical_raked,1097,0.019127067998,0.019775019265,-0.000647951267
2018,T1_previous_party_hierarchical_raked,1098,0.018888944068,0.019775019265,-0.000886075198
2018,T1_previous_party_hierarchical_raked,1099,0.019023023809,0.019775019265,-0.000751995456
2018,T1_previous_party_hierarchical_raked,1100,0.019130754713,0.019775019265,-0.000644264553
2018,T1_previous_party_hierarchical_raked,1101,0.019055609742,0.019775019265,-0.000719409523
2018,T1_previous_party_hierarchical_raked,1102,0.018990065951,0.019775019265,-0.000784953315
2018,T1_previous_party_hierarchical_raked,1103,0.019003126214,0.019775019265,-0.000771893051
2018,T1_previous_party_hierarchical_raked,1104,0.019123805989,0.019775019265,-0.000651213276
2018,T1_previous_party_hierarchical_raked,1105,0.019099804177,0.019775019265,-0.000675215088
2018,T1_previous_party_hierarchical_raked,1106,0.018798710912,0.019775019265,-0.000976308353
2018,T1_previous_party_hierarchical_raked,1107,0.019126391062,0.019775019265,-0.000648628204
2018,T1_previous_party_hierarchical_raked,1108,0.018961195331,0.019775019265,-0.000813823934
2018,T1_previous_party_hierarchical_raked,1109,0.019086119863,0.019775019265,-0.000688899403
2018,T1_previous_party_hierarchical_raked,1110,0.018965855646,0.019775019265,-0.000809163619
2018,T1_previous_party_hierarchical_raked,1111,0.019056914282,0.019775019265,-0.000718104984
2018,T1_previous_party_hierarchical_raked,1112,0.019066544612,0.019775019265,-0.000708474654
2018,T1_previous_party_hierarchical_raked,1113,0.018955348333,0.019775019265,-0.000819670932
2018,T1_previous_party_hierarchical_raked,1114,0.018957556996,0.019775019265,-0.000817462270
2018,T1_previous_party_hierarchical_raked,1115,0.019026624641,0.019775019265,-0.000748394625
2018,T1_previous_party_hierarchical_raked,1116,0.019051560161,0.019775019265,-0.000723459104
2018,T1_previous_party_hierarchical_raked,1117,0.019044831770,0.019775019265,-0.000730187496
2018,T1_previous_party_hierarchical_raked,1118,0.019000871032,0.019775019265,-0.000774148234
2018,T1_previous_party_hierarchical_raked,1119,0.018986434522,0.019775019265,-0.000788584743
2018,T1_previous_party_hierarchical_raked,1120,0.018957374798,0.019775019265,-0.000817644468
2018,T1_previous_party_hierarchical_raked,1121,0.018975080926,0.019775019265,-0.000799938340
2018,T1_previous_party_hierarchical_raked,1122,0.019046101497,0.019775019265,-0.000728917768
2018,T1_previous_party_hierarchical_raked,1123,0.019027724680,0.019775019265,-0.000747294585
2018,T1_previous_party_hierarchical_raked,1124,0.019056512368,0.019775019265,-0.000718506897
2018,T1_previous_party_hierarchical_raked,1125,0.019117250691,0.019775019265,-0.000657768574
2018,T1_previous_party_hierarchical_raked,1126,0.019073822357,0.019775019265,-0.000701196908
2018,T1_previous_party_hierarchical_raked,1127,0.019016610650,0.019775019265,-0.000758408615
2018,T1_previous_party_hierarchical_raked,1128,0.019018650629,0.019775019265,-0.000756368637
2018,T1_previous_party_hierarchical_raked,1129,0.019013724627,0.019775019265,-0.000761294639
2018,T1_previous_party_hierarchical_raked,1130,0.018910674190,0.019775019265,-0.000864345076
2018,T1_previous_party_hierarchical_raked,1131,0.019017425923,0.019775019265,-0.000757593343
2018,T1_previous_party_hierarchical_raked,1132,0.019055057530,0.019775019265,-0.000719961735
2018,T1_previous_party_hierarchical_raked,1133,0.018977468561,0.019775019265,-0.000797550704
2018,T1_previous_party_hierarchical_raked,1134,0.019005325777,0.019775019265,-0.000769693488
2018,T1_previous_party_hierarchical_raked,1135,0.018930566748,0.019775019265,-0.000844452518
2018,T1_previous_party_hierarchical_raked,1136,0.019093130745,0.019775019265,-0.000681888521
2018,T1_previous_party_hierarchical_raked,1137,0.019035160598,0.019775019265,-0.000739858668
2018,T1_previous_party_hierarchical_raked,1138,0.019024365704,0.019775019265,-0.000750653561
2018,T1_previous_party_hierarchical_raked,1139,0.018944322543,0.019775019265,-0.000830696722
2018,T1_previous_party_hierarchical_raked,1140,0.018920937463,0.019775019265,-0.000854081802
2018,T1_previous_party_hierarchical_raked,1141,0.019060263284,0.019775019265,-0.000714755981
2018,T1_previous_party_hierarchical_raked,1142,0.018947007244,0.019775019265,-0.000828012022
2018,T1_previous_party_hierarchical_raked,1143,0.018961498328,0.019775019265,-0.000813520937
2018,T1_previous_party_hierarchical_raked,1144,0.019086878159,0.019775019265,-0.000688141107
2018,T1_previous_party_hierarchical_raked,1145,0.018949462339,0.019775019265,-0.000825556926
2018,T1_previous_party_hierarchical_raked,1146,0.018926963512,0.019775019265,-0.000848055754
2018,T1_previous_party_hierarchical_raked,1147,0.018996621341,0.019775019265,-0.000778397924
2018,T1_previous_party_hierarchical_raked,1148,0.018924464107,0.019775019265,-0.000850555158
2018,T1_previous_party_hierarchical_raked,1149,0.018953642991,0.019775019265,-0.000821376274
2018,T1_previous_party_hierarchical_raked,1150,0.019081634404,0.019775019265,-0.000693384861
2018,T1_previous_party_hierarchical_raked,1151,0.018978595157,0.019775019265,-0.000796424109
2018,T1_previous_party_hierarchical_raked,1152,0.019026194241,0.019775019265,-0.000748825025
2018,T1_previous_party_hierarchical_raked,1153,0.018988199774,0.019775019265,-0.000786819491
2018,T1_previous_party_hierarchical_raked,1154,0.019144039190,0.019775019265,-0.000630980076
2018,T1_previous_party_hierarchical_raked,1155,0.019075884938,0.019775019265,-0.000699134328
2018,T1_previous_party_hierarchical_raked,1156,0.019091792570,0.019775019265,-0.000683226696
2018,T1_previous_party_hierarchical_raked,1157,0.019036311689,0.019775019265,-0.000738707576
2018,T1_previous_party_hierarchical_raked,1158,0.018854033303,0.019775019265,-0.000920985962
2018,T1_previous_party_hierarchical_raked,1159,0.019005202137,0.019775019265,-0.000769817129
2018,T1_previous_party_hierarchical_raked,1160,0.018943424574,0.019775019265,-0.000831594692
2018,T1_previous_party_hierarchical_raked,1161,0.019029006170,0.019775019265,-0.000746013096
2018,T1_previous_party_hierarchical_raked,1162,0.018976855059,0.019775019265,-0.000798164206
2018,T1_previous_party_hierarchical_raked,1163,0.019115898202,0.019775019265,-0.000659121063
2018,T1_previous_party_hierarchical_raked,1164,0.018923856155,0.019775019265,-0.000851163110
2018,T1_previous_party_hierarchical_raked,1165,0.018942313265,0.019775019265,-0.000832706000
2018,T1_previous_party_hierarchical_raked,1166,0.019190196613,0.019775019265,-0.000584822652
2018,T1_previous_party_hierarchical_raked,1167,0.019017599585,0.019775019265,-0.000757419681
2018,T1_previous_party_hierarchical_raked,1168,0.018933725044,0.019775019265,-0.000841294221
2018,T1_previous_party_hierarchical_raked,1169,0.018941768014,0.019775019265,-0.000833251252
2018,T1_previous_party_hierarchical_raked,1170,0.019019549985,0.019775019265,-0.000755469280
2018,T1_previous_party_hierarchical_raked,1171,0.018976964074,0.019775019265,-0.000798055192
2018,T1_previous_party_hierarchical_raked,1172,0.018941116952,0.019775019265,-0.000833902313
2018,T1_previous_party_hierarchical_raked,1173,0.018950956126,0.019775019265,-0.000824063140
2018,T1_previous_party_hierarchical_raked,1174,0.019007511905,0.019775019265,-0.000767507360
2018,T1_previous_party_hierarchical_raked,1175,0.018988763649,0.019775019265,-0.000786255617
2018,T1_previous_party_hierarchical_raked,1176,0.019025861224,0.019775019265,-0.000749158041
2018,T1_previous_party_hierarchical_raked,1177,0.018951013048,0.019775019265,-0.000824006218
2018,T1_previous_party_hierarchical_raked,1178,0.019023729002,0.019775019265,-0.000751290264
2018,T1_previous_party_hierarchical_raked,1179,0.018871832463,0.019775019265,-0.000903186803
2018,T1_previous_party_hierarchical_raked,1180,0.018811464333,0.019775019265,-0.000963554932
2018,T1_previous_party_hierarchical_raked,1181,0.019060359070,0.019775019265,-0.000714660195
2018,T1_previous_party_hierarchical_raked,1182,0.018893270389,0.019775019265,-0.000881748876
2018,T1_previous_party_hierarchical_raked,1183,0.018859122863,0.019775019265,-0.000915896403
2018,T1_previous_party_hierarchical_raked,1184,0.019017942143,0.019775019265,-0.000757077123
2018,T1_previous_party_hierarchical_raked,1185,0.018983923160,0.019775019265,-0.000791096106
2018,T1_previous_party_hierarchical_raked,1186,0.019064881290,0.019775019265,-0.000710137976
2018,T1_previous_party_hierarchical_raked,1187,0.019259673699,0.019775019265,-0.000515345566
2018,T1_previous_party_hierarchical_raked,1188,0.019106645357,0.019775019265,-0.000668373908
2018,T1_previous_party_hierarchical_raked,1189,0.018916738249,0.019775019265,-0.000858281016
2018,T1_previous_party_hierarchical_raked,1190,0.018968525067,0.019775019265,-0.000806494199
2018,T1_previous_party_hierarchical_raked,1191,0.019064110428,0.019775019265,-0.000710908837
2018,T1_previous_party_hierarchical_raked,1192,0.018991218873,0.019775019265,-0.000783800393
2018,T1_previous_party_hierarchical_raked,1193,0.019071869262,0.019775019265,-0.000703150004
2018,T1_previous_party_hierarchical_raked,1194,0.019084205401,0.019775019265,-0.000690813865
2018,T1_previous_party_hierarchical_raked,1195,0.018983316773,0.019775019265,-0.000791702492
2018,T1_previous_party_hierarchical_raked,1196,0.019035963047,0.019775019265,-0.000739056219
2018,T1_previous_party_hierarchical_raked,1197,0.018900946351,0.019775019265,-0.000874072915
2018,T1_previous_party_hierarchical_raked,1198,0.019056862697,0.019775019265,-0.000718156568
2018,T1_previous_party_hierarchical_raked,1199,0.018888555473,0.019775019265,-0.000886463792
2018,T1_previous_party_hierarchical_raked,1200,0.019003267441,0.019775019265,-0.000771751825
2018,T1_previous_party_hierarchical_raked,1201,0.019005602371,0.019775019265,-0.000769416894
2018,T1_previous_party_hierarchical_raked,1202,0.018937173235,0.019775019265,-0.000837846030
2018,T1_previous_party_hierarchical_raked,1203,0.019059446157,0.019775019265,-0.000715573108
2018,T1_previous_party_hierarchical_raked,1204,0.019022024119,0.019775019265,-0.000752995146
2018,T1_previous_party_hierarchical_raked,1205,0.018884503362,0.019775019265,-0.000890515904
2018,T1_previous_party_hierarchical_raked,1206,0.018910379934,0.019775019265,-0.000864639332
2018,T1_previous_party_hierarchical_raked,1207,0.018974526032,0.019775019265,-0.000800493234
2018,T1_previous_party_hierarchical_raked,1208,0.018986974747,0.019775019265,-0.000788044518
2018,T1_previous_party_hierarchical_raked,1209,0.018980662279,0.019775019265,-0.000794356986
2018,T1_previous_party_hierarchical_raked,1210,0.019060074040,0.019775019265,-0.000714945225
2018,T1_previous_party_hierarchical_raked,1211,0.019025260855,0.019775019265,-0.000749758410
2018,T1_previous_party_hierarchical_raked,1212,0.018975578116,0.019775019265,-0.000799441150
2018,T1_previous_party_hierarchical_raked,1213,0.018875114513,0.019775019265,-0.000899904752
2018,T1_previous_party_hierarchical_raked,1214,0.019116027694,0.019775019265,-0.000658991572
2018,T1_previous_party_hierarchical_raked,1215,0.018999918625,0.019775019265,-0.000775100640
2018,T1_previous_party_hierarchical_raked,1216,0.018993954542,0.019775019265,-0.000781064723
2018,T1_previous_party_hierarchical_raked,1217,0.018911935287,0.019775019265,-0.000863083978
2018,T1_previous_party_hierarchical_raked,1218,0.018955687380,0.019775019265,-0.000819331885
2018,T1_previous_party_hierarchical_raked,1219,0.019044368490,0.019775019265,-0.000730650776
2018,T1_previous_party_hierarchical_raked,1220,0.018879816581,0.019775019265,-0.000895202684
2018,T1_previous_party_hierarchical_raked,1221,0.018927882336,0.019775019265,-0.000847136929
2018,T1_previous_party_hierarchical_raked,1222,0.018877795438,0.019775019265,-0.000897223827
2018,T1_previous_party_hierarchical_raked,1223,0.019012727868,0.019775019265,-0.000762291397
2018,T1_previous_party_hierarchical_raked,1224,0.019012891895,0.019775019265,-0.000762127371
2018,T1_previous_party_hierarchical_raked,1225,0.019021273940,0.019775019265,-0.000753745326
2018,T1_previous_party_hierarchical_raked,1226,0.019000348888,0.019775019265,-0.000774670377
2018,T1_previous_party_hierarchical_raked,1227,0.018826018590,0.019775019265,-0.000949000676
2018,T1_previous_party_hierarchical_raked,1228,0.019023056956,0.019775019265,-0.000751962309
2018,T1_previous_party_hierarchical_raked,1229,0.019081747150,0.019775019265,-0.000693272115
2018,T1_previous_party_hierarchical_raked,1230,0.019096270769,0.019775019265,-0.000678748497
2018,T1_previous_party_hierarchical_raked,1231,0.019023998270,0.019775019265,-0.000751020995
2018,T1_previous_party_hierarchical_raked,1232,0.018835797539,0.019775019265,-0.000939221726
2018,T1_previous_party_hierarchical_raked,1233,0.019075710897,0.019775019265,-0.000699308368
2018,T1_previous_party_hierarchical_raked,1234,0.019099598909,0.019775019265,-0.000675420356
2018,T1_previous_party_hierarchical_raked,1235,0.019182606353,0.019775019265,-0.000592412912
2018,T1_previous_party_hierarchical_raked,1236,0.018956639175,0.019775019265,-0.000818380091
2018,T1_previous_party_hierarchical_raked,1237,0.019003201026,0.019775019265,-0.000771818240
2018,T1_previous_party_hierarchical_raked,1238,0.018854054207,0.019775019265,-0.000920965059
2018,T1_previous_party_hierarchical_raked,1239,0.018991104180,0.019775019265,-0.000783915085
2018,T1_previous_party_hierarchical_raked,1240,0.018976778759,0.019775019265,-0.000798240507
2018,T1_previous_party_hierarchical_raked,1241,0.018967866385,0.019775019265,-0.000807152881
2018,T1_previous_party_hierarchical_raked,1242,0.018969357336,0.019775019265,-0.000805661929
2018,T1_previous_party_hierarchical_raked,1243,0.018990461323,0.019775019265,-0.000784557942
2018,T1_previous_party_hierarchical_raked,1244,0.018933398085,0.019775019265,-0.000841621180
2018,T1_previous_party_hierarchical_raked,1245,0.019155351170,0.019775019265,-0.000619668095
2018,T1_previous_party_hierarchical_raked,1246,0.018967315048,0.019775019265,-0.000807704217
2018,T1_previous_party_hierarchical_raked,1247,0.019093432809,0.019775019265,-0.000681586456
2018,T1_previous_party_hierarchical_raked,1248,0.018994217776,0.019775019265,-0.000780801490
2018,T1_previous_party_hierarchical_raked,1249,0.019103055805,0.019775019265,-0.000671963461
2018,T1_previous_party_hierarchical_raked,1250,0.018853856618,0.019775019265,-0.000921162648
2018,T1_previous_party_hierarchical_raked,1251,0.019054575397,0.019775019265,-0.000720443869
2018,T1_previous_party_hierarchical_raked,1252,0.019017602056,0.019775019265,-0.000757417209
2018,T1_previous_party_hierarchical_raked,1253,0.018891252695,0.019775019265,-0.000883766571
2018,T1_previous_party_hierarchical_raked,1254,0.018982844001,0.019775019265,-0.000792175264
2018,T1_previous_party_hierarchical_raked,1255,0.019148930550,0.019775019265,-0.000626088715
2018,T1_previous_party_hierarchical_raked,1256,0.018966192910,0.019775019265,-0.000808826356
2018,T1_previous_party_hierarchical_raked,1257,0.019200281263,0.019775019265,-0.000574738002
2018,T1_previous_party_hierarchical_raked,1258,0.018987920343,0.019775019265,-0.000787098922
2018,T1_previous_party_hierarchical_raked,1259,0.019118233711,0.019775019265,-0.000656785554
2018,T1_previous_party_hierarchical_raked,1260,0.019032976167,0.019775019265,-0.000742043098
2018,T1_previous_party_hierarchical_raked,1261,0.018959491330,0.019775019265,-0.000815527936
2018,T1_previous_party_hierarchical_raked,1262,0.018944618710,0.019775019265,-0.000830400556
2018,T1_previous_party_hierarchical_raked,1263,0.018979399825,0.019775019265,-0.000795619440
2018,T1_previous_party_hierarchical_raked,1264,0.019073136071,0.019775019265,-0.000701883194
2018,T1_previous_party_hierarchical_raked,1265,0.019155803734,0.019775019265,-0.000619215531
2018,T1_previous_party_hierarchical_raked,1266,0.019096216006,0.019775019265,-0.000678803260
2018,T1_previous_party_hierarchical_raked,1267,0.018954176243,0.019775019265,-0.000820843022
2018,T1_previous_party_hierarchical_raked,1268,0.019038682503,0.019775019265,-0.000736336763
2018,T1_previous_party_hierarchical_raked,1269,0.018979096985,0.019775019265,-0.000795922281
2018,T1_previous_party_hierarchical_raked,1270,0.018954973865,0.019775019265,-0.000820045401
2018,T1_previous_party_hierarchical_raked,1271,0.019114224244,0.019775019265,-0.000660795022
2018,T1_previous_party_hierarchical_raked,1272,0.019002659012,0.019775019265,-0.000772360254
2018,T1_previous_party_hierarchical_raked,1273,0.018895691843,0.019775019265,-0.000879327422
2018,T1_previous_party_hierarchical_raked,1274,0.019076853112,0.019775019265,-0.000698166154
2018,T1_previous_party_hierarchical_raked,1275,0.019029852720,0.019775019265,-0.000745166545
2018,T1_previous_party_hierarchical_raked,1276,0.018899803062,0.019775019265,-0.000875216204
2018,T1_previous_party_hierarchical_raked,1277,0.019073812077,0.019775019265,-0.000701207189
2018,T1_previous_party_hierarchical_raked,1278,0.019037156310,0.019775019265,-0.000737862955
2018,T1_previous_party_hierarchical_raked,1279,0.018936280009,0.019775019265,-0.000838739256
2018,T1_previous_party_hierarchical_raked,1280,0.019166497789,0.019775019265,-0.000608521477
2018,T1_previous_party_hierarchical_raked,1281,0.019029459133,0.019775019265,-0.000745560133
2018,T1_previous_party_hierarchical_raked,1282,0.018987454423,0.019775019265,-0.000787564843
2018,T1_previous_party_hierarchical_raked,1283,0.019005770175,0.019775019265,-0.000769249091
2018,T1_previous_party_hierarchical_raked,1284,0.019032215779,0.019775019265,-0.000742803486
2018,T1_previous_party_hierarchical_raked,1285,0.019081949381,0.019775019265,-0.000693069885
2018,T1_previous_party_hierarchical_raked,1286,0.018979628598,0.019775019265,-0.000795390668
2018,T1_previous_party_hierarchical_raked,1287,0.018859169280,0.019775019265,-0.000915849986
2018,T1_previous_party_hierarchical_raked,1288,0.018996888884,0.019775019265,-0.000778130382
2018,T1_previous_party_hierarchical_raked,1289,0.018936261950,0.019775019265,-0.000838757315
2018,T1_previous_party_hierarchical_raked,1290,0.019073394305,0.019775019265,-0.000701624960
2018,T1_previous_party_hierarchical_raked,1291,0.019005230270,0.019775019265,-0.000769788995
2018,T1_previous_party_hierarchical_raked,1292,0.018905156464,0.019775019265,-0.000869862801
2018,T1_previous_party_hierarchical_raked,1293,0.018918608123,0.019775019265,-0.000856411142
2018,T1_previous_party_hierarchical_raked,1294,0.018944356788,0.019775019265,-0.000830662477
2018,T1_previous_party_hierarchical_raked,1295,0.018894689518,0.019775019265,-0.000880329747
2018,T1_previous_party_hierarchical_raked,1296,0.019100271480,0.019775019265,-0.000674747786
2018,T1_previous_party_hierarchical_raked,1297,0.019029569949,0.019775019265,-0.000745449317
2018,T1_previous_party_hierarchical_raked,1298,0.018976802327,0.019775019265,-0.000798216938
2018,T1_previous_party_hierarchical_raked,1299,0.019039174202,0.019775019265,-0.000735845064
2018,T1_previous_party_hierarchical_raked,1300,0.018932740862,0.019775019265,-0.000842278404
2018,T1_previous_party_hierarchical_raked,1301,0.019022339705,0.019775019265,-0.000752679561
2018,T1_previous_party_hierarchical_raked,1302,0.019091879486,0.019775019265,-0.000683139779
2018,T1_previous_party_hierarchical_raked,1303,0.018855212938,0.019775019265,-0.000919806328
2018,T1_previous_party_hierarchical_raked,1304,0.019138408830,0.019775019265,-0.000636610435
2018,T1_previous_party_hierarchical_raked,1305,0.019016980892,0.019775019265,-0.000758038373
2018,T1_previous_party_hierarchical_raked,1306,0.018955408947,0.019775019265,-0.000819610319
2018,T1_previous_party_hierarchical_raked,1307,0.018969931576,0.019775019265,-0.000805087689
2018,T1_previous_party_hierarchical_raked,1308,0.019012005527,0.019775019265,-0.000763013738
2018,T1_previous_party_hierarchical_raked,1309,0.018975700515,0.019775019265,-0.000799318750
2018,T1_previous_party_hierarchical_raked,1310,0.019110518972,0.019775019265,-0.000664500293
2018,T1_previous_party_hierarchical_raked,1311,0.019176463056,0.019775019265,-0.000598556210
2018,T1_previous_party_hierarchical_raked,1312,0.018993256199,0.019775019265,-0.000781763066
2018,T1_previous_party_hierarchical_raked,1313,0.018959728583,0.019775019265,-0.000815290683
2018,T1_previous_party_hierarchical_raked,1314,0.018996712005,0.019775019265,-0.000778307261
2018,T1_previous_party_hierarchical_raked,1315,0.019142996291,0.019775019265,-0.000632022975
2018,T1_previous_party_hierarchical_raked,1316,0.018942481894,0.019775019265,-0.000832537371
2018,T1_previous_party_hierarchical_raked,1317,0.019049906107,0.019775019265,-0.000725113158
2018,T1_previous_party_hierarchical_raked,1318,0.018935308167,0.019775019265,-0.000839711098
2018,T1_previous_party_hierarchical_raked,1319,0.019002197333,0.019775019265,-0.000772821932
2018,T1_previous_party_hierarchical_raked,1320,0.018967548963,0.019775019265,-0.000807470302
2018,T1_previous_party_hierarchical_raked,1321,0.018951099121,0.019775019265,-0.000823920145
2018,T1_previous_party_hierarchical_raked,1322,0.018977434237,0.019775019265,-0.000797585028
2018,T1_previous_party_hierarchical_raked,1323,0.018910615605,0.019775019265,-0.000864403660
2018,T1_previous_party_hierarchical_raked,1324,0.019075566717,0.019775019265,-0.000699452549
2018,T1_previous_party_hierarchical_raked,1325,0.018936654265,0.019775019265,-0.000838365000
2018,T1_previous_party_hierarchical_raked,1326,0.019074738992,0.019775019265,-0.000700280273
2018,T1_previous_party_hierarchical_raked,1327,0.018998373427,0.019775019265,-0.000776645838
2018,T1_previous_party_hierarchical_raked,1328,0.019145708204,0.019775019265,-0.000629311061
2018,T1_previous_party_hierarchical_raked,1329,0.019121813381,0.019775019265,-0.000653205884
2018,T1_previous_party_hierarchical_raked,1330,0.018903528501,0.019775019265,-0.000871490764
2018,T1_previous_party_hierarchical_raked,1331,0.018981239104,0.019775019265,-0.000793780162
2018,T1_previous_party_hierarchical_raked,1332,0.018939365214,0.019775019265,-0.000835654052
2018,T1_previous_party_hierarchical_raked,1333,0.018932555895,0.019775019265,-0.000842463370
2018,T1_previous_party_hierarchical_raked,1334,0.018976616160,0.019775019265,-0.000798403106
2018,T1_previous_party_hierarchical_raked,1335,0.018916371676,0.019775019265,-0.000858647589
2018,T1_previous_party_hierarchical_raked,1336,0.019010856050,0.019775019265,-0.000764163215
2018,T1_previous_party_hierarchical_raked,1337,0.018978088235,0.019775019265,-0.000796931030
2018,T1_previous_party_hierarchical_raked,1338,0.018920885626,0.019775019265,-0.000854133639
2018,T1_previous_party_hierarchical_raked,1339,0.019054801071,0.019775019265,-0.000720218194
2018,T1_previous_party_hierarchical_raked,1340,0.019165017869,0.019775019265,-0.000610001396
2018,T1_previous_party_hierarchical_raked,1341,0.019001302242,0.019775019265,-0.000773717024
2018,T1_previous_party_hierarchical_raked,1342,0.019135986669,0.019775019265,-0.000639032596
2018,T1_previous_party_hierarchical_raked,1343,0.018997955316,0.019775019265,-0.000777063950
2018,T1_previous_party_hierarchical_raked,1344,0.019068791681,0.019775019265,-0.000706227584
2018,T1_previous_party_hierarchical_raked,1345,0.019076742866,0.019775019265,-0.000698276400
2018,T1_previous_party_hierarchical_raked,1346,0.019043732598,0.019775019265,-0.000731286667
2018,T1_previous_party_hierarchical_raked,1347,0.019087497978,0.019775019265,-0.000687521287
2018,T1_previous_party_hierarchical_raked,1348,0.018990654260,0.019775019265,-0.000784365005
2018,T1_previous_party_hierarchical_raked,1349,0.018836235838,0.019775019265,-0.000938783427
2018,T1_previous_party_hierarchical_raked,1350,0.019000153109,0.019775019265,-0.000774866156
2018,T1_previous_party_hierarchical_raked,1351,0.018923443668,0.019775019265,-0.000851575598
2018,T1_previous_party_hierarchical_raked,1352,0.018905438033,0.019775019265,-0.000869581232
2018,T1_previous_party_hierarchical_raked,1353,0.019060251007,0.019775019265,-0.000714768258
2018,T1_previous_party_hierarchical_raked,1354,0.019069217347,0.019775019265,-0.000705801919
2018,T1_previous_party_hierarchical_raked,1355,0.018982292436,0.019775019265,-0.000792726829
2018,T1_previous_party_hierarchical_raked,1356,0.019056490841,0.019775019265,-0.000718528424
2018,T1_previous_party_hierarchical_raked,1357,0.019191395083,0.019775019265,-0.000583624183
2018,T1_previous_party_hierarchical_raked,1358,0.019081940545,0.019775019265,-0.000693078721
2018,T1_previous_party_hierarchical_raked,1359,0.018862727927,0.019775019265,-0.000912291338
2018,T1_previous_party_hierarchical_raked,1360,0.019102504196,0.019775019265,-0.000672515069
2018,T1_previous_party_hierarchical_raked,1361,0.019071799499,0.019775019265,-0.000703219766
2018,T1_previous_party_hierarchical_raked,1362,0.018849556120,0.019775019265,-0.000925463145
2018,T1_previous_party_hierarchical_raked,1363,0.019219887231,0.019775019265,-0.000555132035
2018,T1_previous_party_hierarchical_raked,1364,0.018965505098,0.019775019265,-0.000809514168
2018,T1_previous_party_hierarchical_raked,1365,0.019004739719,0.019775019265,-0.000770279546
2018,T1_previous_party_hierarchical_raked,1366,0.018937527212,0.019775019265,-0.000837492053
2018,T1_previous_party_hierarchical_raked,1367,0.019024950653,0.019775019265,-0.000750068612
2018,T1_previous_party_hierarchical_raked,1368,0.019034053499,0.019775019265,-0.000740965767
2018,T1_previous_party_hierarchical_raked,1369,0.019016919411,0.019775019265,-0.000758099854
2018,T1_previous_party_hierarchical_raked,1370,0.019146205212,0.019775019265,-0.000628814053
2018,T1_previous_party_hierarchical_raked,1371,0.018965562773,0.019775019265,-0.000809456493
2018,T1_previous_party_hierarchical_raked,1372,0.019022000456,0.019775019265,-0.000753018810
2018,T1_previous_party_hierarchical_raked,1373,0.019056153774,0.019775019265,-0.000718865492
2018,T1_previous_party_hierarchical_raked,1374,0.018936979844,0.019775019265,-0.000838039421
2018,T1_previous_party_hierarchical_raked,1375,0.018920370988,0.019775019265,-0.000854648277
2018,T1_previous_party_hierarchical_raked,1376,0.019064796265,0.019775019265,-0.000710223000
2018,T1_previous_party_hierarchical_raked,1377,0.019018096484,0.019775019265,-0.000756922781
2018,T1_previous_party_hierarchical_raked,1378,0.018951365463,0.019775019265,-0.000823653802
2018,T1_previous_party_hierarchical_raked,1379,0.019023310842,0.019775019265,-0.000751708424
2018,T1_previous_party_hierarchical_raked,1380,0.018850049901,0.019775019265,-0.000924969365
2018,T1_previous_party_hierarchical_raked,1381,0.019066857833,0.019775019265,-0.000708161432
2018,T1_previous_party_hierarchical_raked,1382,0.018943990570,0.019775019265,-0.000831028695
2018,T1_previous_party_hierarchical_raked,1383,0.019122148529,0.019775019265,-0.000652870737
2018,T1_previous_party_hierarchical_raked,1384,0.018918643409,0.019775019265,-0.000856375857
2018,T1_previous_party_hierarchical_raked,1385,0.019117825568,0.019775019265,-0.000657193698
2018,T1_previous_party_hierarchical_raked,1386,0.018949443354,0.019775019265,-0.000825575911
2018,T1_previous_party_hierarchical_raked,1387,0.019051861672,0.019775019265,-0.000723157594
2018,T1_previous_party_hierarchical_raked,1388,0.019023882086,0.019775019265,-0.000751137180
2018,T1_previous_party_hierarchical_raked,1389,0.019032077684,0.019775019265,-0.000742941581
2018,T1_previous_party_hierarchical_raked,1390,0.019083998104,0.019775019265,-0.000691021162
2018,T1_previous_party_hierarchical_raked,1391,0.019086185158,0.019775019265,-0.000688834107
2018,T1_previous_party_hierarchical_raked,1392,0.019103262826,0.019775019265,-0.000671756439
2018,T1_previous_party_hierarchical_raked,1393,0.019040542827,0.019775019265,-0.000734476438
2018,T1_previous_party_hierarchical_raked,1394,0.018832188066,0.019775019265,-0.000942831200
2018,T1_previous_party_hierarchical_raked,1395,0.019019668375,0.019775019265,-0.000755350891
2018,T1_previous_party_hierarchical_raked,1396,0.019106214143,0.019775019265,-0.000668805123
2018,T1_previous_party_hierarchical_raked,1397,0.019019831652,0.019775019265,-0.000755187614
2018,T1_previous_party_hierarchical_raked,1398,0.018874728820,0.019775019265,-0.000900290445
2018,T1_previous_party_hierarchical_raked,1399,0.019062213684,0.019775019265,-0.000712805581
2018,T1_previous_party_hierarchical_raked,1400,0.019137654956,0.019775019265,-0.000637364309
2018,T1_previous_party_hierarchical_raked,1401,0.018971225378,0.019775019265,-0.000803793888
2018,T1_previous_party_hierarchical_raked,1402,0.018918775371,0.019775019265,-0.000856243894
2018,T1_previous_party_hierarchical_raked,1403,0.019152301529,0.019775019265,-0.000622717737
2018,T1_previous_party_hierarchical_raked,1404,0.019016733533,0.019775019265,-0.000758285733
2018,T1_previous_party_hierarchical_raked,1405,0.019004881408,0.019775019265,-0.000770137857
2018,T1_previous_party_hierarchical_raked,1406,0.019067188285,0.019775019265,-0.000707830981
2018,T1_previous_party_hierarchical_raked,1407,0.018979533366,0.019775019265,-0.000795485900
2018,T1_previous_party_hierarchical_raked,1408,0.019089052209,0.019775019265,-0.000685967056
2018,T1_previous_party_hierarchical_raked,1409,0.018909139849,0.019775019265,-0.000865879416
2018,T1_previous_party_hierarchical_raked,1410,0.019048701171,0.019775019265,-0.000726318094
2018,T1_previous_party_hierarchical_raked,1411,0.018954390893,0.019775019265,-0.000820628372
2018,T1_previous_party_hierarchical_raked,1412,0.018962959045,0.019775019265,-0.000812060220
2018,T1_previous_party_hierarchical_raked,1413,0.018989270569,0.019775019265,-0.000785748696
2018,T1_previous_party_hierarchical_raked,1414,0.019057123685,0.019775019265,-0.000717895580
2018,T1_previous_party_hierarchical_raked,1415,0.018975757601,0.019775019265,-0.000799261665
2018,T1_previous_party_hierarchical_raked,1416,0.019106395565,0.019775019265,-0.000668623700
2018,T1_previous_party_hierarchical_raked,1417,0.019026297614,0.019775019265,-0.000748721652
2018,T1_previous_party_hierarchical_raked,1418,0.019154822776,0.019775019265,-0.000620196490
2018,T1_previous_party_hierarchical_raked,1419,0.018871345159,0.019775019265,-0.000903674106
2018,T1_previous_party_hierarchical_raked,1420,0.018975555669,0.019775019265,-0.000799463597
2018,T1_previous_party_hierarchical_raked,1421,0.018976185810,0.019775019265,-0.000798833456
2018,T1_previous_party_hierarchical_raked,1422,0.018915667642,0.019775019265,-0.000859351624
2018,T1_previous_party_hierarchical_raked,1423,0.018956228767,0.019775019265,-0.000818790499
2018,T1_previous_party_hierarchical_raked,1424,0.018864019143,0.019775019265,-0.000911000123
2018,T1_previous_party_hierarchical_raked,1425,0.019103266825,0.019775019265,-0.000671752441
2018,T1_previous_party_hierarchical_raked,1426,0.019050622233,0.019775019265,-0.000724397032
2018,T1_previous_party_hierarchical_raked,1427,0.018932647369,0.019775019265,-0.000842371896
2018,T1_previous_party_hierarchical_raked,1428,0.019055951614,0.019775019265,-0.000719067652
2018,T1_previous_party_hierarchical_raked,1429,0.018973966974,0.019775019265,-0.000801052291
2018,T1_previous_party_hierarchical_raked,1430,0.018940752874,0.019775019265,-0.000834266392
2018,T1_previous_party_hierarchical_raked,1431,0.019199322112,0.019775019265,-0.000575697153
2018,T1_previous_party_hierarchical_raked,1432,0.018935535092,0.019775019265,-0.000839484174
2018,T1_previous_party_hierarchical_raked,1433,0.019076587367,0.019775019265,-0.000698431899
2018,T1_previous_party_hierarchical_raked,1434,0.018979778893,0.019775019265,-0.000795240373
2018,T1_previous_party_hierarchical_raked,1435,0.019097520037,0.019775019265,-0.000677499228
2018,T1_previous_party_hierarchical_raked,1436,0.019137852829,0.019775019265,-0.000637166436
2018,T1_previous_party_hierarchical_raked,1437,0.018993737518,0.019775019265,-0.000781281747
2018,T1_previous_party_hierarchical_raked,1438,0.018943048765,0.019775019265,-0.000831970500
2018,T1_previous_party_hierarchical_raked,1439,0.018919037206,0.019775019265,-0.000855982059
2018,T1_previous_party_hierarchical_raked,1440,0.018964997461,0.019775019265,-0.000810021804
2018,T1_previous_party_hierarchical_raked,1441,0.018876207179,0.019775019265,-0.000898812087
2018,T1_previous_party_hierarchical_raked,1442,0.018983334362,0.019775019265,-0.000791684904
2018,T1_previous_party_hierarchical_raked,1443,0.018952676849,0.019775019265,-0.000822342417
2018,T1_previous_party_hierarchical_raked,1444,0.018933298859,0.019775019265,-0.000841720406
2018,T1_previous_party_hierarchical_raked,1445,0.019140548715,0.019775019265,-0.000634470550
2018,T1_previous_party_hierarchical_raked,1446,0.018966857239,0.019775019265,-0.000808162027
2018,T1_previous_party_hierarchical_raked,1447,0.018973703442,0.019775019265,-0.000801315824
2018,T1_previous_party_hierarchical_raked,1448,0.019100854722,0.019775019265,-0.000674164544
2018,T1_previous_party_hierarchical_raked,1449,0.018978656844,0.019775019265,-0.000796362422
2018,T1_previous_party_hierarchical_raked,1450,0.019040902348,0.019775019265,-0.000734116917
2018,T1_previous_party_hierarchical_raked,1451,0.019021760612,0.019775019265,-0.000753258654
2018,T1_previous_party_hierarchical_raked,1452,0.018918177814,0.019775019265,-0.000856841451
2018,T1_previous_party_hierarchical_raked,1453,0.019045900043,0.019775019265,-0.000729119222
2018,T1_previous_party_hierarchical_raked,1454,0.018951364046,0.019775019265,-0.000823655220
2018,T1_previous_party_hierarchical_raked,1455,0.018959934127,0.019775019265,-0.000815085138
2018,T1_previous_party_hierarchical_raked,1456,0.019032345970,0.019775019265,-0.000742673296
2018,T1_previous_party_hierarchical_raked,1457,0.019127350907,0.019775019265,-0.000647668359
2018,T1_previous_party_hierarchical_raked,1458,0.018959726987,0.019775019265,-0.000815292278
2018,T1_previous_party_hierarchical_raked,1459,0.019006591251,0.019775019265,-0.000768428015
2018,T1_previous_party_hierarchical_raked,1460,0.019074365931,0.019775019265,-0.000700653335
2018,T1_previous_party_hierarchical_raked,1461,0.019095578287,0.019775019265,-0.000679440979
2018,T1_previous_party_hierarchical_raked,1462,0.018960429888,0.019775019265,-0.000814589378
2018,T1_previous_party_hierarchical_raked,1463,0.019165710974,0.019775019265,-0.000609308292
2018,T1_previous_party_hierarchical_raked,1464,0.019039393233,0.019775019265,-0.000735626032
2018,T1_previous_party_hierarchical_raked,1465,0.018978054458,0.019775019265,-0.000796964807
2018,T1_previous_party_hierarchical_raked,1466,0.019161898167,0.019775019265,-0.000613121098
2018,T1_previous_party_hierarchical_raked,1467,0.018921649613,0.019775019265,-0.000853369652
2018,T1_previous_party_hierarchical_raked,1468,0.018975353415,0.019775019265,-0.000799665851
2018,T1_previous_party_hierarchical_raked,1469,0.018953480739,0.019775019265,-0.000821538526
2018,T1_previous_party_hierarchical_raked,1470,0.019108823393,0.019775019265,-0.000666195873
2018,T1_previous_party_hierarchical_raked,1471,0.019010881388,0.019775019265,-0.000764137878
2018,T1_previous_party_hierarchical_raked,1472,0.018917381464,0.019775019265,-0.000857637801
2018,T1_previous_party_hierarchical_raked,1473,0.018991526039,0.019775019265,-0.000783493227
2018,T1_previous_party_hierarchical_raked,1474,0.018876172886,0.019775019265,-0.000898846380
2018,T1_previous_party_hierarchical_raked,1475,0.018996332837,0.019775019265,-0.000778686428
2018,T1_previous_party_hierarchical_raked,1476,0.018969836353,0.019775019265,-0.000805182912
2018,T1_previous_party_hierarchical_raked,1477,0.019063510153,0.019775019265,-0.000711509112
2018,T1_previous_party_hierarchical_raked,1478,0.018859970996,0.019775019265,-0.000915048270
2018,T1_previous_party_hierarchical_raked,1479,0.018959906126,0.019775019265,-0.000815113139
2018,T1_previous_party_hierarchical_raked,1480,0.018936614278,0.019775019265,-0.000838404988
2018,T1_previous_party_hierarchical_raked,1481,0.019077791500,0.019775019265,-0.000697227766
2018,T1_previous_party_hierarchical_raked,1482,0.019072952459,0.019775019265,-0.000702066807
2018,T1_previous_party_hierarchical_raked,1483,0.018917176179,0.019775019265,-0.000857843086
2018,T1_previous_party_hierarchical_raked,1484,0.018948740555,0.019775019265,-0.000826278711
2018,T1_previous_party_hierarchical_raked,1485,0.019050956741,0.019775019265,-0.000724062524
2018,T1_previous_party_hierarchical_raked,1486,0.018863213822,0.019775019265,-0.000911805444
2018,T1_previous_party_hierarchical_raked,1487,0.019112654173,0.019775019265,-0.000662365092
2018,T1_previous_party_hierarchical_raked,1488,0.019054069245,0.019775019265,-0.000720950020
2018,T1_previous_party_hierarchical_raked,1489,0.018943684281,0.019775019265,-0.000831334984
2018,T1_previous_party_hierarchical_raked,1490,0.018782150819,0.019775019265,-0.000992868447
2018,T1_previous_party_hierarchical_raked,1491,0.019196925815,0.019775019265,-0.000578093450
2018,T1_previous_party_hierarchical_raked,1492,0.018983320017,0.019775019265,-0.000791699249
2018,T1_previous_party_hierarchical_raked,1493,0.018983987534,0.019775019265,-0.000791031731
2018,T1_previous_party_hierarchical_raked,1494,0.019073158387,0.019775019265,-0.000701860879
2018,T1_previous_party_hierarchical_raked,1495,0.019119371773,0.019775019265,-0.000655647492
2018,T1_previous_party_hierarchical_raked,1496,0.018990136126,0.019775019265,-0.000784883140
2018,T1_previous_party_hierarchical_raked,1497,0.019001384784,0.019775019265,-0.000773634481
2018,T1_previous_party_hierarchical_raked,1498,0.018966545127,0.019775019265,-0.000808474139
2018,T1_previous_party_hierarchical_raked,1499,0.018976908208,0.019775019265,-0.000798111058
2018,T1_previous_party_hierarchical_raked,1500,0.018993759670,0.019775019265,-0.000781259595
2018,T1_previous_party_hierarchical_raked,1501,0.018951408886,0.019775019265,-0.000823610380
2018,T1_previous_party_hierarchical_raked,1502,0.019056210296,0.019775019265,-0.000718808970
2018,T1_previous_party_hierarchical_raked,1503,0.019228187153,0.019775019265,-0.000546832112
2018,T1_previous_party_hierarchical_raked,1504,0.019130507388,0.019775019265,-0.000644511877
2018,T1_previous_party_hierarchical_raked,1505,0.019058826338,0.019775019265,-0.000716192927
2018,T1_previous_party_hierarchical_raked,1506,0.018920611191,0.019775019265,-0.000854408075
2018,T1_previous_party_hierarchical_raked,1507,0.018945838882,0.019775019265,-0.000829180384
2018,T1_previous_party_hierarchical_raked,1508,0.019075054329,0.019775019265,-0.000699964936
2018,T1_previous_party_hierarchical_raked,1509,0.018925338740,0.019775019265,-0.000849680525
2018,T1_previous_party_hierarchical_raked,1510,0.018948261481,0.019775019265,-0.000826757784
2018,T1_previous_party_hierarchical_raked,1511,0.019023653811,0.019775019265,-0.000751365455
2018,T1_previous_party_hierarchical_raked,1512,0.018920161696,0.019775019265,-0.000854857570
2018,T1_previous_party_hierarchical_raked,1513,0.019031125407,0.019775019265,-0.000743893858
2018,T1_previous_party_hierarchical_raked,1514,0.019101133266,0.019775019265,-0.000673886000
2018,T1_previous_party_hierarchical_raked,1515,0.018989364758,0.019775019265,-0.000785654507
2018,T1_previous_party_hierarchical_raked,1516,0.018922647504,0.019775019265,-0.000852371761
2018,T1_previous_party_hierarchical_raked,1517,0.019045609467,0.019775019265,-0.000729409798
2018,T1_previous_party_hierarchical_raked,1518,0.018948464592,0.019775019265,-0.000826554674
2018,T1_previous_party_hierarchical_raked,1519,0.019082420147,0.019775019265,-0.000692599119
2018,T1_previous_party_hierarchical_raked,1520,0.019072895309,0.019775019265,-0.000702123957
2018,T1_previous_party_hierarchical_raked,1521,0.019029466144,0.019775019265,-0.000745553121
2018,T1_previous_party_hierarchical_raked,1522,0.019006574493,0.019775019265,-0.000768444773
2018,T1_previous_party_hierarchical_raked,1523,0.018917848440,0.019775019265,-0.000857170825
2018,T1_previous_party_hierarchical_raked,1524,0.019164714142,0.019775019265,-0.000610305123
2018,T1_previous_party_hierarchical_raked,1525,0.019051569323,0.019775019265,-0.000723449943
2018,T1_previous_party_hierarchical_raked,1526,0.018831097402,0.019775019265,-0.000943921863
2018,T1_previous_party_hierarchical_raked,1527,0.019108855612,0.019775019265,-0.000666163654
2018,T1_previous_party_hierarchical_raked,1528,0.018965759457,0.019775019265,-0.000809259808
2018,T1_previous_party_hierarchical_raked,1529,0.018890547215,0.019775019265,-0.000884472051
2018,T1_previous_party_hierarchical_raked,1530,0.019032536941,0.019775019265,-0.000742482324
2018,T1_previous_party_hierarchical_raked,1531,0.019100725522,0.019775019265,-0.000674293744
2018,T1_previous_party_hierarchical_raked,1532,0.019082880417,0.019775019265,-0.000692138848
2018,T1_previous_party_hierarchical_raked,1533,0.018930032943,0.019775019265,-0.000844986322
2018,T1_previous_party_hierarchical_raked,1534,0.018843480624,0.019775019265,-0.000931538641
2018,T1_previous_party_hierarchical_raked,1535,0.019144808846,0.019775019265,-0.000630210420
2018,T1_previous_party_hierarchical_raked,1536,0.019045439259,0.019775019265,-0.000729580006
2018,T1_previous_party_hierarchical_raked,1537,0.019016655035,0.019775019265,-0.000758364230
2018,T1_previous_party_hierarchical_raked,1538,0.019001146563,0.019775019265,-0.000773872702
2018,T1_previous_party_hierarchical_raked,1539,0.018975693968,0.019775019265,-0.000799325297
2018,T1_previous_party_hierarchical_raked,1540,0.018990693148,0.019775019265,-0.000784326117
2018,T1_previous_party_hierarchical_raked,1541,0.019110989852,0.019775019265,-0.000664029413
2018,T1_previous_party_hierarchical_raked,1542,0.019041425822,0.019775019265,-0.000733593443
2018,T1_previous_party_hierarchical_raked,1543,0.019055988645,0.019775019265,-0.000719030620
2018,T1_previous_party_hierarchical_raked,1544,0.019010736870,0.019775019265,-0.000764282395
2018,T1_previous_party_hierarchical_raked,1545,0.018913914303,0.019775019265,-0.000861104962
2018,T1_previous_party_hierarchical_raked,1546,0.019060862199,0.019775019265,-0.000714157066
2018,T1_previous_party_hierarchical_raked,1547,0.019027138506,0.019775019265,-0.000747880759
2018,T1_previous_party_hierarchical_raked,1548,0.018956374783,0.019775019265,-0.000818644483
2018,T1_previous_party_hierarchical_raked,1549,0.019136075773,0.019775019265,-0.000638943493
2018,T1_previous_party_hierarchical_raked,1550,0.019044717269,0.019775019265,-0.000730301996
2018,T1_previous_party_hierarchical_raked,1551,0.019046807451,0.019775019265,-0.000728211814
2018,T1_previous_party_hierarchical_raked,1552,0.018926412121,0.019775019265,-0.000848607145
2018,T1_previous_party_hierarchical_raked,1553,0.019066609044,0.019775019265,-0.000708410221
2018,T1_previous_party_hierarchical_raked,1554,0.018902379013,0.019775019265,-0.000872640252
2018,T1_previous_party_hierarchical_raked,1555,0.018960209124,0.019775019265,-0.000814810141
2018,T1_previous_party_hierarchical_raked,1556,0.019128782024,0.019775019265,-0.000646237242
2018,T1_previous_party_hierarchical_raked,1557,0.018904078905,0.019775019265,-0.000870940361
2018,T1_previous_party_hierarchical_raked,1558,0.019026858351,0.019775019265,-0.000748160914
2018,T1_previous_party_hierarchical_raked,1559,0.019029784778,0.019775019265,-0.000745234487
2018,T1_previous_party_hierarchical_raked,1560,0.018969659543,0.019775019265,-0.000805359722
2018,T1_previous_party_hierarchical_raked,1561,0.018903034691,0.019775019265,-0.000871984574
2018,T1_previous_party_hierarchical_raked,1562,0.019033953413,0.019775019265,-0.000741065852
2018,T1_previous_party_hierarchical_raked,1563,0.019033201473,0.019775019265,-0.000741817793
2018,T1_previous_party_hierarchical_raked,1564,0.018996442165,0.019775019265,-0.000778577100
2018,T1_previous_party_hierarchical_raked,1565,0.019062952910,0.019775019265,-0.000712066356
2018,T1_previous_party_hierarchical_raked,1566,0.019143507592,0.019775019265,-0.000631511674
2018,T1_previous_party_hierarchical_raked,1567,0.019049652377,0.019775019265,-0.000725366888
2018,T1_previous_party_hierarchical_raked,1568,0.018905124219,0.019775019265,-0.000869895047
2018,T1_previous_party_hierarchical_raked,1569,0.019106566271,0.019775019265,-0.000668452994
2018,T1_previous_party_hierarchical_raked,1570,0.018982399086,0.019775019265,-0.000792620179
2018,T1_previous_party_hierarchical_raked,1571,0.018978328761,0.019775019265,-0.000796690504
2018,T1_previous_party_hierarchical_raked,1572,0.018977988597,0.019775019265,-0.000797030669
2018,T1_previous_party_hierarchical_raked,1573,0.018974925618,0.019775019265,-0.000800093647
2018,T1_previous_party_hierarchical_raked,1574,0.019081224381,0.019775019265,-0.000693794885
2018,T1_previous_party_hierarchical_raked,1575,0.019102073075,0.019775019265,-0.000672946190
2018,T1_previous_party_hierarchical_raked,1576,0.019065564744,0.019775019265,-0.000709454521
2018,T1_previous_party_hierarchical_raked,1577,0.019053368464,0.019775019265,-0.000721650801
2018,T1_previous_party_hierarchical_raked,1578,0.019023323344,0.019775019265,-0.000751695921
2018,T1_previous_party_hierarchical_raked,1579,0.018936439190,0.019775019265,-0.000838580075
2018,T1_previous_party_hierarchical_raked,1580,0.019053653409,0.019775019265,-0.000721365856
2018,T1_previous_party_hierarchical_raked,1581,0.018960541463,0.019775019265,-0.000814477803
2018,T1_previous_party_hierarchical_raked,1582,0.018874806190,0.019775019265,-0.000900213076
2018,T1_previous_party_hierarchical_raked,1583,0.019084948339,0.019775019265,-0.000690070927
2018,T1_previous_party_hierarchical_raked,1584,0.019140380389,0.019775019265,-0.000634638877
2018,T1_previous_party_hierarchical_raked,1585,0.019007011730,0.019775019265,-0.000768007536
2018,T1_previous_party_hierarchical_raked,1586,0.019090609131,0.019775019265,-0.000684410135
2018,T1_previous_party_hierarchical_raked,1587,0.019075713810,0.019775019265,-0.000699305455
2018,T1_previous_party_hierarchical_raked,1588,0.019046134284,0.019775019265,-0.000728884981
2018,T1_previous_party_hierarchical_raked,1589,0.018885597363,0.019775019265,-0.000889421903
2018,T1_previous_party_hierarchical_raked,1590,0.019005010464,0.019775019265,-0.000770008801
2018,T1_previous_party_hierarchical_raked,1591,0.019035556423,0.019775019265,-0.000739462843
2018,T1_previous_party_hierarchical_raked,1592,0.018933718947,0.019775019265,-0.000841300319
2018,T1_previous_party_hierarchical_raked,1593,0.018957474300,0.019775019265,-0.000817544966
2018,T1_previous_party_hierarchical_raked,1594,0.018867451770,0.019775019265,-0.000907567495
2018,T1_previous_party_hierarchical_raked,1595,0.018995341306,0.019775019265,-0.000779677959
2018,T1_previous_party_hierarchical_raked,1596,0.019084179932,0.019775019265,-0.000690839334
2018,T1_previous_party_hierarchical_raked,1597,0.018932828008,0.019775019265,-0.000842191257
2018,T1_previous_party_hierarchical_raked,1598,0.019041671154,0.019775019265,-0.000733348111
2018,T1_previous_party_hierarchical_raked,1599,0.019268611097,0.019775019265,-0.000506408168
2018,T1_previous_party_hierarchical_raked,1600,0.018978086140,0.019775019265,-0.000796933125
2018,T1_previous_party_hierarchical_raked,1601,0.019068638519,0.019775019265,-0.000706380747
2018,T1_previous_party_hierarchical_raked,1602,0.018980969183,0.019775019265,-0.000794050082
2018,T1_previous_party_hierarchical_raked,1603,0.019024935070,0.019775019265,-0.000750084196
2018,T1_previous_party_hierarchical_raked,1604,0.019019442189,0.019775019265,-0.000755577077
2018,T1_previous_party_hierarchical_raked,1605,0.019082846859,0.019775019265,-0.000692172407
2018,T1_previous_party_hierarchical_raked,1606,0.019074596855,0.019775019265,-0.000700422411
2018,T1_previous_party_hierarchical_raked,1607,0.018919767938,0.019775019265,-0.000855251327
2018,T1_previous_party_hierarchical_raked,1608,0.018831473176,0.019775019265,-0.000943546090
2018,T1_previous_party_hierarchical_raked,1609,0.018918609792,0.019775019265,-0.000856409473
2018,T1_previous_party_hierarchical_raked,1610,0.018800516437,0.019775019265,-0.000974502829
2018,T1_previous_party_hierarchical_raked,1611,0.019033236401,0.019775019265,-0.000741782865
2018,T1_previous_party_hierarchical_raked,1612,0.018977261578,0.019775019265,-0.000797757687
2018,T1_previous_party_hierarchical_raked,1613,0.018828955002,0.019775019265,-0.000946064264
2018,T1_previous_party_hierarchical_raked,1614,0.019071614178,0.019775019265,-0.000703405088
2018,T1_previous_party_hierarchical_raked,1615,0.019060904098,0.019775019265,-0.000714115167
2018,T1_previous_party_hierarchical_raked,1616,0.019085384972,0.019775019265,-0.000689634294
2018,T1_previous_party_hierarchical_raked,1617,0.018997113193,0.019775019265,-0.000777906072
2018,T1_previous_party_hierarchical_raked,1618,0.019118064964,0.019775019265,-0.000656954302
2018,T1_previous_party_hierarchical_raked,1619,0.018966876563,0.019775019265,-0.000808142702
2018,T1_previous_party_hierarchical_raked,1620,0.019228116118,0.019775019265,-0.000546903148
2018,T1_previous_party_hierarchical_raked,1621,0.019041037346,0.019775019265,-0.000733981919
2018,T1_previous_party_hierarchical_raked,1622,0.018979223126,0.019775019265,-0.000795796140
2018,T1_previous_party_hierarchical_raked,1623,0.018844016414,0.019775019265,-0.000931002852
2018,T1_previous_party_hierarchical_raked,1624,0.019093634135,0.019775019265,-0.000681385131
2018,T1_previous_party_hierarchical_raked,1625,0.018966602018,0.019775019265,-0.000808417248
2018,T1_previous_party_hierarchical_raked,1626,0.018985401947,0.019775019265,-0.000789617319
2018,T1_previous_party_hierarchical_raked,1627,0.018964726779,0.019775019265,-0.000810292486
2018,T1_previous_party_hierarchical_raked,1628,0.019093752380,0.019775019265,-0.000681266885
2018,T1_previous_party_hierarchical_raked,1629,0.019165654306,0.019775019265,-0.000609364960
2018,T1_previous_party_hierarchical_raked,1630,0.018936349282,0.019775019265,-0.000838669984
2018,T1_previous_party_hierarchical_raked,1631,0.019013306523,0.019775019265,-0.000761712743
2018,T1_previous_party_hierarchical_raked,1632,0.018994143108,0.019775019265,-0.000780876157
2018,T1_previous_party_hierarchical_raked,1633,0.018935028757,0.019775019265,-0.000839990508
2018,T1_previous_party_hierarchical_raked,1634,0.019148250867,0.019775019265,-0.000626768399
2018,T1_previous_party_hierarchical_raked,1635,0.019075989351,0.019775019265,-0.000699029914
2018,T1_previous_party_hierarchical_raked,1636,0.018995602776,0.019775019265,-0.000779416489
2018,T1_previous_party_hierarchical_raked,1637,0.018995979765,0.019775019265,-0.000779039500
2018,T1_previous_party_hierarchical_raked,1638,0.019020101675,0.019775019265,-0.000754917591
2018,T1_previous_party_hierarchical_raked,1639,0.019084400654,0.019775019265,-0.000690618612
2018,T1_previous_party_hierarchical_raked,1640,0.018907327332,0.019775019265,-0.000867691934
2018,T1_previous_party_hierarchical_raked,1641,0.019088037452,0.019775019265,-0.000686981814
2018,T1_previous_party_hierarchical_raked,1642,0.019086658327,0.019775019265,-0.000688360939
2018,T1_previous_party_hierarchical_raked,1643,0.019214452943,0.019775019265,-0.000560566323
2018,T1_previous_party_hierarchical_raked,1644,0.018977898277,0.019775019265,-0.000797120988
2018,T1_previous_party_hierarchical_raked,1645,0.018939423059,0.019775019265,-0.000835596207
2018,T1_previous_party_hierarchical_raked,1646,0.019071222825,0.019775019265,-0.000703796440
2018,T1_previous_party_hierarchical_raked,1647,0.019103303161,0.019775019265,-0.000671716105
2018,T1_previous_party_hierarchical_raked,1648,0.018873998994,0.019775019265,-0.000901020271
2018,T1_previous_party_hierarchical_raked,1649,0.018923413595,0.019775019265,-0.000851605670
2018,T1_previous_party_hierarchical_raked,1650,0.019096164550,0.019775019265,-0.000678854716
2018,T1_previous_party_hierarchical_raked,1651,0.019035547239,0.019775019265,-0.000739472027
2018,T1_previous_party_hierarchical_raked,1652,0.019058439498,0.019775019265,-0.000716579768
2018,T1_previous_party_hierarchical_raked,1653,0.018918237631,0.019775019265,-0.000856781634
2018,T1_previous_party_hierarchical_raked,1654,0.019013894759,0.019775019265,-0.000761124507
2018,T1_previous_party_hierarchical_raked,1655,0.018956427130,0.019775019265,-0.000818592136
2018,T1_previous_party_hierarchical_raked,1656,0.019094365882,0.019775019265,-0.000680653383
2018,T1_previous_party_hierarchical_raked,1657,0.018941348760,0.019775019265,-0.000833670506
2018,T1_previous_party_hierarchical_raked,1658,0.018930116118,0.019775019265,-0.000844903147
2018,T1_previous_party_hierarchical_raked,1659,0.018848579730,0.019775019265,-0.000926439536
2018,T1_previous_party_hierarchical_raked,1660,0.019067244353,0.019775019265,-0.000707774912
2018,T1_previous_party_hierarchical_raked,1661,0.018802443385,0.019775019265,-0.000972575881
2018,T1_previous_party_hierarchical_raked,1662,0.019080328811,0.019775019265,-0.000694690454
2018,T1_previous_party_hierarchical_raked,1663,0.018981898069,0.019775019265,-0.000793121196
2018,T1_previous_party_hierarchical_raked,1664,0.019015769235,0.019775019265,-0.000759250030
2018,T1_previous_party_hierarchical_raked,1665,0.019035577837,0.019775019265,-0.000739441428
2018,T1_previous_party_hierarchical_raked,1666,0.019042987448,0.019775019265,-0.000732031818
2018,T1_previous_party_hierarchical_raked,1667,0.019036144258,0.019775019265,-0.000738875008
2018,T1_previous_party_hierarchical_raked,1668,0.019017768456,0.019775019265,-0.000757250809
2018,T1_previous_party_hierarchical_raked,1669,0.019059367742,0.019775019265,-0.000715651523
2018,T1_previous_party_hierarchical_raked,1670,0.019065812381,0.019775019265,-0.000709206884
2018,T1_previous_party_hierarchical_raked,1671,0.019030317374,0.019775019265,-0.000744701892
2018,T1_previous_party_hierarchical_raked,1672,0.018930062096,0.019775019265,-0.000844957169
2018,T1_previous_party_hierarchical_raked,1673,0.018982673987,0.019775019265,-0.000792345279
2018,T1_previous_party_hierarchical_raked,1674,0.019020993629,0.019775019265,-0.000754025637
2018,T1_previous_party_hierarchical_raked,1675,0.018978361717,0.019775019265,-0.000796657548
2018,T1_previous_party_hierarchical_raked,1676,0.018905254584,0.019775019265,-0.000869764681
2018,T1_previous_party_hierarchical_raked,1677,0.019015930981,0.019775019265,-0.000759088285
2018,T1_previous_party_hierarchical_raked,1678,0.019070307777,0.019775019265,-0.000704711489
2018,T1_previous_party_hierarchical_raked,1679,0.019042557392,0.019775019265,-0.000732461874
2018,T1_previous_party_hierarchical_raked,1680,0.019076746864,0.019775019265,-0.000698272402
2018,T1_previous_party_hierarchical_raked,1681,0.019002827215,0.019775019265,-0.000772192050
2018,T1_previous_party_hierarchical_raked,1682,0.018922855017,0.019775019265,-0.000852164248
2018,T1_previous_party_hierarchical_raked,1683,0.018957370172,0.019775019265,-0.000817649094
2018,T1_previous_party_hierarchical_raked,1684,0.019126255947,0.019775019265,-0.000648763319
2018,T1_previous_party_hierarchical_raked,1685,0.019133333831,0.019775019265,-0.000641685434
2018,T1_previous_party_hierarchical_raked,1686,0.019044767798,0.019775019265,-0.000730251467
2018,T1_previous_party_hierarchical_raked,1687,0.019142432535,0.019775019265,-0.000632586730
2018,T1_previous_party_hierarchical_raked,1688,0.018924155177,0.019775019265,-0.000850864089
2018,T1_previous_party_hierarchical_raked,1689,0.019002757851,0.019775019265,-0.000772261414
2018,T1_previous_party_hierarchical_raked,1690,0.019099678765,0.019775019265,-0.000675340500
2018,T1_previous_party_hierarchical_raked,1691,0.018948552184,0.019775019265,-0.000826467081
2018,T1_previous_party_hierarchical_raked,1692,0.019026543403,0.019775019265,-0.000748475863
2018,T1_previous_party_hierarchical_raked,1693,0.018913191226,0.019775019265,-0.000861828040
2018,T1_previous_party_hierarchical_raked,1694,0.018989717389,0.019775019265,-0.000785301877
2018,T1_previous_party_hierarchical_raked,1695,0.018846928914,0.019775019265,-0.000928090352
2018,T1_previous_party_hierarchical_raked,1696,0.019051861839,0.019775019265,-0.000723157427
2018,T1_previous_party_hierarchical_raked,1697,0.019007946982,0.019775019265,-0.000767072283
2018,T1_previous_party_hierarchical_raked,1698,0.019089451927,0.019775019265,-0.000685567338
2018,T1_previous_party_hierarchical_raked,1699,0.018956603661,0.019775019265,-0.000818415605
2018,T1_previous_party_hierarchical_raked,1700,0.019242463665,0.019775019265,-0.000532555601
2018,T1_previous_party_hierarchical_raked,1701,0.019003392261,0.019775019265,-0.000771627004
2018,T1_previous_party_hierarchical_raked,1702,0.019010502523,0.019775019265,-0.000764516742
2018,T1_previous_party_hierarchical_raked,1703,0.018883927193,0.019775019265,-0.000891092072
2018,T1_previous_party_hierarchical_raked,1704,0.019011731606,0.019775019265,-0.000763287659
2018,T1_previous_party_hierarchical_raked,1705,0.018953383067,0.019775019265,-0.000821636199
2018,T1_previous_party_hierarchical_raked,1706,0.019142561293,0.019775019265,-0.000632457972
2018,T1_previous_party_hierarchical_raked,1707,0.019055652781,0.019775019265,-0.000719366485
2018,T1_previous_party_hierarchical_raked,1708,0.018917644279,0.019775019265,-0.000857374986
2018,T1_previous_party_hierarchical_raked,1709,0.019013684953,0.019775019265,-0.000761334312
2018,T1_previous_party_hierarchical_raked,1710,0.019124606652,0.019775019265,-0.000650412614
2018,T1_previous_party_hierarchical_raked,1711,0.019114385604,0.019775019265,-0.000660633662
2018,T1_previous_party_hierarchical_raked,1712,0.019045278481,0.019775019265,-0.000729740785
2018,T1_previous_party_hierarchical_raked,1713,0.018966802139,0.019775019265,-0.000808217127
2018,T1_previous_party_hierarchical_raked,1714,0.018932299219,0.019775019265,-0.000842720046
2018,T1_previous_party_hierarchical_raked,1715,0.018938153990,0.019775019265,-0.000836865275
2018,T1_previous_party_hierarchical_raked,1716,0.019141453000,0.019775019265,-0.000633566265
2018,T1_previous_party_hierarchical_raked,1717,0.019280812814,0.019775019265,-0.000494206451
2018,T1_previous_party_hierarchical_raked,1718,0.018868615650,0.019775019265,-0.000906403615
2018,T1_previous_party_hierarchical_raked,1719,0.019025431472,0.019775019265,-0.000749587793
2018,T1_previous_party_hierarchical_raked,1720,0.018964716201,0.019775019265,-0.000810303065
2018,T1_previous_party_hierarchical_raked,1721,0.018826939956,0.019775019265,-0.000948079309
2018,T1_previous_party_hierarchical_raked,1722,0.019185974138,0.019775019265,-0.000589045128
2018,T1_previous_party_hierarchical_raked,1723,0.019042709148,0.019775019265,-0.000732310118
2018,T1_previous_party_hierarchical_raked,1724,0.019039341388,0.019775019265,-0.000735677878
2018,T1_previous_party_hierarchical_raked,1725,0.018952920921,0.019775019265,-0.000822098344
2018,T1_previous_party_hierarchical_raked,1726,0.019211201680,0.019775019265,-0.000563817585
2018,T1_previous_party_hierarchical_raked,1727,0.019105912227,0.019775019265,-0.000669107039
2018,T1_previous_party_hierarchical_raked,1728,0.019054026452,0.019775019265,-0.000720992813
2018,T1_previous_party_hierarchical_raked,1729,0.018984340916,0.019775019265,-0.000790678349
2018,T1_previous_party_hierarchical_raked,1730,0.019059912073,0.019775019265,-0.000715107193
2018,T1_previous_party_hierarchical_raked,1731,0.019086144387,0.019775019265,-0.000688874878
2018,T1_previous_party_hierarchical_raked,1732,0.019114922022,0.019775019265,-0.000660097243
2018,T1_previous_party_hierarchical_raked,1733,0.019041360666,0.019775019265,-0.000733658599
2018,T1_previous_party_hierarchical_raked,1734,0.019050896357,0.019775019265,-0.000724122909
2018,T1_previous_party_hierarchical_raked,1735,0.018973577317,0.019775019265,-0.000801441949
2018,T1_previous_party_hierarchical_raked,1736,0.018939889479,0.019775019265,-0.000835129787
2018,T1_previous_party_hierarchical_raked,1737,0.018916519082,0.019775019265,-0.000858500183
2018,T1_previous_party_hierarchical_raked,1738,0.019026147358,0.019775019265,-0.000748871908
2018,T1_previous_party_hierarchical_raked,1739,0.019057770245,0.019775019265,-0.000717249021
2018,T1_previous_party_hierarchical_raked,1740,0.019049531952,0.019775019265,-0.000725487313
2018,T1_previous_party_hierarchical_raked,1741,0.019104276927,0.019775019265,-0.000670742339
2018,T1_previous_party_hierarchical_raked,1742,0.018915376529,0.019775019265,-0.000859642736
2018,T1_previous_party_hierarchical_raked,1743,0.018942524530,0.019775019265,-0.000832494736
2018,T1_previous_party_hierarchical_raked,1744,0.018956316553,0.019775019265,-0.000818702712
2018,T1_previous_party_hierarchical_raked,1745,0.018979831799,0.019775019265,-0.000795187467
2018,T1_previous_party_hierarchical_raked,1746,0.019180189375,0.019775019265,-0.000594829890
2018,T1_previous_party_hierarchical_raked,1747,0.019149778687,0.019775019265,-0.000625240579
2018,T1_previous_party_hierarchical_raked,1748,0.018900032809,0.019775019265,-0.000874986456
2018,T1_previous_party_hierarchical_raked,1749,0.019094271797,0.019775019265,-0.000680747469
2018,T1_previous_party_hierarchical_raked,1750,0.018819221628,0.019775019265,-0.000955797637
2018,T1_previous_party_hierarchical_raked,1751,0.019042756197,0.019775019265,-0.000732263068
2018,T1_previous_party_hierarchical_raked,1752,0.019069537689,0.019775019265,-0.000705481576
2018,T1_previous_party_hierarchical_raked,1753,0.018886330281,0.019775019265,-0.000888688984
2018,T1_previous_party_hierarchical_raked,1754,0.019047588654,0.019775019265,-0.000727430612
2018,T1_previous_party_hierarchical_raked,1755,0.019046557172,0.019775019265,-0.000728462094
2018,T1_previous_party_hierarchical_raked,1756,0.018995161579,0.019775019265,-0.000779857686
2018,T1_previous_party_hierarchical_raked,1757,0.018876403480,0.019775019265,-0.000898615785
2018,T1_previous_party_hierarchical_raked,1758,0.019144163887,0.019775019265,-0.000630855378
2018,T1_previous_party_hierarchical_raked,1759,0.018946982809,0.019775019265,-0.000828036457
2018,T1_previous_party_hierarchical_raked,1760,0.019023273226,0.019775019265,-0.000751746039
2018,T1_previous_party_hierarchical_raked,1761,0.018820067484,0.019775019265,-0.000954951781
2018,T1_previous_party_hierarchical_raked,1762,0.018960635621,0.019775019265,-0.000814383645
2018,T1_previous_party_hierarchical_raked,1763,0.018990922509,0.019775019265,-0.000784096756
2018,T1_previous_party_hierarchical_raked,1764,0.019022872228,0.019775019265,-0.000752147038
2018,T1_previous_party_hierarchical_raked,1765,0.019058043473,0.019775019265,-0.000716975792
2018,T1_previous_party_hierarchical_raked,1766,0.019018903411,0.019775019265,-0.000756115855
2018,T1_previous_party_hierarchical_raked,1767,0.019041122781,0.019775019265,-0.000733896485
2018,T1_previous_party_hierarchical_raked,1768,0.018811321400,0.019775019265,-0.000963697866
2018,T1_previous_party_hierarchical_raked,1769,0.018951020261,0.019775019265,-0.000823999004
2018,T1_previous_party_hierarchical_raked,1770,0.019036234645,0.019775019265,-0.000738784620
2018,T1_previous_party_hierarchical_raked,1771,0.018925941350,0.019775019265,-0.000849077915
2018,T1_previous_party_hierarchical_raked,1772,0.018859067557,0.019775019265,-0.000915951709
2018,T1_previous_party_hierarchical_raked,1773,0.019070528060,0.019775019265,-0.000704491206
2018,T1_previous_party_hierarchical_raked,1774,0.019043553354,0.019775019265,-0.000731465911
2018,T1_previous_party_hierarchical_raked,1775,0.019186820563,0.019775019265,-0.000588198703
2018,T1_previous_party_hierarchical_raked,1776,0.018999234728,0.019775019265,-0.000775784538
2018,T1_previous_party_hierarchical_raked,1777,0.019066742006,0.019775019265,-0.000708277259
2018,T1_previous_party_hierarchical_raked,1778,0.019018897613,0.019775019265,-0.000756121653
2018,T1_previous_party_hierarchical_raked,1779,0.018989785767,0.019775019265,-0.000785233498
2018,T1_previous_party_hierarchical_raked,1780,0.018904759925,0.019775019265,-0.000870259341
2018,T1_previous_party_hierarchical_raked,1781,0.019032926409,0.019775019265,-0.000742092856
2018,T1_previous_party_hierarchical_raked,1782,0.018974033897,0.019775019265,-0.000800985369
2018,T1_previous_party_hierarchical_raked,1783,0.018964159164,0.019775019265,-0.000810860102
2018,T1_previous_party_hierarchical_raked,1784,0.018763300520,0.019775019265,-0.001011718745
2018,T1_previous_party_hierarchical_raked,1785,0.019121828404,0.019775019265,-0.000653190861
2018,T1_previous_party_hierarchical_raked,1786,0.018926645198,0.019775019265,-0.000848374068
2018,T1_previous_party_hierarchical_raked,1787,0.019052365234,0.019775019265,-0.000722654031
2018,T1_previous_party_hierarchical_raked,1788,0.018983315937,0.019775019265,-0.000791703329
2018,T1_previous_party_hierarchical_raked,1789,0.018928265321,0.019775019265,-0.000846753944
2018,T1_previous_party_hierarchical_raked,1790,0.018981189702,0.019775019265,-0.000793829564
2018,T1_previous_party_hierarchical_raked,1791,0.018875879798,0.019775019265,-0.000899139468
2018,T1_previous_party_hierarchical_raked,1792,0.019080043894,0.019775019265,-0.000694975372
2018,T1_previous_party_hierarchical_raked,1793,0.019010254245,0.019775019265,-0.000764765020
2018,T1_previous_party_hierarchical_raked,1794,0.019038242408,0.019775019265,-0.000736776858
2018,T1_previous_party_hierarchical_raked,1795,0.019057760195,0.019775019265,-0.000717259070
2018,T1_previous_party_hierarchical_raked,1796,0.019123030727,0.019775019265,-0.000651988539
2018,T1_previous_party_hierarchical_raked,1797,0.019244016255,0.019775019265,-0.000531003011
2018,T1_previous_party_hierarchical_raked,1798,0.019005955796,0.019775019265,-0.000769063469
2018,T1_previous_party_hierarchical_raked,1799,0.018932160674,0.019775019265,-0.000842858591
2018,T1_previous_party_hierarchical_raked,1800,0.019059697847,0.019775019265,-0.000715321419
2018,T1_previous_party_hierarchical_raked,1801,0.018983854802,0.019775019265,-0.000791164463
2018,T1_previous_party_hierarchical_raked,1802,0.019039654182,0.019775019265,-0.000735365084
2018,T1_previous_party_hierarchical_raked,1803,0.019136897940,0.019775019265,-0.000638121325
2018,T1_previous_party_hierarchical_raked,1804,0.018925385643,0.019775019265,-0.000849633622
2018,T1_previous_party_hierarchical_raked,1805,0.018938999762,0.019775019265,-0.000836019504
2018,T1_previous_party_hierarchical_raked,1806,0.018934069106,0.019775019265,-0.000840950160
2018,T1_previous_party_hierarchical_raked,1807,0.018987688268,0.019775019265,-0.000787330997
2018,T1_previous_party_hierarchical_raked,1808,0.018973775979,0.019775019265,-0.000801243287
2018,T1_previous_party_hierarchical_raked,1809,0.018968692989,0.019775019265,-0.000806326276
2018,T1_previous_party_hierarchical_raked,1810,0.019084486469,0.019775019265,-0.000690532796
2018,T1_previous_party_hierarchical_raked,1811,0.019002857364,0.019775019265,-0.000772161902
2018,T1_previous_party_hierarchical_raked,1812,0.019005382696,0.019775019265,-0.000769636569
2018,T1_previous_party_hierarchical_raked,1813,0.018972295586,0.019775019265,-0.000802723680
2018,T1_previous_party_hierarchical_raked,1814,0.019039123328,0.019775019265,-0.000735895938
2018,T1_previous_party_hierarchical_raked,1815,0.019092797892,0.019775019265,-0.000682221374
2018,T1_previous_party_hierarchical_raked,1816,0.019008160039,0.019775019265,-0.000766859227
2018,T1_previous_party_hierarchical_raked,1817,0.019054305347,0.019775019265,-0.000720713919
2018,T1_previous_party_hierarchical_raked,1818,0.019042195240,0.019775019265,-0.000732824025
2018,T1_previous_party_hierarchical_raked,1819,0.019199055638,0.019775019265,-0.000575963627
2018,T1_previous_party_hierarchical_raked,1820,0.019098432258,0.019775019265,-0.000676587007
2018,T1_previous_party_hierarchical_raked,1821,0.018906477531,0.019775019265,-0.000868541734
2018,T1_previous_party_hierarchical_raked,1822,0.018811376657,0.019775019265,-0.000963642608
2018,T1_previous_party_hierarchical_raked,1823,0.019040367102,0.019775019265,-0.000734652163
2018,T1_previous_party_hierarchical_raked,1824,0.019021268485,0.019775019265,-0.000753750781
2018,T1_previous_party_hierarchical_raked,1825,0.018863952365,0.019775019265,-0.000911066900
2018,T1_previous_party_hierarchical_raked,1826,0.019110248259,0.019775019265,-0.000664771007
2018,T1_previous_party_hierarchical_raked,1827,0.018940198757,0.019775019265,-0.000834820508
2018,T1_previous_party_hierarchical_raked,1828,0.018997923111,0.019775019265,-0.000777096154
2018,T1_previous_party_hierarchical_raked,1829,0.018982942684,0.019775019265,-0.000792076581
2018,T1_previous_party_hierarchical_raked,1830,0.019172079198,0.019775019265,-0.000602940068
2018,T1_previous_party_hierarchical_raked,1831,0.018981989488,0.019775019265,-0.000793029777
2018,T1_previous_party_hierarchical_raked,1832,0.018967711511,0.019775019265,-0.000807307755
2018,T1_previous_party_hierarchical_raked,1833,0.018953632855,0.019775019265,-0.000821386411
2018,T1_previous_party_hierarchical_raked,1834,0.019087077446,0.019775019265,-0.000687941819
2018,T1_previous_party_hierarchical_raked,1835,0.019125955148,0.019775019265,-0.000649064118
2018,T1_previous_party_hierarchical_raked,1836,0.019074757981,0.019775019265,-0.000700261284
2018,T1_previous_party_hierarchical_raked,1837,0.018931790561,0.019775019265,-0.000843228704
2018,T1_previous_party_hierarchical_raked,1838,0.018810130065,0.019775019265,-0.000964889200
2018,T1_previous_party_hierarchical_raked,1839,0.018869172087,0.019775019265,-0.000905847179
2018,T1_previous_party_hierarchical_raked,1840,0.019016960126,0.019775019265,-0.000758059140
2018,T1_previous_party_hierarchical_raked,1841,0.018958155525,0.019775019265,-0.000816863741
2018,T1_previous_party_hierarchical_raked,1842,0.018971530860,0.019775019265,-0.000803488405
2018,T1_previous_party_hierarchical_raked,1843,0.019148395606,0.019775019265,-0.000626623659
2018,T1_previous_party_hierarchical_raked,1844,0.018929619224,0.019775019265,-0.000845400041
2018,T1_previous_party_hierarchical_raked,1845,0.019031813805,0.019775019265,-0.000743205461
2018,T1_previous_party_hierarchical_raked,1846,0.018954221693,0.019775019265,-0.000820797572
2018,T1_previous_party_hierarchical_raked,1847,0.019156904090,0.019775019265,-0.000618115175
2018,T1_previous_party_hierarchical_raked,1848,0.018949571108,0.019775019265,-0.000825448157
2018,T1_previous_party_hierarchical_raked,1849,0.018932505280,0.019775019265,-0.000842513986
2018,T1_previous_party_hierarchical_raked,1850,0.019055184277,0.019775019265,-0.000719834988
2018,T1_previous_party_hierarchical_raked,1851,0.019079629081,0.019775019265,-0.000695390184
2018,T1_previous_party_hierarchical_raked,1852,0.019055638326,0.019775019265,-0.000719380939
2018,T1_previous_party_hierarchical_raked,1853,0.018946821962,0.019775019265,-0.000828197304
2018,T1_previous_party_hierarchical_raked,1854,0.018894539956,0.019775019265,-0.000880479309
2018,T1_previous_party_hierarchical_raked,1855,0.018867774124,0.019775019265,-0.000907245142
2018,T1_previous_party_hierarchical_raked,1856,0.019000166284,0.019775019265,-0.000774852981
2018,T1_previous_party_hierarchical_raked,1857,0.019026395345,0.019775019265,-0.000748623921
2018,T1_previous_party_hierarchical_raked,1858,0.018975804619,0.019775019265,-0.000799214646
2018,T1_previous_party_hierarchical_raked,1859,0.018928877698,0.019775019265,-0.000846141568
2018,T1_previous_party_hierarchical_raked,1860,0.018988621190,0.019775019265,-0.000786398076
2018,T1_previous_party_hierarchical_raked,1861,0.019071868557,0.019775019265,-0.000703150709
2018,T1_previous_party_hierarchical_raked,1862,0.019062479892,0.019775019265,-0.000712539373
2018,T1_previous_party_hierarchical_raked,1863,0.019016919345,0.019775019265,-0.000758099920
2018,T1_previous_party_hierarchical_raked,1864,0.019147502881,0.019775019265,-0.000627516385
2018,T1_previous_party_hierarchical_raked,1865,0.019051858891,0.019775019265,-0.000723160375
2018,T1_previous_party_hierarchical_raked,1866,0.019040520989,0.019775019265,-0.000734498276
2018,T1_previous_party_hierarchical_raked,1867,0.018969492088,0.019775019265,-0.000805527178
2018,T1_previous_party_hierarchical_raked,1868,0.019010134618,0.019775019265,-0.000764884647
2018,T1_previous_party_hierarchical_raked,1869,0.018876466984,0.019775019265,-0.000898552281
2018,T1_previous_party_hierarchical_raked,1870,0.018891391589,0.019775019265,-0.000883627676
2018,T1_previous_party_hierarchical_raked,1871,0.019010949578,0.019775019265,-0.000764069687
2018,T1_previous_party_hierarchical_raked,1872,0.019076129046,0.019775019265,-0.000698890220
2018,T1_previous_party_hierarchical_raked,1873,0.019061879931,0.019775019265,-0.000713139335
2018,T1_previous_party_hierarchical_raked,1874,0.018983658148,0.019775019265,-0.000791361118
2018,T1_previous_party_hierarchical_raked,1875,0.018953253695,0.019775019265,-0.000821765571
2018,T1_previous_party_hierarchical_raked,1876,0.019000043688,0.019775019265,-0.000774975577
2018,T1_previous_party_hierarchical_raked,1877,0.018913980302,0.019775019265,-0.000861038964
2018,T1_previous_party_hierarchical_raked,1878,0.018953749913,0.019775019265,-0.000821269352
2018,T1_previous_party_hierarchical_raked,1879,0.018889999509,0.019775019265,-0.000885019757
2018,T1_previous_party_hierarchical_raked,1880,0.018993695091,0.019775019265,-0.000781324174
2018,T1_previous_party_hierarchical_raked,1881,0.018925068694,0.019775019265,-0.000849950572
2018,T1_previous_party_hierarchical_raked,1882,0.018966692662,0.019775019265,-0.000808326603
2018,T1_previous_party_hierarchical_raked,1883,0.019002178693,0.019775019265,-0.000772840573
2018,T1_previous_party_hierarchical_raked,1884,0.019110453742,0.019775019265,-0.000664565523
2018,T1_previous_party_hierarchical_raked,1885,0.019054980374,0.019775019265,-0.000720038892
2018,T1_previous_party_hierarchical_raked,1886,0.019040350350,0.019775019265,-0.000734668915
2018,T1_previous_party_hierarchical_raked,1887,0.018964412325,0.019775019265,-0.000810606940
2018,T1_previous_party_hierarchical_raked,1888,0.019101219661,0.019775019265,-0.000673799604
2018,T1_previous_party_hierarchical_raked,1889,0.018990279564,0.019775019265,-0.000784739702
2018,T1_previous_party_hierarchical_raked,1890,0.019023289269,0.019775019265,-0.000751729997
2018,T1_previous_party_hierarchical_raked,1891,0.018994446189,0.019775019265,-0.000780573077
2018,T1_previous_party_hierarchical_raked,1892,0.019179443236,0.019775019265,-0.000595576029
2018,T1_previous_party_hierarchical_raked,1893,0.019150991462,0.019775019265,-0.000624027804
2018,T1_previous_party_hierarchical_raked,1894,0.019027449154,0.019775019265,-0.000747570111
2018,T1_previous_party_hierarchical_raked,1895,0.019043916780,0.019775019265,-0.000731102485
2018,T1_previous_party_hierarchical_raked,1896,0.019074733528,0.019775019265,-0.000700285737
2018,T1_previous_party_hierarchical_raked,1897,0.019089403297,0.019775019265,-0.000685615969
2018,T1_previous_party_hierarchical_raked,1898,0.019020103675,0.019775019265,-0.000754915590
2018,T1_previous_party_hierarchical_raked,1899,0.019083139123,0.019775019265,-0.000691880142
2018,T1_previous_party_hierarchical_raked,1900,0.019106960811,0.019775019265,-0.000668058455
2018,T1_previous_party_hierarchical_raked,1901,0.018925087144,0.019775019265,-0.000849932122
2018,T1_previous_party_hierarchical_raked,1902,0.018937924811,0.019775019265,-0.000837094455
2018,T1_previous_party_hierarchical_raked,1903,0.018886448027,0.019775019265,-0.000888571239
2018,T1_previous_party_hierarchical_raked,1904,0.018924229349,0.019775019265,-0.000850789917
2018,T1_previous_party_hierarchical_raked,1905,0.018990876558,0.019775019265,-0.000784142708
2018,T1_previous_party_hierarchical_raked,1906,0.019003420108,0.019775019265,-0.000771599157
2018,T1_previous_party_hierarchical_raked,1907,0.018893966526,0.019775019265,-0.000881052740
2018,T1_previous_party_hierarchical_raked,1908,0.019046367545,0.019775019265,-0.000728651721
2018,T1_previous_party_hierarchical_raked,1909,0.018963965091,0.019775019265,-0.000811054174
2018,T1_previous_party_hierarchical_raked,1910,0.019078481219,0.019775019265,-0.000696538047
2018,T1_previous_party_hierarchical_raked,1911,0.018977606407,0.019775019265,-0.000797412859
2018,T1_previous_party_hierarchical_raked,1912,0.018806283898,0.019775019265,-0.000968735368
2018,T1_previous_party_hierarchical_raked,1913,0.019054006247,0.019775019265,-0.000721013018
2018,T1_previous_party_hierarchical_raked,1914,0.018994689257,0.019775019265,-0.000780330008
2018,T1_previous_party_hierarchical_raked,1915,0.019020382334,0.019775019265,-0.000754636931
2018,T1_previous_party_hierarchical_raked,1916,0.019087339680,0.019775019265,-0.000687679586
2018,T1_previous_party_hierarchical_raked,1917,0.018926095226,0.019775019265,-0.000848924039
2018,T1_previous_party_hierarchical_raked,1918,0.019060048732,0.019775019265,-0.000714970534
2018,T1_previous_party_hierarchical_raked,1919,0.018955765484,0.019775019265,-0.000819253781
2018,T1_previous_party_hierarchical_raked,1920,0.018994557663,0.019775019265,-0.000780461603
2018,T1_previous_party_hierarchical_raked,1921,0.018984083208,0.019775019265,-0.000790936057
2018,T1_previous_party_hierarchical_raked,1922,0.018886734608,0.019775019265,-0.000888284658
2018,T1_previous_party_hierarchical_raked,1923,0.019037052074,0.019775019265,-0.000737967191
2018,T1_previous_party_hierarchical_raked,1924,0.018929904468,0.019775019265,-0.000845114797
2018,T1_previous_party_hierarchical_raked,1925,0.019046117787,0.019775019265,-0.000728901479
2018,T1_previous_party_hierarchical_raked,1926,0.019083393355,0.019775019265,-0.000691625910
2018,T1_previous_party_hierarchical_raked,1927,0.018949960614,0.019775019265,-0.000825058651
2018,T1_previous_party_hierarchical_raked,1928,0.019017942744,0.019775019265,-0.000757076522
2018,T1_previous_party_hierarchical_raked,1929,0.019015977380,0.019775019265,-0.000759041885
2018,T1_previous_party_hierarchical_raked,1930,0.019056572643,0.019775019265,-0.000718446622
2018,T1_previous_party_hierarchical_raked,1931,0.018813969093,0.019775019265,-0.000961050172
2018,T1_previous_party_hierarchical_raked,1932,0.018913329925,0.019775019265,-0.000861689340
2018,T1_previous_party_hierarchical_raked,1933,0.018922743563,0.019775019265,-0.000852275702
2018,T1_previous_party_hierarchical_raked,1934,0.018961639027,0.019775019265,-0.000813380238
2018,T1_previous_party_hierarchical_raked,1935,0.018996988431,0.019775019265,-0.000778030835
2018,T1_previous_party_hierarchical_raked,1936,0.019001051799,0.019775019265,-0.000773967467
2018,T1_previous_party_hierarchical_raked,1937,0.019088286176,0.019775019265,-0.000686733089
2018,T1_previous_party_hierarchical_raked,1938,0.019005466494,0.019775019265,-0.000769552772
2018,T1_previous_party_hierarchical_raked,1939,0.018884531966,0.019775019265,-0.000890487300
2018,T1_previous_party_hierarchical_raked,1940,0.018996519741,0.019775019265,-0.000778499524
2018,T1_previous_party_hierarchical_raked,1941,0.019037813591,0.019775019265,-0.000737205675
2018,T1_previous_party_hierarchical_raked,1942,0.018904913408,0.019775019265,-0.000870105857
2018,T1_previous_party_hierarchical_raked,1943,0.019086011002,0.019775019265,-0.000689008263
2018,T1_previous_party_hierarchical_raked,1944,0.018869478917,0.019775019265,-0.000905540348
2018,T1_previous_party_hierarchical_raked,1945,0.019035814377,0.019775019265,-0.000739204889
2018,T1_previous_party_hierarchical_raked,1946,0.018965751846,0.019775019265,-0.000809267419
2018,T1_previous_party_hierarchical_raked,1947,0.018944872613,0.019775019265,-0.000830146652
2018,T1_previous_party_hierarchical_raked,1948,0.019032146092,0.019775019265,-0.000742873173
2018,T1_previous_party_hierarchical_raked,1949,0.019120019785,0.019775019265,-0.000654999481
2018,T1_previous_party_hierarchical_raked,1950,0.018940939127,0.019775019265,-0.000834080138
2018,T1_previous_party_hierarchical_raked,1951,0.018945622566,0.019775019265,-0.000829396700
2018,T1_previous_party_hierarchical_raked,1952,0.019002549219,0.019775019265,-0.000772470047
2018,T1_previous_party_hierarchical_raked,1953,0.018971806939,0.019775019265,-0.000803212327
2018,T1_previous_party_hierarchical_raked,1954,0.018988842935,0.019775019265,-0.000786176330
2018,T1_previous_party_hierarchical_raked,1955,0.019067388662,0.019775019265,-0.000707630604
2018,T1_previous_party_hierarchical_raked,1956,0.019010622845,0.019775019265,-0.000764396421
2018,T1_previous_party_hierarchical_raked,1957,0.018845069680,0.019775019265,-0.000929949586
2018,T1_previous_party_hierarchical_raked,1958,0.019057022705,0.019775019265,-0.000717996561
2018,T1_previous_party_hierarchical_raked,1959,0.019126618329,0.019775019265,-0.000648400936
2018,T1_previous_party_hierarchical_raked,1960,0.019230456018,0.019775019265,-0.000544563248
2018,T1_previous_party_hierarchical_raked,1961,0.018959520897,0.019775019265,-0.000815498368
2018,T1_previous_party_hierarchical_raked,1962,0.018916364738,0.019775019265,-0.000858654528
2018,T1_previous_party_hierarchical_raked,1963,0.018904635638,0.019775019265,-0.000870383628
2018,T1_previous_party_hierarchical_raked,1964,0.018876608883,0.019775019265,-0.000898410382
2018,T1_previous_party_hierarchical_raked,1965,0.018996741165,0.019775019265,-0.000778278101
2018,T1_previous_party_hierarchical_raked,1966,0.019068183252,0.019775019265,-0.000706836013
2018,T1_previous_party_hierarchical_raked,1967,0.019141987728,0.019775019265,-0.000633031538
2018,T1_previous_party_hierarchical_raked,1968,0.018908964049,0.019775019265,-0.000866055217
2018,T1_previous_party_hierarchical_raked,1969,0.018845971659,0.019775019265,-0.000929047606
2018,T1_previous_party_hierarchical_raked,1970,0.018953646134,0.019775019265,-0.000821373131
2018,T1_previous_party_hierarchical_raked,1971,0.019057715881,0.019775019265,-0.000717303384
2018,T1_previous_party_hierarchical_raked,1972,0.018897677360,0.019775019265,-0.000877341905
2018,T1_previous_party_hierarchical_raked,1973,0.019015254136,0.019775019265,-0.000759765130
2018,T1_previous_party_hierarchical_raked,1974,0.018984503655,0.019775019265,-0.000790515610
2018,T1_previous_party_hierarchical_raked,1975,0.019022467132,0.019775019265,-0.000752552134
2018,T1_previous_party_hierarchical_raked,1976,0.018928863803,0.019775019265,-0.000846155463
2018,T1_previous_party_hierarchical_raked,1977,0.018865461229,0.019775019265,-0.000909558037
2018,T1_previous_party_hierarchical_raked,1978,0.019148293642,0.019775019265,-0.000626725623
2018,T1_previous_party_hierarchical_raked,1979,0.018917257715,0.019775019265,-0.000857761551
2018,T1_previous_party_hierarchical_raked,1980,0.018941599426,0.019775019265,-0.000833419839
2018,T1_previous_party_hierarchical_raked,1981,0.019117338058,0.019775019265,-0.000657681207
2018,T1_previous_party_hierarchical_raked,1982,0.019183724505,0.019775019265,-0.000591294760
2018,T1_previous_party_hierarchical_raked,1983,0.018974969593,0.019775019265,-0.000800049672
2018,T1_previous_party_hierarchical_raked,1984,0.019085355829,0.019775019265,-0.000689663436
2018,T1_previous_party_hierarchical_raked,1985,0.018891165565,0.019775019265,-0.000883853700
2018,T1_previous_party_hierarchical_raked,1986,0.018939290140,0.019775019265,-0.000835729125
2018,T1_previous_party_hierarchical_raked,1987,0.019044895972,0.019775019265,-0.000730123293
2018,T1_previous_party_hierarchical_raked,1988,0.019088091106,0.019775019265,-0.000686928159
2018,T1_previous_party_hierarchical_raked,1989,0.018950459115,0.019775019265,-0.000824560150
2018,T1_previous_party_hierarchical_raked,1990,0.019099492552,0.019775019265,-0.000675526713
2018,T1_previous_party_hierarchical_raked,1991,0.019097900850,0.019775019265,-0.000677118415
2018,T1_previous_party_hierarchical_raked,1992,0.018997546806,0.019775019265,-0.000777472459
2018,T1_previous_party_hierarchical_raked,1993,0.018823095339,0.019775019265,-0.000951923927
2018,T1_previous_party_hierarchical_raked,1994,0.018839191337,0.019775019265,-0.000935827929
2018,T1_previous_party_hierarchical_raked,1995,0.019215181734,0.019775019265,-0.000559837531
2018,T1_previous_party_hierarchical_raked,1996,0.019034529549,0.019775019265,-0.000740489716
2018,T1_previous_party_hierarchical_raked,1997,0.019040759959,0.019775019265,-0.000734259307
2018,T1_previous_party_hierarchical_raked,1998,0.019139619598,0.019775019265,-0.000635399667
2018,T1_previous_party_hierarchical_raked,1999,0.018943208240,0.019775019265,-0.000831811025
2022,T1_no_point_shrinkage_raked,0,0.020346467590,0.021259229655,-0.000912762066
2022,T1_no_point_shrinkage_raked,1,0.020298387134,0.021259229655,-0.000960842522
2022,T1_no_point_shrinkage_raked,2,0.020267594241,0.021259229655,-0.000991635415
2022,T1_no_point_shrinkage_raked,3,0.020297253573,0.021259229655,-0.000961976082
2022,T1_no_point_shrinkage_raked,4,0.020353073498,0.021259229655,-0.000906156158
2022,T1_no_point_shrinkage_raked,5,0.020340383425,0.021259229655,-0.000918846231
2022,T1_no_point_shrinkage_raked,6,0.020264790715,0.021259229655,-0.000994438940
2022,T1_no_point_shrinkage_raked,7,0.020267776219,0.021259229655,-0.000991453436
2022,T1_no_point_shrinkage_raked,8,0.020358648186,0.021259229655,-0.000900581469
2022,T1_no_point_shrinkage_raked,9,0.020248564953,0.021259229655,-0.001010664702
2022,T1_no_point_shrinkage_raked,10,0.020385865790,0.021259229655,-0.000873363865
2022,T1_no_point_shrinkage_raked,11,0.020479450086,0.021259229655,-0.000779779570
2022,T1_no_point_shrinkage_raked,12,0.020387165179,0.021259229655,-0.000872064476
2022,T1_no_point_shrinkage_raked,13,0.020339557938,0.021259229655,-0.000919671717
2022,T1_no_point_shrinkage_raked,14,0.020352769645,0.021259229655,-0.000906460011
2022,T1_no_point_shrinkage_raked,15,0.020170269627,0.021259229655,-0.001088960029
2022,T1_no_point_shrinkage_raked,16,0.020263454021,0.021259229655,-0.000995775634
2022,T1_no_point_shrinkage_raked,17,0.020131391123,0.021259229655,-0.001127838533
2022,T1_no_point_shrinkage_raked,18,0.020171632473,0.021259229655,-0.001087597182
2022,T1_no_point_shrinkage_raked,19,0.020211410162,0.021259229655,-0.001047819494
2022,T1_no_point_shrinkage_raked,20,0.020258960107,0.021259229655,-0.001000269549
2022,T1_no_point_shrinkage_raked,21,0.020137571307,0.021259229655,-0.001121658349
2022,T1_no_point_shrinkage_raked,22,0.020145502626,0.021259229655,-0.001113727029
2022,T1_no_point_shrinkage_raked,23,0.020438352398,0.021259229655,-0.000820877257
2022,T1_no_point_shrinkage_raked,24,0.020334518729,0.021259229655,-0.000924710926
2022,T1_no_point_shrinkage_raked,25,0.020403639273,0.021259229655,-0.000855590382
2022,T1_no_point_shrinkage_raked,26,0.020267599984,0.021259229655,-0.000991629671
2022,T1_no_point_shrinkage_raked,27,0.020193279474,0.021259229655,-0.001065950181
2022,T1_no_point_shrinkage_raked,28,0.020313703580,0.021259229655,-0.000945526076
2022,T1_no_point_shrinkage_raked,29,0.020494645650,0.021259229655,-0.000764584005
2022,T1_no_point_shrinkage_raked,30,0.020148340776,0.021259229655,-0.001110888879
2022,T1_no_point_shrinkage_raked,31,0.020148389185,0.021259229655,-0.001110840471
2022,T1_no_point_shrinkage_raked,32,0.020421345480,0.021259229655,-0.000837884175
2022,T1_no_point_shrinkage_raked,33,0.020177307813,0.021259229655,-0.001081921842
2022,T1_no_point_shrinkage_raked,34,0.020145524111,0.021259229655,-0.001113705545
2022,T1_no_point_shrinkage_raked,35,0.020331912098,0.021259229655,-0.000927317557
2022,T1_no_point_shrinkage_raked,36,0.020446592903,0.021259229655,-0.000812636753
2022,T1_no_point_shrinkage_raked,37,0.020301342757,0.021259229655,-0.000957886898
2022,T1_no_point_shrinkage_raked,38,0.020190357601,0.021259229655,-0.001068872054
2022,T1_no_point_shrinkage_raked,39,0.020227802388,0.021259229655,-0.001031427268
2022,T1_no_point_shrinkage_raked,40,0.020181658292,0.021259229655,-0.001077571363
2022,T1_no_point_shrinkage_raked,41,0.020300078129,0.021259229655,-0.000959151527
2022,T1_no_point_shrinkage_raked,42,0.020297143978,0.021259229655,-0.000962085677
2022,T1_no_point_shrinkage_raked,43,0.020146071178,0.021259229655,-0.001113158477
2022,T1_no_point_shrinkage_raked,44,0.020307865211,0.021259229655,-0.000951364444
2022,T1_no_point_shrinkage_raked,45,0.020394226518,0.021259229655,-0.000865003138
2022,T1_no_point_shrinkage_raked,46,0.020193617398,0.021259229655,-0.001065612258
2022,T1_no_point_shrinkage_raked,47,0.020283009153,0.021259229655,-0.000976220502
2022,T1_no_point_shrinkage_raked,48,0.020435020700,0.021259229655,-0.000824208955
2022,T1_no_point_shrinkage_raked,49,0.020371427711,0.021259229655,-0.000887801944
2022,T1_no_point_shrinkage_raked,50,0.020432748386,0.021259229655,-0.000826481270
2022,T1_no_point_shrinkage_raked,51,0.020258249376,0.021259229655,-0.001000980280
2022,T1_no_point_shrinkage_raked,52,0.020137599602,0.021259229655,-0.001121630053
2022,T1_no_point_shrinkage_raked,53,0.020072403576,0.021259229655,-0.001186826080
2022,T1_no_point_shrinkage_raked,54,0.020280547662,0.021259229655,-0.000978681993
2022,T1_no_point_shrinkage_raked,55,0.020390669377,0.021259229655,-0.000868560279
2022,T1_no_point_shrinkage_raked,56,0.020141981157,0.021259229655,-0.001117248498
2022,T1_no_point_shrinkage_raked,57,0.020439747545,0.021259229655,-0.000819482111
2022,T1_no_point_shrinkage_raked,58,0.020138747269,0.021259229655,-0.001120482386
2022,T1_no_point_shrinkage_raked,59,0.020332010628,0.021259229655,-0.000927219027
2022,T1_no_point_shrinkage_raked,60,0.020355972909,0.021259229655,-0.000903256747
2022,T1_no_point_shrinkage_raked,61,0.020308445506,0.021259229655,-0.000950784150
2022,T1_no_point_shrinkage_raked,62,0.020218873372,0.021259229655,-0.001040356283
2022,T1_no_point_shrinkage_raked,63,0.020291515681,0.021259229655,-0.000967713974
2022,T1_no_point_shrinkage_raked,64,0.020198466995,0.021259229655,-0.001060762661
2022,T1_no_point_shrinkage_raked,65,0.020173517476,0.021259229655,-0.001085712179
2022,T1_no_point_shrinkage_raked,66,0.020231799911,0.021259229655,-0.001027429744
2022,T1_no_point_shrinkage_raked,67,0.020372401035,0.021259229655,-0.000886828620
2022,T1_no_point_shrinkage_raked,68,0.020354761570,0.021259229655,-0.000904468085
2022,T1_no_point_shrinkage_raked,69,0.020496526575,0.021259229655,-0.000762703081
2022,T1_no_point_shrinkage_raked,70,0.020262860676,0.021259229655,-0.000996368979
2022,T1_no_point_shrinkage_raked,71,0.020267412978,0.021259229655,-0.000991816677
2022,T1_no_point_shrinkage_raked,72,0.020233453237,0.021259229655,-0.001025776418
2022,T1_no_point_shrinkage_raked,73,0.020227679358,0.021259229655,-0.001031550297
2022,T1_no_point_shrinkage_raked,74,0.020503215399,0.021259229655,-0.000756014256
2022,T1_no_point_shrinkage_raked,75,0.020484533405,0.021259229655,-0.000774696250
2022,T1_no_point_shrinkage_raked,76,0.020376622367,0.021259229655,-0.000882607288
2022,T1_no_point_shrinkage_raked,77,0.020351499836,0.021259229655,-0.000907729819
2022,T1_no_point_shrinkage_raked,78,0.020321304786,0.021259229655,-0.000937924870
2022,T1_no_point_shrinkage_raked,79,0.020180908312,0.021259229655,-0.001078321343
2022,T1_no_point_shrinkage_raked,80,0.020179343828,0.021259229655,-0.001079885828
2022,T1_no_point_shrinkage_raked,81,0.020301196992,0.021259229655,-0.000958032664
2022,T1_no_point_shrinkage_raked,82,0.020255499781,0.021259229655,-0.001003729874
2022,T1_no_point_shrinkage_raked,83,0.020318881978,0.021259229655,-0.000940347677
2022,T1_no_point_shrinkage_raked,84,0.020327948845,0.021259229655,-0.000931280810
2022,T1_no_point_shrinkage_raked,85,0.020416882977,0.021259229655,-0.000842346679
2022,T1_no_point_shrinkage_raked,86,0.020430523155,0.021259229655,-0.000828706500
2022,T1_no_point_shrinkage_raked,87,0.020355078889,0.021259229655,-0.000904150766
2022,T1_no_point_shrinkage_raked,88,0.020324199797,0.021259229655,-0.000935029858
2022,T1_no_point_shrinkage_raked,89,0.020248676613,0.021259229655,-0.001010553042
2022,T1_no_point_shrinkage_raked,90,0.020497025889,0.021259229655,-0.000762203767
2022,T1_no_point_shrinkage_raked,91,0.020327820281,0.021259229655,-0.000931409375
2022,T1_no_point_shrinkage_raked,92,0.020340555261,0.021259229655,-0.000918674395
2022,T1_no_point_shrinkage_raked,93,0.020026368377,0.021259229655,-0.001232861279
2022,T1_no_point_shrinkage_raked,94,0.020124205293,0.021259229655,-0.001135024363
2022,T1_no_point_shrinkage_raked,95,0.020255114338,0.021259229655,-0.001004115317
2022,T1_no_point_shrinkage_raked,96,0.020239032945,0.021259229655,-0.001020196710
2022,T1_no_point_shrinkage_raked,97,0.020182799341,0.021259229655,-0.001076430314
2022,T1_no_point_shrinkage_raked,98,0.020279018338,0.021259229655,-0.000980211317
2022,T1_no_point_shrinkage_raked,99,0.020250540380,0.021259229655,-0.001008689276
2022,T1_no_point_shrinkage_raked,100,0.020544828111,0.021259229655,-0.000714401545
2022,T1_no_point_shrinkage_raked,101,0.020113614855,0.021259229655,-0.001145614801
2022,T1_no_point_shrinkage_raked,102,0.020181979848,0.021259229655,-0.001077249807
2022,T1_no_point_shrinkage_raked,103,0.020236428793,0.021259229655,-0.001022800863
2022,T1_no_point_shrinkage_raked,104,0.020386867591,0.021259229655,-0.000872362064
2022,T1_no_point_shrinkage_raked,105,0.020339643630,0.021259229655,-0.000919586025
2022,T1_no_point_shrinkage_raked,106,0.020199041198,0.021259229655,-0.001060188457
2022,T1_no_point_shrinkage_raked,107,0.020196459950,0.021259229655,-0.001062769705
2022,T1_no_point_shrinkage_raked,108,0.020277644434,0.021259229655,-0.000981585221
2022,T1_no_point_shrinkage_raked,109,0.020331917880,0.021259229655,-0.000927311776
2022,T1_no_point_shrinkage_raked,110,0.020286718836,0.021259229655,-0.000972510819
2022,T1_no_point_shrinkage_raked,111,0.020189070561,0.021259229655,-0.001070159094
2022,T1_no_point_shrinkage_raked,112,0.020257659401,0.021259229655,-0.001001570255
2022,T1_no_point_shrinkage_raked,113,0.020347829349,0.021259229655,-0.000911400306
2022,T1_no_point_shrinkage_raked,114,0.020252283349,0.021259229655,-0.001006946307
2022,T1_no_point_shrinkage_raked,115,0.020293238343,0.021259229655,-0.000965991312
2022,T1_no_point_shrinkage_raked,116,0.020304965613,0.021259229655,-0.000954264042
2022,T1_no_point_shrinkage_raked,117,0.020538318236,0.021259229655,-0.000720911420
2022,T1_no_point_shrinkage_raked,118,0.020344082585,0.021259229655,-0.000915147071
2022,T1_no_point_shrinkage_raked,119,0.020235251502,0.021259229655,-0.001023978153
2022,T1_no_point_shrinkage_raked,120,0.020148060831,0.021259229655,-0.001111168824
2022,T1_no_point_shrinkage_raked,121,0.020431053489,0.021259229655,-0.000828176167
2022,T1_no_point_shrinkage_raked,122,0.020349766864,0.021259229655,-0.000909462792
2022,T1_no_point_shrinkage_raked,123,0.020406001501,0.021259229655,-0.000853228154
2022,T1_no_point_shrinkage_raked,124,0.020130080794,0.021259229655,-0.001129148861
2022,T1_no_point_shrinkage_raked,125,0.020174508831,0.021259229655,-0.001084720825
2022,T1_no_point_shrinkage_raked,126,0.020309830597,0.021259229655,-0.000949399058
2022,T1_no_point_shrinkage_raked,127,0.020344260544,0.021259229655,-0.000914969112
2022,T1_no_point_shrinkage_raked,128,0.020383334223,0.021259229655,-0.000875895433
2022,T1_no_point_shrinkage_raked,129,0.020417296844,0.021259229655,-0.000841932811
2022,T1_no_point_shrinkage_raked,130,0.020248291769,0.021259229655,-0.001010937887
2022,T1_no_point_shrinkage_raked,131,0.020345987752,0.021259229655,-0.000913241903
2022,T1_no_point_shrinkage_raked,132,0.020272663636,0.021259229655,-0.000986566020
2022,T1_no_point_shrinkage_raked,133,0.020256061412,0.021259229655,-0.001003168244
2022,T1_no_point_shrinkage_raked,134,0.020367209865,0.021259229655,-0.000892019790
2022,T1_no_point_shrinkage_raked,135,0.020113623213,0.021259229655,-0.001145606443
2022,T1_no_point_shrinkage_raked,136,0.020437713939,0.021259229655,-0.000821515716
2022,T1_no_point_shrinkage_raked,137,0.020310919488,0.021259229655,-0.000948310167
2022,T1_no_point_shrinkage_raked,138,0.020232898650,0.021259229655,-0.001026331005
2022,T1_no_point_shrinkage_raked,139,0.020237662922,0.021259229655,-0.001021566734
2022,T1_no_point_shrinkage_raked,140,0.020487285130,0.021259229655,-0.000771944525
2022,T1_no_point_shrinkage_raked,141,0.020186772877,0.021259229655,-0.001072456779
2022,T1_no_point_shrinkage_raked,142,0.020440319459,0.021259229655,-0.000818910196
2022,T1_no_point_shrinkage_raked,143,0.020184364769,0.021259229655,-0.001074864887
2022,T1_no_point_shrinkage_raked,144,0.020304567709,0.021259229655,-0.000954661947
2022,T1_no_point_shrinkage_raked,145,0.020181852777,0.021259229655,-0.001077376878
2022,T1_no_point_shrinkage_raked,146,0.020339814408,0.021259229655,-0.000919415248
2022,T1_no_point_shrinkage_raked,147,0.020228262684,0.021259229655,-0.001030966972
2022,T1_no_point_shrinkage_raked,148,0.020187767589,0.021259229655,-0.001071462066
2022,T1_no_point_shrinkage_raked,149,0.020379653949,0.021259229655,-0.000879575706
2022,T1_no_point_shrinkage_raked,150,0.020312357430,0.021259229655,-0.000946872226
2022,T1_no_point_shrinkage_raked,151,0.020380539339,0.021259229655,-0.000878690316
2022,T1_no_point_shrinkage_raked,152,0.020437692142,0.021259229655,-0.000821537514
2022,T1_no_point_shrinkage_raked,153,0.020202162825,0.021259229655,-0.001057066831
2022,T1_no_point_shrinkage_raked,154,0.020337225872,0.021259229655,-0.000922003784
2022,T1_no_point_shrinkage_raked,155,0.020332243075,0.021259229655,-0.000926986580
2022,T1_no_point_shrinkage_raked,156,0.020308233708,0.021259229655,-0.000950995948
2022,T1_no_point_shrinkage_raked,157,0.020188750008,0.021259229655,-0.001070479647
2022,T1_no_point_shrinkage_raked,158,0.020403616852,0.021259229655,-0.000855612804
2022,T1_no_point_shrinkage_raked,159,0.020445272327,0.021259229655,-0.000813957328
2022,T1_no_point_shrinkage_raked,160,0.020182109271,0.021259229655,-0.001077120385
2022,T1_no_point_shrinkage_raked,161,0.020151244938,0.021259229655,-0.001107984718
2022,T1_no_point_shrinkage_raked,162,0.020243688314,0.021259229655,-0.001015541341
2022,T1_no_point_shrinkage_raked,163,0.020361220415,0.021259229655,-0.000898009240
2022,T1_no_point_shrinkage_raked,164,0.020170334160,0.021259229655,-0.001088895495
2022,T1_no_point_shrinkage_raked,165,0.020346814630,0.021259229655,-0.000912415025
2022,T1_no_point_shrinkage_raked,166,0.020331654888,0.021259229655,-0.000927574767
2022,T1_no_point_shrinkage_raked,167,0.020336309075,0.021259229655,-0.000922920581
2022,T1_no_point_shrinkage_raked,168,0.020420279622,0.021259229655,-0.000838950034
2022,T1_no_point_shrinkage_raked,169,0.020242101440,0.021259229655,-0.001017128216
2022,T1_no_point_shrinkage_raked,170,0.020313922895,0.021259229655,-0.000945306760
2022,T1_no_point_shrinkage_raked,171,0.020292328878,0.021259229655,-0.000966900777
2022,T1_no_point_shrinkage_raked,172,0.020267844116,0.021259229655,-0.000991385539
2022,T1_no_point_shrinkage_raked,173,0.020145953834,0.021259229655,-0.001113275822
2022,T1_no_point_shrinkage_raked,174,0.020100917816,0.021259229655,-0.001158311839
2022,T1_no_point_shrinkage_raked,175,0.020129809137,0.021259229655,-0.001129420519
2022,T1_no_point_shrinkage_raked,176,0.020389012529,0.021259229655,-0.000870217126
2022,T1_no_point_shrinkage_raked,177,0.020099217699,0.021259229655,-0.001160011957
2022,T1_no_point_shrinkage_raked,178,0.020340749069,0.021259229655,-0.000918480587
2022,T1_no_point_shrinkage_raked,179,0.020254422010,0.021259229655,-0.001004807646
2022,T1_no_point_shrinkage_raked,180,0.020378412160,0.021259229655,-0.000880817496
2022,T1_no_point_shrinkage_raked,181,0.020208958149,0.021259229655,-0.001050271506
2022,T1_no_point_shrinkage_raked,182,0.020376277442,0.021259229655,-0.000882952214
2022,T1_no_point_shrinkage_raked,183,0.020409444799,0.021259229655,-0.000849784856
2022,T1_no_point_shrinkage_raked,184,0.020277570988,0.021259229655,-0.000981658668
2022,T1_no_point_shrinkage_raked,185,0.020397482419,0.021259229655,-0.000861747236
2022,T1_no_point_shrinkage_raked,186,0.020286380148,0.021259229655,-0.000972849508
2022,T1_no_point_shrinkage_raked,187,0.020315806721,0.021259229655,-0.000943422934
2022,T1_no_point_shrinkage_raked,188,0.020290640195,0.021259229655,-0.000968589460
2022,T1_no_point_shrinkage_raked,189,0.020473120798,0.021259229655,-0.000786108858
2022,T1_no_point_shrinkage_raked,190,0.020448935202,0.021259229655,-0.000810294453
2022,T1_no_point_shrinkage_raked,191,0.020200656781,0.021259229655,-0.001058572874
2022,T1_no_point_shrinkage_raked,192,0.020160370856,0.021259229655,-0.001098858799
2022,T1_no_point_shrinkage_raked,193,0.020244455683,0.021259229655,-0.001014773973
2022,T1_no_point_shrinkage_raked,194,0.020234791383,0.021259229655,-0.001024438273
2022,T1_no_point_shrinkage_raked,195,0.020303397021,0.021259229655,-0.000955832634
2022,T1_no_point_shrinkage_raked,196,0.020430827500,0.021259229655,-0.000828402155
2022,T1_no_point_shrinkage_raked,197,0.020249999751,0.021259229655,-0.001009229904
2022,T1_no_point_shrinkage_raked,198,0.020368463589,0.021259229655,-0.000890766067
2022,T1_no_point_shrinkage_raked,199,0.020059216113,0.021259229655,-0.001200013543
2022,T1_no_point_shrinkage_raked,200,0.020270699993,0.021259229655,-0.000988529662
2022,T1_no_point_shrinkage_raked,201,0.020334649910,0.021259229655,-0.000924579745
2022,T1_no_point_shrinkage_raked,202,0.020345274954,0.021259229655,-0.000913954702
2022,T1_no_point_shrinkage_raked,203,0.020239847415,0.021259229655,-0.001019382240
2022,T1_no_point_shrinkage_raked,204,0.020364544708,0.021259229655,-0.000894684948
2022,T1_no_point_shrinkage_raked,205,0.020281520594,0.021259229655,-0.000977709062
2022,T1_no_point_shrinkage_raked,206,0.020265833918,0.021259229655,-0.000993395737
2022,T1_no_point_shrinkage_raked,207,0.020303904970,0.021259229655,-0.000955324685
2022,T1_no_point_shrinkage_raked,208,0.020374329057,0.021259229655,-0.000884900599
2022,T1_no_point_shrinkage_raked,209,0.020280538035,0.021259229655,-0.000978691620
2022,T1_no_point_shrinkage_raked,210,0.020263060118,0.021259229655,-0.000996169538
2022,T1_no_point_shrinkage_raked,211,0.020253353851,0.021259229655,-0.001005875805
2022,T1_no_point_shrinkage_raked,212,0.020291612371,0.021259229655,-0.000967617284
2022,T1_no_point_shrinkage_raked,213,0.020332231271,0.021259229655,-0.000926998384
2022,T1_no_point_shrinkage_raked,214,0.020357655428,0.021259229655,-0.000901574227
2022,T1_no_point_shrinkage_raked,215,0.020372261160,0.021259229655,-0.000886968495
2022,T1_no_point_shrinkage_raked,216,0.020407507465,0.021259229655,-0.000851722191
2022,T1_no_point_shrinkage_raked,217,0.020320229114,0.021259229655,-0.000939000541
2022,T1_no_point_shrinkage_raked,218,0.020374696721,0.021259229655,-0.000884532934
2022,T1_no_point_shrinkage_raked,219,0.020138469094,0.021259229655,-0.001120760562
2022,T1_no_point_shrinkage_raked,220,0.020390087239,0.021259229655,-0.000869142417
2022,T1_no_point_shrinkage_raked,221,0.020366133879,0.021259229655,-0.000893095777
2022,T1_no_point_shrinkage_raked,222,0.020248224516,0.021259229655,-0.001011005139
2022,T1_no_point_shrinkage_raked,223,0.020233093397,0.021259229655,-0.001026136258
2022,T1_no_point_shrinkage_raked,224,0.020369778977,0.021259229655,-0.000889450679
2022,T1_no_point_shrinkage_raked,225,0.020299104261,0.021259229655,-0.000960125394
2022,T1_no_point_shrinkage_raked,226,0.020122272816,0.021259229655,-0.001136956840
2022,T1_no_point_shrinkage_raked,227,0.020276035965,0.021259229655,-0.000983193691
2022,T1_no_point_shrinkage_raked,228,0.020153388541,0.021259229655,-0.001105841115
2022,T1_no_point_shrinkage_raked,229,0.020296647304,0.021259229655,-0.000962582351
2022,T1_no_point_shrinkage_raked,230,0.020083694230,0.021259229655,-0.001175535426
2022,T1_no_point_shrinkage_raked,231,0.020236997862,0.021259229655,-0.001022231794
2022,T1_no_point_shrinkage_raked,232,0.020206878156,0.021259229655,-0.001052351500
2022,T1_no_point_shrinkage_raked,233,0.020141274663,0.021259229655,-0.001117954993
2022,T1_no_point_shrinkage_raked,234,0.020271118725,0.021259229655,-0.000988110930
2022,T1_no_point_shrinkage_raked,235,0.020333696857,0.021259229655,-0.000925532798
2022,T1_no_point_shrinkage_raked,236,0.020361711538,0.021259229655,-0.000897518118
2022,T1_no_point_shrinkage_raked,237,0.020264784947,0.021259229655,-0.000994444709
2022,T1_no_point_shrinkage_raked,238,0.020247550336,0.021259229655,-0.001011679319
2022,T1_no_point_shrinkage_raked,239,0.020178825370,0.021259229655,-0.001080404285
2022,T1_no_point_shrinkage_raked,240,0.020321626889,0.021259229655,-0.000937602766
2022,T1_no_point_shrinkage_raked,241,0.020265996251,0.021259229655,-0.000993233404
2022,T1_no_point_shrinkage_raked,242,0.020222881274,0.021259229655,-0.001036348381
2022,T1_no_point_shrinkage_raked,243,0.020341964134,0.021259229655,-0.000917265522
2022,T1_no_point_shrinkage_raked,244,0.020267860948,0.021259229655,-0.000991368707
2022,T1_no_point_shrinkage_raked,245,0.020494700384,0.021259229655,-0.000764529271
2022,T1_no_point_shrinkage_raked,246,0.020207668616,0.021259229655,-0.001051561039
2022,T1_no_point_shrinkage_raked,247,0.020198209584,0.021259229655,-0.001061020071
2022,T1_no_point_shrinkage_raked,248,0.020246934735,0.021259229655,-0.001012294921
2022,T1_no_point_shrinkage_raked,249,0.020025087770,0.021259229655,-0.001234141885
2022,T1_no_point_shrinkage_raked,250,0.020349204088,0.021259229655,-0.000910025568
2022,T1_no_point_shrinkage_raked,251,0.020278191651,0.021259229655,-0.000981038004
2022,T1_no_point_shrinkage_raked,252,0.020410246560,0.021259229655,-0.000848983095
2022,T1_no_point_shrinkage_raked,253,0.020369554259,0.021259229655,-0.000889675397
2022,T1_no_point_shrinkage_raked,254,0.020260244948,0.021259229655,-0.000998984708
2022,T1_no_point_shrinkage_raked,255,0.020436956624,0.021259229655,-0.000822273032
2022,T1_no_point_shrinkage_raked,256,0.020551532726,0.021259229655,-0.000707696930
2022,T1_no_point_shrinkage_raked,257,0.020312989774,0.021259229655,-0.000946239881
2022,T1_no_point_shrinkage_raked,258,0.020246013518,0.021259229655,-0.001013216138
2022,T1_no_point_shrinkage_raked,259,0.020145163181,0.021259229655,-0.001114066474
2022,T1_no_point_shrinkage_raked,260,0.020240839157,0.021259229655,-0.001018390499
2022,T1_no_point_shrinkage_raked,261,0.020210344347,0.021259229655,-0.001048885308
2022,T1_no_point_shrinkage_raked,262,0.020172024239,0.021259229655,-0.001087205417
2022,T1_no_point_shrinkage_raked,263,0.020280257524,0.021259229655,-0.000978972131
2022,T1_no_point_shrinkage_raked,264,0.020442349976,0.021259229655,-0.000816879680
2022,T1_no_point_shrinkage_raked,265,0.020116780880,0.021259229655,-0.001142448776
2022,T1_no_point_shrinkage_raked,266,0.020397478258,0.021259229655,-0.000861751397
2022,T1_no_point_shrinkage_raked,267,0.020424177769,0.021259229655,-0.000835051886
2022,T1_no_point_shrinkage_raked,268,0.020050965459,0.021259229655,-0.001208264196
2022,T1_no_point_shrinkage_raked,269,0.020368746564,0.021259229655,-0.000890483092
2022,T1_no_point_shrinkage_raked,270,0.020229272893,0.021259229655,-0.001029956762
2022,T1_no_point_shrinkage_raked,271,0.020280498478,0.021259229655,-0.000978731177
2022,T1_no_point_shrinkage_raked,272,0.020258761869,0.021259229655,-0.001000467787
2022,T1_no_point_shrinkage_raked,273,0.020290353057,0.021259229655,-0.000968876598
2022,T1_no_point_shrinkage_raked,274,0.020351234888,0.021259229655,-0.000907994767
2022,T1_no_point_shrinkage_raked,275,0.020308898016,0.021259229655,-0.000950331639
2022,T1_no_point_shrinkage_raked,276,0.020014951799,0.021259229655,-0.001244277857
2022,T1_no_point_shrinkage_raked,277,0.020393284076,0.021259229655,-0.000865945580
2022,T1_no_point_shrinkage_raked,278,0.020249432949,0.021259229655,-0.001009796706
2022,T1_no_point_shrinkage_raked,279,0.020442817418,0.021259229655,-0.000816412237
2022,T1_no_point_shrinkage_raked,280,0.020265434045,0.021259229655,-0.000993795610
2022,T1_no_point_shrinkage_raked,281,0.020413934619,0.021259229655,-0.000845295037
2022,T1_no_point_shrinkage_raked,282,0.020249040870,0.021259229655,-0.001010188786
2022,T1_no_point_shrinkage_raked,283,0.020324393386,0.021259229655,-0.000934836270
2022,T1_no_point_shrinkage_raked,284,0.020402832219,0.021259229655,-0.000856397436
2022,T1_no_point_shrinkage_raked,285,0.020194037080,0.021259229655,-0.001065192575
2022,T1_no_point_shrinkage_raked,286,0.020278642768,0.021259229655,-0.000980586887
2022,T1_no_point_shrinkage_raked,287,0.020229147519,0.021259229655,-0.001030082136
2022,T1_no_point_shrinkage_raked,288,0.020472694881,0.021259229655,-0.000786534774
2022,T1_no_point_shrinkage_raked,289,0.020299259520,0.021259229655,-0.000959970135
2022,T1_no_point_shrinkage_raked,290,0.020189723935,0.021259229655,-0.001069505720
2022,T1_no_point_shrinkage_raked,291,0.020282018036,0.021259229655,-0.000977211619
2022,T1_no_point_shrinkage_raked,292,0.020343802597,0.021259229655,-0.000915427059
2022,T1_no_point_shrinkage_raked,293,0.020211024091,0.021259229655,-0.001048205565
2022,T1_no_point_shrinkage_raked,294,0.020370242571,0.021259229655,-0.000888987085
2022,T1_no_point_shrinkage_raked,295,0.020222040996,0.021259229655,-0.001037188659
2022,T1_no_point_shrinkage_raked,296,0.020433824018,0.021259229655,-0.000825405637
2022,T1_no_point_shrinkage_raked,297,0.020355181141,0.021259229655,-0.000904048515
2022,T1_no_point_shrinkage_raked,298,0.020147335794,0.021259229655,-0.001111893861
2022,T1_no_point_shrinkage_raked,299,0.020317812046,0.021259229655,-0.000941417609
2022,T1_no_point_shrinkage_raked,300,0.020359923296,0.021259229655,-0.000899306359
2022,T1_no_point_shrinkage_raked,301,0.020322730593,0.021259229655,-0.000936499063
2022,T1_no_point_shrinkage_raked,302,0.020388619147,0.021259229655,-0.000870610508
2022,T1_no_point_shrinkage_raked,303,0.020299947439,0.021259229655,-0.000959282216
2022,T1_no_point_shrinkage_raked,304,0.020292988103,0.021259229655,-0.000966241552
2022,T1_no_point_shrinkage_raked,305,0.020523155144,0.021259229655,-0.000736074512
2022,T1_no_point_shrinkage_raked,306,0.020331924834,0.021259229655,-0.000927304821
2022,T1_no_point_shrinkage_raked,307,0.020318450615,0.021259229655,-0.000940779041
2022,T1_no_point_shrinkage_raked,308,0.020390772316,0.021259229655,-0.000868457339
2022,T1_no_point_shrinkage_raked,309,0.020495791720,0.021259229655,-0.000763437936
2022,T1_no_point_shrinkage_raked,310,0.020370865696,0.021259229655,-0.000888363960
2022,T1_no_point_shrinkage_raked,311,0.020418062659,0.021259229655,-0.000841166997
2022,T1_no_point_shrinkage_raked,312,0.020229742636,0.021259229655,-0.001029487019
2022,T1_no_point_shrinkage_raked,313,0.020355610082,0.021259229655,-0.000903619574
2022,T1_no_point_shrinkage_raked,314,0.020376101179,0.021259229655,-0.000883128476
2022,T1_no_point_shrinkage_raked,315,0.020331194170,0.021259229655,-0.000928035485
2022,T1_no_point_shrinkage_raked,316,0.020265898045,0.021259229655,-0.000993331610
2022,T1_no_point_shrinkage_raked,317,0.020234075801,0.021259229655,-0.001025153854
2022,T1_no_point_shrinkage_raked,318,0.020348013745,0.021259229655,-0.000911215910
2022,T1_no_point_shrinkage_raked,319,0.020256839332,0.021259229655,-0.001002390324
2022,T1_no_point_shrinkage_raked,320,0.020172276088,0.021259229655,-0.001086953567
2022,T1_no_point_shrinkage_raked,321,0.020303264851,0.021259229655,-0.000955964805
2022,T1_no_point_shrinkage_raked,322,0.020445661736,0.021259229655,-0.000813567919
2022,T1_no_point_shrinkage_raked,323,0.020207626275,0.021259229655,-0.001051603380
2022,T1_no_point_shrinkage_raked,324,0.020201801331,0.021259229655,-0.001057428324
2022,T1_no_point_shrinkage_raked,325,0.020437458244,0.021259229655,-0.000821771411
2022,T1_no_point_shrinkage_raked,326,0.020208119857,0.021259229655,-0.001051109799
2022,T1_no_point_shrinkage_raked,327,0.020210654582,0.021259229655,-0.001048575074
2022,T1_no_point_shrinkage_raked,328,0.020238373765,0.021259229655,-0.001020855891
2022,T1_no_point_shrinkage_raked,329,0.020129523592,0.021259229655,-0.001129706063
2022,T1_no_point_shrinkage_raked,330,0.020384662785,0.021259229655,-0.000874566870
2022,T1_no_point_shrinkage_raked,331,0.020255254664,0.021259229655,-0.001003974991
2022,T1_no_point_shrinkage_raked,332,0.020350925552,0.021259229655,-0.000908304103
2022,T1_no_point_shrinkage_raked,333,0.020303162270,0.021259229655,-0.000956067385
2022,T1_no_point_shrinkage_raked,334,0.020275029656,0.021259229655,-0.000984200000
2022,T1_no_point_shrinkage_raked,335,0.020323069813,0.021259229655,-0.000936159842
2022,T1_no_point_shrinkage_raked,336,0.020333775957,0.021259229655,-0.000925453698
2022,T1_no_point_shrinkage_raked,337,0.020596084581,0.021259229655,-0.000663145075
2022,T1_no_point_shrinkage_raked,338,0.020135831737,0.021259229655,-0.001123397918
2022,T1_no_point_shrinkage_raked,339,0.020140082003,0.021259229655,-0.001119147652
2022,T1_no_point_shrinkage_raked,340,0.020187913482,0.021259229655,-0.001071316173
2022,T1_no_point_shrinkage_raked,341,0.020267411699,0.021259229655,-0.000991817956
2022,T1_no_point_shrinkage_raked,342,0.020239378920,0.021259229655,-0.001019850735
2022,T1_no_point_shrinkage_raked,343,0.020227725563,0.021259229655,-0.001031504092
2022,T1_no_point_shrinkage_raked,344,0.020508665282,0.021259229655,-0.000750564373
2022,T1_no_point_shrinkage_raked,345,0.020225015371,0.021259229655,-0.001034214284
2022,T1_no_point_shrinkage_raked,346,0.020248575613,0.021259229655,-0.001010654043
2022,T1_no_point_shrinkage_raked,347,0.020251988377,0.021259229655,-0.001007241279
2022,T1_no_point_shrinkage_raked,348,0.020157637023,0.021259229655,-0.001101592632
2022,T1_no_point_shrinkage_raked,349,0.020260643775,0.021259229655,-0.000998585880
2022,T1_no_point_shrinkage_raked,350,0.020119665439,0.021259229655,-0.001139564217
2022,T1_no_point_shrinkage_raked,351,0.020128267038,0.021259229655,-0.001130962617
2022,T1_no_point_shrinkage_raked,352,0.020431866471,0.021259229655,-0.000827363184
2022,T1_no_point_shrinkage_raked,353,0.020211753157,0.021259229655,-0.001047476499
2022,T1_no_point_shrinkage_raked,354,0.020256042839,0.021259229655,-0.001003186816
2022,T1_no_point_shrinkage_raked,355,0.020202865938,0.021259229655,-0.001056363718
2022,T1_no_point_shrinkage_raked,356,0.020415584069,0.021259229655,-0.000843645586
2022,T1_no_point_shrinkage_raked,357,0.020296991793,0.021259229655,-0.000962237862
2022,T1_no_point_shrinkage_raked,358,0.020472695540,0.021259229655,-0.000786534115
2022,T1_no_point_shrinkage_raked,359,0.020199218350,0.021259229655,-0.001060011306
2022,T1_no_point_shrinkage_raked,360,0.020459593778,0.021259229655,-0.000799635877
2022,T1_no_point_shrinkage_raked,361,0.020202021772,0.021259229655,-0.001057207883
2022,T1_no_point_shrinkage_raked,362,0.020138229160,0.021259229655,-0.001121000496
2022,T1_no_point_shrinkage_raked,363,0.020410455876,0.021259229655,-0.000848773779
2022,T1_no_point_shrinkage_raked,364,0.020286624779,0.021259229655,-0.000972604876
2022,T1_no_point_shrinkage_raked,365,0.020408233759,0.021259229655,-0.000850995897
2022,T1_no_point_shrinkage_raked,366,0.020269057642,0.021259229655,-0.000990172013
2022,T1_no_point_shrinkage_raked,367,0.020170581484,0.021259229655,-0.001088648171
2022,T1_no_point_shrinkage_raked,368,0.020417384358,0.021259229655,-0.000841845297
2022,T1_no_point_shrinkage_raked,369,0.020192503363,0.021259229655,-0.001066726292
2022,T1_no_point_shrinkage_raked,370,0.020157578778,0.021259229655,-0.001101650878
2022,T1_no_point_shrinkage_raked,371,0.020247574012,0.021259229655,-0.001011655644
2022,T1_no_point_shrinkage_raked,372,0.020076252392,0.021259229655,-0.001182977263
2022,T1_no_point_shrinkage_raked,373,0.020196487194,0.021259229655,-0.001062742461
2022,T1_no_point_shrinkage_raked,374,0.020337558855,0.021259229655,-0.000921670800
2022,T1_no_point_shrinkage_raked,375,0.020357842264,0.021259229655,-0.000901387391
2022,T1_no_point_shrinkage_raked,376,0.020339926357,0.021259229655,-0.000919303298
2022,T1_no_point_shrinkage_raked,377,0.020371676260,0.021259229655,-0.000887553395
2022,T1_no_point_shrinkage_raked,378,0.020187036880,0.021259229655,-0.001072192776
2022,T1_no_point_shrinkage_raked,379,0.020515984256,0.021259229655,-0.000743245399
2022,T1_no_point_shrinkage_raked,380,0.020206317782,0.021259229655,-0.001052911874
2022,T1_no_point_shrinkage_raked,381,0.020246478957,0.021259229655,-0.001012750699
2022,T1_no_point_shrinkage_raked,382,0.020393294457,0.021259229655,-0.000865935199
2022,T1_no_point_shrinkage_raked,383,0.020311184999,0.021259229655,-0.000948044656
2022,T1_no_point_shrinkage_raked,384,0.020033842731,0.021259229655,-0.001225386924
2022,T1_no_point_shrinkage_raked,385,0.020086742643,0.021259229655,-0.001172487013
2022,T1_no_point_shrinkage_raked,386,0.020211335869,0.021259229655,-0.001047893787
2022,T1_no_point_shrinkage_raked,387,0.020264448576,0.021259229655,-0.000994781079
2022,T1_no_point_shrinkage_raked,388,0.020289655162,0.021259229655,-0.000969574493
2022,T1_no_point_shrinkage_raked,389,0.020327904630,0.021259229655,-0.000931325026
2022,T1_no_point_shrinkage_raked,390,0.020388886820,0.021259229655,-0.000870342836
2022,T1_no_point_shrinkage_raked,391,0.020292011885,0.021259229655,-0.000967217770
2022,T1_no_point_shrinkage_raked,392,0.020425598657,0.021259229655,-0.000833630998
2022,T1_no_point_shrinkage_raked,393,0.020306032857,0.021259229655,-0.000953196798
2022,T1_no_point_shrinkage_raked,394,0.020421102361,0.021259229655,-0.000838127294
2022,T1_no_point_shrinkage_raked,395,0.020302664029,0.021259229655,-0.000956565626
2022,T1_no_point_shrinkage_raked,396,0.020453184222,0.021259229655,-0.000806045433
2022,T1_no_point_shrinkage_raked,397,0.020307268741,0.021259229655,-0.000951960914
2022,T1_no_point_shrinkage_raked,398,0.020435336832,0.021259229655,-0.000823892823
2022,T1_no_point_shrinkage_raked,399,0.020149347919,0.021259229655,-0.001109881737
2022,T1_no_point_shrinkage_raked,400,0.020268014561,0.021259229655,-0.000991215094
2022,T1_no_point_shrinkage_raked,401,0.020208426041,0.021259229655,-0.001050803614
2022,T1_no_point_shrinkage_raked,402,0.020203450003,0.021259229655,-0.001055779652
2022,T1_no_point_shrinkage_raked,403,0.020342765517,0.021259229655,-0.000916464138
2022,T1_no_point_shrinkage_raked,404,0.020308233873,0.021259229655,-0.000950995783
2022,T1_no_point_shrinkage_raked,405,0.020381089834,0.021259229655,-0.000878139821
2022,T1_no_point_shrinkage_raked,406,0.020392723180,0.021259229655,-0.000866506476
2022,T1_no_point_shrinkage_raked,407,0.020356321467,0.021259229655,-0.000902908189
2022,T1_no_point_shrinkage_raked,408,0.020373164211,0.021259229655,-0.000886065444
2022,T1_no_point_shrinkage_raked,409,0.020095135807,0.021259229655,-0.001164093849
2022,T1_no_point_shrinkage_raked,410,0.020330029811,0.021259229655,-0.000929199844
2022,T1_no_point_shrinkage_raked,411,0.020148707105,0.021259229655,-0.001110522550
2022,T1_no_point_shrinkage_raked,412,0.020392489809,0.021259229655,-0.000866739846
2022,T1_no_point_shrinkage_raked,413,0.020205350292,0.021259229655,-0.001053879364
2022,T1_no_point_shrinkage_raked,414,0.020400092141,0.021259229655,-0.000859137515
2022,T1_no_point_shrinkage_raked,415,0.020265052599,0.021259229655,-0.000994177056
2022,T1_no_point_shrinkage_raked,416,0.020431341814,0.021259229655,-0.000827887842
2022,T1_no_point_shrinkage_raked,417,0.020332822706,0.021259229655,-0.000926406949
2022,T1_no_point_shrinkage_raked,418,0.020405756979,0.021259229655,-0.000853472676
2022,T1_no_point_shrinkage_raked,419,0.020253723376,0.021259229655,-0.001005506279
2022,T1_no_point_shrinkage_raked,420,0.020327854098,0.021259229655,-0.000931375558
2022,T1_no_point_shrinkage_raked,421,0.020146735416,0.021259229655,-0.001112494240
2022,T1_no_point_shrinkage_raked,422,0.020370128184,0.021259229655,-0.000889101472
2022,T1_no_point_shrinkage_raked,423,0.020252399920,0.021259229655,-0.001006829736
2022,T1_no_point_shrinkage_raked,424,0.020321376917,0.021259229655,-0.000937852738
2022,T1_no_point_shrinkage_raked,425,0.020205759644,0.021259229655,-0.001053470011
2022,T1_no_point_shrinkage_raked,426,0.020258413164,0.021259229655,-0.001000816491
2022,T1_no_point_shrinkage_raked,427,0.020183471133,0.021259229655,-0.001075758522
2022,T1_no_point_shrinkage_raked,428,0.020208777487,0.021259229655,-0.001050452168
2022,T1_no_point_shrinkage_raked,429,0.020354259325,0.021259229655,-0.000904970330
2022,T1_no_point_shrinkage_raked,430,0.020277396329,0.021259229655,-0.000981833327
2022,T1_no_point_shrinkage_raked,431,0.020459370456,0.021259229655,-0.000799859199
2022,T1_no_point_shrinkage_raked,432,0.020302521778,0.021259229655,-0.000956707878
2022,T1_no_point_shrinkage_raked,433,0.020263573241,0.021259229655,-0.000995656415
2022,T1_no_point_shrinkage_raked,434,0.020291170819,0.021259229655,-0.000968058836
2022,T1_no_point_shrinkage_raked,435,0.020435004647,0.021259229655,-0.000824225009
2022,T1_no_point_shrinkage_raked,436,0.020268391629,0.021259229655,-0.000990838027
2022,T1_no_point_shrinkage_raked,437,0.020237033102,0.021259229655,-0.001022196553
2022,T1_no_point_shrinkage_raked,438,0.020282181679,0.021259229655,-0.000977047977
2022,T1_no_point_shrinkage_raked,439,0.020215692829,0.021259229655,-0.001043536827
2022,T1_no_point_shrinkage_raked,440,0.020676546182,0.021259229655,-0.000582683474
2022,T1_no_point_shrinkage_raked,441,0.020338253661,0.021259229655,-0.000920975994
2022,T1_no_point_shrinkage_raked,442,0.020373522561,0.021259229655,-0.000885707095
2022,T1_no_point_shrinkage_raked,443,0.020405245024,0.021259229655,-0.000853984632
2022,T1_no_point_shrinkage_raked,444,0.020437011033,0.021259229655,-0.000822218622
2022,T1_no_point_shrinkage_raked,445,0.020204976237,0.021259229655,-0.001054253418
2022,T1_no_point_shrinkage_raked,446,0.020270666712,0.021259229655,-0.000988562944
2022,T1_no_point_shrinkage_raked,447,0.020340705506,0.021259229655,-0.000918524149
2022,T1_no_point_shrinkage_raked,448,0.020267470998,0.021259229655,-0.000991758658
2022,T1_no_point_shrinkage_raked,449,0.020514422251,0.021259229655,-0.000744807405
2022,T1_no_point_shrinkage_raked,450,0.020343996982,0.021259229655,-0.000915232674
2022,T1_no_point_shrinkage_raked,451,0.020187624425,0.021259229655,-0.001071605231
2022,T1_no_point_shrinkage_raked,452,0.020321350921,0.021259229655,-0.000937878734
2022,T1_no_point_shrinkage_raked,453,0.020277299561,0.021259229655,-0.000981930094
2022,T1_no_point_shrinkage_raked,454,0.020119550962,0.021259229655,-0.001139678694
2022,T1_no_point_shrinkage_raked,455,0.020264727305,0.021259229655,-0.000994502351
2022,T1_no_point_shrinkage_raked,456,0.020508417786,0.021259229655,-0.000750811870
2022,T1_no_point_shrinkage_raked,457,0.020230501413,0.021259229655,-0.001028728243
2022,T1_no_point_shrinkage_raked,458,0.020239054173,0.021259229655,-0.001020175482
2022,T1_no_point_shrinkage_raked,459,0.020374678032,0.021259229655,-0.000884551623
2022,T1_no_point_shrinkage_raked,460,0.020317358239,0.021259229655,-0.000941871417
2022,T1_no_point_shrinkage_raked,461,0.020433261284,0.021259229655,-0.000825968371
2022,T1_no_point_shrinkage_raked,462,0.020244008738,0.021259229655,-0.001015220918
2022,T1_no_point_shrinkage_raked,463,0.020318373252,0.021259229655,-0.000940856404
2022,T1_no_point_shrinkage_raked,464,0.020071841195,0.021259229655,-0.001187388460
2022,T1_no_point_shrinkage_raked,465,0.020540959009,0.021259229655,-0.000718270646
2022,T1_no_point_shrinkage_raked,466,0.020410275488,0.021259229655,-0.000848954167
2022,T1_no_point_shrinkage_raked,467,0.020294551621,0.021259229655,-0.000964678034
2022,T1_no_point_shrinkage_raked,468,0.020221407586,0.021259229655,-0.001037822069
2022,T1_no_point_shrinkage_raked,469,0.020301046746,0.021259229655,-0.000958182909
2022,T1_no_point_shrinkage_raked,470,0.020128433352,0.021259229655,-0.001130796303
2022,T1_no_point_shrinkage_raked,471,0.020170400991,0.021259229655,-0.001088828665
2022,T1_no_point_shrinkage_raked,472,0.020269538367,0.021259229655,-0.000989691288
2022,T1_no_point_shrinkage_raked,473,0.020318923364,0.021259229655,-0.000940306291
2022,T1_no_point_shrinkage_raked,474,0.020227017349,0.021259229655,-0.001032212306
2022,T1_no_point_shrinkage_raked,475,0.020207257116,0.021259229655,-0.001051972540
2022,T1_no_point_shrinkage_raked,476,0.020329445675,0.021259229655,-0.000929783980
2022,T1_no_point_shrinkage_raked,477,0.020348246836,0.021259229655,-0.000910982819
2022,T1_no_point_shrinkage_raked,478,0.020182659502,0.021259229655,-0.001076570153
2022,T1_no_point_shrinkage_raked,479,0.020406208593,0.021259229655,-0.000853021062
2022,T1_no_point_shrinkage_raked,480,0.020411562845,0.021259229655,-0.000847666811
2022,T1_no_point_shrinkage_raked,481,0.020386736455,0.021259229655,-0.000872493201
2022,T1_no_point_shrinkage_raked,482,0.020300414996,0.021259229655,-0.000958814660
2022,T1_no_point_shrinkage_raked,483,0.020428933487,0.021259229655,-0.000830296169
2022,T1_no_point_shrinkage_raked,484,0.020179200812,0.021259229655,-0.001080028844
2022,T1_no_point_shrinkage_raked,485,0.020296025741,0.021259229655,-0.000963203914
2022,T1_no_point_shrinkage_raked,486,0.020261763638,0.021259229655,-0.000997466017
2022,T1_no_point_shrinkage_raked,487,0.020588562841,0.021259229655,-0.000670666815
2022,T1_no_point_shrinkage_raked,488,0.020285383281,0.021259229655,-0.000973846374
2022,T1_no_point_shrinkage_raked,489,0.020340565165,0.021259229655,-0.000918664491
2022,T1_no_point_shrinkage_raked,490,0.020300476159,0.021259229655,-0.000958753496
2022,T1_no_point_shrinkage_raked,491,0.020186530633,0.021259229655,-0.001072699022
2022,T1_no_point_shrinkage_raked,492,0.020425225109,0.021259229655,-0.000834004546
2022,T1_no_point_shrinkage_raked,493,0.020237726311,0.021259229655,-0.001021503344
2022,T1_no_point_shrinkage_raked,494,0.020135152040,0.021259229655,-0.001124077615
2022,T1_no_point_shrinkage_raked,495,0.020317356314,0.021259229655,-0.000941873341
2022,T1_no_point_shrinkage_raked,496,0.020204942564,0.021259229655,-0.001054287092
2022,T1_no_point_shrinkage_raked,497,0.020450240898,0.021259229655,-0.000808988757
2022,T1_no_point_shrinkage_raked,498,0.020180653257,0.021259229655,-0.001078576398
2022,T1_no_point_shrinkage_raked,499,0.020310810682,0.021259229655,-0.000948418974
2022,T1_no_point_shrinkage_raked,500,0.020248235933,0.021259229655,-0.001010993723
2022,T1_no_point_shrinkage_raked,501,0.020290044961,0.021259229655,-0.000969184694
2022,T1_no_point_shrinkage_raked,502,0.020315832047,0.021259229655,-0.000943397608
2022,T1_no_point_shrinkage_raked,503,0.020126704675,0.021259229655,-0.001132524981
2022,T1_no_point_shrinkage_raked,504,0.020272899400,0.021259229655,-0.000986330255
2022,T1_no_point_shrinkage_raked,505,0.020337801936,0.021259229655,-0.000921427719
2022,T1_no_point_shrinkage_raked,506,0.020137098106,0.021259229655,-0.001122131549
2022,T1_no_point_shrinkage_raked,507,0.020385008665,0.021259229655,-0.000874220990
2022,T1_no_point_shrinkage_raked,508,0.020440231277,0.021259229655,-0.000818998378
2022,T1_no_point_shrinkage_raked,509,0.020262612386,0.021259229655,-0.000996617270
2022,T1_no_point_shrinkage_raked,510,0.020031928610,0.021259229655,-0.001227301046
2022,T1_no_point_shrinkage_raked,511,0.020470310618,0.021259229655,-0.000788919038
2022,T1_no_point_shrinkage_raked,512,0.020243522268,0.021259229655,-0.001015707388
2022,T1_no_point_shrinkage_raked,513,0.020292892967,0.021259229655,-0.000966336689
2022,T1_no_point_shrinkage_raked,514,0.020078148202,0.021259229655,-0.001181081453
2022,T1_no_point_shrinkage_raked,515,0.020305970380,0.021259229655,-0.000953259276
2022,T1_no_point_shrinkage_raked,516,0.020287153841,0.021259229655,-0.000972075814
2022,T1_no_point_shrinkage_raked,517,0.020377492033,0.021259229655,-0.000881737623
2022,T1_no_point_shrinkage_raked,518,0.020133688157,0.021259229655,-0.001125541498
2022,T1_no_point_shrinkage_raked,519,0.020268456254,0.021259229655,-0.000990773401
2022,T1_no_point_shrinkage_raked,520,0.020192543557,0.021259229655,-0.001066686098
2022,T1_no_point_shrinkage_raked,521,0.020465372124,0.021259229655,-0.000793857532
2022,T1_no_point_shrinkage_raked,522,0.020201274882,0.021259229655,-0.001057954773
2022,T1_no_point_shrinkage_raked,523,0.020196452004,0.021259229655,-0.001062777652
2022,T1_no_point_shrinkage_raked,524,0.020362789838,0.021259229655,-0.000896439818
2022,T1_no_point_shrinkage_raked,525,0.020248838107,0.021259229655,-0.001010391548
2022,T1_no_point_shrinkage_raked,526,0.020272856909,0.021259229655,-0.000986372746
2022,T1_no_point_shrinkage_raked,527,0.020229957100,0.021259229655,-0.001029272555
2022,T1_no_point_shrinkage_raked,528,0.020510093467,0.021259229655,-0.000749136189
2022,T1_no_point_shrinkage_raked,529,0.020379243812,0.021259229655,-0.000879985843
2022,T1_no_point_shrinkage_raked,530,0.020296702038,0.021259229655,-0.000962527617
2022,T1_no_point_shrinkage_raked,531,0.020157668508,0.021259229655,-0.001101561147
2022,T1_no_point_shrinkage_raked,532,0.020358445546,0.021259229655,-0.000900784110
2022,T1_no_point_shrinkage_raked,533,0.020511883511,0.021259229655,-0.000747346144
2022,T1_no_point_shrinkage_raked,534,0.020275245472,0.021259229655,-0.000983984183
2022,T1_no_point_shrinkage_raked,535,0.020391555456,0.021259229655,-0.000867674199
2022,T1_no_point_shrinkage_raked,536,0.020341487626,0.021259229655,-0.000917742029
2022,T1_no_point_shrinkage_raked,537,0.020419171423,0.021259229655,-0.000840058232
2022,T1_no_point_shrinkage_raked,538,0.020258177024,0.021259229655,-0.001001052632
2022,T1_no_point_shrinkage_raked,539,0.020169722168,0.021259229655,-0.001089507487
2022,T1_no_point_shrinkage_raked,540,0.020299289124,0.021259229655,-0.000959940532
2022,T1_no_point_shrinkage_raked,541,0.020065804591,0.021259229655,-0.001193425065
2022,T1_no_point_shrinkage_raked,542,0.020252162924,0.021259229655,-0.001007066732
2022,T1_no_point_shrinkage_raked,543,0.020431411118,0.021259229655,-0.000827818537
2022,T1_no_point_shrinkage_raked,544,0.020142100721,0.021259229655,-0.001117128935
2022,T1_no_point_shrinkage_raked,545,0.020279696487,0.021259229655,-0.000979533168
2022,T1_no_point_shrinkage_raked,546,0.020222635165,0.021259229655,-0.001036594490
2022,T1_no_point_shrinkage_raked,547,0.020421450772,0.021259229655,-0.000837778884
2022,T1_no_point_shrinkage_raked,548,0.020415188151,0.021259229655,-0.000844041504
2022,T1_no_point_shrinkage_raked,549,0.020313391117,0.021259229655,-0.000945838538
2022,T1_no_point_shrinkage_raked,550,0.020262221234,0.021259229655,-0.000997008422
2022,T1_no_point_shrinkage_raked,551,0.020101022532,0.021259229655,-0.001158207124
2022,T1_no_point_shrinkage_raked,552,0.020406531522,0.021259229655,-0.000852698134
2022,T1_no_point_shrinkage_raked,553,0.020131983289,0.021259229655,-0.001127246366
2022,T1_no_point_shrinkage_raked,554,0.020201668779,0.021259229655,-0.001057560877
2022,T1_no_point_shrinkage_raked,555,0.020262018849,0.021259229655,-0.000997210806
2022,T1_no_point_shrinkage_raked,556,0.020328358793,0.021259229655,-0.000930870862
2022,T1_no_point_shrinkage_raked,557,0.020259920618,0.021259229655,-0.000999309037
2022,T1_no_point_shrinkage_raked,558,0.020231455716,0.021259229655,-0.001027773939
2022,T1_no_point_shrinkage_raked,559,0.020258381322,0.021259229655,-0.001000848334
2022,T1_no_point_shrinkage_raked,560,0.020500872376,0.021259229655,-0.000758357279
2022,T1_no_point_shrinkage_raked,561,0.020298481319,0.021259229655,-0.000960748336
2022,T1_no_point_shrinkage_raked,562,0.020307529417,0.021259229655,-0.000951700239
2022,T1_no_point_shrinkage_raked,563,0.020344135175,0.021259229655,-0.000915094480
2022,T1_no_point_shrinkage_raked,564,0.020482662758,0.021259229655,-0.000776566898
2022,T1_no_point_shrinkage_raked,565,0.020052500246,0.021259229655,-0.001206729410
2022,T1_no_point_shrinkage_raked,566,0.020248915729,0.021259229655,-0.001010313926
2022,T1_no_point_shrinkage_raked,567,0.020254174594,0.021259229655,-0.001005055061
2022,T1_no_point_shrinkage_raked,568,0.020316437389,0.021259229655,-0.000942792267
2022,T1_no_point_shrinkage_raked,569,0.020345456356,0.021259229655,-0.000913773300
2022,T1_no_point_shrinkage_raked,570,0.020452024679,0.021259229655,-0.000807204976
2022,T1_no_point_shrinkage_raked,571,0.020179274567,0.021259229655,-0.001079955089
2022,T1_no_point_shrinkage_raked,572,0.020216744521,0.021259229655,-0.001042485135
2022,T1_no_point_shrinkage_raked,573,0.020324231575,0.021259229655,-0.000934998080
2022,T1_no_point_shrinkage_raked,574,0.020139197840,0.021259229655,-0.001120031815
2022,T1_no_point_shrinkage_raked,575,0.020245848099,0.021259229655,-0.001013381557
2022,T1_no_point_shrinkage_raked,576,0.020442346831,0.021259229655,-0.000816882824
2022,T1_no_point_shrinkage_raked,577,0.020387468767,0.021259229655,-0.000871760888
2022,T1_no_point_shrinkage_raked,578,0.020179590238,0.021259229655,-0.001079639418
2022,T1_no_point_shrinkage_raked,579,0.020346894889,0.021259229655,-0.000912334766
2022,T1_no_point_shrinkage_raked,580,0.020254556385,0.021259229655,-0.001004673271
2022,T1_no_point_shrinkage_raked,581,0.020180024932,0.021259229655,-0.001079204723
2022,T1_no_point_shrinkage_raked,582,0.020336900910,0.021259229655,-0.000922328746
2022,T1_no_point_shrinkage_raked,583,0.020530888855,0.021259229655,-0.000728340801
2022,T1_no_point_shrinkage_raked,584,0.020200915508,0.021259229655,-0.001058314148
2022,T1_no_point_shrinkage_raked,585,0.020479728886,0.021259229655,-0.000779500770
2022,T1_no_point_shrinkage_raked,586,0.020312575783,0.021259229655,-0.000946653872
2022,T1_no_point_shrinkage_raked,587,0.020378817366,0.021259229655,-0.000880412290
2022,T1_no_point_shrinkage_raked,588,0.020396004296,0.021259229655,-0.000863225360
2022,T1_no_point_shrinkage_raked,589,0.020407881078,0.021259229655,-0.000851348578
2022,T1_no_point_shrinkage_raked,590,0.020331973803,0.021259229655,-0.000927255853
2022,T1_no_point_shrinkage_raked,591,0.020417453354,0.021259229655,-0.000841776302
2022,T1_no_point_shrinkage_raked,592,0.020257004483,0.021259229655,-0.001002225172
2022,T1_no_point_shrinkage_raked,593,0.020285393524,0.021259229655,-0.000973836131
2022,T1_no_point_shrinkage_raked,594,0.020278804590,0.021259229655,-0.000980425065
2022,T1_no_point_shrinkage_raked,595,0.020156346056,0.021259229655,-0.001102883600
2022,T1_no_point_shrinkage_raked,596,0.020414451021,0.021259229655,-0.000844778634
2022,T1_no_point_shrinkage_raked,597,0.020245931694,0.021259229655,-0.001013297962
2022,T1_no_point_shrinkage_raked,598,0.020264338304,0.021259229655,-0.000994891351
2022,T1_no_point_shrinkage_raked,599,0.020336495096,0.021259229655,-0.000922734560
2022,T1_no_point_shrinkage_raked,600,0.020251068327,0.021259229655,-0.001008161329
2022,T1_no_point_shrinkage_raked,601,0.020287191222,0.021259229655,-0.000972038433
2022,T1_no_point_shrinkage_raked,602,0.020467772970,0.021259229655,-0.000791456686
2022,T1_no_point_shrinkage_raked,603,0.020354294179,0.021259229655,-0.000904935476
2022,T1_no_point_shrinkage_raked,604,0.020113040254,0.021259229655,-0.001146189402
2022,T1_no_point_shrinkage_raked,605,0.020317125928,0.021259229655,-0.000942103728
2022,T1_no_point_shrinkage_raked,606,0.020157254116,0.021259229655,-0.001101975539
2022,T1_no_point_shrinkage_raked,607,0.020319029988,0.021259229655,-0.000940199667
2022,T1_no_point_shrinkage_raked,608,0.020539066413,0.021259229655,-0.000720163242
2022,T1_no_point_shrinkage_raked,609,0.020260904615,0.021259229655,-0.000998325040
2022,T1_no_point_shrinkage_raked,610,0.020279329510,0.021259229655,-0.000979900146
2022,T1_no_point_shrinkage_raked,611,0.020312191678,0.021259229655,-0.000947037977
2022,T1_no_point_shrinkage_raked,612,0.020319302747,0.021259229655,-0.000939926909
2022,T1_no_point_shrinkage_raked,613,0.020427310954,0.021259229655,-0.000831918701
2022,T1_no_point_shrinkage_raked,614,0.020403055060,0.021259229655,-0.000856174595
2022,T1_no_point_shrinkage_raked,615,0.020291241130,0.021259229655,-0.000967988525
2022,T1_no_point_shrinkage_raked,616,0.020116909087,0.021259229655,-0.001142320568
2022,T1_no_point_shrinkage_raked,617,0.020415751423,0.021259229655,-0.000843478232
2022,T1_no_point_shrinkage_raked,618,0.020254864305,0.021259229655,-0.001004365350
2022,T1_no_point_shrinkage_raked,619,0.020358855378,0.021259229655,-0.000900374278
2022,T1_no_point_shrinkage_raked,620,0.020152045730,0.021259229655,-0.001107183925
2022,T1_no_point_shrinkage_raked,621,0.020217981498,0.021259229655,-0.001041248157
2022,T1_no_point_shrinkage_raked,622,0.020355212388,0.021259229655,-0.000904017267
2022,T1_no_point_shrinkage_raked,623,0.020249139426,0.021259229655,-0.001010090230
2022,T1_no_point_shrinkage_raked,624,0.020448416717,0.021259229655,-0.000810812939
2022,T1_no_point_shrinkage_raked,625,0.020314292124,0.021259229655,-0.000944937531
2022,T1_no_point_shrinkage_raked,626,0.020497236925,0.021259229655,-0.000761992730
2022,T1_no_point_shrinkage_raked,627,0.020247498159,0.021259229655,-0.001011731497
2022,T1_no_point_shrinkage_raked,628,0.020245838097,0.021259229655,-0.001013391558
2022,T1_no_point_shrinkage_raked,629,0.020312035780,0.021259229655,-0.000947193875
2022,T1_no_point_shrinkage_raked,630,0.020451764861,0.021259229655,-0.000807464795
2022,T1_no_point_shrinkage_raked,631,0.020338453099,0.021259229655,-0.000920776557
2022,T1_no_point_shrinkage_raked,632,0.020320905550,0.021259229655,-0.000938324106
2022,T1_no_point_shrinkage_raked,633,0.020370900089,0.021259229655,-0.000888329567
2022,T1_no_point_shrinkage_raked,634,0.020418671313,0.021259229655,-0.000840558342
2022,T1_no_point_shrinkage_raked,635,0.020169528807,0.021259229655,-0.001089700849
2022,T1_no_point_shrinkage_raked,636,0.020222715476,0.021259229655,-0.001036514179
2022,T1_no_point_shrinkage_raked,637,0.020349135686,0.021259229655,-0.000910093970
2022,T1_no_point_shrinkage_raked,638,0.020230406539,0.021259229655,-0.001028823117
2022,T1_no_point_shrinkage_raked,639,0.020372104841,0.021259229655,-0.000887124814
2022,T1_no_point_shrinkage_raked,640,0.020240622435,0.021259229655,-0.001018607221
2022,T1_no_point_shrinkage_raked,641,0.020092990883,0.021259229655,-0.001166238773
2022,T1_no_point_shrinkage_raked,642,0.019985735340,0.021259229655,-0.001273494315
2022,T1_no_point_shrinkage_raked,643,0.020309696675,0.021259229655,-0.000949532980
2022,T1_no_point_shrinkage_raked,644,0.020540370423,0.021259229655,-0.000718859233
2022,T1_no_point_shrinkage_raked,645,0.020188433469,0.021259229655,-0.001070796186
2022,T1_no_point_shrinkage_raked,646,0.020186863015,0.021259229655,-0.001072366641
2022,T1_no_point_shrinkage_raked,647,0.020195944787,0.021259229655,-0.001063284869
2022,T1_no_point_shrinkage_raked,648,0.020306535694,0.021259229655,-0.000952693961
2022,T1_no_point_shrinkage_raked,649,0.020285818499,0.021259229655,-0.000973411157
2022,T1_no_point_shrinkage_raked,650,0.020241523447,0.021259229655,-0.001017706208
2022,T1_no_point_shrinkage_raked,651,0.020358829916,0.021259229655,-0.000900399739
2022,T1_no_point_shrinkage_raked,652,0.020226069280,0.021259229655,-0.001033160375
2022,T1_no_point_shrinkage_raked,653,0.020337032505,0.021259229655,-0.000922197150
2022,T1_no_point_shrinkage_raked,654,0.020313240876,0.021259229655,-0.000945988779
2022,T1_no_point_shrinkage_raked,655,0.020316409093,0.021259229655,-0.000942820562
2022,T1_no_point_shrinkage_raked,656,0.020542351514,0.021259229655,-0.000716878141
2022,T1_no_point_shrinkage_raked,657,0.020357116105,0.021259229655,-0.000902113550
2022,T1_no_point_shrinkage_raked,658,0.020320182791,0.021259229655,-0.000939046864
2022,T1_no_point_shrinkage_raked,659,0.020248461050,0.021259229655,-0.001010768605
2022,T1_no_point_shrinkage_raked,660,0.020295991415,0.021259229655,-0.000963238240
2022,T1_no_point_shrinkage_raked,661,0.020184601254,0.021259229655,-0.001074628401
2022,T1_no_point_shrinkage_raked,662,0.020221165426,0.021259229655,-0.001038064230
2022,T1_no_point_shrinkage_raked,663,0.020416453491,0.021259229655,-0.000842776165
2022,T1_no_point_shrinkage_raked,664,0.020308356271,0.021259229655,-0.000950873384
2022,T1_no_point_shrinkage_raked,665,0.020293544844,0.021259229655,-0.000965684812
2022,T1_no_point_shrinkage_raked,666,0.020431631143,0.021259229655,-0.000827598513
2022,T1_no_point_shrinkage_raked,667,0.020405815254,0.021259229655,-0.000853414402
2022,T1_no_point_shrinkage_raked,668,0.020333536082,0.021259229655,-0.000925693574
2022,T1_no_point_shrinkage_raked,669,0.020286279771,0.021259229655,-0.000972949884
2022,T1_no_point_shrinkage_raked,670,0.020264740380,0.021259229655,-0.000994489275
2022,T1_no_point_shrinkage_raked,671,0.020280934864,0.021259229655,-0.000978294791
2022,T1_no_point_shrinkage_raked,672,0.020154081631,0.021259229655,-0.001105148024
2022,T1_no_point_shrinkage_raked,673,0.020327385687,0.021259229655,-0.000931843969
2022,T1_no_point_shrinkage_raked,674,0.020241146538,0.021259229655,-0.001018083118
2022,T1_no_point_shrinkage_raked,675,0.020289742889,0.021259229655,-0.000969486766
2022,T1_no_point_shrinkage_raked,676,0.020301670969,0.021259229655,-0.000957558686
2022,T1_no_point_shrinkage_raked,677,0.020163763100,0.021259229655,-0.001095466555
2022,T1_no_point_shrinkage_raked,678,0.020413713086,0.021259229655,-0.000845516569
2022,T1_no_point_shrinkage_raked,679,0.020463747966,0.021259229655,-0.000795481689
2022,T1_no_point_shrinkage_raked,680,0.020306833590,0.021259229655,-0.000952396065
2022,T1_no_point_shrinkage_raked,681,0.020150712648,0.021259229655,-0.001108517007
2022,T1_no_point_shrinkage_raked,682,0.020368487320,0.021259229655,-0.000890742336
2022,T1_no_point_shrinkage_raked,683,0.020110009837,0.021259229655,-0.001149219819
2022,T1_no_point_shrinkage_raked,684,0.020164015903,0.021259229655,-0.001095213753
2022,T1_no_point_shrinkage_raked,685,0.020220437174,0.021259229655,-0.001038792481
2022,T1_no_point_shrinkage_raked,686,0.020416574413,0.021259229655,-0.000842655243
2022,T1_no_point_shrinkage_raked,687,0.020316466543,0.021259229655,-0.000942763112
2022,T1_no_point_shrinkage_raked,688,0.020326836004,0.021259229655,-0.000932393651
2022,T1_no_point_shrinkage_raked,689,0.020359719361,0.021259229655,-0.000899510294
2022,T1_no_point_shrinkage_raked,690,0.020373525085,0.021259229655,-0.000885704570
2022,T1_no_point_shrinkage_raked,691,0.020432124821,0.021259229655,-0.000827104834
2022,T1_no_point_shrinkage_raked,692,0.020402940922,0.021259229655,-0.000856288734
2022,T1_no_point_shrinkage_raked,693,0.020498231173,0.021259229655,-0.000760998482
2022,T1_no_point_shrinkage_raked,694,0.020308451868,0.021259229655,-0.000950777788
2022,T1_no_point_shrinkage_raked,695,0.020664681390,0.021259229655,-0.000594548265
2022,T1_no_point_shrinkage_raked,696,0.020340678760,0.021259229655,-0.000918550896
2022,T1_no_point_shrinkage_raked,697,0.020233146320,0.021259229655,-0.001026083335
2022,T1_no_point_shrinkage_raked,698,0.020191408486,0.021259229655,-0.001067821169
2022,T1_no_point_shrinkage_raked,699,0.020268085307,0.021259229655,-0.000991144348
2022,T1_no_point_shrinkage_raked,700,0.020231068930,0.021259229655,-0.001028160726
2022,T1_no_point_shrinkage_raked,701,0.020293873353,0.021259229655,-0.000965356302
2022,T1_no_point_shrinkage_raked,702,0.020365123632,0.021259229655,-0.000894106024
2022,T1_no_point_shrinkage_raked,703,0.020284534918,0.021259229655,-0.000974694737
2022,T1_no_point_shrinkage_raked,704,0.020173422215,0.021259229655,-0.001085807441
2022,T1_no_point_shrinkage_raked,705,0.020190185821,0.021259229655,-0.001069043835
2022,T1_no_point_shrinkage_raked,706,0.020378919589,0.021259229655,-0.000880310066
2022,T1_no_point_shrinkage_raked,707,0.020295218310,0.021259229655,-0.000964011346
2022,T1_no_point_shrinkage_raked,708,0.020102219013,0.021259229655,-0.001157010643
2022,T1_no_point_shrinkage_raked,709,0.020387169682,0.021259229655,-0.000872059973
2022,T1_no_point_shrinkage_raked,710,0.020265436892,0.021259229655,-0.000993792763
2022,T1_no_point_shrinkage_raked,711,0.020412831303,0.021259229655,-0.000846398352
2022,T1_no_point_shrinkage_raked,712,0.020251362994,0.021259229655,-0.001007866661
2022,T1_no_point_shrinkage_raked,713,0.020247872752,0.021259229655,-0.001011356904
2022,T1_no_point_shrinkage_raked,714,0.020364687107,0.021259229655,-0.000894542548
2022,T1_no_point_shrinkage_raked,715,0.020336867409,0.021259229655,-0.000922362247
2022,T1_no_point_shrinkage_raked,716,0.020188909679,0.021259229655,-0.001070319977
2022,T1_no_point_shrinkage_raked,717,0.020189612651,0.021259229655,-0.001069617004
2022,T1_no_point_shrinkage_raked,718,0.020238229632,0.021259229655,-0.001021000023
2022,T1_no_point_shrinkage_raked,719,0.020411505798,0.021259229655,-0.000847723858
2022,T1_no_point_shrinkage_raked,720,0.020271150903,0.021259229655,-0.000988078752
2022,T1_no_point_shrinkage_raked,721,0.020302360618,0.021259229655,-0.000956869038
2022,T1_no_point_shrinkage_raked,722,0.020257239154,0.021259229655,-0.001001990502
2022,T1_no_point_shrinkage_raked,723,0.020384241751,0.021259229655,-0.000874987905
2022,T1_no_point_shrinkage_raked,724,0.020283369397,0.021259229655,-0.000975860258
2022,T1_no_point_shrinkage_raked,725,0.020115678299,0.021259229655,-0.001143551356
2022,T1_no_point_shrinkage_raked,726,0.020260986360,0.021259229655,-0.000998243296
2022,T1_no_point_shrinkage_raked,727,0.020307103791,0.021259229655,-0.000952125864
2022,T1_no_point_shrinkage_raked,728,0.020253279145,0.021259229655,-0.001005950510
2022,T1_no_point_shrinkage_raked,729,0.020249648465,0.021259229655,-0.001009581190
2022,T1_no_point_shrinkage_raked,730,0.020449195963,0.021259229655,-0.000810033692
2022,T1_no_point_shrinkage_raked,731,0.020152861820,0.021259229655,-0.001106367836
2022,T1_no_point_shrinkage_raked,732,0.020456001070,0.021259229655,-0.000803228585
2022,T1_no_point_shrinkage_raked,733,0.020233875971,0.021259229655,-0.001025353684
2022,T1_no_point_shrinkage_raked,734,0.020244051279,0.021259229655,-0.001015178377
2022,T1_no_point_shrinkage_raked,735,0.020243752489,0.021259229655,-0.001015477167
2022,T1_no_point_shrinkage_raked,736,0.020269825397,0.021259229655,-0.000989404259
2022,T1_no_point_shrinkage_raked,737,0.020298063059,0.021259229655,-0.000961166597
2022,T1_no_point_shrinkage_raked,738,0.020213260898,0.021259229655,-0.001045968757
2022,T1_no_point_shrinkage_raked,739,0.020282919524,0.021259229655,-0.000976310131
2022,T1_no_point_shrinkage_raked,740,0.020252799915,0.021259229655,-0.001006429740
2022,T1_no_point_shrinkage_raked,741,0.020269872505,0.021259229655,-0.000989357150
2022,T1_no_point_shrinkage_raked,742,0.020152873139,0.021259229655,-0.001106356516
2022,T1_no_point_shrinkage_raked,743,0.020282236850,0.021259229655,-0.000976992805
2022,T1_no_point_shrinkage_raked,744,0.020276983018,0.021259229655,-0.000982246637
2022,T1_no_point_shrinkage_raked,745,0.020308227250,0.021259229655,-0.000951002405
2022,T1_no_point_shrinkage_raked,746,0.020388312352,0.021259229655,-0.000870917303
2022,T1_no_point_shrinkage_raked,747,0.020269942117,0.021259229655,-0.000989287538
2022,T1_no_point_shrinkage_raked,748,0.020169382063,0.021259229655,-0.001089847593
2022,T1_no_point_shrinkage_raked,749,0.020230520214,0.021259229655,-0.001028709441
2022,T1_no_point_shrinkage_raked,750,0.020377851079,0.021259229655,-0.000881378576
2022,T1_no_point_shrinkage_raked,751,0.020179953214,0.021259229655,-0.001079276441
2022,T1_no_point_shrinkage_raked,752,0.020577966599,0.021259229655,-0.000681263056
2022,T1_no_point_shrinkage_raked,753,0.020285891374,0.021259229655,-0.000973338281
2022,T1_no_point_shrinkage_raked,754,0.020380877647,0.021259229655,-0.000878352009
2022,T1_no_point_shrinkage_raked,755,0.020337116991,0.021259229655,-0.000922112665
2022,T1_no_point_shrinkage_raked,756,0.020171228201,0.021259229655,-0.001088001455
2022,T1_no_point_shrinkage_raked,757,0.020092459908,0.021259229655,-0.001166769748
2022,T1_no_point_shrinkage_raked,758,0.020408396486,0.021259229655,-0.000850833169
2022,T1_no_point_shrinkage_raked,759,0.020318559259,0.021259229655,-0.000940670396
2022,T1_no_point_shrinkage_raked,760,0.020350115542,0.021259229655,-0.000909114113
2022,T1_no_point_shrinkage_raked,761,0.020185243124,0.021259229655,-0.001073986531
2022,T1_no_point_shrinkage_raked,762,0.020256615978,0.021259229655,-0.001002613678
2022,T1_no_point_shrinkage_raked,763,0.020329289650,0.021259229655,-0.000929940006
2022,T1_no_point_shrinkage_raked,764,0.020339432007,0.021259229655,-0.000919797649
2022,T1_no_point_shrinkage_raked,765,0.020429394576,0.021259229655,-0.000829835080
2022,T1_no_point_shrinkage_raked,766,0.020422796064,0.021259229655,-0.000836433592
2022,T1_no_point_shrinkage_raked,767,0.020425647605,0.021259229655,-0.000833582050
2022,T1_no_point_shrinkage_raked,768,0.020189803335,0.021259229655,-0.001069426321
2022,T1_no_point_shrinkage_raked,769,0.020160070949,0.021259229655,-0.001099158707
2022,T1_no_point_shrinkage_raked,770,0.020423672623,0.021259229655,-0.000835557032
2022,T1_no_point_shrinkage_raked,771,0.020431436717,0.021259229655,-0.000827792939
2022,T1_no_point_shrinkage_raked,772,0.020166629834,0.021259229655,-0.001092599822
2022,T1_no_point_shrinkage_raked,773,0.020302575869,0.021259229655,-0.000956653786
2022,T1_no_point_shrinkage_raked,774,0.020194609838,0.021259229655,-0.001064619817
2022,T1_no_point_shrinkage_raked,775,0.020229561947,0.021259229655,-0.001029667709
2022,T1_no_point_shrinkage_raked,776,0.020260009815,0.021259229655,-0.000999219840
2022,T1_no_point_shrinkage_raked,777,0.020277609833,0.021259229655,-0.000981619822
2022,T1_no_point_shrinkage_raked,778,0.020237063142,0.021259229655,-0.001022166514
2022,T1_no_point_shrinkage_raked,779,0.020305374245,0.021259229655,-0.000953855411
2022,T1_no_point_shrinkage_raked,780,0.020229399205,0.021259229655,-0.001029830451
2022,T1_no_point_shrinkage_raked,781,0.020513569717,0.021259229655,-0.000745659938
2022,T1_no_point_shrinkage_raked,782,0.020295787985,0.021259229655,-0.000963441671
2022,T1_no_point_shrinkage_raked,783,0.020467027985,0.021259229655,-0.000792201670
2022,T1_no_point_shrinkage_raked,784,0.020356554927,0.021259229655,-0.000902674728
2022,T1_no_point_shrinkage_raked,785,0.020362095787,0.021259229655,-0.000897133868
2022,T1_no_point_shrinkage_raked,786,0.020299797226,0.021259229655,-0.000959432430
2022,T1_no_point_shrinkage_raked,787,0.020380732661,0.021259229655,-0.000878496994
2022,T1_no_point_shrinkage_raked,788,0.020375358054,0.021259229655,-0.000883871601
2022,T1_no_point_shrinkage_raked,789,0.020331647934,0.021259229655,-0.000927581721
2022,T1_no_point_shrinkage_raked,790,0.020351908025,0.021259229655,-0.000907321631
2022,T1_no_point_shrinkage_raked,791,0.020411710383,0.021259229655,-0.000847519273
2022,T1_no_point_shrinkage_raked,792,0.020221621961,0.021259229655,-0.001037607694
2022,T1_no_point_shrinkage_raked,793,0.020448899464,0.021259229655,-0.000810330191
2022,T1_no_point_shrinkage_raked,794,0.020388606840,0.021259229655,-0.000870622815
2022,T1_no_point_shrinkage_raked,795,0.020465779473,0.021259229655,-0.000793450182
2022,T1_no_point_shrinkage_raked,796,0.020253391303,0.021259229655,-0.001005838352
2022,T1_no_point_shrinkage_raked,797,0.020190239507,0.021259229655,-0.001068990148
2022,T1_no_point_shrinkage_raked,798,0.020403623582,0.021259229655,-0.000855606073
2022,T1_no_point_shrinkage_raked,799,0.020255268495,0.021259229655,-0.001003961160
2022,T1_no_point_shrinkage_raked,800,0.020241704279,0.021259229655,-0.001017525377
2022,T1_no_point_shrinkage_raked,801,0.020247048249,0.021259229655,-0.001012181406
2022,T1_no_point_shrinkage_raked,802,0.020457874207,0.021259229655,-0.000801355448
2022,T1_no_point_shrinkage_raked,803,0.020406862425,0.021259229655,-0.000852367230
2022,T1_no_point_shrinkage_raked,804,0.020287619577,0.021259229655,-0.000971610078
2022,T1_no_point_shrinkage_raked,805,0.020411913169,0.021259229655,-0.000847316487
2022,T1_no_point_shrinkage_raked,806,0.020388176020,0.021259229655,-0.000871053635
2022,T1_no_point_shrinkage_raked,807,0.020278348381,0.021259229655,-0.000980881274
2022,T1_no_point_shrinkage_raked,808,0.020334827994,0.021259229655,-0.000924401662
2022,T1_no_point_shrinkage_raked,809,0.020375291677,0.021259229655,-0.000883937978
2022,T1_no_point_shrinkage_raked,810,0.020277696949,0.021259229655,-0.000981532706
2022,T1_no_point_shrinkage_raked,811,0.020564116591,0.021259229655,-0.000695113065
2022,T1_no_point_shrinkage_raked,812,0.020276749336,0.021259229655,-0.000982480320
2022,T1_no_point_shrinkage_raked,813,0.020374600688,0.021259229655,-0.000884628967
2022,T1_no_point_shrinkage_raked,814,0.020413393843,0.021259229655,-0.000845835812
2022,T1_no_point_shrinkage_raked,815,0.020390593544,0.021259229655,-0.000868636111
2022,T1_no_point_shrinkage_raked,816,0.020325375093,0.021259229655,-0.000933854562
2022,T1_no_point_shrinkage_raked,817,0.020241895817,0.021259229655,-0.001017333838
2022,T1_no_point_shrinkage_raked,818,0.020372701993,0.021259229655,-0.000886527663
2022,T1_no_point_shrinkage_raked,819,0.020203223369,0.021259229655,-0.001056006286
2022,T1_no_point_shrinkage_raked,820,0.020491059432,0.021259229655,-0.000768170223
2022,T1_no_point_shrinkage_raked,821,0.020341657851,0.021259229655,-0.000917571804
2022,T1_no_point_shrinkage_raked,822,0.020083069113,0.021259229655,-0.001176160543
2022,T1_no_point_shrinkage_raked,823,0.020110352629,0.021259229655,-0.001148877026
2022,T1_no_point_shrinkage_raked,824,0.020434074206,0.021259229655,-0.000825155449
2022,T1_no_point_shrinkage_raked,825,0.020181526395,0.021259229655,-0.001077703261
2022,T1_no_point_shrinkage_raked,826,0.020219439918,0.021259229655,-0.001039789737
2022,T1_no_point_shrinkage_raked,827,0.020312811239,0.021259229655,-0.000946418416
2022,T1_no_point_shrinkage_raked,828,0.020141966605,0.021259229655,-0.001117263051
2022,T1_no_point_shrinkage_raked,829,0.020337898874,0.021259229655,-0.000921330782
2022,T1_no_point_shrinkage_raked,830,0.020212470713,0.021259229655,-0.001046758942
2022,T1_no_point_shrinkage_raked,831,0.020347100812,0.021259229655,-0.000912128844
2022,T1_no_point_shrinkage_raked,832,0.020425625807,0.021259229655,-0.000833603848
2022,T1_no_point_shrinkage_raked,833,0.020121133132,0.021259229655,-0.001138096524
2022,T1_no_point_shrinkage_raked,834,0.020130128364,0.021259229655,-0.001129101292
2022,T1_no_point_shrinkage_raked,835,0.020350739093,0.021259229655,-0.000908490562
2022,T1_no_point_shrinkage_raked,836,0.020256854495,0.021259229655,-0.001002375160
2022,T1_no_point_shrinkage_raked,837,0.020254434428,0.021259229655,-0.001004795227
2022,T1_no_point_shrinkage_raked,838,0.020255413841,0.021259229655,-0.001003815815
2022,T1_no_point_shrinkage_raked,839,0.020524382572,0.021259229655,-0.000734847084
2022,T1_no_point_shrinkage_raked,840,0.020356582861,0.021259229655,-0.000902646795
2022,T1_no_point_shrinkage_raked,841,0.020346429843,0.021259229655,-0.000912799812
2022,T1_no_point_shrinkage_raked,842,0.020325794608,0.021259229655,-0.000933435047
2022,T1_no_point_shrinkage_raked,843,0.020225345544,0.021259229655,-0.001033884111
2022,T1_no_point_shrinkage_raked,844,0.020307688818,0.021259229655,-0.000951540837
2022,T1_no_point_shrinkage_raked,845,0.020376573270,0.021259229655,-0.000882656386
2022,T1_no_point_shrinkage_raked,846,0.020255941929,0.021259229655,-0.001003287726
2022,T1_no_point_shrinkage_raked,847,0.019983657318,0.021259229655,-0.001275572337
2022,T1_no_point_shrinkage_raked,848,0.020342236256,0.021259229655,-0.000916993399
2022,T1_no_point_shrinkage_raked,849,0.020281122383,0.021259229655,-0.000978107272
2022,T1_no_point_shrinkage_raked,850,0.020198815346,0.021259229655,-0.001060414310
2022,T1_no_point_shrinkage_raked,851,0.020300678776,0.021259229655,-0.000958550880
2022,T1_no_point_shrinkage_raked,852,0.020358600652,0.021259229655,-0.000900629003
2022,T1_no_point_shrinkage_raked,853,0.020111412646,0.021259229655,-0.001147817010
2022,T1_no_point_shrinkage_raked,854,0.020410420037,0.021259229655,-0.000848809619
2022,T1_no_point_shrinkage_raked,855,0.020079659682,0.021259229655,-0.001179569973
2022,T1_no_point_shrinkage_raked,856,0.020484603431,0.021259229655,-0.000774626225
2022,T1_no_point_shrinkage_raked,857,0.020141980754,0.021259229655,-0.001117248902
2022,T1_no_point_shrinkage_raked,858,0.020284966935,0.021259229655,-0.000974262720
2022,T1_no_point_shrinkage_raked,859,0.020202425169,0.021259229655,-0.001056804486
2022,T1_no_point_shrinkage_raked,860,0.020456375628,0.021259229655,-0.000802854027
2022,T1_no_point_shrinkage_raked,861,0.020546807208,0.021259229655,-0.000712422447
2022,T1_no_point_shrinkage_raked,862,0.020395709278,0.021259229655,-0.000863520378
2022,T1_no_point_shrinkage_raked,863,0.020306939841,0.021259229655,-0.000952289815
2022,T1_no_point_shrinkage_raked,864,0.020278728358,0.021259229655,-0.000980501297
2022,T1_no_point_shrinkage_raked,865,0.020267768961,0.021259229655,-0.000991460694
2022,T1_no_point_shrinkage_raked,866,0.020275185604,0.021259229655,-0.000984044051
2022,T1_no_point_shrinkage_raked,867,0.020440288647,0.021259229655,-0.000818941008
2022,T1_no_point_shrinkage_raked,868,0.020421144383,0.021259229655,-0.000838085272
2022,T1_no_point_shrinkage_raked,869,0.020368517611,0.021259229655,-0.000890712045
2022,T1_no_point_shrinkage_raked,870,0.020277604069,0.021259229655,-0.000981625586
2022,T1_no_point_shrinkage_raked,871,0.020373983869,0.021259229655,-0.000885245786
2022,T1_no_point_shrinkage_raked,872,0.020268237357,0.021259229655,-0.000990992298
2022,T1_no_point_shrinkage_raked,873,0.020243357676,0.021259229655,-0.001015871980
2022,T1_no_point_shrinkage_raked,874,0.020258470759,0.021259229655,-0.001000758896
2022,T1_no_point_shrinkage_raked,875,0.020206044857,0.021259229655,-0.001053184799
2022,T1_no_point_shrinkage_raked,876,0.020210828058,0.021259229655,-0.001048401597
2022,T1_no_point_shrinkage_raked,877,0.020120518797,0.021259229655,-0.001138710858
2022,T1_no_point_shrinkage_raked,878,0.020275301808,0.021259229655,-0.000983927848
2022,T1_no_point_shrinkage_raked,879,0.020343898568,0.021259229655,-0.000915331088
2022,T1_no_point_shrinkage_raked,880,0.020244807822,0.021259229655,-0.001014421833
2022,T1_no_point_shrinkage_raked,881,0.020294658606,0.021259229655,-0.000964571049
2022,T1_no_point_shrinkage_raked,882,0.020388392423,0.021259229655,-0.000870837233
2022,T1_no_point_shrinkage_raked,883,0.020352484877,0.021259229655,-0.000906744778
2022,T1_no_point_shrinkage_raked,884,0.020336177741,0.021259229655,-0.000923051914
2022,T1_no_point_shrinkage_raked,885,0.020282746996,0.021259229655,-0.000976482659
2022,T1_no_point_shrinkage_raked,886,0.020301109071,0.021259229655,-0.000958120584
2022,T1_no_point_shrinkage_raked,887,0.020299380401,0.021259229655,-0.000959849254
2022,T1_no_point_shrinkage_raked,888,0.020222247008,0.021259229655,-0.001036982648
2022,T1_no_point_shrinkage_raked,889,0.020044199176,0.021259229655,-0.001215030479
2022,T1_no_point_shrinkage_raked,890,0.020115466686,0.021259229655,-0.001143762970
2022,T1_no_point_shrinkage_raked,891,0.020104699857,0.021259229655,-0.001154529798
2022,T1_no_point_shrinkage_raked,892,0.020243881209,0.021259229655,-0.001015348446
2022,T1_no_point_shrinkage_raked,893,0.020375145153,0.021259229655,-0.000884084502
2022,T1_no_point_shrinkage_raked,894,0.020215841921,0.021259229655,-0.001043387734
2022,T1_no_point_shrinkage_raked,895,0.020164028740,0.021259229655,-0.001095200915
2022,T1_no_point_shrinkage_raked,896,0.020120052828,0.021259229655,-0.001139176827
2022,T1_no_point_shrinkage_raked,897,0.020254653919,0.021259229655,-0.001004575736
2022,T1_no_point_shrinkage_raked,898,0.020286775034,0.021259229655,-0.000972454622
2022,T1_no_point_shrinkage_raked,899,0.020266532879,0.021259229655,-0.000992696777
2022,T1_no_point_shrinkage_raked,900,0.020305500569,0.021259229655,-0.000953729087
2022,T1_no_point_shrinkage_raked,901,0.020280834596,0.021259229655,-0.000978395059
2022,T1_no_point_shrinkage_raked,902,0.020317310179,0.021259229655,-0.000941919477
2022,T1_no_point_shrinkage_raked,903,0.020269932532,0.021259229655,-0.000989297124
2022,T1_no_point_shrinkage_raked,904,0.020168015714,0.021259229655,-0.001091213942
2022,T1_no_point_shrinkage_raked,905,0.020421245412,0.021259229655,-0.000837984244
2022,T1_no_point_shrinkage_raked,906,0.020212280781,0.021259229655,-0.001046948875
2022,T1_no_point_shrinkage_raked,907,0.020212025287,0.021259229655,-0.001047204369
2022,T1_no_point_shrinkage_raked,908,0.020138085411,0.021259229655,-0.001121144244
2022,T1_no_point_shrinkage_raked,909,0.020333206790,0.021259229655,-0.000926022865
2022,T1_no_point_shrinkage_raked,910,0.020318528514,0.021259229655,-0.000940701142
2022,T1_no_point_shrinkage_raked,911,0.020311480739,0.021259229655,-0.000947748916
2022,T1_no_point_shrinkage_raked,912,0.020515133523,0.021259229655,-0.000744096132
2022,T1_no_point_shrinkage_raked,913,0.020288717898,0.021259229655,-0.000970511758
2022,T1_no_point_shrinkage_raked,914,0.020370718310,0.021259229655,-0.000888511345
2022,T1_no_point_shrinkage_raked,915,0.020308740802,0.021259229655,-0.000950488854
2022,T1_no_point_shrinkage_raked,916,0.020237749892,0.021259229655,-0.001021479763
2022,T1_no_point_shrinkage_raked,917,0.020412083944,0.021259229655,-0.000847145711
2022,T1_no_point_shrinkage_raked,918,0.020220327813,0.021259229655,-0.001038901843
2022,T1_no_point_shrinkage_raked,919,0.020130525039,0.021259229655,-0.001128704616
2022,T1_no_point_shrinkage_raked,920,0.020252079658,0.021259229655,-0.001007149998
2022,T1_no_point_shrinkage_raked,921,0.020275087570,0.021259229655,-0.000984142085
2022,T1_no_point_shrinkage_raked,922,0.020145194709,0.021259229655,-0.001114034947
2022,T1_no_point_shrinkage_raked,923,0.020140715642,0.021259229655,-0.001118514013
2022,T1_no_point_shrinkage_raked,924,0.020286427693,0.021259229655,-0.000972801963
2022,T1_no_point_shrinkage_raked,925,0.020457465069,0.021259229655,-0.000801764586
2022,T1_no_point_shrinkage_raked,926,0.020218040289,0.021259229655,-0.001041189367
2022,T1_no_point_shrinkage_raked,927,0.020183684782,0.021259229655,-0.001075544874
2022,T1_no_point_shrinkage_raked,928,0.020360214865,0.021259229655,-0.000899014791
2022,T1_no_point_shrinkage_raked,929,0.020328083010,0.021259229655,-0.000931146645
2022,T1_no_point_shrinkage_raked,930,0.020300381153,0.021259229655,-0.000958848503
2022,T1_no_point_shrinkage_raked,931,0.020313875751,0.021259229655,-0.000945353904
2022,T1_no_point_shrinkage_raked,932,0.020244669942,0.021259229655,-0.001014559714
2022,T1_no_point_shrinkage_raked,933,0.020343852493,0.021259229655,-0.000915377163
2022,T1_no_point_shrinkage_raked,934,0.020157426349,0.021259229655,-0.001101803307
2022,T1_no_point_shrinkage_raked,935,0.020050647208,0.021259229655,-0.001208582447
2022,T1_no_point_shrinkage_raked,936,0.020368076443,0.021259229655,-0.000891153212
2022,T1_no_point_shrinkage_raked,937,0.020373525144,0.021259229655,-0.000885704511
2022,T1_no_point_shrinkage_raked,938,0.020293274521,0.021259229655,-0.000965955134
2022,T1_no_point_shrinkage_raked,939,0.020312102151,0.021259229655,-0.000947127505
2022,T1_no_point_shrinkage_raked,940,0.020215555358,0.021259229655,-0.001043674298
2022,T1_no_point_shrinkage_raked,941,0.020209608668,0.021259229655,-0.001049620987
2022,T1_no_point_shrinkage_raked,942,0.020460253454,0.021259229655,-0.000798976202
2022,T1_no_point_shrinkage_raked,943,0.020200241689,0.021259229655,-0.001058987966
2022,T1_no_point_shrinkage_raked,944,0.020451812317,0.021259229655,-0.000807417339
2022,T1_no_point_shrinkage_raked,945,0.020194299204,0.021259229655,-0.001064930452
2022,T1_no_point_shrinkage_raked,946,0.020224661543,0.021259229655,-0.001034568112
2022,T1_no_point_shrinkage_raked,947,0.020268411815,0.021259229655,-0.000990817840
2022,T1_no_point_shrinkage_raked,948,0.020265323444,0.021259229655,-0.000993906212
2022,T1_no_point_shrinkage_raked,949,0.020353620181,0.021259229655,-0.000905609474
2022,T1_no_point_shrinkage_raked,950,0.020279864512,0.021259229655,-0.000979365143
2022,T1_no_point_shrinkage_raked,951,0.020292645830,0.021259229655,-0.000966583826
2022,T1_no_point_shrinkage_raked,952,0.020410133803,0.021259229655,-0.000849095852
2022,T1_no_point_shrinkage_raked,953,0.020164525844,0.021259229655,-0.001094703811
2022,T1_no_point_shrinkage_raked,954,0.020388581605,0.021259229655,-0.000870648050
2022,T1_no_point_shrinkage_raked,955,0.020242123527,0.021259229655,-0.001017106129
2022,T1_no_point_shrinkage_raked,956,0.020307901874,0.021259229655,-0.000951327782
2022,T1_no_point_shrinkage_raked,957,0.020632874985,0.021259229655,-0.000626354671
2022,T1_no_point_shrinkage_raked,958,0.020230984770,0.021259229655,-0.001028244886
2022,T1_no_point_shrinkage_raked,959,0.020541776282,0.021259229655,-0.000717453374
2022,T1_no_point_shrinkage_raked,960,0.020329181844,0.021259229655,-0.000930047812
2022,T1_no_point_shrinkage_raked,961,0.020411874886,0.021259229655,-0.000847354769
2022,T1_no_point_shrinkage_raked,962,0.020250264478,0.021259229655,-0.001008965178
2022,T1_no_point_shrinkage_raked,963,0.020324107244,0.021259229655,-0.000935122411
2022,T1_no_point_shrinkage_raked,964,0.020504615940,0.021259229655,-0.000754613716
2022,T1_no_point_shrinkage_raked,965,0.020147781651,0.021259229655,-0.001111448004
2022,T1_no_point_shrinkage_raked,966,0.020438220086,0.021259229655,-0.000821009569
2022,T1_no_point_shrinkage_raked,967,0.020282105698,0.021259229655,-0.000977123957
2022,T1_no_point_shrinkage_raked,968,0.020299450628,0.021259229655,-0.000959779027
2022,T1_no_point_shrinkage_raked,969,0.020317714314,0.021259229655,-0.000941515341
2022,T1_no_point_shrinkage_raked,970,0.020302848063,0.021259229655,-0.000956381593
2022,T1_no_point_shrinkage_raked,971,0.020208864987,0.021259229655,-0.001050364668
2022,T1_no_point_shrinkage_raked,972,0.020342624560,0.021259229655,-0.000916605096
2022,T1_no_point_shrinkage_raked,973,0.020215688294,0.021259229655,-0.001043541361
2022,T1_no_point_shrinkage_raked,974,0.020298851852,0.021259229655,-0.000960377804
2022,T1_no_point_shrinkage_raked,975,0.020217598261,0.021259229655,-0.001041631394
2022,T1_no_point_shrinkage_raked,976,0.020374954216,0.021259229655,-0.000884275440
2022,T1_no_point_shrinkage_raked,977,0.020189573444,0.021259229655,-0.001069656211
2022,T1_no_point_shrinkage_raked,978,0.020488109867,0.021259229655,-0.000771119789
2022,T1_no_point_shrinkage_raked,979,0.020381815705,0.021259229655,-0.000877413950
2022,T1_no_point_shrinkage_raked,980,0.020138291725,0.021259229655,-0.001120937930
2022,T1_no_point_shrinkage_raked,981,0.020158762393,0.021259229655,-0.001100467262
2022,T1_no_point_shrinkage_raked,982,0.020083470770,0.021259229655,-0.001175758885
2022,T1_no_point_shrinkage_raked,983,0.020256768694,0.021259229655,-0.001002460961
2022,T1_no_point_shrinkage_raked,984,0.020243345614,0.021259229655,-0.001015884042
2022,T1_no_point_shrinkage_raked,985,0.020411803287,0.021259229655,-0.000847426368
2022,T1_no_point_shrinkage_raked,986,0.020292902745,0.021259229655,-0.000966326910
2022,T1_no_point_shrinkage_raked,987,0.020196907296,0.021259229655,-0.001062322359
2022,T1_no_point_shrinkage_raked,988,0.020046116701,0.021259229655,-0.001213112954
2022,T1_no_point_shrinkage_raked,989,0.020394639914,0.021259229655,-0.000864589741
2022,T1_no_point_shrinkage_raked,990,0.020215992850,0.021259229655,-0.001043236806
2022,T1_no_point_shrinkage_raked,991,0.020262895997,0.021259229655,-0.000996333658
2022,T1_no_point_shrinkage_raked,992,0.020217762488,0.021259229655,-0.001041467167
2022,T1_no_point_shrinkage_raked,993,0.020215950910,0.021259229655,-0.001043278745
2022,T1_no_point_shrinkage_raked,994,0.020318947255,0.021259229655,-0.000940282400
2022,T1_no_point_shrinkage_raked,995,0.020293196653,0.021259229655,-0.000966033002
2022,T1_no_point_shrinkage_raked,996,0.020413648413,0.021259229655,-0.000845581243
2022,T1_no_point_shrinkage_raked,997,0.020329099092,0.021259229655,-0.000930130563
2022,T1_no_point_shrinkage_raked,998,0.020106699126,0.021259229655,-0.001152530529
2022,T1_no_point_shrinkage_raked,999,0.020303967274,0.021259229655,-0.000955262382
2022,T1_no_point_shrinkage_raked,1000,0.020421939865,0.021259229655,-0.000837289791
2022,T1_no_point_shrinkage_raked,1001,0.020325875578,0.021259229655,-0.000933354077
2022,T1_no_point_shrinkage_raked,1002,0.020334070812,0.021259229655,-0.000925158843
2022,T1_no_point_shrinkage_raked,1003,0.020360403516,0.021259229655,-0.000898826140
2022,T1_no_point_shrinkage_raked,1004,0.020305298316,0.021259229655,-0.000953931339
2022,T1_no_point_shrinkage_raked,1005,0.020312921987,0.021259229655,-0.000946307669
2022,T1_no_point_shrinkage_raked,1006,0.020199489344,0.021259229655,-0.001059740311
2022,T1_no_point_shrinkage_raked,1007,0.019963718324,0.021259229655,-0.001295511331
2022,T1_no_point_shrinkage_raked,1008,0.020410223259,0.021259229655,-0.000849006397
2022,T1_no_point_shrinkage_raked,1009,0.020243590951,0.021259229655,-0.001015638704
2022,T1_no_point_shrinkage_raked,1010,0.020377127210,0.021259229655,-0.000882102445
2022,T1_no_point_shrinkage_raked,1011,0.020356601171,0.021259229655,-0.000902628485
2022,T1_no_point_shrinkage_raked,1012,0.020213872570,0.021259229655,-0.001045357085
2022,T1_no_point_shrinkage_raked,1013,0.020256345817,0.021259229655,-0.001002883839
2022,T1_no_point_shrinkage_raked,1014,0.020455834240,0.021259229655,-0.000803395416
2022,T1_no_point_shrinkage_raked,1015,0.020227615420,0.021259229655,-0.001031614236
2022,T1_no_point_shrinkage_raked,1016,0.020439897811,0.021259229655,-0.000819331844
2022,T1_no_point_shrinkage_raked,1017,0.020294661941,0.021259229655,-0.000964567714
2022,T1_no_point_shrinkage_raked,1018,0.020343091879,0.021259229655,-0.000916137776
2022,T1_no_point_shrinkage_raked,1019,0.020419555997,0.021259229655,-0.000839673658
2022,T1_no_point_shrinkage_raked,1020,0.020336978296,0.021259229655,-0.000922251359
2022,T1_no_point_shrinkage_raked,1021,0.020218364011,0.021259229655,-0.001040865644
2022,T1_no_point_shrinkage_raked,1022,0.020300788861,0.021259229655,-0.000958440794
2022,T1_no_point_shrinkage_raked,1023,0.020351297835,0.021259229655,-0.000907931820
2022,T1_no_point_shrinkage_raked,1024,0.020125872726,0.021259229655,-0.001133356929
2022,T1_no_point_shrinkage_raked,1025,0.020172619409,0.021259229655,-0.001086610246
2022,T1_no_point_shrinkage_raked,1026,0.020396391630,0.021259229655,-0.000862838026
2022,T1_no_point_shrinkage_raked,1027,0.020199760346,0.021259229655,-0.001059469309
2022,T1_no_point_shrinkage_raked,1028,0.020303466111,0.021259229655,-0.000955763545
2022,T1_no_point_shrinkage_raked,1029,0.020129388077,0.021259229655,-0.001129841578
2022,T1_no_point_shrinkage_raked,1030,0.020540226758,0.021259229655,-0.000719002898
2022,T1_no_point_shrinkage_raked,1031,0.020256355446,0.021259229655,-0.001002874210
2022,T1_no_point_shrinkage_raked,1032,0.020467906727,0.021259229655,-0.000791322929
2022,T1_no_point_shrinkage_raked,1033,0.020352069832,0.021259229655,-0.000907159823
2022,T1_no_point_shrinkage_raked,1034,0.020370255521,0.021259229655,-0.000888974134
2022,T1_no_point_shrinkage_raked,1035,0.020267303960,0.021259229655,-0.000991925696
2022,T1_no_point_shrinkage_raked,1036,0.020231174417,0.021259229655,-0.001028055239
2022,T1_no_point_shrinkage_raked,1037,0.020440256492,0.021259229655,-0.000818973164
2022,T1_no_point_shrinkage_raked,1038,0.020322017662,0.021259229655,-0.000937211994
2022,T1_no_point_shrinkage_raked,1039,0.020116832304,0.021259229655,-0.001142397351
2022,T1_no_point_shrinkage_raked,1040,0.020164434811,0.021259229655,-0.001094794845
2022,T1_no_point_shrinkage_raked,1041,0.020377236839,0.021259229655,-0.000881992817
2022,T1_no_point_shrinkage_raked,1042,0.020228105234,0.021259229655,-0.001031124422
2022,T1_no_point_shrinkage_raked,1043,0.020480139117,0.021259229655,-0.000779090539
2022,T1_no_point_shrinkage_raked,1044,0.020260588808,0.021259229655,-0.000998640847
2022,T1_no_point_shrinkage_raked,1045,0.020234079511,0.021259229655,-0.001025150144
2022,T1_no_point_shrinkage_raked,1046,0.020450408874,0.021259229655,-0.000808820782
2022,T1_no_point_shrinkage_raked,1047,0.020215531894,0.021259229655,-0.001043697761
2022,T1_no_point_shrinkage_raked,1048,0.020304347179,0.021259229655,-0.000954882477
2022,T1_no_point_shrinkage_raked,1049,0.020160268890,0.021259229655,-0.001098960766
2022,T1_no_point_shrinkage_raked,1050,0.020225657281,0.021259229655,-0.001033572375
2022,T1_no_point_shrinkage_raked,1051,0.020321224500,0.021259229655,-0.000938005155
2022,T1_no_point_shrinkage_raked,1052,0.020387336593,0.021259229655,-0.000871893062
2022,T1_no_point_shrinkage_raked,1053,0.020018958414,0.021259229655,-0.001240271242
2022,T1_no_point_shrinkage_raked,1054,0.020332260713,0.021259229655,-0.000926968943
2022,T1_no_point_shrinkage_raked,1055,0.020054574921,0.021259229655,-0.001204654734
2022,T1_no_point_shrinkage_raked,1056,0.020283695642,0.021259229655,-0.000975534013
2022,T1_no_point_shrinkage_raked,1057,0.020282569037,0.021259229655,-0.000976660618
2022,T1_no_point_shrinkage_raked,1058,0.020302203640,0.021259229655,-0.000957026015
2022,T1_no_point_shrinkage_raked,1059,0.020249432190,0.021259229655,-0.001009797466
2022,T1_no_point_shrinkage_raked,1060,0.020338996395,0.021259229655,-0.000920233260
2022,T1_no_point_shrinkage_raked,1061,0.020291771396,0.021259229655,-0.000967458259
2022,T1_no_point_shrinkage_raked,1062,0.020283351931,0.021259229655,-0.000975877725
2022,T1_no_point_shrinkage_raked,1063,0.020208218277,0.021259229655,-0.001051011378
2022,T1_no_point_shrinkage_raked,1064,0.020596859804,0.021259229655,-0.000662369851
2022,T1_no_point_shrinkage_raked,1065,0.020118991350,0.021259229655,-0.001140238305
2022,T1_no_point_shrinkage_raked,1066,0.020227660804,0.021259229655,-0.001031568852
2022,T1_no_point_shrinkage_raked,1067,0.020275927805,0.021259229655,-0.000983301850
2022,T1_no_point_shrinkage_raked,1068,0.020108712376,0.021259229655,-0.001150517279
2022,T1_no_point_shrinkage_raked,1069,0.020317346524,0.021259229655,-0.000941883131
2022,T1_no_point_shrinkage_raked,1070,0.020257369094,0.021259229655,-0.001001860561
2022,T1_no_point_shrinkage_raked,1071,0.020213639833,0.021259229655,-0.001045589822
2022,T1_no_point_shrinkage_raked,1072,0.020158829126,0.021259229655,-0.001100400529
2022,T1_no_point_shrinkage_raked,1073,0.020389524472,0.021259229655,-0.000869705183
2022,T1_no_point_shrinkage_raked,1074,0.020301518727,0.021259229655,-0.000957710929
2022,T1_no_point_shrinkage_raked,1075,0.020513970034,0.021259229655,-0.000745259621
2022,T1_no_point_shrinkage_raked,1076,0.020339890086,0.021259229655,-0.000919339570
2022,T1_no_point_shrinkage_raked,1077,0.020289630108,0.021259229655,-0.000969599547
2022,T1_no_point_shrinkage_raked,1078,0.020190703786,0.021259229655,-0.001068525870
2022,T1_no_point_shrinkage_raked,1079,0.020245453234,0.021259229655,-0.001013776422
2022,T1_no_point_shrinkage_raked,1080,0.020379301869,0.021259229655,-0.000879927786
2022,T1_no_point_shrinkage_raked,1081,0.020437483821,0.021259229655,-0.000821745834
2022,T1_no_point_shrinkage_raked,1082,0.020146081070,0.021259229655,-0.001113148585
2022,T1_no_point_shrinkage_raked,1083,0.020289931166,0.021259229655,-0.000969298489
2022,T1_no_point_shrinkage_raked,1084,0.020203741733,0.021259229655,-0.001055487923
2022,T1_no_point_shrinkage_raked,1085,0.020419584796,0.021259229655,-0.000839644860
2022,T1_no_point_shrinkage_raked,1086,0.020322569997,0.021259229655,-0.000936659659
2022,T1_no_point_shrinkage_raked,1087,0.020426103526,0.021259229655,-0.000833126129
2022,T1_no_point_shrinkage_raked,1088,0.020379224375,0.021259229655,-0.000880005280
2022,T1_no_point_shrinkage_raked,1089,0.020235900437,0.021259229655,-0.001023329218
2022,T1_no_point_shrinkage_raked,1090,0.020231643180,0.021259229655,-0.001027586475
2022,T1_no_point_shrinkage_raked,1091,0.020231937105,0.021259229655,-0.001027292551
2022,T1_no_point_shrinkage_raked,1092,0.020192579077,0.021259229655,-0.001066650579
2022,T1_no_point_shrinkage_raked,1093,0.020175203990,0.021259229655,-0.001084025665
2022,T1_no_point_shrinkage_raked,1094,0.020352856883,0.021259229655,-0.000906372773
2022,T1_no_point_shrinkage_raked,1095,0.020195784330,0.021259229655,-0.001063445325
2022,T1_no_point_shrinkage_raked,1096,0.020241118372,0.021259229655,-0.001018111283
2022,T1_no_point_shrinkage_raked,1097,0.020251103247,0.021259229655,-0.001008126408
2022,T1_no_point_shrinkage_raked,1098,0.020156508997,0.021259229655,-0.001102720658
2022,T1_no_point_shrinkage_raked,1099,0.020270235534,0.021259229655,-0.000988994122
2022,T1_no_point_shrinkage_raked,1100,0.020354938588,0.021259229655,-0.000904291068
2022,T1_no_point_shrinkage_raked,1101,0.020269137274,0.021259229655,-0.000990092382
2022,T1_no_point_shrinkage_raked,1102,0.020154049868,0.021259229655,-0.001105179787
2022,T1_no_point_shrinkage_raked,1103,0.020481597579,0.021259229655,-0.000777632076
2022,T1_no_point_shrinkage_raked,1104,0.020233754835,0.021259229655,-0.001025474820
2022,T1_no_point_shrinkage_raked,1105,0.020195935312,0.021259229655,-0.001063294344
2022,T1_no_point_shrinkage_raked,1106,0.020412018573,0.021259229655,-0.000847211082
2022,T1_no_point_shrinkage_raked,1107,0.020237145723,0.021259229655,-0.001022083932
2022,T1_no_point_shrinkage_raked,1108,0.020211854463,0.021259229655,-0.001047375193
2022,T1_no_point_shrinkage_raked,1109,0.020413582017,0.021259229655,-0.000845647638
2022,T1_no_point_shrinkage_raked,1110,0.020101899123,0.021259229655,-0.001157330532
2022,T1_no_point_shrinkage_raked,1111,0.020395875831,0.021259229655,-0.000863353824
2022,T1_no_point_shrinkage_raked,1112,0.020321481747,0.021259229655,-0.000937747909
2022,T1_no_point_shrinkage_raked,1113,0.020313359738,0.021259229655,-0.000945869917
2022,T1_no_point_shrinkage_raked,1114,0.020425357507,0.021259229655,-0.000833872149
2022,T1_no_point_shrinkage_raked,1115,0.020259474116,0.021259229655,-0.000999755539
2022,T1_no_point_shrinkage_raked,1116,0.020283767117,0.021259229655,-0.000975462539
2022,T1_no_point_shrinkage_raked,1117,0.020399115379,0.021259229655,-0.000860114276
2022,T1_no_point_shrinkage_raked,1118,0.020309212674,0.021259229655,-0.000950016981
2022,T1_no_point_shrinkage_raked,1119,0.020234341152,0.021259229655,-0.001024888504
2022,T1_no_point_shrinkage_raked,1120,0.020275911360,0.021259229655,-0.000983318295
2022,T1_no_point_shrinkage_raked,1121,0.020473946626,0.021259229655,-0.000785283029
2022,T1_no_point_shrinkage_raked,1122,0.020360652533,0.021259229655,-0.000898577122
2022,T1_no_point_shrinkage_raked,1123,0.020243937319,0.021259229655,-0.001015292337
2022,T1_no_point_shrinkage_raked,1124,0.020362174678,0.021259229655,-0.000897054977
2022,T1_no_point_shrinkage_raked,1125,0.020393878912,0.021259229655,-0.000865350743
2022,T1_no_point_shrinkage_raked,1126,0.020217315435,0.021259229655,-0.001041914221
2022,T1_no_point_shrinkage_raked,1127,0.020241516633,0.021259229655,-0.001017713023
2022,T1_no_point_shrinkage_raked,1128,0.020398610796,0.021259229655,-0.000860618860
2022,T1_no_point_shrinkage_raked,1129,0.020346713448,0.021259229655,-0.000912516207
2022,T1_no_point_shrinkage_raked,1130,0.020294019019,0.021259229655,-0.000965210636
2022,T1_no_point_shrinkage_raked,1131,0.020341760080,0.021259229655,-0.000917469575
2022,T1_no_point_shrinkage_raked,1132,0.020449623531,0.021259229655,-0.000809606124
2022,T1_no_point_shrinkage_raked,1133,0.020259154029,0.021259229655,-0.001000075626
2022,T1_no_point_shrinkage_raked,1134,0.020261120293,0.021259229655,-0.000998109362
2022,T1_no_point_shrinkage_raked,1135,0.020410784743,0.021259229655,-0.000848444912
2022,T1_no_point_shrinkage_raked,1136,0.020448246039,0.021259229655,-0.000810983617
2022,T1_no_point_shrinkage_raked,1137,0.020183474478,0.021259229655,-0.001075755177
2022,T1_no_point_shrinkage_raked,1138,0.020306206195,0.021259229655,-0.000953023460
2022,T1_no_point_shrinkage_raked,1139,0.020290080828,0.021259229655,-0.000969148827
2022,T1_no_point_shrinkage_raked,1140,0.020363313858,0.021259229655,-0.000895915798
2022,T1_no_point_shrinkage_raked,1141,0.020477190610,0.021259229655,-0.000782039045
2022,T1_no_point_shrinkage_raked,1142,0.020209795113,0.021259229655,-0.001049434542
2022,T1_no_point_shrinkage_raked,1143,0.020162210249,0.021259229655,-0.001097019407
2022,T1_no_point_shrinkage_raked,1144,0.020256267888,0.021259229655,-0.001002961767
2022,T1_no_point_shrinkage_raked,1145,0.020400528545,0.021259229655,-0.000858701111
2022,T1_no_point_shrinkage_raked,1146,0.020073094713,0.021259229655,-0.001186134942
2022,T1_no_point_shrinkage_raked,1147,0.020229750318,0.021259229655,-0.001029479338
2022,T1_no_point_shrinkage_raked,1148,0.020197058487,0.021259229655,-0.001062171169
2022,T1_no_point_shrinkage_raked,1149,0.020364484628,0.021259229655,-0.000894745027
2022,T1_no_point_shrinkage_raked,1150,0.020451402364,0.021259229655,-0.000807827291
2022,T1_no_point_shrinkage_raked,1151,0.020223866152,0.021259229655,-0.001035363504
2022,T1_no_point_shrinkage_raked,1152,0.020362593645,0.021259229655,-0.000896636011
2022,T1_no_point_shrinkage_raked,1153,0.020355724465,0.021259229655,-0.000903505191
2022,T1_no_point_shrinkage_raked,1154,0.020436976528,0.021259229655,-0.000822253128
2022,T1_no_point_shrinkage_raked,1155,0.020230484540,0.021259229655,-0.001028745115
2022,T1_no_point_shrinkage_raked,1156,0.020270450238,0.021259229655,-0.000988779418
2022,T1_no_point_shrinkage_raked,1157,0.020228230169,0.021259229655,-0.001030999487
2022,T1_no_point_shrinkage_raked,1158,0.020245525949,0.021259229655,-0.001013703707
2022,T1_no_point_shrinkage_raked,1159,0.020274140502,0.021259229655,-0.000985089154
2022,T1_no_point_shrinkage_raked,1160,0.020214413907,0.021259229655,-0.001044815749
2022,T1_no_point_shrinkage_raked,1161,0.020262159965,0.021259229655,-0.000997069690
2022,T1_no_point_shrinkage_raked,1162,0.020317561179,0.021259229655,-0.000941668476
2022,T1_no_point_shrinkage_raked,1163,0.020494710669,0.021259229655,-0.000764518986
2022,T1_no_point_shrinkage_raked,1164,0.020320961537,0.021259229655,-0.000938268118
2022,T1_no_point_shrinkage_raked,1165,0.020332089389,0.021259229655,-0.000927140266
2022,T1_no_point_shrinkage_raked,1166,0.020342862727,0.021259229655,-0.000916366929
2022,T1_no_point_shrinkage_raked,1167,0.020331576018,0.021259229655,-0.000927653638
2022,T1_no_point_shrinkage_raked,1168,0.020305739840,0.021259229655,-0.000953489815
2022,T1_no_point_shrinkage_raked,1169,0.020124363662,0.021259229655,-0.001134865993
2022,T1_no_point_shrinkage_raked,1170,0.020171957498,0.021259229655,-0.001087272157
2022,T1_no_point_shrinkage_raked,1171,0.020389949416,0.021259229655,-0.000869280239
2022,T1_no_point_shrinkage_raked,1172,0.020278785071,0.021259229655,-0.000980444585
2022,T1_no_point_shrinkage_raked,1173,0.020278838424,0.021259229655,-0.000980391232
2022,T1_no_point_shrinkage_raked,1174,0.020240744223,0.021259229655,-0.001018485433
2022,T1_no_point_shrinkage_raked,1175,0.020339719428,0.021259229655,-0.000919510227
2022,T1_no_point_shrinkage_raked,1176,0.020306852445,0.021259229655,-0.000952377210
2022,T1_no_point_shrinkage_raked,1177,0.020287861288,0.021259229655,-0.000971368368
2022,T1_no_point_shrinkage_raked,1178,0.020297985622,0.021259229655,-0.000961244034
2022,T1_no_point_shrinkage_raked,1179,0.020270467253,0.021259229655,-0.000988762402
2022,T1_no_point_shrinkage_raked,1180,0.020225557285,0.021259229655,-0.001033672371
2022,T1_no_point_shrinkage_raked,1181,0.020315764672,0.021259229655,-0.000943464984
2022,T1_no_point_shrinkage_raked,1182,0.020347446110,0.021259229655,-0.000911783546
2022,T1_no_point_shrinkage_raked,1183,0.020332129122,0.021259229655,-0.000927100534
2022,T1_no_point_shrinkage_raked,1184,0.020249304314,0.021259229655,-0.001009925341
2022,T1_no_point_shrinkage_raked,1185,0.020378388063,0.021259229655,-0.000880841593
2022,T1_no_point_shrinkage_raked,1186,0.020457486380,0.021259229655,-0.000801743275
2022,T1_no_point_shrinkage_raked,1187,0.020259031426,0.021259229655,-0.001000198230
2022,T1_no_point_shrinkage_raked,1188,0.020288087874,0.021259229655,-0.000971141782
2022,T1_no_point_shrinkage_raked,1189,0.020421903753,0.021259229655,-0.000837325902
2022,T1_no_point_shrinkage_raked,1190,0.020321102506,0.021259229655,-0.000938127149
2022,T1_no_point_shrinkage_raked,1191,0.020431983622,0.021259229655,-0.000827246033
2022,T1_no_point_shrinkage_raked,1192,0.020340336667,0.021259229655,-0.000918892988
2022,T1_no_point_shrinkage_raked,1193,0.020371153001,0.021259229655,-0.000888076654
2022,T1_no_point_shrinkage_raked,1194,0.020452584650,0.021259229655,-0.000806645006
2022,T1_no_point_shrinkage_raked,1195,0.020292575720,0.021259229655,-0.000966653935
2022,T1_no_point_shrinkage_raked,1196,0.020146718866,0.021259229655,-0.001112510789
2022,T1_no_point_shrinkage_raked,1197,0.020111161019,0.021259229655,-0.001148068636
2022,T1_no_point_shrinkage_raked,1198,0.020236740038,0.021259229655,-0.001022489617
2022,T1_no_point_shrinkage_raked,1199,0.020272735207,0.021259229655,-0.000986494448
2022,T1_no_point_shrinkage_raked,1200,0.020401919430,0.021259229655,-0.000857310226
2022,T1_no_point_shrinkage_raked,1201,0.020284299736,0.021259229655,-0.000974929920
2022,T1_no_point_shrinkage_raked,1202,0.020171482021,0.021259229655,-0.001087747635
2022,T1_no_point_shrinkage_raked,1203,0.020295744333,0.021259229655,-0.000963485323
2022,T1_no_point_shrinkage_raked,1204,0.020381928390,0.021259229655,-0.000877301266
2022,T1_no_point_shrinkage_raked,1205,0.020323245064,0.021259229655,-0.000935984592
2022,T1_no_point_shrinkage_raked,1206,0.020421475045,0.021259229655,-0.000837754610
2022,T1_no_point_shrinkage_raked,1207,0.020221759428,0.021259229655,-0.001037470227
2022,T1_no_point_shrinkage_raked,1208,0.020359561117,0.021259229655,-0.000899668538
2022,T1_no_point_shrinkage_raked,1209,0.020299656098,0.021259229655,-0.000959573557
2022,T1_no_point_shrinkage_raked,1210,0.020316176610,0.021259229655,-0.000943053046
2022,T1_no_point_shrinkage_raked,1211,0.020368565179,0.021259229655,-0.000890664476
2022,T1_no_point_shrinkage_raked,1212,0.020336039681,0.021259229655,-0.000923189974
2022,T1_no_point_shrinkage_raked,1213,0.020402051960,0.021259229655,-0.000857177695
2022,T1_no_point_shrinkage_raked,1214,0.020392229145,0.021259229655,-0.000867000510
2022,T1_no_point_shrinkage_raked,1215,0.020171310453,0.021259229655,-0.001087919202
2022,T1_no_point_shrinkage_raked,1216,0.020265118766,0.021259229655,-0.000994110890
2022,T1_no_point_shrinkage_raked,1217,0.020333239311,0.021259229655,-0.000925990345
2022,T1_no_point_shrinkage_raked,1218,0.020255377103,0.021259229655,-0.001003852553
2022,T1_no_point_shrinkage_raked,1219,0.020250628841,0.021259229655,-0.001008600814
2022,T1_no_point_shrinkage_raked,1220,0.020210692390,0.021259229655,-0.001048537266
2022,T1_no_point_shrinkage_raked,1221,0.020409299275,0.021259229655,-0.000849930381
2022,T1_no_point_shrinkage_raked,1222,0.020344076949,0.021259229655,-0.000915152707
2022,T1_no_point_shrinkage_raked,1223,0.020131080500,0.021259229655,-0.001128149155
2022,T1_no_point_shrinkage_raked,1224,0.020383402018,0.021259229655,-0.000875827637
2022,T1_no_point_shrinkage_raked,1225,0.020426901569,0.021259229655,-0.000832328087
2022,T1_no_point_shrinkage_raked,1226,0.020267348764,0.021259229655,-0.000991880892
2022,T1_no_point_shrinkage_raked,1227,0.020126249478,0.021259229655,-0.001132980178
2022,T1_no_point_shrinkage_raked,1228,0.020270992516,0.021259229655,-0.000988237139
2022,T1_no_point_shrinkage_raked,1229,0.020306882209,0.021259229655,-0.000952347446
2022,T1_no_point_shrinkage_raked,1230,0.020370285919,0.021259229655,-0.000888943736
2022,T1_no_point_shrinkage_raked,1231,0.020200836061,0.021259229655,-0.001058393594
2022,T1_no_point_shrinkage_raked,1232,0.020245817339,0.021259229655,-0.001013412317
2022,T1_no_point_shrinkage_raked,1233,0.020135571542,0.021259229655,-0.001123658113
2022,T1_no_point_shrinkage_raked,1234,0.020216833522,0.021259229655,-0.001042396133
2022,T1_no_point_shrinkage_raked,1235,0.020261556059,0.021259229655,-0.000997673596
2022,T1_no_point_shrinkage_raked,1236,0.020371111920,0.021259229655,-0.000888117736
2022,T1_no_point_shrinkage_raked,1237,0.020185630394,0.021259229655,-0.001073599262
2022,T1_no_point_shrinkage_raked,1238,0.020309784713,0.021259229655,-0.000949444943
2022,T1_no_point_shrinkage_raked,1239,0.020314742156,0.021259229655,-0.000944487499
2022,T1_no_point_shrinkage_raked,1240,0.020354559196,0.021259229655,-0.000904670459
2022,T1_no_point_shrinkage_raked,1241,0.020330924069,0.021259229655,-0.000928305586
2022,T1_no_point_shrinkage_raked,1242,0.020361019261,0.021259229655,-0.000898210394
2022,T1_no_point_shrinkage_raked,1243,0.020206122097,0.021259229655,-0.001053107558
2022,T1_no_point_shrinkage_raked,1244,0.020242918496,0.021259229655,-0.001016311159
2022,T1_no_point_shrinkage_raked,1245,0.020270573938,0.021259229655,-0.000988655717
2022,T1_no_point_shrinkage_raked,1246,0.020416275860,0.021259229655,-0.000842953796
2022,T1_no_point_shrinkage_raked,1247,0.020270539320,0.021259229655,-0.000988690335
2022,T1_no_point_shrinkage_raked,1248,0.020317012941,0.021259229655,-0.000942216715
2022,T1_no_point_shrinkage_raked,1249,0.020371588986,0.021259229655,-0.000887640670
2022,T1_no_point_shrinkage_raked,1250,0.020356241765,0.021259229655,-0.000902987890
2022,T1_no_point_shrinkage_raked,1251,0.020227478364,0.021259229655,-0.001031751291
2022,T1_no_point_shrinkage_raked,1252,0.020639772422,0.021259229655,-0.000619457233
2022,T1_no_point_shrinkage_raked,1253,0.020420076498,0.021259229655,-0.000839153158
2022,T1_no_point_shrinkage_raked,1254,0.020304196055,0.021259229655,-0.000955033600
2022,T1_no_point_shrinkage_raked,1255,0.020215216251,0.021259229655,-0.001044013404
2022,T1_no_point_shrinkage_raked,1256,0.020322793571,0.021259229655,-0.000936436085
2022,T1_no_point_shrinkage_raked,1257,0.020385358182,0.021259229655,-0.000873871474
2022,T1_no_point_shrinkage_raked,1258,0.020196728757,0.021259229655,-0.001062500898
2022,T1_no_point_shrinkage_raked,1259,0.020376382431,0.021259229655,-0.000882847225
2022,T1_no_point_shrinkage_raked,1260,0.020267816941,0.021259229655,-0.000991412715
2022,T1_no_point_shrinkage_raked,1261,0.020347755172,0.021259229655,-0.000911474484
2022,T1_no_point_shrinkage_raked,1262,0.020263009516,0.021259229655,-0.000996220139
2022,T1_no_point_shrinkage_raked,1263,0.020268939144,0.021259229655,-0.000990290512
2022,T1_no_point_shrinkage_raked,1264,0.020237055351,0.021259229655,-0.001022174304
2022,T1_no_point_shrinkage_raked,1265,0.020238489605,0.021259229655,-0.001020740050
2022,T1_no_point_shrinkage_raked,1266,0.020359894023,0.021259229655,-0.000899335633
2022,T1_no_point_shrinkage_raked,1267,0.020259771722,0.021259229655,-0.000999457933
2022,T1_no_point_shrinkage_raked,1268,0.020459616970,0.021259229655,-0.000799612686
2022,T1_no_point_shrinkage_raked,1269,0.020152471558,0.021259229655,-0.001106758098
2022,T1_no_point_shrinkage_raked,1270,0.020298079030,0.021259229655,-0.000961150625
2022,T1_no_point_shrinkage_raked,1271,0.020360285054,0.021259229655,-0.000898944601
2022,T1_no_point_shrinkage_raked,1272,0.020181358178,0.021259229655,-0.001077871477
2022,T1_no_point_shrinkage_raked,1273,0.020439902040,0.021259229655,-0.000819327616
2022,T1_no_point_shrinkage_raked,1274,0.020199943406,0.021259229655,-0.001059286250
2022,T1_no_point_shrinkage_raked,1275,0.020371756302,0.021259229655,-0.000887473353
2022,T1_no_point_shrinkage_raked,1276,0.020118203118,0.021259229655,-0.001141026537
2022,T1_no_point_shrinkage_raked,1277,0.020081342432,0.021259229655,-0.001177887224
2022,T1_no_point_shrinkage_raked,1278,0.020118065264,0.021259229655,-0.001141164391
2022,T1_no_point_shrinkage_raked,1279,0.020215064376,0.021259229655,-0.001044165280
2022,T1_no_point_shrinkage_raked,1280,0.020214963534,0.021259229655,-0.001044266122
2022,T1_no_point_shrinkage_raked,1281,0.020196329838,0.021259229655,-0.001062899817
2022,T1_no_point_shrinkage_raked,1282,0.020254724674,0.021259229655,-0.001004504981
2022,T1_no_point_shrinkage_raked,1283,0.020305479022,0.021259229655,-0.000953750634
2022,T1_no_point_shrinkage_raked,1284,0.020367225175,0.021259229655,-0.000892004480
2022,T1_no_point_shrinkage_raked,1285,0.020443589254,0.021259229655,-0.000815640401
2022,T1_no_point_shrinkage_raked,1286,0.020162212408,0.021259229655,-0.001097017248
2022,T1_no_point_shrinkage_raked,1287,0.020339893227,0.021259229655,-0.000919336428
2022,T1_no_point_shrinkage_raked,1288,0.020321299067,0.021259229655,-0.000937930588
2022,T1_no_point_shrinkage_raked,1289,0.020274948815,0.021259229655,-0.000984280840
2022,T1_no_point_shrinkage_raked,1290,0.020253009717,0.021259229655,-0.001006219938
2022,T1_no_point_shrinkage_raked,1291,0.020332082655,0.021259229655,-0.000927147001
2022,T1_no_point_shrinkage_raked,1292,0.020367859304,0.021259229655,-0.000891370351
2022,T1_no_point_shrinkage_raked,1293,0.020317486719,0.021259229655,-0.000941742936
2022,T1_no_point_shrinkage_raked,1294,0.020344635196,0.021259229655,-0.000914594459
2022,T1_no_point_shrinkage_raked,1295,0.020350017474,0.021259229655,-0.000909212181
2022,T1_no_point_shrinkage_raked,1296,0.020129954077,0.021259229655,-0.001129275579
2022,T1_no_point_shrinkage_raked,1297,0.020404176020,0.021259229655,-0.000855053636
2022,T1_no_point_shrinkage_raked,1298,0.020337433550,0.021259229655,-0.000921796105
2022,T1_no_point_shrinkage_raked,1299,0.020222602802,0.021259229655,-0.001036626854
2022,T1_no_point_shrinkage_raked,1300,0.020313111949,0.021259229655,-0.000946117706
2022,T1_no_point_shrinkage_raked,1301,0.020231948012,0.021259229655,-0.001027281643
2022,T1_no_point_shrinkage_raked,1302,0.020337536141,0.021259229655,-0.000921693515
2022,T1_no_point_shrinkage_raked,1303,0.020391294231,0.021259229655,-0.000867935424
2022,T1_no_point_shrinkage_raked,1304,0.020150736691,0.021259229655,-0.001108492964
2022,T1_no_point_shrinkage_raked,1305,0.020345671740,0.021259229655,-0.000913557915
2022,T1_no_point_shrinkage_raked,1306,0.020137211868,0.021259229655,-0.001122017787
2022,T1_no_point_shrinkage_raked,1307,0.020058242529,0.021259229655,-0.001200987126
2022,T1_no_point_shrinkage_raked,1308,0.020393606314,0.021259229655,-0.000865623341
2022,T1_no_point_shrinkage_raked,1309,0.020315364162,0.021259229655,-0.000943865494
2022,T1_no_point_shrinkage_raked,1310,0.020421415487,0.021259229655,-0.000837814169
2022,T1_no_point_shrinkage_raked,1311,0.020246594339,0.021259229655,-0.001012635316
2022,T1_no_point_shrinkage_raked,1312,0.020299612084,0.021259229655,-0.000959617571
2022,T1_no_point_shrinkage_raked,1313,0.020418934778,0.021259229655,-0.000840294877
2022,T1_no_point_shrinkage_raked,1314,0.020249864986,0.021259229655,-0.001009364669
2022,T1_no_point_shrinkage_raked,1315,0.020318540678,0.021259229655,-0.000940688978
2022,T1_no_point_shrinkage_raked,1316,0.020225373216,0.021259229655,-0.001033856440
2022,T1_no_point_shrinkage_raked,1317,0.020252731403,0.021259229655,-0.001006498252
2022,T1_no_point_shrinkage_raked,1318,0.020385570445,0.021259229655,-0.000873659210
2022,T1_no_point_shrinkage_raked,1319,0.020298036751,0.021259229655,-0.000961192904
2022,T1_no_point_shrinkage_raked,1320,0.020398554346,0.021259229655,-0.000860675309
2022,T1_no_point_shrinkage_raked,1321,0.020537381463,0.021259229655,-0.000721848193
2022,T1_no_point_shrinkage_raked,1322,0.020289717978,0.021259229655,-0.000969511678
2022,T1_no_point_shrinkage_raked,1323,0.020268999703,0.021259229655,-0.000990229953
2022,T1_no_point_shrinkage_raked,1324,0.020176894890,0.021259229655,-0.001082334765
2022,T1_no_point_shrinkage_raked,1325,0.020277574255,0.021259229655,-0.000981655401
2022,T1_no_point_shrinkage_raked,1326,0.020284732057,0.021259229655,-0.000974497599
2022,T1_no_point_shrinkage_raked,1327,0.020210991900,0.021259229655,-0.001048237755
2022,T1_no_point_shrinkage_raked,1328,0.020287520912,0.021259229655,-0.000971708743
2022,T1_no_point_shrinkage_raked,1329,0.020184424478,0.021259229655,-0.001074805177
2022,T1_no_point_shrinkage_raked,1330,0.020356992502,0.021259229655,-0.000902237153
2022,T1_no_point_shrinkage_raked,1331,0.020250846697,0.021259229655,-0.001008382958
2022,T1_no_point_shrinkage_raked,1332,0.020211599583,0.021259229655,-0.001047630073
2022,T1_no_point_shrinkage_raked,1333,0.020046379878,0.021259229655,-0.001212849778
2022,T1_no_point_shrinkage_raked,1334,0.020283261237,0.021259229655,-0.000975968418
2022,T1_no_point_shrinkage_raked,1335,0.020319519700,0.021259229655,-0.000939709955
2022,T1_no_point_shrinkage_raked,1336,0.020272830619,0.021259229655,-0.000986399036
2022,T1_no_point_shrinkage_raked,1337,0.020248406420,0.021259229655,-0.001010823235
2022,T1_no_point_shrinkage_raked,1338,0.020415937802,0.021259229655,-0.000843291853
2022,T1_no_point_shrinkage_raked,1339,0.020352494935,0.021259229655,-0.000906734721
2022,T1_no_point_shrinkage_raked,1340,0.020388675936,0.021259229655,-0.000870553719
2022,T1_no_point_shrinkage_raked,1341,0.020203840400,0.021259229655,-0.001055389256
2022,T1_no_point_shrinkage_raked,1342,0.020184116368,0.021259229655,-0.001075113288
2022,T1_no_point_shrinkage_raked,1343,0.020358759458,0.021259229655,-0.000900470197
2022,T1_no_point_shrinkage_raked,1344,0.020290717440,0.021259229655,-0.000968512216
2022,T1_no_point_shrinkage_raked,1345,0.020108803077,0.021259229655,-0.001150426579
2022,T1_no_point_shrinkage_raked,1346,0.020298216223,0.021259229655,-0.000961013433
2022,T1_no_point_shrinkage_raked,1347,0.020209344740,0.021259229655,-0.001049884916
2022,T1_no_point_shrinkage_raked,1348,0.020135592166,0.021259229655,-0.001123637490
2022,T1_no_point_shrinkage_raked,1349,0.020193324613,0.021259229655,-0.001065905042
2022,T1_no_point_shrinkage_raked,1350,0.020505670041,0.021259229655,-0.000753559615
2022,T1_no_point_shrinkage_raked,1351,0.020589043962,0.021259229655,-0.000670185694
2022,T1_no_point_shrinkage_raked,1352,0.020194949504,0.021259229655,-0.001064280152
2022,T1_no_point_shrinkage_raked,1353,0.020399345002,0.021259229655,-0.000859884653
2022,T1_no_point_shrinkage_raked,1354,0.020133634801,0.021259229655,-0.001125594854
2022,T1_no_point_shrinkage_raked,1355,0.020347594781,0.021259229655,-0.000911634874
2022,T1_no_point_shrinkage_raked,1356,0.020284895078,0.021259229655,-0.000974334577
2022,T1_no_point_shrinkage_raked,1357,0.020419609630,0.021259229655,-0.000839620025
2022,T1_no_point_shrinkage_raked,1358,0.020269601735,0.021259229655,-0.000989627921
2022,T1_no_point_shrinkage_raked,1359,0.020321538557,0.021259229655,-0.000937691098
2022,T1_no_point_shrinkage_raked,1360,0.020092241714,0.021259229655,-0.001166987941
2022,T1_no_point_shrinkage_raked,1361,0.020201886018,0.021259229655,-0.001057343638
2022,T1_no_point_shrinkage_raked,1362,0.020261678657,0.021259229655,-0.000997550998
2022,T1_no_point_shrinkage_raked,1363,0.020254422696,0.021259229655,-0.001004806960
2022,T1_no_point_shrinkage_raked,1364,0.020362704250,0.021259229655,-0.000896525406
2022,T1_no_point_shrinkage_raked,1365,0.020203181259,0.021259229655,-0.001056048396
2022,T1_no_point_shrinkage_raked,1366,0.020405193362,0.021259229655,-0.000854036293
2022,T1_no_point_shrinkage_raked,1367,0.020309140164,0.021259229655,-0.000950089491
2022,T1_no_point_shrinkage_raked,1368,0.020309033903,0.021259229655,-0.000950195752
2022,T1_no_point_shrinkage_raked,1369,0.020188143593,0.021259229655,-0.001071086063
2022,T1_no_point_shrinkage_raked,1370,0.020211334098,0.021259229655,-0.001047895557
2022,T1_no_point_shrinkage_raked,1371,0.020478006755,0.021259229655,-0.000781222901
2022,T1_no_point_shrinkage_raked,1372,0.020658616155,0.021259229655,-0.000600613501
2022,T1_no_point_shrinkage_raked,1373,0.020389838546,0.021259229655,-0.000869391109
2022,T1_no_point_shrinkage_raked,1374,0.020209700871,0.021259229655,-0.001049528784
2022,T1_no_point_shrinkage_raked,1375,0.020209550321,0.021259229655,-0.001049679334
2022,T1_no_point_shrinkage_raked,1376,0.020257664098,0.021259229655,-0.001001565558
2022,T1_no_point_shrinkage_raked,1377,0.020375870462,0.021259229655,-0.000883359193
2022,T1_no_point_shrinkage_raked,1378,0.020228719535,0.021259229655,-0.001030510120
2022,T1_no_point_shrinkage_raked,1379,0.020292725997,0.021259229655,-0.000966503658
2022,T1_no_point_shrinkage_raked,1380,0.020274305916,0.021259229655,-0.000984923739
2022,T1_no_point_shrinkage_raked,1381,0.020216052271,0.021259229655,-0.001043177384
2022,T1_no_point_shrinkage_raked,1382,0.020323002774,0.021259229655,-0.000936226882
2022,T1_no_point_shrinkage_raked,1383,0.020395099424,0.021259229655,-0.000864130231
2022,T1_no_point_shrinkage_raked,1384,0.020283408889,0.021259229655,-0.000975820767
2022,T1_no_point_shrinkage_raked,1385,0.020184348162,0.021259229655,-0.001074881494
2022,T1_no_point_shrinkage_raked,1386,0.020380769935,0.021259229655,-0.000878459720
2022,T1_no_point_shrinkage_raked,1387,0.020407769929,0.021259229655,-0.000851459726
2022,T1_no_point_shrinkage_raked,1388,0.020281298355,0.021259229655,-0.000977931301
2022,T1_no_point_shrinkage_raked,1389,0.020184452001,0.021259229655,-0.001074777654
2022,T1_no_point_shrinkage_raked,1390,0.020387112201,0.021259229655,-0.000872117455
2022,T1_no_point_shrinkage_raked,1391,0.020227545871,0.021259229655,-0.001031683785
2022,T1_no_point_shrinkage_raked,1392,0.020192888956,0.021259229655,-0.001066340700
2022,T1_no_point_shrinkage_raked,1393,0.020407515283,0.021259229655,-0.000851714373
2022,T1_no_point_shrinkage_raked,1394,0.020295293329,0.021259229655,-0.000963936327
2022,T1_no_point_shrinkage_raked,1395,0.020318833396,0.021259229655,-0.000940396259
2022,T1_no_point_shrinkage_raked,1396,0.020224665275,0.021259229655,-0.001034564381
2022,T1_no_point_shrinkage_raked,1397,0.020278539320,0.021259229655,-0.000980690335
2022,T1_no_point_shrinkage_raked,1398,0.020168728418,0.021259229655,-0.001090501237
2022,T1_no_point_shrinkage_raked,1399,0.020273930780,0.021259229655,-0.000985298876
2022,T1_no_point_shrinkage_raked,1400,0.020295766581,0.021259229655,-0.000963463074
2022,T1_no_point_shrinkage_raked,1401,0.020236182278,0.021259229655,-0.001023047378
2022,T1_no_point_shrinkage_raked,1402,0.020027407937,0.021259229655,-0.001231821718
2022,T1_no_point_shrinkage_raked,1403,0.020268823144,0.021259229655,-0.000990406511
2022,T1_no_point_shrinkage_raked,1404,0.020277407336,0.021259229655,-0.000981822319
2022,T1_no_point_shrinkage_raked,1405,0.020186662604,0.021259229655,-0.001072567051
2022,T1_no_point_shrinkage_raked,1406,0.020197395159,0.021259229655,-0.001061834497
2022,T1_no_point_shrinkage_raked,1407,0.020087989838,0.021259229655,-0.001171239818
2022,T1_no_point_shrinkage_raked,1408,0.020067541433,0.021259229655,-0.001191688222
2022,T1_no_point_shrinkage_raked,1409,0.020266272539,0.021259229655,-0.000992957116
2022,T1_no_point_shrinkage_raked,1410,0.020371616212,0.021259229655,-0.000887613443
2022,T1_no_point_shrinkage_raked,1411,0.020276082148,0.021259229655,-0.000983147508
2022,T1_no_point_shrinkage_raked,1412,0.020455951200,0.021259229655,-0.000803278455
2022,T1_no_point_shrinkage_raked,1413,0.020296967838,0.021259229655,-0.000962261817
2022,T1_no_point_shrinkage_raked,1414,0.020347818587,0.021259229655,-0.000911411068
2022,T1_no_point_shrinkage_raked,1415,0.020232960118,0.021259229655,-0.001026269538
2022,T1_no_point_shrinkage_raked,1416,0.020153418243,0.021259229655,-0.001105811412
2022,T1_no_point_shrinkage_raked,1417,0.020460343068,0.021259229655,-0.000798886588
2022,T1_no_point_shrinkage_raked,1418,0.020209828283,0.021259229655,-0.001049401373
2022,T1_no_point_shrinkage_raked,1419,0.020286386221,0.021259229655,-0.000972843434
2022,T1_no_point_shrinkage_raked,1420,0.020421927998,0.021259229655,-0.000837301657
2022,T1_no_point_shrinkage_raked,1421,0.020286035572,0.021259229655,-0.000973194083
2022,T1_no_point_shrinkage_raked,1422,0.020230849083,0.021259229655,-0.001028380572
2022,T1_no_point_shrinkage_raked,1423,0.020323834640,0.021259229655,-0.000935395015
2022,T1_no_point_shrinkage_raked,1424,0.020155429693,0.021259229655,-0.001103799962
2022,T1_no_point_shrinkage_raked,1425,0.020219816852,0.021259229655,-0.001039412803
2022,T1_no_point_shrinkage_raked,1426,0.020625132031,0.021259229655,-0.000634097625
2022,T1_no_point_shrinkage_raked,1427,0.020161560216,0.021259229655,-0.001097669440
2022,T1_no_point_shrinkage_raked,1428,0.020329065874,0.021259229655,-0.000930163781
2022,T1_no_point_shrinkage_raked,1429,0.020132564108,0.021259229655,-0.001126665548
2022,T1_no_point_shrinkage_raked,1430,0.020418496038,0.021259229655,-0.000840733617
2022,T1_no_point_shrinkage_raked,1431,0.020210084586,0.021259229655,-0.001049145070
2022,T1_no_point_shrinkage_raked,1432,0.020322011648,0.021259229655,-0.000937218007
2022,T1_no_point_shrinkage_raked,1433,0.020447626924,0.021259229655,-0.000811602732
2022,T1_no_point_shrinkage_raked,1434,0.020229175201,0.021259229655,-0.001030054455
2022,T1_no_point_shrinkage_raked,1435,0.020219282558,0.021259229655,-0.001039947097
2022,T1_no_point_shrinkage_raked,1436,0.020245340190,0.021259229655,-0.001013889466
2022,T1_no_point_shrinkage_raked,1437,0.020185750644,0.021259229655,-0.001073479011
2022,T1_no_point_shrinkage_raked,1438,0.020432384933,0.021259229655,-0.000826844723
2022,T1_no_point_shrinkage_raked,1439,0.020082592236,0.021259229655,-0.001176637419
2022,T1_no_point_shrinkage_raked,1440,0.020496673722,0.021259229655,-0.000762555934
2022,T1_no_point_shrinkage_raked,1441,0.020284153775,0.021259229655,-0.000975075880
2022,T1_no_point_shrinkage_raked,1442,0.020268248315,0.021259229655,-0.000990981341
2022,T1_no_point_shrinkage_raked,1443,0.020140562217,0.021259229655,-0.001118667438
2022,T1_no_point_shrinkage_raked,1444,0.020202126881,0.021259229655,-0.001057102775
2022,T1_no_point_shrinkage_raked,1445,0.020192631307,0.021259229655,-0.001066598348
2022,T1_no_point_shrinkage_raked,1446,0.020531682107,0.021259229655,-0.000727547549
2022,T1_no_point_shrinkage_raked,1447,0.020244917251,0.021259229655,-0.001014312405
2022,T1_no_point_shrinkage_raked,1448,0.020290013580,0.021259229655,-0.000969216075
2022,T1_no_point_shrinkage_raked,1449,0.020299598359,0.021259229655,-0.000959631297
2022,T1_no_point_shrinkage_raked,1450,0.020360973333,0.021259229655,-0.000898256322
2022,T1_no_point_shrinkage_raked,1451,0.020222164625,0.021259229655,-0.001037065030
2022,T1_no_point_shrinkage_raked,1452,0.020396139081,0.021259229655,-0.000863090574
2022,T1_no_point_shrinkage_raked,1453,0.020301126430,0.021259229655,-0.000958103226
2022,T1_no_point_shrinkage_raked,1454,0.020207677473,0.021259229655,-0.001051552182
2022,T1_no_point_shrinkage_raked,1455,0.020322483597,0.021259229655,-0.000936746058
2022,T1_no_point_shrinkage_raked,1456,0.020297787923,0.021259229655,-0.000961441732
2022,T1_no_point_shrinkage_raked,1457,0.020257073682,0.021259229655,-0.001002155974
2022,T1_no_point_shrinkage_raked,1458,0.020403918016,0.021259229655,-0.000855311640
2022,T1_no_point_shrinkage_raked,1459,0.020333240960,0.021259229655,-0.000925988696
2022,T1_no_point_shrinkage_raked,1460,0.020092925662,0.021259229655,-0.001166303994
2022,T1_no_point_shrinkage_raked,1461,0.020286878455,0.021259229655,-0.000972351200
2022,T1_no_point_shrinkage_raked,1462,0.020302944571,0.021259229655,-0.000956285085
2022,T1_no_point_shrinkage_raked,1463,0.020219824075,0.021259229655,-0.001039405580
2022,T1_no_point_shrinkage_raked,1464,0.020154623501,0.021259229655,-0.001104606154
2022,T1_no_point_shrinkage_raked,1465,0.020233614904,0.021259229655,-0.001025614751
2022,T1_no_point_shrinkage_raked,1466,0.020478833298,0.021259229655,-0.000780396357
2022,T1_no_point_shrinkage_raked,1467,0.020285647237,0.021259229655,-0.000973582419
2022,T1_no_point_shrinkage_raked,1468,0.020364906222,0.021259229655,-0.000894323434
2022,T1_no_point_shrinkage_raked,1469,0.020382956702,0.021259229655,-0.000876272953
2022,T1_no_point_shrinkage_raked,1470,0.020277529035,0.021259229655,-0.000981700620
2022,T1_no_point_shrinkage_raked,1471,0.020164178375,0.021259229655,-0.001095051280
2022,T1_no_point_shrinkage_raked,1472,0.020328260566,0.021259229655,-0.000930969089
2022,T1_no_point_shrinkage_raked,1473,0.020430660527,0.021259229655,-0.000828569128
2022,T1_no_point_shrinkage_raked,1474,0.020234357484,0.021259229655,-0.001024872171
2022,T1_no_point_shrinkage_raked,1475,0.020394824312,0.021259229655,-0.000864405344
2022,T1_no_point_shrinkage_raked,1476,0.020186913129,0.021259229655,-0.001072316526
2022,T1_no_point_shrinkage_raked,1477,0.020289785221,0.021259229655,-0.000969444434
2022,T1_no_point_shrinkage_raked,1478,0.020197691055,0.021259229655,-0.001061538600
2022,T1_no_point_shrinkage_raked,1479,0.020248598730,0.021259229655,-0.001010630925
2022,T1_no_point_shrinkage_raked,1480,0.020358654801,0.021259229655,-0.000900574854
2022,T1_no_point_shrinkage_raked,1481,0.020218336757,0.021259229655,-0.001040892899
2022,T1_no_point_shrinkage_raked,1482,0.020468349227,0.021259229655,-0.000790880429
2022,T1_no_point_shrinkage_raked,1483,0.020236182971,0.021259229655,-0.001023046684
2022,T1_no_point_shrinkage_raked,1484,0.020228729611,0.021259229655,-0.001030500044
2022,T1_no_point_shrinkage_raked,1485,0.020337389203,0.021259229655,-0.000921840453
2022,T1_no_point_shrinkage_raked,1486,0.020350464147,0.021259229655,-0.000908765508
2022,T1_no_point_shrinkage_raked,1487,0.020284199339,0.021259229655,-0.000975030317
2022,T1_no_point_shrinkage_raked,1488,0.020148131755,0.021259229655,-0.001111097900
2022,T1_no_point_shrinkage_raked,1489,0.020243136135,0.021259229655,-0.001016093520
2022,T1_no_point_shrinkage_raked,1490,0.020381220793,0.021259229655,-0.000878008862
2022,T1_no_point_shrinkage_raked,1491,0.020219270426,0.021259229655,-0.001039959230
2022,T1_no_point_shrinkage_raked,1492,0.020247611594,0.021259229655,-0.001011618062
2022,T1_no_point_shrinkage_raked,1493,0.020271335014,0.021259229655,-0.000987894642
2022,T1_no_point_shrinkage_raked,1494,0.020109135921,0.021259229655,-0.001150093735
2022,T1_no_point_shrinkage_raked,1495,0.020359879697,0.021259229655,-0.000899349958
2022,T1_no_point_shrinkage_raked,1496,0.020320377230,0.021259229655,-0.000938852425
2022,T1_no_point_shrinkage_raked,1497,0.020149064648,0.021259229655,-0.001110165008
2022,T1_no_point_shrinkage_raked,1498,0.020341052151,0.021259229655,-0.000918177504
2022,T1_no_point_shrinkage_raked,1499,0.020454175550,0.021259229655,-0.000805054106
2022,T1_no_point_shrinkage_raked,1500,0.020144944614,0.021259229655,-0.001114285041
2022,T1_no_point_shrinkage_raked,1501,0.020331847339,0.021259229655,-0.000927382316
2022,T1_no_point_shrinkage_raked,1502,0.020263467796,0.021259229655,-0.000995761859
2022,T1_no_point_shrinkage_raked,1503,0.020308060768,0.021259229655,-0.000951168888
2022,T1_no_point_shrinkage_raked,1504,0.020311243370,0.021259229655,-0.000947986285
2022,T1_no_point_shrinkage_raked,1505,0.020377796313,0.021259229655,-0.000881433342
2022,T1_no_point_shrinkage_raked,1506,0.020354490439,0.021259229655,-0.000904739217
2022,T1_no_point_shrinkage_raked,1507,0.020042537449,0.021259229655,-0.001216692206
2022,T1_no_point_shrinkage_raked,1508,0.020184431278,0.021259229655,-0.001074798377
2022,T1_no_point_shrinkage_raked,1509,0.020227999296,0.021259229655,-0.001031230359
2022,T1_no_point_shrinkage_raked,1510,0.020384616839,0.021259229655,-0.000874612816
2022,T1_no_point_shrinkage_raked,1511,0.020382891992,0.021259229655,-0.000876337664
2022,T1_no_point_shrinkage_raked,1512,0.020172977842,0.021259229655,-0.001086251813
2022,T1_no_point_shrinkage_raked,1513,0.020093854051,0.021259229655,-0.001165375605
2022,T1_no_point_shrinkage_raked,1514,0.020464715178,0.021259229655,-0.000794514477
2022,T1_no_point_shrinkage_raked,1515,0.020275317713,0.021259229655,-0.000983911943
2022,T1_no_point_shrinkage_raked,1516,0.020301440218,0.021259229655,-0.000957789437
2022,T1_no_point_shrinkage_raked,1517,0.020308309437,0.021259229655,-0.000950920218
2022,T1_no_point_shrinkage_raked,1518,0.020307874827,0.021259229655,-0.000951354829
2022,T1_no_point_shrinkage_raked,1519,0.020422445102,0.021259229655,-0.000836784553
2022,T1_no_point_shrinkage_raked,1520,0.020155171236,0.021259229655,-0.001104058419
2022,T1_no_point_shrinkage_raked,1521,0.020332496537,0.021259229655,-0.000926733118
2022,T1_no_point_shrinkage_raked,1522,0.020404330415,0.021259229655,-0.000854899241
2022,T1_no_point_shrinkage_raked,1523,0.020178867177,0.021259229655,-0.001080362478
2022,T1_no_point_shrinkage_raked,1524,0.020236243757,0.021259229655,-0.001022985898
2022,T1_no_point_shrinkage_raked,1525,0.020412713916,0.021259229655,-0.000846515739
2022,T1_no_point_shrinkage_raked,1526,0.020125919961,0.021259229655,-0.001133309695
2022,T1_no_point_shrinkage_raked,1527,0.020275009948,0.021259229655,-0.000984219708
2022,T1_no_point_shrinkage_raked,1528,0.020213990257,0.021259229655,-0.001045239398
2022,T1_no_point_shrinkage_raked,1529,0.020298546528,0.021259229655,-0.000960683128
2022,T1_no_point_shrinkage_raked,1530,0.020252028853,0.021259229655,-0.001007200803
2022,T1_no_point_shrinkage_raked,1531,0.020208774307,0.021259229655,-0.001050455349
2022,T1_no_point_shrinkage_raked,1532,0.020396343285,0.021259229655,-0.000862886371
2022,T1_no_point_shrinkage_raked,1533,0.020402496816,0.021259229655,-0.000856732839
2022,T1_no_point_shrinkage_raked,1534,0.020357904721,0.021259229655,-0.000901324934
2022,T1_no_point_shrinkage_raked,1535,0.020399125100,0.021259229655,-0.000860104555
2022,T1_no_point_shrinkage_raked,1536,0.020090508189,0.021259229655,-0.001168721467
2022,T1_no_point_shrinkage_raked,1537,0.020295919454,0.021259229655,-0.000963310201
2022,T1_no_point_shrinkage_raked,1538,0.020154822742,0.021259229655,-0.001104406913
2022,T1_no_point_shrinkage_raked,1539,0.020252034354,0.021259229655,-0.001007195301
2022,T1_no_point_shrinkage_raked,1540,0.020430779611,0.021259229655,-0.000828450045
2022,T1_no_point_shrinkage_raked,1541,0.020037886208,0.021259229655,-0.001221343447
2022,T1_no_point_shrinkage_raked,1542,0.020446571988,0.021259229655,-0.000812657667
2022,T1_no_point_shrinkage_raked,1543,0.020270523694,0.021259229655,-0.000988705961
2022,T1_no_point_shrinkage_raked,1544,0.020225708392,0.021259229655,-0.001033521263
2022,T1_no_point_shrinkage_raked,1545,0.020307489432,0.021259229655,-0.000951740223
2022,T1_no_point_shrinkage_raked,1546,0.020610986563,0.021259229655,-0.000648243093
2022,T1_no_point_shrinkage_raked,1547,0.020178741201,0.021259229655,-0.001080488455
2022,T1_no_point_shrinkage_raked,1548,0.020302409304,0.021259229655,-0.000956820351
2022,T1_no_point_shrinkage_raked,1549,0.020269503552,0.021259229655,-0.000989726103
2022,T1_no_point_shrinkage_raked,1550,0.020332862150,0.021259229655,-0.000926367505
2022,T1_no_point_shrinkage_raked,1551,0.020183565018,0.021259229655,-0.001075664637
2022,T1_no_point_shrinkage_raked,1552,0.020337902689,0.021259229655,-0.000921326966
2022,T1_no_point_shrinkage_raked,1553,0.020370446144,0.021259229655,-0.000888783511
2022,T1_no_point_shrinkage_raked,1554,0.020468731836,0.021259229655,-0.000790497819
2022,T1_no_point_shrinkage_raked,1555,0.020288497532,0.021259229655,-0.000970732123
2022,T1_no_point_shrinkage_raked,1556,0.020322553851,0.021259229655,-0.000936675805
2022,T1_no_point_shrinkage_raked,1557,0.020223877730,0.021259229655,-0.001035351926
2022,T1_no_point_shrinkage_raked,1558,0.020394711212,0.021259229655,-0.000864518444
2022,T1_no_point_shrinkage_raked,1559,0.020333112173,0.021259229655,-0.000926117482
2022,T1_no_point_shrinkage_raked,1560,0.020184771122,0.021259229655,-0.001074458534
2022,T1_no_point_shrinkage_raked,1561,0.020205439376,0.021259229655,-0.001053790279
2022,T1_no_point_shrinkage_raked,1562,0.020175488952,0.021259229655,-0.001083740704
2022,T1_no_point_shrinkage_raked,1563,0.020365778866,0.021259229655,-0.000893450789
2022,T1_no_point_shrinkage_raked,1564,0.020446945807,0.021259229655,-0.000812283849
2022,T1_no_point_shrinkage_raked,1565,0.020122469242,0.021259229655,-0.001136760414
2022,T1_no_point_shrinkage_raked,1566,0.020255264192,0.021259229655,-0.001003965464
2022,T1_no_point_shrinkage_raked,1567,0.020317309661,0.021259229655,-0.000941919995
2022,T1_no_point_shrinkage_raked,1568,0.020324946316,0.021259229655,-0.000934283340
2022,T1_no_point_shrinkage_raked,1569,0.020517650352,0.021259229655,-0.000741579304
2022,T1_no_point_shrinkage_raked,1570,0.020348446558,0.021259229655,-0.000910783098
2022,T1_no_point_shrinkage_raked,1571,0.020512544818,0.021259229655,-0.000746684837
2022,T1_no_point_shrinkage_raked,1572,0.020505854024,0.021259229655,-0.000753375631
2022,T1_no_point_shrinkage_raked,1573,0.020351724647,0.021259229655,-0.000907505008
2022,T1_no_point_shrinkage_raked,1574,0.020365690988,0.021259229655,-0.000893538668
2022,T1_no_point_shrinkage_raked,1575,0.020264013780,0.021259229655,-0.000995215875
2022,T1_no_point_shrinkage_raked,1576,0.020141705763,0.021259229655,-0.001117523892
2022,T1_no_point_shrinkage_raked,1577,0.020210825562,0.021259229655,-0.001048404093
2022,T1_no_point_shrinkage_raked,1578,0.020254126112,0.021259229655,-0.001005103543
2022,T1_no_point_shrinkage_raked,1579,0.020280008190,0.021259229655,-0.000979221465
2022,T1_no_point_shrinkage_raked,1580,0.020394473496,0.021259229655,-0.000864756160
2022,T1_no_point_shrinkage_raked,1581,0.020365296627,0.021259229655,-0.000893933028
2022,T1_no_point_shrinkage_raked,1582,0.020231199264,0.021259229655,-0.001028030391
2022,T1_no_point_shrinkage_raked,1583,0.020272676057,0.021259229655,-0.000986553598
2022,T1_no_point_shrinkage_raked,1584,0.020336642768,0.021259229655,-0.000922586887
2022,T1_no_point_shrinkage_raked,1585,0.020251352065,0.021259229655,-0.001007877590
2022,T1_no_point_shrinkage_raked,1586,0.020159276712,0.021259229655,-0.001099952943
2022,T1_no_point_shrinkage_raked,1587,0.020237741191,0.021259229655,-0.001021488464
2022,T1_no_point_shrinkage_raked,1588,0.020351026311,0.021259229655,-0.000908203344
2022,T1_no_point_shrinkage_raked,1589,0.020360174993,0.021259229655,-0.000899054663
2022,T1_no_point_shrinkage_raked,1590,0.020278063425,0.021259229655,-0.000981166230
2022,T1_no_point_shrinkage_raked,1591,0.020178035206,0.021259229655,-0.001081194450
2022,T1_no_point_shrinkage_raked,1592,0.020284557779,0.021259229655,-0.000974671877
2022,T1_no_point_shrinkage_raked,1593,0.020383137135,0.021259229655,-0.000876092521
2022,T1_no_point_shrinkage_raked,1594,0.020207407504,0.021259229655,-0.001051822151
2022,T1_no_point_shrinkage_raked,1595,0.020462405638,0.021259229655,-0.000796824018
2022,T1_no_point_shrinkage_raked,1596,0.020392742190,0.021259229655,-0.000866487466
2022,T1_no_point_shrinkage_raked,1597,0.020500878305,0.021259229655,-0.000758351351
2022,T1_no_point_shrinkage_raked,1598,0.020411708408,0.021259229655,-0.000847521248
2022,T1_no_point_shrinkage_raked,1599,0.020137620277,0.021259229655,-0.001121609379
2022,T1_no_point_shrinkage_raked,1600,0.020363553864,0.021259229655,-0.000895675791
2022,T1_no_point_shrinkage_raked,1601,0.020267050202,0.021259229655,-0.000992179453
2022,T1_no_point_shrinkage_raked,1602,0.020263713875,0.021259229655,-0.000995515780
2022,T1_no_point_shrinkage_raked,1603,0.020325968326,0.021259229655,-0.000933261329
2022,T1_no_point_shrinkage_raked,1604,0.020152320343,0.021259229655,-0.001106909312
2022,T1_no_point_shrinkage_raked,1605,0.020191562931,0.021259229655,-0.001067666725
2022,T1_no_point_shrinkage_raked,1606,0.020380274443,0.021259229655,-0.000878955213
2022,T1_no_point_shrinkage_raked,1607,0.020336403231,0.021259229655,-0.000922826424
2022,T1_no_point_shrinkage_raked,1608,0.020374784692,0.021259229655,-0.000884444963
2022,T1_no_point_shrinkage_raked,1609,0.020131119170,0.021259229655,-0.001128110486
2022,T1_no_point_shrinkage_raked,1610,0.020507155702,0.021259229655,-0.000752073954
2022,T1_no_point_shrinkage_raked,1611,0.020488053455,0.021259229655,-0.000771176200
2022,T1_no_point_shrinkage_raked,1612,0.020432278833,0.021259229655,-0.000826950823
2022,T1_no_point_shrinkage_raked,1613,0.020333245189,0.021259229655,-0.000925984466
2022,T1_no_point_shrinkage_raked,1614,0.020346071744,0.021259229655,-0.000913157911
2022,T1_no_point_shrinkage_raked,1615,0.020181638007,0.021259229655,-0.001077591648
2022,T1_no_point_shrinkage_raked,1616,0.020238299498,0.021259229655,-0.001020930157
2022,T1_no_point_shrinkage_raked,1617,0.020459333064,0.021259229655,-0.000799896591
2022,T1_no_point_shrinkage_raked,1618,0.020116535695,0.021259229655,-0.001142693960
2022,T1_no_point_shrinkage_raked,1619,0.020324613427,0.021259229655,-0.000934616228
2022,T1_no_point_shrinkage_raked,1620,0.020406695489,0.021259229655,-0.000852534166
2022,T1_no_point_shrinkage_raked,1621,0.020492054154,0.021259229655,-0.000767175502
2022,T1_no_point_shrinkage_raked,1622,0.020456326067,0.021259229655,-0.000802903589
2022,T1_no_point_shrinkage_raked,1623,0.020293760879,0.021259229655,-0.000965468776
2022,T1_no_point_shrinkage_raked,1624,0.020399093493,0.021259229655,-0.000860136163
2022,T1_no_point_shrinkage_raked,1625,0.020274475291,0.021259229655,-0.000984754365
2022,T1_no_point_shrinkage_raked,1626,0.020150165892,0.021259229655,-0.001109063763
2022,T1_no_point_shrinkage_raked,1627,0.020186089270,0.021259229655,-0.001073140385
2022,T1_no_point_shrinkage_raked,1628,0.020501632861,0.021259229655,-0.000757596794
2022,T1_no_point_shrinkage_raked,1629,0.020451496850,0.021259229655,-0.000807732806
2022,T1_no_point_shrinkage_raked,1630,0.020339350871,0.021259229655,-0.000919878784
2022,T1_no_point_shrinkage_raked,1631,0.020470906564,0.021259229655,-0.000788323091
2022,T1_no_point_shrinkage_raked,1632,0.020367016382,0.021259229655,-0.000892213273
2022,T1_no_point_shrinkage_raked,1633,0.020492337354,0.021259229655,-0.000766892302
2022,T1_no_point_shrinkage_raked,1634,0.020442722639,0.021259229655,-0.000816507016
2022,T1_no_point_shrinkage_raked,1635,0.020209469165,0.021259229655,-0.001049760490
2022,T1_no_point_shrinkage_raked,1636,0.020222833694,0.021259229655,-0.001036395961
2022,T1_no_point_shrinkage_raked,1637,0.020099301962,0.021259229655,-0.001159927694
2022,T1_no_point_shrinkage_raked,1638,0.020272010561,0.021259229655,-0.000987219094
2022,T1_no_point_shrinkage_raked,1639,0.020247588725,0.021259229655,-0.001011640930
2022,T1_no_point_shrinkage_raked,1640,0.020295756173,0.021259229655,-0.000963473483
2022,T1_no_point_shrinkage_raked,1641,0.020360725452,0.021259229655,-0.000898504203
2022,T1_no_point_shrinkage_raked,1642,0.020340468304,0.021259229655,-0.000918761351
2022,T1_no_point_shrinkage_raked,1643,0.020375161869,0.021259229655,-0.000884067787
2022,T1_no_point_shrinkage_raked,1644,0.020364051140,0.021259229655,-0.000895178515
2022,T1_no_point_shrinkage_raked,1645,0.020261791523,0.021259229655,-0.000997438132
2022,T1_no_point_shrinkage_raked,1646,0.020088962202,0.021259229655,-0.001170267453
2022,T1_no_point_shrinkage_raked,1647,0.020259378097,0.021259229655,-0.000999851558
2022,T1_no_point_shrinkage_raked,1648,0.020262779669,0.021259229655,-0.000996449986
2022,T1_no_point_shrinkage_raked,1649,0.020337046696,0.021259229655,-0.000922182959
2022,T1_no_point_shrinkage_raked,1650,0.020219975406,0.021259229655,-0.001039254249
2022,T1_no_point_shrinkage_raked,1651,0.020356693247,0.021259229655,-0.000902536408
2022,T1_no_point_shrinkage_raked,1652,0.020332238939,0.021259229655,-0.000926990717
2022,T1_no_point_shrinkage_raked,1653,0.020381516171,0.021259229655,-0.000877713485
2022,T1_no_point_shrinkage_raked,1654,0.020452836102,0.021259229655,-0.000806393553
2022,T1_no_point_shrinkage_raked,1655,0.020271084236,0.021259229655,-0.000988145420
2022,T1_no_point_shrinkage_raked,1656,0.020411719399,0.021259229655,-0.000847510257
2022,T1_no_point_shrinkage_raked,1657,0.020388756383,0.021259229655,-0.000870473272
2022,T1_no_point_shrinkage_raked,1658,0.020286531789,0.021259229655,-0.000972697867
2022,T1_no_point_shrinkage_raked,1659,0.020323307541,0.021259229655,-0.000935922114
2022,T1_no_point_shrinkage_raked,1660,0.020256247028,0.021259229655,-0.001002982628
2022,T1_no_point_shrinkage_raked,1661,0.020272499603,0.021259229655,-0.000986730053
2022,T1_no_point_shrinkage_raked,1662,0.020308871941,0.021259229655,-0.000950357714
2022,T1_no_point_shrinkage_raked,1663,0.020314241906,0.021259229655,-0.000944987749
2022,T1_no_point_shrinkage_raked,1664,0.020486589614,0.021259229655,-0.000772640042
2022,T1_no_point_shrinkage_raked,1665,0.020338042160,0.021259229655,-0.000921187495
2022,T1_no_point_shrinkage_raked,1666,0.020159482040,0.021259229655,-0.001099747616
2022,T1_no_point_shrinkage_raked,1667,0.020435429674,0.021259229655,-0.000823799981
2022,T1_no_point_shrinkage_raked,1668,0.020570753546,0.021259229655,-0.000688476109
2022,T1_no_point_shrinkage_raked,1669,0.020435812301,0.021259229655,-0.000823417354
2022,T1_no_point_shrinkage_raked,1670,0.020328553812,0.021259229655,-0.000930675844
2022,T1_no_point_shrinkage_raked,1671,0.020439784382,0.021259229655,-0.000819445273
2022,T1_no_point_shrinkage_raked,1672,0.020507103264,0.021259229655,-0.000752126391
2022,T1_no_point_shrinkage_raked,1673,0.020224834897,0.021259229655,-0.001034394759
2022,T1_no_point_shrinkage_raked,1674,0.020311236039,0.021259229655,-0.000947993616
2022,T1_no_point_shrinkage_raked,1675,0.020571666298,0.021259229655,-0.000687563357
2022,T1_no_point_shrinkage_raked,1676,0.020302576066,0.021259229655,-0.000956653590
2022,T1_no_point_shrinkage_raked,1677,0.020262959687,0.021259229655,-0.000996269968
2022,T1_no_point_shrinkage_raked,1678,0.020257902099,0.021259229655,-0.001001327556
2022,T1_no_point_shrinkage_raked,1679,0.020452304001,0.021259229655,-0.000806925655
2022,T1_no_point_shrinkage_raked,1680,0.020404087892,0.021259229655,-0.000855141763
2022,T1_no_point_shrinkage_raked,1681,0.020231064604,0.021259229655,-0.001028165051
2022,T1_no_point_shrinkage_raked,1682,0.020114243441,0.021259229655,-0.001144986214
2022,T1_no_point_shrinkage_raked,1683,0.020374104650,0.021259229655,-0.000885125006
2022,T1_no_point_shrinkage_raked,1684,0.020278988356,0.021259229655,-0.000980241300
2022,T1_no_point_shrinkage_raked,1685,0.020258933573,0.021259229655,-0.001000296082
2022,T1_no_point_shrinkage_raked,1686,0.020228941670,0.021259229655,-0.001030287985
2022,T1_no_point_shrinkage_raked,1687,0.020299177803,0.021259229655,-0.000960051853
2022,T1_no_point_shrinkage_raked,1688,0.020239918507,0.021259229655,-0.001019311148
2022,T1_no_point_shrinkage_raked,1689,0.020240632022,0.021259229655,-0.001018597634
2022,T1_no_point_shrinkage_raked,1690,0.020257503194,0.021259229655,-0.001001726462
2022,T1_no_point_shrinkage_raked,1691,0.020160682520,0.021259229655,-0.001098547136
2022,T1_no_point_shrinkage_raked,1692,0.020218679317,0.021259229655,-0.001040550338
2022,T1_no_point_shrinkage_raked,1693,0.020237392757,0.021259229655,-0.001021836899
2022,T1_no_point_shrinkage_raked,1694,0.020193555858,0.021259229655,-0.001065673798
2022,T1_no_point_shrinkage_raked,1695,0.020247801446,0.021259229655,-0.001011428209
2022,T1_no_point_shrinkage_raked,1696,0.020229542834,0.021259229655,-0.001029686821
2022,T1_no_point_shrinkage_raked,1697,0.020378818286,0.021259229655,-0.000880411369
2022,T1_no_point_shrinkage_raked,1698,0.020340651619,0.021259229655,-0.000918578036
2022,T1_no_point_shrinkage_raked,1699,0.020089086635,0.021259229655,-0.001170143020
2022,T1_no_point_shrinkage_raked,1700,0.020153069752,0.021259229655,-0.001106159903
2022,T1_no_point_shrinkage_raked,1701,0.020346114573,0.021259229655,-0.000913115083
2022,T1_no_point_shrinkage_raked,1702,0.020455026704,0.021259229655,-0.000804202952
2022,T1_no_point_shrinkage_raked,1703,0.020212563213,0.021259229655,-0.001046666442
2022,T1_no_point_shrinkage_raked,1704,0.020069418734,0.021259229655,-0.001189810922
2022,T1_no_point_shrinkage_raked,1705,0.020311707370,0.021259229655,-0.000947522286
2022,T1_no_point_shrinkage_raked,1706,0.020262534412,0.021259229655,-0.000996695243
2022,T1_no_point_shrinkage_raked,1707,0.020312198695,0.021259229655,-0.000947030960
2022,T1_no_point_shrinkage_raked,1708,0.020326517444,0.021259229655,-0.000932712211
2022,T1_no_point_shrinkage_raked,1709,0.020411186989,0.021259229655,-0.000848042666
2022,T1_no_point_shrinkage_raked,1710,0.020403979631,0.021259229655,-0.000855250024
2022,T1_no_point_shrinkage_raked,1711,0.020556511565,0.021259229655,-0.000702718091
2022,T1_no_point_shrinkage_raked,1712,0.020542347000,0.021259229655,-0.000716882655
2022,T1_no_point_shrinkage_raked,1713,0.020492341367,0.021259229655,-0.000766888288
2022,T1_no_point_shrinkage_raked,1714,0.020175416701,0.021259229655,-0.001083812955
2022,T1_no_point_shrinkage_raked,1715,0.020206531619,0.021259229655,-0.001052698036
2022,T1_no_point_shrinkage_raked,1716,0.020345341128,0.021259229655,-0.000913888528
2022,T1_no_point_shrinkage_raked,1717,0.020096613467,0.021259229655,-0.001162616188
2022,T1_no_point_shrinkage_raked,1718,0.020266644951,0.021259229655,-0.000992584705
2022,T1_no_point_shrinkage_raked,1719,0.020336471013,0.021259229655,-0.000922758642
2022,T1_no_point_shrinkage_raked,1720,0.020243633155,0.021259229655,-0.001015596500
2022,T1_no_point_shrinkage_raked,1721,0.020255387662,0.021259229655,-0.001003841994
2022,T1_no_point_shrinkage_raked,1722,0.020263572189,0.021259229655,-0.000995657467
2022,T1_no_point_shrinkage_raked,1723,0.020193923576,0.021259229655,-0.001065306079
2022,T1_no_point_shrinkage_raked,1724,0.020255015929,0.021259229655,-0.001004213727
2022,T1_no_point_shrinkage_raked,1725,0.020460537115,0.021259229655,-0.000798692541
2022,T1_no_point_shrinkage_raked,1726,0.020468926231,0.021259229655,-0.000790303425
2022,T1_no_point_shrinkage_raked,1727,0.020338967713,0.021259229655,-0.000920261943
2022,T1_no_point_shrinkage_raked,1728,0.020176470873,0.021259229655,-0.001082758782
2022,T1_no_point_shrinkage_raked,1729,0.020162817016,0.021259229655,-0.001096412640
2022,T1_no_point_shrinkage_raked,1730,0.020245096671,0.021259229655,-0.001014132984
2022,T1_no_point_shrinkage_raked,1731,0.020376654707,0.021259229655,-0.000882574949
2022,T1_no_point_shrinkage_raked,1732,0.020311001695,0.021259229655,-0.000948227960
2022,T1_no_point_shrinkage_raked,1733,0.020298804936,0.021259229655,-0.000960424719
2022,T1_no_point_shrinkage_raked,1734,0.020311698107,0.021259229655,-0.000947531548
2022,T1_no_point_shrinkage_raked,1735,0.020228811688,0.021259229655,-0.001030417967
2022,T1_no_point_shrinkage_raked,1736,0.020185506816,0.021259229655,-0.001073722840
2022,T1_no_point_shrinkage_raked,1737,0.020259970910,0.021259229655,-0.000999258745
2022,T1_no_point_shrinkage_raked,1738,0.020231625990,0.021259229655,-0.001027603665
2022,T1_no_point_shrinkage_raked,1739,0.020151233636,0.021259229655,-0.001107996020
2022,T1_no_point_shrinkage_raked,1740,0.020308034815,0.021259229655,-0.000951194840
2022,T1_no_point_shrinkage_raked,1741,0.020190807313,0.021259229655,-0.001068422342
2022,T1_no_point_shrinkage_raked,1742,0.020198757261,0.021259229655,-0.001060472395
2022,T1_no_point_shrinkage_raked,1743,0.020408914717,0.021259229655,-0.000850314938
2022,T1_no_point_shrinkage_raked,1744,0.020222835354,0.021259229655,-0.001036394302
2022,T1_no_point_shrinkage_raked,1745,0.020169376688,0.021259229655,-0.001089852968
2022,T1_no_point_shrinkage_raked,1746,0.020212706976,0.021259229655,-0.001046522679
2022,T1_no_point_shrinkage_raked,1747,0.020374279953,0.021259229655,-0.000884949703
2022,T1_no_point_shrinkage_raked,1748,0.020284354374,0.021259229655,-0.000974875281
2022,T1_no_point_shrinkage_raked,1749,0.020204947173,0.021259229655,-0.001054282483
2022,T1_no_point_shrinkage_raked,1750,0.020198728062,0.021259229655,-0.001060501594
2022,T1_no_point_shrinkage_raked,1751,0.020305685128,0.021259229655,-0.000953544528
2022,T1_no_point_shrinkage_raked,1752,0.020304034884,0.021259229655,-0.000955194771
2022,T1_no_point_shrinkage_raked,1753,0.020251421432,0.021259229655,-0.001007808224
2022,T1_no_point_shrinkage_raked,1754,0.020225799732,0.021259229655,-0.001033429924
2022,T1_no_point_shrinkage_raked,1755,0.020131213367,0.021259229655,-0.001128016288
2022,T1_no_point_shrinkage_raked,1756,0.020230408492,0.021259229655,-0.001028821163
2022,T1_no_point_shrinkage_raked,1757,0.020200504299,0.021259229655,-0.001058725357
2022,T1_no_point_shrinkage_raked,1758,0.020228920861,0.021259229655,-0.001030308794
2022,T1_no_point_shrinkage_raked,1759,0.020512118417,0.021259229655,-0.000747111239
2022,T1_no_point_shrinkage_raked,1760,0.020282865722,0.021259229655,-0.000976363933
2022,T1_no_point_shrinkage_raked,1761,0.020411023325,0.021259229655,-0.000848206330
2022,T1_no_point_shrinkage_raked,1762,0.020186503973,0.021259229655,-0.001072725683
2022,T1_no_point_shrinkage_raked,1763,0.020076560171,0.021259229655,-0.001182669484
2022,T1_no_point_shrinkage_raked,1764,0.020378753847,0.021259229655,-0.000880475808
2022,T1_no_point_shrinkage_raked,1765,0.020148765946,0.021259229655,-0.001110463710
2022,T1_no_point_shrinkage_raked,1766,0.020237793147,0.021259229655,-0.001021436509
2022,T1_no_point_shrinkage_raked,1767,0.020161019605,0.021259229655,-0.001098210051
2022,T1_no_point_shrinkage_raked,1768,0.020251000573,0.021259229655,-0.001008229082
2022,T1_no_point_shrinkage_raked,1769,0.020302873711,0.021259229655,-0.000956355944
2022,T1_no_point_shrinkage_raked,1770,0.020080793798,0.021259229655,-0.001178435857
2022,T1_no_point_shrinkage_raked,1771,0.020261545013,0.021259229655,-0.000997684643
2022,T1_no_point_shrinkage_raked,1772,0.020195091372,0.021259229655,-0.001064138284
2022,T1_no_point_shrinkage_raked,1773,0.020329074729,0.021259229655,-0.000930154926
2022,T1_no_point_shrinkage_raked,1774,0.020104358052,0.021259229655,-0.001154871603
2022,T1_no_point_shrinkage_raked,1775,0.020111617911,0.021259229655,-0.001147611744
2022,T1_no_point_shrinkage_raked,1776,0.020141555756,0.021259229655,-0.001117673900
2022,T1_no_point_shrinkage_raked,1777,0.020150717174,0.021259229655,-0.001108512481
2022,T1_no_point_shrinkage_raked,1778,0.020285133362,0.021259229655,-0.000974096293
2022,T1_no_point_shrinkage_raked,1779,0.020453536874,0.021259229655,-0.000805692782
2022,T1_no_point_shrinkage_raked,1780,0.020312872461,0.021259229655,-0.000946357194
2022,T1_no_point_shrinkage_raked,1781,0.020316190886,0.021259229655,-0.000943038770
2022,T1_no_point_shrinkage_raked,1782,0.020505542623,0.021259229655,-0.000753687033
2022,T1_no_point_shrinkage_raked,1783,0.020234522587,0.021259229655,-0.001024707069
2022,T1_no_point_shrinkage_raked,1784,0.020355925381,0.021259229655,-0.000903304274
2022,T1_no_point_shrinkage_raked,1785,0.020359379150,0.021259229655,-0.000899850505
2022,T1_no_point_shrinkage_raked,1786,0.020195660735,0.021259229655,-0.001063568920
2022,T1_no_point_shrinkage_raked,1787,0.020152914905,0.021259229655,-0.001106314751
2022,T1_no_point_shrinkage_raked,1788,0.020457678206,0.021259229655,-0.000801551449
2022,T1_no_point_shrinkage_raked,1789,0.020500562963,0.021259229655,-0.000758666692
2022,T1_no_point_shrinkage_raked,1790,0.020133580397,0.021259229655,-0.001125649258
2022,T1_no_point_shrinkage_raked,1791,0.020244252037,0.021259229655,-0.001014977618
2022,T1_no_point_shrinkage_raked,1792,0.020323794957,0.021259229655,-0.000935434699
2022,T1_no_point_shrinkage_raked,1793,0.020379002098,0.021259229655,-0.000880227557
2022,T1_no_point_shrinkage_raked,1794,0.020327751325,0.021259229655,-0.000931478330
2022,T1_no_point_shrinkage_raked,1795,0.020241235706,0.021259229655,-0.001017993949
2022,T1_no_point_shrinkage_raked,1796,0.020288959264,0.021259229655,-0.000970270392
2022,T1_no_point_shrinkage_raked,1797,0.020429590215,0.021259229655,-0.000829639441
2022,T1_no_point_shrinkage_raked,1798,0.020246581194,0.021259229655,-0.001012648461
2022,T1_no_point_shrinkage_raked,1799,0.020348103067,0.021259229655,-0.000911126588
2022,T1_no_point_shrinkage_raked,1800,0.020264311550,0.021259229655,-0.000994918105
2022,T1_no_point_shrinkage_raked,1801,0.020312941999,0.021259229655,-0.000946287656
2022,T1_no_point_shrinkage_raked,1802,0.020349879769,0.021259229655,-0.000909349886
2022,T1_no_point_shrinkage_raked,1803,0.020274651342,0.021259229655,-0.000984578314
2022,T1_no_point_shrinkage_raked,1804,0.020252812070,0.021259229655,-0.001006417585
2022,T1_no_point_shrinkage_raked,1805,0.020397278025,0.021259229655,-0.000861951631
2022,T1_no_point_shrinkage_raked,1806,0.020438402870,0.021259229655,-0.000820826785
2022,T1_no_point_shrinkage_raked,1807,0.020180182706,0.021259229655,-0.001079046950
2022,T1_no_point_shrinkage_raked,1808,0.020399969525,0.021259229655,-0.000859260130
2022,T1_no_point_shrinkage_raked,1809,0.020209636807,0.021259229655,-0.001049592848
2022,T1_no_point_shrinkage_raked,1810,0.020213284696,0.021259229655,-0.001045944959
2022,T1_no_point_shrinkage_raked,1811,0.020360109141,0.021259229655,-0.000899120515
2022,T1_no_point_shrinkage_raked,1812,0.020323353748,0.021259229655,-0.000935875908
2022,T1_no_point_shrinkage_raked,1813,0.020206974658,0.021259229655,-0.001052254997
2022,T1_no_point_shrinkage_raked,1814,0.020371562257,0.021259229655,-0.000887667398
2022,T1_no_point_shrinkage_raked,1815,0.020522476172,0.021259229655,-0.000736753483
2022,T1_no_point_shrinkage_raked,1816,0.020332133849,0.021259229655,-0.000927095806
2022,T1_no_point_shrinkage_raked,1817,0.020256409047,0.021259229655,-0.001002820608
2022,T1_no_point_shrinkage_raked,1818,0.020495824144,0.021259229655,-0.000763405511
2022,T1_no_point_shrinkage_raked,1819,0.020272013201,0.021259229655,-0.000987216455
2022,T1_no_point_shrinkage_raked,1820,0.020292348346,0.021259229655,-0.000966881309
2022,T1_no_point_shrinkage_raked,1821,0.020233176674,0.021259229655,-0.001026052982
2022,T1_no_point_shrinkage_raked,1822,0.020265622710,0.021259229655,-0.000993606945
2022,T1_no_point_shrinkage_raked,1823,0.020476412771,0.021259229655,-0.000782816884
2022,T1_no_point_shrinkage_raked,1824,0.020194502316,0.021259229655,-0.001064727339
2022,T1_no_point_shrinkage_raked,1825,0.020366533027,0.021259229655,-0.000892696629
2022,T1_no_point_shrinkage_raked,1826,0.020413118697,0.021259229655,-0.000846110958
2022,T1_no_point_shrinkage_raked,1827,0.020382144471,0.021259229655,-0.000877085184
2022,T1_no_point_shrinkage_raked,1828,0.020193964189,0.021259229655,-0.001065265466
2022,T1_no_point_shrinkage_raked,1829,0.020297674198,0.021259229655,-0.000961555457
2022,T1_no_point_shrinkage_raked,1830,0.020263522107,0.021259229655,-0.000995707549
2022,T1_no_point_shrinkage_raked,1831,0.020218314406,0.021259229655,-0.001040915250
2022,T1_no_point_shrinkage_raked,1832,0.020350647772,0.021259229655,-0.000908581883
2022,T1_no_point_shrinkage_raked,1833,0.020327658899,0.021259229655,-0.000931570756
2022,T1_no_point_shrinkage_raked,1834,0.020272930728,0.021259229655,-0.000986298927
2022,T1_no_point_shrinkage_raked,1835,0.020397968981,0.021259229655,-0.000861260674
2022,T1_no_point_shrinkage_raked,1836,0.020319088192,0.021259229655,-0.000940141464
2022,T1_no_point_shrinkage_raked,1837,0.020159829744,0.021259229655,-0.001099399912
2022,T1_no_point_shrinkage_raked,1838,0.020252014315,0.021259229655,-0.001007215340
2022,T1_no_point_shrinkage_raked,1839,0.020322431613,0.021259229655,-0.000936798042
2022,T1_no_point_shrinkage_raked,1840,0.020233377204,0.021259229655,-0.001025852451
2022,T1_no_point_shrinkage_raked,1841,0.020194228133,0.021259229655,-0.001065001522
2022,T1_no_point_shrinkage_raked,1842,0.020210929533,0.021259229655,-0.001048300122
2022,T1_no_point_shrinkage_raked,1843,0.020472834845,0.021259229655,-0.000786394810
2022,T1_no_point_shrinkage_raked,1844,0.020291021453,0.021259229655,-0.000968208202
2022,T1_no_point_shrinkage_raked,1845,0.020184586028,0.021259229655,-0.001074643628
2022,T1_no_point_shrinkage_raked,1846,0.020340836757,0.021259229655,-0.000918392898
2022,T1_no_point_shrinkage_raked,1847,0.020450922660,0.021259229655,-0.000808306995
2022,T1_no_point_shrinkage_raked,1848,0.020257444152,0.021259229655,-0.001001785503
2022,T1_no_point_shrinkage_raked,1849,0.020291571567,0.021259229655,-0.000967658089
2022,T1_no_point_shrinkage_raked,1850,0.020416667902,0.021259229655,-0.000842561754
2022,T1_no_point_shrinkage_raked,1851,0.020308182752,0.021259229655,-0.000951046903
2022,T1_no_point_shrinkage_raked,1852,0.020252325991,0.021259229655,-0.001006903664
2022,T1_no_point_shrinkage_raked,1853,0.020433022732,0.021259229655,-0.000826206924
2022,T1_no_point_shrinkage_raked,1854,0.020247795335,0.021259229655,-0.001011434321
2022,T1_no_point_shrinkage_raked,1855,0.020166202330,0.021259229655,-0.001093027325
2022,T1_no_point_shrinkage_raked,1856,0.020521873043,0.021259229655,-0.000737356613
2022,T1_no_point_shrinkage_raked,1857,0.020311999814,0.021259229655,-0.000947229842
2022,T1_no_point_shrinkage_raked,1858,0.020198375356,0.021259229655,-0.001060854300
2022,T1_no_point_shrinkage_raked,1859,0.020285050423,0.021259229655,-0.000974179233
2022,T1_no_point_shrinkage_raked,1860,0.020317297011,0.021259229655,-0.000941932645
2022,T1_no_point_shrinkage_raked,1861,0.020336557362,0.021259229655,-0.000922672293
2022,T1_no_point_shrinkage_raked,1862,0.020327105568,0.021259229655,-0.000932124088
2022,T1_no_point_shrinkage_raked,1863,0.020272670591,0.021259229655,-0.000986559064
2022,T1_no_point_shrinkage_raked,1864,0.020408641623,0.021259229655,-0.000850588032
2022,T1_no_point_shrinkage_raked,1865,0.020372606293,0.021259229655,-0.000886623363
2022,T1_no_point_shrinkage_raked,1866,0.020464980297,0.021259229655,-0.000794249359
2022,T1_no_point_shrinkage_raked,1867,0.020489735424,0.021259229655,-0.000769494231
2022,T1_no_point_shrinkage_raked,1868,0.020228618039,0.021259229655,-0.001030611616
2022,T1_no_point_shrinkage_raked,1869,0.020360780900,0.021259229655,-0.000898448756
2022,T1_no_point_shrinkage_raked,1870,0.020256251369,0.021259229655,-0.001002978286
2022,T1_no_point_shrinkage_raked,1871,0.020251400974,0.021259229655,-0.001007828681
2022,T1_no_point_shrinkage_raked,1872,0.020440091196,0.021259229655,-0.000819138460
2022,T1_no_point_shrinkage_raked,1873,0.020429901476,0.021259229655,-0.000829328179
2022,T1_no_point_shrinkage_raked,1874,0.020392217884,0.021259229655,-0.000867011771
2022,T1_no_point_shrinkage_raked,1875,0.020297497471,0.021259229655,-0.000961732184
2022,T1_no_point_shrinkage_raked,1876,0.020266554744,0.021259229655,-0.000992674911
2022,T1_no_point_shrinkage_raked,1877,0.020161959043,0.021259229655,-0.001097270612
2022,T1_no_point_shrinkage_raked,1878,0.020177545774,0.021259229655,-0.001081683882
2022,T1_no_point_shrinkage_raked,1879,0.020345018344,0.021259229655,-0.000914211312
2022,T1_no_point_shrinkage_raked,1880,0.020469720679,0.021259229655,-0.000789508976
2022,T1_no_point_shrinkage_raked,1881,0.020345148089,0.021259229655,-0.000914081566
2022,T1_no_point_shrinkage_raked,1882,0.020274252341,0.021259229655,-0.000984977314
2022,T1_no_point_shrinkage_raked,1883,0.020416185401,0.021259229655,-0.000843044254
2022,T1_no_point_shrinkage_raked,1884,0.020293094674,0.021259229655,-0.000966134982
2022,T1_no_point_shrinkage_raked,1885,0.020271378968,0.021259229655,-0.000987850687
2022,T1_no_point_shrinkage_raked,1886,0.020435953582,0.021259229655,-0.000823276073
2022,T1_no_point_shrinkage_raked,1887,0.020300159385,0.021259229655,-0.000959070271
2022,T1_no_point_shrinkage_raked,1888,0.020359732981,0.021259229655,-0.000899496674
2022,T1_no_point_shrinkage_raked,1889,0.020255138597,0.021259229655,-0.001004091058
2022,T1_no_point_shrinkage_raked,1890,0.020325250720,0.021259229655,-0.000933978935
2022,T1_no_point_shrinkage_raked,1891,0.020272980211,0.021259229655,-0.000986249444
2022,T1_no_point_shrinkage_raked,1892,0.020351593682,0.021259229655,-0.000907635973
2022,T1_no_point_shrinkage_raked,1893,0.020242299359,0.021259229655,-0.001016930297
2022,T1_no_point_shrinkage_raked,1894,0.020181035048,0.021259229655,-0.001078194607
2022,T1_no_point_shrinkage_raked,1895,0.020348889765,0.021259229655,-0.000910339890
2022,T1_no_point_shrinkage_raked,1896,0.020113408537,0.021259229655,-0.001145821118
2022,T1_no_point_shrinkage_raked,1897,0.020172849460,0.021259229655,-0.001086380196
2022,T1_no_point_shrinkage_raked,1898,0.020120769857,0.021259229655,-0.001138459799
2022,T1_no_point_shrinkage_raked,1899,0.020171867525,0.021259229655,-0.001087362130
2022,T1_no_point_shrinkage_raked,1900,0.020086812551,0.021259229655,-0.001172417104
2022,T1_no_point_shrinkage_raked,1901,0.020195073270,0.021259229655,-0.001064156386
2022,T1_no_point_shrinkage_raked,1902,0.020312239893,0.021259229655,-0.000946989763
2022,T1_no_point_shrinkage_raked,1903,0.020408656525,0.021259229655,-0.000850573131
2022,T1_no_point_shrinkage_raked,1904,0.020285895194,0.021259229655,-0.000973334462
2022,T1_no_point_shrinkage_raked,1905,0.020226642348,0.021259229655,-0.001032587307
2022,T1_no_point_shrinkage_raked,1906,0.020212771944,0.021259229655,-0.001046457712
2022,T1_no_point_shrinkage_raked,1907,0.020345637282,0.021259229655,-0.000913592374
2022,T1_no_point_shrinkage_raked,1908,0.020214426755,0.021259229655,-0.001044802900
2022,T1_no_point_shrinkage_raked,1909,0.020428834801,0.021259229655,-0.000830394854
2022,T1_no_point_shrinkage_raked,1910,0.020331829092,0.021259229655,-0.000927400563
2022,T1_no_point_shrinkage_raked,1911,0.020180033828,0.021259229655,-0.001079195828
2022,T1_no_point_shrinkage_raked,1912,0.020266144092,0.021259229655,-0.000993085563
2022,T1_no_point_shrinkage_raked,1913,0.020357616038,0.021259229655,-0.000901613618
2022,T1_no_point_shrinkage_raked,1914,0.020123014590,0.021259229655,-0.001136215066
2022,T1_no_point_shrinkage_raked,1915,0.020492410248,0.021259229655,-0.000766819408
2022,T1_no_point_shrinkage_raked,1916,0.020080859741,0.021259229655,-0.001178369915
2022,T1_no_point_shrinkage_raked,1917,0.020387045197,0.021259229655,-0.000872184459
2022,T1_no_point_shrinkage_raked,1918,0.020206281682,0.021259229655,-0.001052947974
2022,T1_no_point_shrinkage_raked,1919,0.020355583168,0.021259229655,-0.000903646487
2022,T1_no_point_shrinkage_raked,1920,0.020273233025,0.021259229655,-0.000985996630
2022,T1_no_point_shrinkage_raked,1921,0.020402900637,0.021259229655,-0.000856329018
2022,T1_no_point_shrinkage_raked,1922,0.020328704972,0.021259229655,-0.000930524684
2022,T1_no_point_shrinkage_raked,1923,0.020431884998,0.021259229655,-0.000827344657
2022,T1_no_point_shrinkage_raked,1924,0.020335876687,0.021259229655,-0.000923352968
2022,T1_no_point_shrinkage_raked,1925,0.020297628535,0.021259229655,-0.000961601121
2022,T1_no_point_shrinkage_raked,1926,0.020335632866,0.021259229655,-0.000923596789
2022,T1_no_point_shrinkage_raked,1927,0.020281441201,0.021259229655,-0.000977788454
2022,T1_no_point_shrinkage_raked,1928,0.020288995104,0.021259229655,-0.000970234551
2022,T1_no_point_shrinkage_raked,1929,0.020120272554,0.021259229655,-0.001138957101
2022,T1_no_point_shrinkage_raked,1930,0.020265519062,0.021259229655,-0.000993710593
2022,T1_no_point_shrinkage_raked,1931,0.020156168645,0.021259229655,-0.001103061011
2022,T1_no_point_shrinkage_raked,1932,0.020313920015,0.021259229655,-0.000945309640
2022,T1_no_point_shrinkage_raked,1933,0.020356375153,0.021259229655,-0.000902854503
2022,T1_no_point_shrinkage_raked,1934,0.020299291989,0.021259229655,-0.000959937666
2022,T1_no_point_shrinkage_raked,1935,0.020310824672,0.021259229655,-0.000948404983
2022,T1_no_point_shrinkage_raked,1936,0.020332395566,0.021259229655,-0.000926834089
2022,T1_no_point_shrinkage_raked,1937,0.020540244181,0.021259229655,-0.000718985474
2022,T1_no_point_shrinkage_raked,1938,0.020222009804,0.021259229655,-0.001037219851
2022,T1_no_point_shrinkage_raked,1939,0.020245600137,0.021259229655,-0.001013629518
2022,T1_no_point_shrinkage_raked,1940,0.020601054463,0.021259229655,-0.000658175193
2022,T1_no_point_shrinkage_raked,1941,0.020392198047,0.021259229655,-0.000867031608
2022,T1_no_point_shrinkage_raked,1942,0.020509648815,0.021259229655,-0.000749580840
2022,T1_no_point_shrinkage_raked,1943,0.020297834088,0.021259229655,-0.000961395567
2022,T1_no_point_shrinkage_raked,1944,0.020393272296,0.021259229655,-0.000865957360
2022,T1_no_point_shrinkage_raked,1945,0.020306949815,0.021259229655,-0.000952279841
2022,T1_no_point_shrinkage_raked,1946,0.020084766039,0.021259229655,-0.001174463616
2022,T1_no_point_shrinkage_raked,1947,0.020215055351,0.021259229655,-0.001044174305
2022,T1_no_point_shrinkage_raked,1948,0.020210596436,0.021259229655,-0.001048633220
2022,T1_no_point_shrinkage_raked,1949,0.020220408540,0.021259229655,-0.001038821116
2022,T1_no_point_shrinkage_raked,1950,0.020297254671,0.021259229655,-0.000961974984
2022,T1_no_point_shrinkage_raked,1951,0.020344120650,0.021259229655,-0.000915109005
2022,T1_no_point_shrinkage_raked,1952,0.020346650823,0.021259229655,-0.000912578832
2022,T1_no_point_shrinkage_raked,1953,0.020389802725,0.021259229655,-0.000869426930
2022,T1_no_point_shrinkage_raked,1954,0.020287008563,0.021259229655,-0.000972221093
2022,T1_no_point_shrinkage_raked,1955,0.020256076028,0.021259229655,-0.001003153628
2022,T1_no_point_shrinkage_raked,1956,0.020075417898,0.021259229655,-0.001183811757
2022,T1_no_point_shrinkage_raked,1957,0.020413542988,0.021259229655,-0.000845686668
2022,T1_no_point_shrinkage_raked,1958,0.020047662519,0.021259229655,-0.001211567137
2022,T1_no_point_shrinkage_raked,1959,0.020350268543,0.021259229655,-0.000908961113
2022,T1_no_point_shrinkage_raked,1960,0.020207747223,0.021259229655,-0.001051482432
2022,T1_no_point_shrinkage_raked,1961,0.020203703370,0.021259229655,-0.001055526285
2022,T1_no_point_shrinkage_raked,1962,0.020321231937,0.021259229655,-0.000937997719
2022,T1_no_point_shrinkage_raked,1963,0.020251431908,0.021259229655,-0.001007797747
2022,T1_no_point_shrinkage_raked,1964,0.020294337549,0.021259229655,-0.000964892107
2022,T1_no_point_shrinkage_raked,1965,0.020375632105,0.021259229655,-0.000883597551
2022,T1_no_point_shrinkage_raked,1966,0.020192091312,0.021259229655,-0.001067138343
2022,T1_no_point_shrinkage_raked,1967,0.020208445591,0.021259229655,-0.001050784065
2022,T1_no_point_shrinkage_raked,1968,0.020302643829,0.021259229655,-0.000956585826
2022,T1_no_point_shrinkage_raked,1969,0.020315509800,0.021259229655,-0.000943719855
2022,T1_no_point_shrinkage_raked,1970,0.020178944371,0.021259229655,-0.001080285284
2022,T1_no_point_shrinkage_raked,1971,0.020226826732,0.021259229655,-0.001032402924
2022,T1_no_point_shrinkage_raked,1972,0.020324966946,0.021259229655,-0.000934262710
2022,T1_no_point_shrinkage_raked,1973,0.020200858444,0.021259229655,-0.001058371211
2022,T1_no_point_shrinkage_raked,1974,0.020481950791,0.021259229655,-0.000777278865
2022,T1_no_point_shrinkage_raked,1975,0.020261205891,0.021259229655,-0.000998023764
2022,T1_no_point_shrinkage_raked,1976,0.020245516347,0.021259229655,-0.001013713308
2022,T1_no_point_shrinkage_raked,1977,0.020417969198,0.021259229655,-0.000841260458
2022,T1_no_point_shrinkage_raked,1978,0.020369346507,0.021259229655,-0.000889883149
2022,T1_no_point_shrinkage_raked,1979,0.020303496612,0.021259229655,-0.000955733044
2022,T1_no_point_shrinkage_raked,1980,0.020089251443,0.021259229655,-0.001169978213
2022,T1_no_point_shrinkage_raked,1981,0.020285891846,0.021259229655,-0.000973337810
2022,T1_no_point_shrinkage_raked,1982,0.020182134264,0.021259229655,-0.001077095392
2022,T1_no_point_shrinkage_raked,1983,0.020290830637,0.021259229655,-0.000968399019
2022,T1_no_point_shrinkage_raked,1984,0.020206794183,0.021259229655,-0.001052435472
2022,T1_no_point_shrinkage_raked,1985,0.020277893674,0.021259229655,-0.000981335981
2022,T1_no_point_shrinkage_raked,1986,0.020152165476,0.021259229655,-0.001107064179
2022,T1_no_point_shrinkage_raked,1987,0.020184974404,0.021259229655,-0.001074255252
2022,T1_no_point_shrinkage_raked,1988,0.020238122268,0.021259229655,-0.001021107387
2022,T1_no_point_shrinkage_raked,1989,0.020360699037,0.021259229655,-0.000898530618
2022,T1_no_point_shrinkage_raked,1990,0.020323073482,0.021259229655,-0.000936156174
2022,T1_no_point_shrinkage_raked,1991,0.020105445229,0.021259229655,-0.001153784426
2022,T1_no_point_shrinkage_raked,1992,0.020239417118,0.021259229655,-0.001019812538
2022,T1_no_point_shrinkage_raked,1993,0.020306436066,0.021259229655,-0.000952793589
2022,T1_no_point_shrinkage_raked,1994,0.020173862508,0.021259229655,-0.001085367147
2022,T1_no_point_shrinkage_raked,1995,0.020178406969,0.021259229655,-0.001080822686
2022,T1_no_point_shrinkage_raked,1996,0.020250705482,0.021259229655,-0.001008524174
2022,T1_no_point_shrinkage_raked,1997,0.020222765650,0.021259229655,-0.001036464006
2022,T1_no_point_shrinkage_raked,1998,0.020288668226,0.021259229655,-0.000970561429
2022,T1_no_point_shrinkage_raked,1999,0.020299509740,0.021259229655,-0.000959719915
2022,T1_previous_party_hierarchical_raked,0,0.020387366989,0.021259229655,-0.000871862667
2022,T1_previous_party_hierarchical_raked,1,0.020183447834,0.021259229655,-0.001075781822
2022,T1_previous_party_hierarchical_raked,2,0.020378723740,0.021259229655,-0.000880505916
2022,T1_previous_party_hierarchical_raked,3,0.020344586994,0.021259229655,-0.000914642661
2022,T1_previous_party_hierarchical_raked,4,0.020213676947,0.021259229655,-0.001045552708
2022,T1_previous_party_hierarchical_raked,5,0.020120231097,0.021259229655,-0.001138998558
2022,T1_previous_party_hierarchical_raked,6,0.020399671269,0.021259229655,-0.000859558387
2022,T1_previous_party_hierarchical_raked,7,0.020254587782,0.021259229655,-0.001004641873
2022,T1_previous_party_hierarchical_raked,8,0.020405392472,0.021259229655,-0.000853837184
2022,T1_previous_party_hierarchical_raked,9,0.020123003177,0.021259229655,-0.001136226479
2022,T1_previous_party_hierarchical_raked,10,0.020200586091,0.021259229655,-0.001058643565
2022,T1_previous_party_hierarchical_raked,11,0.020233410358,0.021259229655,-0.001025819297
2022,T1_previous_party_hierarchical_raked,12,0.020224270942,0.021259229655,-0.001034958714
2022,T1_previous_party_hierarchical_raked,13,0.020151872492,0.021259229655,-0.001107357164
2022,T1_previous_party_hierarchical_raked,14,0.020505738690,0.021259229655,-0.000753490966
2022,T1_previous_party_hierarchical_raked,15,0.020347752402,0.021259229655,-0.000911477254
2022,T1_previous_party_hierarchical_raked,16,0.020300390518,0.021259229655,-0.000958839137
2022,T1_previous_party_hierarchical_raked,17,0.020356705700,0.021259229655,-0.000902523956
2022,T1_previous_party_hierarchical_raked,18,0.020241644005,0.021259229655,-0.001017585650
2022,T1_previous_party_hierarchical_raked,19,0.020168868660,0.021259229655,-0.001090360995
2022,T1_previous_party_hierarchical_raked,20,0.020186741612,0.021259229655,-0.001072488044
2022,T1_previous_party_hierarchical_raked,21,0.020239582633,0.021259229655,-0.001019647022
2022,T1_previous_party_hierarchical_raked,22,0.020410938383,0.021259229655,-0.000848291272
2022,T1_previous_party_hierarchical_raked,23,0.020107190330,0.021259229655,-0.001152039325
2022,T1_previous_party_hierarchical_raked,24,0.020202705892,0.021259229655,-0.001056523763
2022,T1_previous_party_hierarchical_raked,25,0.020398260376,0.021259229655,-0.000860969279
2022,T1_previous_party_hierarchical_raked,26,0.020364980323,0.021259229655,-0.000894249333
2022,T1_previous_party_hierarchical_raked,27,0.020157820398,0.021259229655,-0.001101409258
2022,T1_previous_party_hierarchical_raked,28,0.020270677079,0.021259229655,-0.000988552576
2022,T1_previous_party_hierarchical_raked,29,0.020251445745,0.021259229655,-0.001007783911
2022,T1_previous_party_hierarchical_raked,30,0.020252274976,0.021259229655,-0.001006954679
2022,T1_previous_party_hierarchical_raked,31,0.020246271209,0.021259229655,-0.001012958447
2022,T1_previous_party_hierarchical_raked,32,0.020330618670,0.021259229655,-0.000928610986
2022,T1_previous_party_hierarchical_raked,33,0.020227624584,0.021259229655,-0.001031605072
2022,T1_previous_party_hierarchical_raked,34,0.020246035067,0.021259229655,-0.001013194589
2022,T1_previous_party_hierarchical_raked,35,0.020295753145,0.021259229655,-0.000963476511
2022,T1_previous_party_hierarchical_raked,36,0.020184148912,0.021259229655,-0.001075080744
2022,T1_previous_party_hierarchical_raked,37,0.020417567932,0.021259229655,-0.000841661723
2022,T1_previous_party_hierarchical_raked,38,0.020375592530,0.021259229655,-0.000883637125
2022,T1_previous_party_hierarchical_raked,39,0.020286034388,0.021259229655,-0.000973195267
2022,T1_previous_party_hierarchical_raked,40,0.020318780495,0.021259229655,-0.000940449160
2022,T1_previous_party_hierarchical_raked,41,0.020400160561,0.021259229655,-0.000859069095
2022,T1_previous_party_hierarchical_raked,42,0.020383914753,0.021259229655,-0.000875314902
2022,T1_previous_party_hierarchical_raked,43,0.020353236126,0.021259229655,-0.000905993530
2022,T1_previous_party_hierarchical_raked,44,0.020296460994,0.021259229655,-0.000962768661
2022,T1_previous_party_hierarchical_raked,45,0.020361918519,0.021259229655,-0.000897311136
2022,T1_previous_party_hierarchical_raked,46,0.020239560365,0.021259229655,-0.001019669290
2022,T1_previous_party_hierarchical_raked,47,0.020372039445,0.021259229655,-0.000887190211
2022,T1_previous_party_hierarchical_raked,48,0.020272069451,0.021259229655,-0.000987160205
2022,T1_previous_party_hierarchical_raked,49,0.020301290767,0.021259229655,-0.000957938889
2022,T1_previous_party_hierarchical_raked,50,0.020239828771,0.021259229655,-0.001019400884
2022,T1_previous_party_hierarchical_raked,51,0.020194955260,0.021259229655,-0.001064274396
2022,T1_previous_party_hierarchical_raked,52,0.020167919771,0.021259229655,-0.001091309885
2022,T1_previous_party_hierarchical_raked,53,0.020238463603,0.021259229655,-0.001020766052
2022,T1_previous_party_hierarchical_raked,54,0.020381658300,0.021259229655,-0.000877571355
2022,T1_previous_party_hierarchical_raked,55,0.020427146523,0.021259229655,-0.000832083132
2022,T1_previous_party_hierarchical_raked,56,0.020210468342,0.021259229655,-0.001048761313
2022,T1_previous_party_hierarchical_raked,57,0.020149784490,0.021259229655,-0.001109445165
2022,T1_previous_party_hierarchical_raked,58,0.020055705261,0.021259229655,-0.001203524395
2022,T1_previous_party_hierarchical_raked,59,0.020235029903,0.021259229655,-0.001024199753
2022,T1_previous_party_hierarchical_raked,60,0.020156328253,0.021259229655,-0.001102901402
2022,T1_previous_party_hierarchical_raked,61,0.020181826272,0.021259229655,-0.001077403383
2022,T1_previous_party_hierarchical_raked,62,0.020167020570,0.021259229655,-0.001092209085
2022,T1_previous_party_hierarchical_raked,63,0.020269310084,0.021259229655,-0.000989919571
2022,T1_previous_party_hierarchical_raked,64,0.020279539332,0.021259229655,-0.000979690324
2022,T1_previous_party_hierarchical_raked,65,0.020146419546,0.021259229655,-0.001112810110
2022,T1_previous_party_hierarchical_raked,66,0.020242804031,0.021259229655,-0.001016425624
2022,T1_previous_party_hierarchical_raked,67,0.020259471479,0.021259229655,-0.000999758176
2022,T1_previous_party_hierarchical_raked,68,0.020146581498,0.021259229655,-0.001112648158
2022,T1_previous_party_hierarchical_raked,69,0.020378615623,0.021259229655,-0.000880614032
2022,T1_previous_party_hierarchical_raked,70,0.020251565717,0.021259229655,-0.001007663938
2022,T1_previous_party_hierarchical_raked,71,0.020180038906,0.021259229655,-0.001079190750
2022,T1_previous_party_hierarchical_raked,72,0.020181756829,0.021259229655,-0.001077472826
2022,T1_previous_party_hierarchical_raked,73,0.020337664688,0.021259229655,-0.000921564967
2022,T1_previous_party_hierarchical_raked,74,0.020259772419,0.021259229655,-0.000999457236
2022,T1_previous_party_hierarchical_raked,75,0.020180714834,0.021259229655,-0.001078514821
2022,T1_previous_party_hierarchical_raked,76,0.020235448063,0.021259229655,-0.001023781592
2022,T1_previous_party_hierarchical_raked,77,0.020244281389,0.021259229655,-0.001014948267
2022,T1_previous_party_hierarchical_raked,78,0.020313516677,0.021259229655,-0.000945712979
2022,T1_previous_party_hierarchical_raked,79,0.020076765897,0.021259229655,-0.001182463758
2022,T1_previous_party_hierarchical_raked,80,0.020159482622,0.021259229655,-0.001099747033
2022,T1_previous_party_hierarchical_raked,81,0.020294633215,0.021259229655,-0.000964596440
2022,T1_previous_party_hierarchical_raked,82,0.020350462564,0.021259229655,-0.000908767092
2022,T1_previous_party_hierarchical_raked,83,0.020200023352,0.021259229655,-0.001059206303
2022,T1_previous_party_hierarchical_raked,84,0.020128976928,0.021259229655,-0.001130252727
2022,T1_previous_party_hierarchical_raked,85,0.020347681075,0.021259229655,-0.000911548580
2022,T1_previous_party_hierarchical_raked,86,0.020093623646,0.021259229655,-0.001165606010
2022,T1_previous_party_hierarchical_raked,87,0.020133515097,0.021259229655,-0.001125714558
2022,T1_previous_party_hierarchical_raked,88,0.020203097211,0.021259229655,-0.001056132444
2022,T1_previous_party_hierarchical_raked,89,0.020354215411,0.021259229655,-0.000905014244
2022,T1_previous_party_hierarchical_raked,90,0.020151463526,0.021259229655,-0.001107766129
2022,T1_previous_party_hierarchical_raked,91,0.020344037949,0.021259229655,-0.000915191706
2022,T1_previous_party_hierarchical_raked,92,0.020277961088,0.021259229655,-0.000981268567
2022,T1_previous_party_hierarchical_raked,93,0.020352842823,0.021259229655,-0.000906386832
2022,T1_previous_party_hierarchical_raked,94,0.020477707581,0.021259229655,-0.000781522075
2022,T1_previous_party_hierarchical_raked,95,0.020365733599,0.021259229655,-0.000893496056
2022,T1_previous_party_hierarchical_raked,96,0.020299742365,0.021259229655,-0.000959487290
2022,T1_previous_party_hierarchical_raked,97,0.020213181526,0.021259229655,-0.001046048129
2022,T1_previous_party_hierarchical_raked,98,0.019972229817,0.021259229655,-0.001286999838
2022,T1_previous_party_hierarchical_raked,99,0.020207708787,0.021259229655,-0.001051520868
2022,T1_previous_party_hierarchical_raked,100,0.020337183841,0.021259229655,-0.000922045814
2022,T1_previous_party_hierarchical_raked,101,0.020050083445,0.021259229655,-0.001209146210
2022,T1_previous_party_hierarchical_raked,102,0.020061944438,0.021259229655,-0.001197285217
2022,T1_previous_party_hierarchical_raked,103,0.020156958986,0.021259229655,-0.001102270669
2022,T1_previous_party_hierarchical_raked,104,0.020224482650,0.021259229655,-0.001034747006
2022,T1_previous_party_hierarchical_raked,105,0.020203673750,0.021259229655,-0.001055555905
2022,T1_previous_party_hierarchical_raked,106,0.020186798052,0.021259229655,-0.001072431603
2022,T1_previous_party_hierarchical_raked,107,0.020178938872,0.021259229655,-0.001080290783
2022,T1_previous_party_hierarchical_raked,108,0.020500045141,0.021259229655,-0.000759184515
2022,T1_previous_party_hierarchical_raked,109,0.020337459324,0.021259229655,-0.000921770331
2022,T1_previous_party_hierarchical_raked,110,0.020189029240,0.021259229655,-0.001070200415
2022,T1_previous_party_hierarchical_raked,111,0.020178132758,0.021259229655,-0.001081096897
2022,T1_previous_party_hierarchical_raked,112,0.020333599244,0.021259229655,-0.000925630412
2022,T1_previous_party_hierarchical_raked,113,0.020209984291,0.021259229655,-0.001049245364
2022,T1_previous_party_hierarchical_raked,114,0.020313087761,0.021259229655,-0.000946141894
2022,T1_previous_party_hierarchical_raked,115,0.020397373249,0.021259229655,-0.000861856406
2022,T1_previous_party_hierarchical_raked,116,0.020256137710,0.021259229655,-0.001003091946
2022,T1_previous_party_hierarchical_raked,117,0.020157407970,0.021259229655,-0.001101821685
2022,T1_previous_party_hierarchical_raked,118,0.020231216452,0.021259229655,-0.001028013203
2022,T1_previous_party_hierarchical_raked,119,0.020161975641,0.021259229655,-0.001097254014
2022,T1_previous_party_hierarchical_raked,120,0.020358370571,0.021259229655,-0.000900859084
2022,T1_previous_party_hierarchical_raked,121,0.020474311184,0.021259229655,-0.000784918471
2022,T1_previous_party_hierarchical_raked,122,0.020061812059,0.021259229655,-0.001197417596
2022,T1_previous_party_hierarchical_raked,123,0.020305638354,0.021259229655,-0.000953591302
2022,T1_previous_party_hierarchical_raked,124,0.020309959599,0.021259229655,-0.000949270057
2022,T1_previous_party_hierarchical_raked,125,0.020329696675,0.021259229655,-0.000929532980
2022,T1_previous_party_hierarchical_raked,126,0.020290644327,0.021259229655,-0.000968585329
2022,T1_previous_party_hierarchical_raked,127,0.020404321824,0.021259229655,-0.000854907831
2022,T1_previous_party_hierarchical_raked,128,0.020356323472,0.021259229655,-0.000902906183
2022,T1_previous_party_hierarchical_raked,129,0.020171352089,0.021259229655,-0.001087877566
2022,T1_previous_party_hierarchical_raked,130,0.020252164613,0.021259229655,-0.001007065043
2022,T1_previous_party_hierarchical_raked,131,0.020339757815,0.021259229655,-0.000919471841
2022,T1_previous_party_hierarchical_raked,132,0.020103123774,0.021259229655,-0.001156105881
2022,T1_previous_party_hierarchical_raked,133,0.020272654479,0.021259229655,-0.000986575177
2022,T1_previous_party_hierarchical_raked,134,0.020159537644,0.021259229655,-0.001099692012
2022,T1_previous_party_hierarchical_raked,135,0.020189071414,0.021259229655,-0.001070158241
2022,T1_previous_party_hierarchical_raked,136,0.020247688361,0.021259229655,-0.001011541295
2022,T1_previous_party_hierarchical_raked,137,0.020159357141,0.021259229655,-0.001099872514
2022,T1_previous_party_hierarchical_raked,138,0.020270868984,0.021259229655,-0.000988360671
2022,T1_previous_party_hierarchical_raked,139,0.019987969575,0.021259229655,-0.001271260080
2022,T1_previous_party_hierarchical_raked,140,0.020220584145,0.021259229655,-0.001038645510
2022,T1_previous_party_hierarchical_raked,141,0.020478173720,0.021259229655,-0.000781055935
2022,T1_previous_party_hierarchical_raked,142,0.020405759127,0.021259229655,-0.000853470529
2022,T1_previous_party_hierarchical_raked,143,0.020271530977,0.021259229655,-0.000987698678
2022,T1_previous_party_hierarchical_raked,144,0.020127435983,0.021259229655,-0.001131793673
2022,T1_previous_party_hierarchical_raked,145,0.020264460436,0.021259229655,-0.000994769219
2022,T1_previous_party_hierarchical_raked,146,0.020328725046,0.021259229655,-0.000930504610
2022,T1_previous_party_hierarchical_raked,147,0.020393406943,0.021259229655,-0.000865822712
2022,T1_previous_party_hierarchical_raked,148,0.020182437825,0.021259229655,-0.001076791830
2022,T1_previous_party_hierarchical_raked,149,0.020216978534,0.021259229655,-0.001042251121
2022,T1_previous_party_hierarchical_raked,150,0.020144331794,0.021259229655,-0.001114897861
2022,T1_previous_party_hierarchical_raked,151,0.020348938036,0.021259229655,-0.000910291619
2022,T1_previous_party_hierarchical_raked,152,0.020344317136,0.021259229655,-0.000914912519
2022,T1_previous_party_hierarchical_raked,153,0.020406999796,0.021259229655,-0.000852229859
2022,T1_previous_party_hierarchical_raked,154,0.020287757039,0.021259229655,-0.000971472616
2022,T1_previous_party_hierarchical_raked,155,0.020163865284,0.021259229655,-0.001095364372
2022,T1_previous_party_hierarchical_raked,156,0.020439831597,0.021259229655,-0.000819398059
2022,T1_previous_party_hierarchical_raked,157,0.020269946060,0.021259229655,-0.000989283595
2022,T1_previous_party_hierarchical_raked,158,0.020276217981,0.021259229655,-0.000983011674
2022,T1_previous_party_hierarchical_raked,159,0.020244915444,0.021259229655,-0.001014314212
2022,T1_previous_party_hierarchical_raked,160,0.020303200151,0.021259229655,-0.000956029505
2022,T1_previous_party_hierarchical_raked,161,0.020309555125,0.021259229655,-0.000949674530
2022,T1_previous_party_hierarchical_raked,162,0.020294964125,0.021259229655,-0.000964265531
2022,T1_previous_party_hierarchical_raked,163,0.020416662181,0.021259229655,-0.000842567475
2022,T1_previous_party_hierarchical_raked,164,0.020267666896,0.021259229655,-0.000991562760
2022,T1_previous_party_hierarchical_raked,165,0.020324850078,0.021259229655,-0.000934379578
2022,T1_previous_party_hierarchical_raked,166,0.020185672798,0.021259229655,-0.001073556857
2022,T1_previous_party_hierarchical_raked,167,0.020373164129,0.021259229655,-0.000886065527
2022,T1_previous_party_hierarchical_raked,168,0.020351391247,0.021259229655,-0.000907838409
2022,T1_previous_party_hierarchical_raked,169,0.020400429950,0.021259229655,-0.000858799705
2022,T1_previous_party_hierarchical_raked,170,0.020244279124,0.021259229655,-0.001014950531
2022,T1_previous_party_hierarchical_raked,171,0.020271506159,0.021259229655,-0.000987723496
2022,T1_previous_party_hierarchical_raked,172,0.020367746552,0.021259229655,-0.000891483103
2022,T1_previous_party_hierarchical_raked,173,0.020368556323,0.021259229655,-0.000890673332
2022,T1_previous_party_hierarchical_raked,174,0.020383682878,0.021259229655,-0.000875546778
2022,T1_previous_party_hierarchical_raked,175,0.020202877789,0.021259229655,-0.001056351866
2022,T1_previous_party_hierarchical_raked,176,0.020117434371,0.021259229655,-0.001141795284
2022,T1_previous_party_hierarchical_raked,177,0.020243489855,0.021259229655,-0.001015739801
2022,T1_previous_party_hierarchical_raked,178,0.020314839221,0.021259229655,-0.000944390434
2022,T1_previous_party_hierarchical_raked,179,0.020260717419,0.021259229655,-0.000998512236
2022,T1_previous_party_hierarchical_raked,180,0.020052423664,0.021259229655,-0.001206805991
2022,T1_previous_party_hierarchical_raked,181,0.020348835128,0.021259229655,-0.000910394527
2022,T1_previous_party_hierarchical_raked,182,0.020228600306,0.021259229655,-0.001030629350
2022,T1_previous_party_hierarchical_raked,183,0.020144161436,0.021259229655,-0.001115068220
2022,T1_previous_party_hierarchical_raked,184,0.020138753633,0.021259229655,-0.001120476022
2022,T1_previous_party_hierarchical_raked,185,0.020128973422,0.021259229655,-0.001130256234
2022,T1_previous_party_hierarchical_raked,186,0.020419227861,0.021259229655,-0.000840001794
2022,T1_previous_party_hierarchical_raked,187,0.020143486255,0.021259229655,-0.001115743401
2022,T1_previous_party_hierarchical_raked,188,0.020315475163,0.021259229655,-0.000943754492
2022,T1_previous_party_hierarchical_raked,189,0.020234138568,0.021259229655,-0.001025091087
2022,T1_previous_party_hierarchical_raked,190,0.020273356497,0.021259229655,-0.000985873159
2022,T1_previous_party_hierarchical_raked,191,0.020233267079,0.021259229655,-0.001025962577
2022,T1_previous_party_hierarchical_raked,192,0.020245346182,0.021259229655,-0.001013883474
2022,T1_previous_party_hierarchical_raked,193,0.020280622246,0.021259229655,-0.000978607409
2022,T1_previous_party_hierarchical_raked,194,0.020097402543,0.021259229655,-0.001161827113
2022,T1_previous_party_hierarchical_raked,195,0.020192094174,0.021259229655,-0.001067135482
2022,T1_previous_party_hierarchical_raked,196,0.020300585354,0.021259229655,-0.000958644301
2022,T1_previous_party_hierarchical_raked,197,0.020244833907,0.021259229655,-0.001014395748
2022,T1_previous_party_hierarchical_raked,198,0.020156003107,0.021259229655,-0.001103226548
2022,T1_previous_party_hierarchical_raked,199,0.020160903038,0.021259229655,-0.001098326617
2022,T1_previous_party_hierarchical_raked,200,0.020303252794,0.021259229655,-0.000955976861
2022,T1_previous_party_hierarchical_raked,201,0.020330764300,0.021259229655,-0.000928465355
2022,T1_previous_party_hierarchical_raked,202,0.020191009524,0.021259229655,-0.001068220132
2022,T1_previous_party_hierarchical_raked,203,0.020238924843,0.021259229655,-0.001020304812
2022,T1_previous_party_hierarchical_raked,204,0.020384052003,0.021259229655,-0.000875177652
2022,T1_previous_party_hierarchical_raked,205,0.020267176508,0.021259229655,-0.000992053148
2022,T1_previous_party_hierarchical_raked,206,0.020365277501,0.021259229655,-0.000893952155
2022,T1_previous_party_hierarchical_raked,207,0.020228872422,0.021259229655,-0.001030357233
2022,T1_previous_party_hierarchical_raked,208,0.020205113585,0.021259229655,-0.001054116071
2022,T1_previous_party_hierarchical_raked,209,0.020368596915,0.021259229655,-0.000890632740
2022,T1_previous_party_hierarchical_raked,210,0.020260196668,0.021259229655,-0.000999032988
2022,T1_previous_party_hierarchical_raked,211,0.020372807385,0.021259229655,-0.000886422270
2022,T1_previous_party_hierarchical_raked,212,0.020312573418,0.021259229655,-0.000946656238
2022,T1_previous_party_hierarchical_raked,213,0.020357119592,0.021259229655,-0.000902110064
2022,T1_previous_party_hierarchical_raked,214,0.020184591364,0.021259229655,-0.001074638292
2022,T1_previous_party_hierarchical_raked,215,0.020279445451,0.021259229655,-0.000979784205
2022,T1_previous_party_hierarchical_raked,216,0.020198266909,0.021259229655,-0.001060962747
2022,T1_previous_party_hierarchical_raked,217,0.020153474243,0.021259229655,-0.001105755413
2022,T1_previous_party_hierarchical_raked,218,0.020449796932,0.021259229655,-0.000809432723
2022,T1_previous_party_hierarchical_raked,219,0.020319500919,0.021259229655,-0.000939728737
2022,T1_previous_party_hierarchical_raked,220,0.020245535505,0.021259229655,-0.001013694151
2022,T1_previous_party_hierarchical_raked,221,0.019994327661,0.021259229655,-0.001264901995
2022,T1_previous_party_hierarchical_raked,222,0.020226178115,0.021259229655,-0.001033051541
2022,T1_previous_party_hierarchical_raked,223,0.020063427276,0.021259229655,-0.001195802379
2022,T1_previous_party_hierarchical_raked,224,0.020193452941,0.021259229655,-0.001065776714
2022,T1_previous_party_hierarchical_raked,225,0.020342549186,0.021259229655,-0.000916680469
2022,T1_previous_party_hierarchical_raked,226,0.020248644290,0.021259229655,-0.001010585365
2022,T1_previous_party_hierarchical_raked,227,0.020220026798,0.021259229655,-0.001039202857
2022,T1_previous_party_hierarchical_raked,228,0.020292186069,0.021259229655,-0.000967043586
2022,T1_previous_party_hierarchical_raked,229,0.020182409124,0.021259229655,-0.001076820532
2022,T1_previous_party_hierarchical_raked,230,0.020147901385,0.021259229655,-0.001111328270
2022,T1_previous_party_hierarchical_raked,231,0.020116399781,0.021259229655,-0.001142829874
2022,T1_previous_party_hierarchical_raked,232,0.020198784991,0.021259229655,-0.001060444664
2022,T1_previous_party_hierarchical_raked,233,0.020390917694,0.021259229655,-0.000868311961
2022,T1_previous_party_hierarchical_raked,234,0.020326575767,0.021259229655,-0.000932653888
2022,T1_previous_party_hierarchical_raked,235,0.020280917402,0.021259229655,-0.000978312253
2022,T1_previous_party_hierarchical_raked,236,0.020207224049,0.021259229655,-0.001052005606
2022,T1_previous_party_hierarchical_raked,237,0.020139439047,0.021259229655,-0.001119790608
2022,T1_previous_party_hierarchical_raked,238,0.020296142853,0.021259229655,-0.000963086802
2022,T1_previous_party_hierarchical_raked,239,0.020264713824,0.021259229655,-0.000994515831
2022,T1_previous_party_hierarchical_raked,240,0.020353696870,0.021259229655,-0.000905532786
2022,T1_previous_party_hierarchical_raked,241,0.020242290834,0.021259229655,-0.001016938821
2022,T1_previous_party_hierarchical_raked,242,0.020212131432,0.021259229655,-0.001047098224
2022,T1_previous_party_hierarchical_raked,243,0.020339914812,0.021259229655,-0.000919314843
2022,T1_previous_party_hierarchical_raked,244,0.020233596177,0.021259229655,-0.001025633478
2022,T1_previous_party_hierarchical_raked,245,0.020249114062,0.021259229655,-0.001010115593
2022,T1_previous_party_hierarchical_raked,246,0.020355056120,0.021259229655,-0.000904173535
2022,T1_previous_party_hierarchical_raked,247,0.020128127341,0.021259229655,-0.001131102314
2022,T1_previous_party_hierarchical_raked,248,0.020192191085,0.021259229655,-0.001067038571
2022,T1_previous_party_hierarchical_raked,249,0.020282374067,0.021259229655,-0.000976855588
2022,T1_previous_party_hierarchical_raked,250,0.020235910379,0.021259229655,-0.001023319276
2022,T1_previous_party_hierarchical_raked,251,0.020132767883,0.021259229655,-0.001126461773
2022,T1_previous_party_hierarchical_raked,252,0.020342807090,0.021259229655,-0.000916422566
2022,T1_previous_party_hierarchical_raked,253,0.020382930260,0.021259229655,-0.000876299395
2022,T1_previous_party_hierarchical_raked,254,0.020202028963,0.021259229655,-0.001057200692
2022,T1_previous_party_hierarchical_raked,255,0.020382007498,0.021259229655,-0.000877222157
2022,T1_previous_party_hierarchical_raked,256,0.020238279632,0.021259229655,-0.001020950024
2022,T1_previous_party_hierarchical_raked,257,0.020219281419,0.021259229655,-0.001039948236
2022,T1_previous_party_hierarchical_raked,258,0.020279503108,0.021259229655,-0.000979726548
2022,T1_previous_party_hierarchical_raked,259,0.020261821891,0.021259229655,-0.000997407764
2022,T1_previous_party_hierarchical_raked,260,0.020343720231,0.021259229655,-0.000915509424
2022,T1_previous_party_hierarchical_raked,261,0.020179170056,0.021259229655,-0.001080059600
2022,T1_previous_party_hierarchical_raked,262,0.020298137943,0.021259229655,-0.000961091712
2022,T1_previous_party_hierarchical_raked,263,0.020074323464,0.021259229655,-0.001184906191
2022,T1_previous_party_hierarchical_raked,264,0.020120233713,0.021259229655,-0.001138995942
2022,T1_previous_party_hierarchical_raked,265,0.020353415311,0.021259229655,-0.000905814344
2022,T1_previous_party_hierarchical_raked,266,0.020249280870,0.021259229655,-0.001009948786
2022,T1_previous_party_hierarchical_raked,267,0.020338414697,0.021259229655,-0.000920814959
2022,T1_previous_party_hierarchical_raked,268,0.020143140033,0.021259229655,-0.001116089622
2022,T1_previous_party_hierarchical_raked,269,0.020201274776,0.021259229655,-0.001057954879
2022,T1_previous_party_hierarchical_raked,270,0.020292591318,0.021259229655,-0.000966638337
2022,T1_previous_party_hierarchical_raked,271,0.020176590742,0.021259229655,-0.001082638914
2022,T1_previous_party_hierarchical_raked,272,0.020292656686,0.021259229655,-0.000966572969
2022,T1_previous_party_hierarchical_raked,273,0.020260395068,0.021259229655,-0.000998834587
2022,T1_previous_party_hierarchical_raked,274,0.020364202982,0.021259229655,-0.000895026674
2022,T1_previous_party_hierarchical_raked,275,0.020216855791,0.021259229655,-0.001042373865
2022,T1_previous_party_hierarchical_raked,276,0.020296773667,0.021259229655,-0.000962455989
2022,T1_previous_party_hierarchical_raked,277,0.020237890632,0.021259229655,-0.001021339024
2022,T1_previous_party_hierarchical_raked,278,0.020260531663,0.021259229655,-0.000998697993
2022,T1_previous_party_hierarchical_raked,279,0.020113196235,0.021259229655,-0.001146033421
2022,T1_previous_party_hierarchical_raked,280,0.020344626396,0.021259229655,-0.000914603260
2022,T1_previous_party_hierarchical_raked,281,0.020176248741,0.021259229655,-0.001082980915
2022,T1_previous_party_hierarchical_raked,282,0.020188580802,0.021259229655,-0.001070648853
2022,T1_previous_party_hierarchical_raked,283,0.020375062688,0.021259229655,-0.000884166967
2022,T1_previous_party_hierarchical_raked,284,0.020208389444,0.021259229655,-0.001050840212
2022,T1_previous_party_hierarchical_raked,285,0.020224601113,0.021259229655,-0.001034628543
2022,T1_previous_party_hierarchical_raked,286,0.020473743440,0.021259229655,-0.000785486215
2022,T1_previous_party_hierarchical_raked,287,0.020265458667,0.021259229655,-0.000993770989
2022,T1_previous_party_hierarchical_raked,288,0.020057604402,0.021259229655,-0.001201625253
2022,T1_previous_party_hierarchical_raked,289,0.020270180060,0.021259229655,-0.000989049595
2022,T1_previous_party_hierarchical_raked,290,0.020428773601,0.021259229655,-0.000830456054
2022,T1_previous_party_hierarchical_raked,291,0.020308447675,0.021259229655,-0.000950781980
2022,T1_previous_party_hierarchical_raked,292,0.020298902064,0.021259229655,-0.000960327592
2022,T1_previous_party_hierarchical_raked,293,0.020196498965,0.021259229655,-0.001062730690
2022,T1_previous_party_hierarchical_raked,294,0.020223971314,0.021259229655,-0.001035258341
2022,T1_previous_party_hierarchical_raked,295,0.020374773236,0.021259229655,-0.000884456419
2022,T1_previous_party_hierarchical_raked,296,0.020266843662,0.021259229655,-0.000992385993
2022,T1_previous_party_hierarchical_raked,297,0.020243030236,0.021259229655,-0.001016199419
2022,T1_previous_party_hierarchical_raked,298,0.020219430105,0.021259229655,-0.001039799551
2022,T1_previous_party_hierarchical_raked,299,0.020174373481,0.021259229655,-0.001084856175
2022,T1_previous_party_hierarchical_raked,300,0.020307482632,0.021259229655,-0.000951747024
2022,T1_previous_party_hierarchical_raked,301,0.020437017352,0.021259229655,-0.000822212303
2022,T1_previous_party_hierarchical_raked,302,0.020055650777,0.021259229655,-0.001203578878
2022,T1_previous_party_hierarchical_raked,303,0.020382567389,0.021259229655,-0.000876662266
2022,T1_previous_party_hierarchical_raked,304,0.020089516586,0.021259229655,-0.001169713070
2022,T1_previous_party_hierarchical_raked,305,0.020149949300,0.021259229655,-0.001109280356
2022,T1_previous_party_hierarchical_raked,306,0.020434758320,0.021259229655,-0.000824471335
2022,T1_previous_party_hierarchical_raked,307,0.020452990735,0.021259229655,-0.000806238921
2022,T1_previous_party_hierarchical_raked,308,0.020114391929,0.021259229655,-0.001144837727
2022,T1_previous_party_hierarchical_raked,309,0.020374705415,0.021259229655,-0.000884524240
2022,T1_previous_party_hierarchical_raked,310,0.020010748647,0.021259229655,-0.001248481008
2022,T1_previous_party_hierarchical_raked,311,0.020116815160,0.021259229655,-0.001142414495
2022,T1_previous_party_hierarchical_raked,312,0.020208472289,0.021259229655,-0.001050757367
2022,T1_previous_party_hierarchical_raked,313,0.020242857863,0.021259229655,-0.001016371793
2022,T1_previous_party_hierarchical_raked,314,0.020291440518,0.021259229655,-0.000967789138
2022,T1_previous_party_hierarchical_raked,315,0.020247412755,0.021259229655,-0.001011816901
2022,T1_previous_party_hierarchical_raked,316,0.020255930640,0.021259229655,-0.001003299015
2022,T1_previous_party_hierarchical_raked,317,0.020228226225,0.021259229655,-0.001031003431
2022,T1_previous_party_hierarchical_raked,318,0.020159811710,0.021259229655,-0.001099417946
2022,T1_previous_party_hierarchical_raked,319,0.020124460431,0.021259229655,-0.001134769225
2022,T1_previous_party_hierarchical_raked,320,0.020171372591,0.021259229655,-0.001087857064
2022,T1_previous_party_hierarchical_raked,321,0.020117185352,0.021259229655,-0.001142044304
2022,T1_previous_party_hierarchical_raked,322,0.020244263192,0.021259229655,-0.001014966463
2022,T1_previous_party_hierarchical_raked,323,0.020270200684,0.021259229655,-0.000989028971
2022,T1_previous_party_hierarchical_raked,324,0.020244822563,0.021259229655,-0.001014407092
2022,T1_previous_party_hierarchical_raked,325,0.020162754232,0.021259229655,-0.001096475424
2022,T1_previous_party_hierarchical_raked,326,0.020301553213,0.021259229655,-0.000957676443
2022,T1_previous_party_hierarchical_raked,327,0.020353893731,0.021259229655,-0.000905335924
2022,T1_previous_party_hierarchical_raked,328,0.020216513037,0.021259229655,-0.001042716619
2022,T1_previous_party_hierarchical_raked,329,0.020421251399,0.021259229655,-0.000837978256
2022,T1_previous_party_hierarchical_raked,330,0.020189432243,0.021259229655,-0.001069797412
2022,T1_previous_party_hierarchical_raked,331,0.020195724368,0.021259229655,-0.001063505288
2022,T1_previous_party_hierarchical_raked,332,0.020166974870,0.021259229655,-0.001092254786
2022,T1_previous_party_hierarchical_raked,333,0.020230603918,0.021259229655,-0.001028625737
2022,T1_previous_party_hierarchical_raked,334,0.020230061658,0.021259229655,-0.001029167998
2022,T1_previous_party_hierarchical_raked,335,0.020336710440,0.021259229655,-0.000922519216
2022,T1_previous_party_hierarchical_raked,336,0.020264577811,0.021259229655,-0.000994651845
2022,T1_previous_party_hierarchical_raked,337,0.020429603543,0.021259229655,-0.000829626112
2022,T1_previous_party_hierarchical_raked,338,0.020264072753,0.021259229655,-0.000995156903
2022,T1_previous_party_hierarchical_raked,339,0.020221932934,0.021259229655,-0.001037296721
2022,T1_previous_party_hierarchical_raked,340,0.020367383771,0.021259229655,-0.000891845884
2022,T1_previous_party_hierarchical_raked,341,0.020307971247,0.021259229655,-0.000951258408
2022,T1_previous_party_hierarchical_raked,342,0.020369002914,0.021259229655,-0.000890226741
2022,T1_previous_party_hierarchical_raked,343,0.020359008325,0.021259229655,-0.000900221330
2022,T1_previous_party_hierarchical_raked,344,0.020154890188,0.021259229655,-0.001104339468
2022,T1_previous_party_hierarchical_raked,345,0.020326819174,0.021259229655,-0.000932410481
2022,T1_previous_party_hierarchical_raked,346,0.020439257546,0.021259229655,-0.000819972110
2022,T1_previous_party_hierarchical_raked,347,0.020097566244,0.021259229655,-0.001161663411
2022,T1_previous_party_hierarchical_raked,348,0.020217042663,0.021259229655,-0.001042186992
2022,T1_previous_party_hierarchical_raked,349,0.020336515181,0.021259229655,-0.000922714474
2022,T1_previous_party_hierarchical_raked,350,0.020230431158,0.021259229655,-0.001028798498
2022,T1_previous_party_hierarchical_raked,351,0.020242525406,0.021259229655,-0.001016704249
2022,T1_previous_party_hierarchical_raked,352,0.020389945126,0.021259229655,-0.000869284530
2022,T1_previous_party_hierarchical_raked,353,0.020219187023,0.021259229655,-0.001040042632
2022,T1_previous_party_hierarchical_raked,354,0.020174136034,0.021259229655,-0.001085093621
2022,T1_previous_party_hierarchical_raked,355,0.020411972192,0.021259229655,-0.000847257464
2022,T1_previous_party_hierarchical_raked,356,0.020308862866,0.021259229655,-0.000950366789
2022,T1_previous_party_hierarchical_raked,357,0.020264771887,0.021259229655,-0.000994457768
2022,T1_previous_party_hierarchical_raked,358,0.020052276456,0.021259229655,-0.001206953199
2022,T1_previous_party_hierarchical_raked,359,0.020316192384,0.021259229655,-0.000943037271
2022,T1_previous_party_hierarchical_raked,360,0.020181252126,0.021259229655,-0.001077977529
2022,T1_previous_party_hierarchical_raked,361,0.020300129897,0.021259229655,-0.000959099758
2022,T1_previous_party_hierarchical_raked,362,0.020210358377,0.021259229655,-0.001048871278
2022,T1_previous_party_hierarchical_raked,363,0.020178576187,0.021259229655,-0.001080653468
2022,T1_previous_party_hierarchical_raked,364,0.020148838463,0.021259229655,-0.001110391192
2022,T1_previous_party_hierarchical_raked,365,0.020252766776,0.021259229655,-0.001006462880
2022,T1_previous_party_hierarchical_raked,366,0.020182833223,0.021259229655,-0.001076396432
2022,T1_previous_party_hierarchical_raked,367,0.020233449959,0.021259229655,-0.001025779696
2022,T1_previous_party_hierarchical_raked,368,0.020279230906,0.021259229655,-0.000979998750
2022,T1_previous_party_hierarchical_raked,369,0.020216632055,0.021259229655,-0.001042597601
2022,T1_previous_party_hierarchical_raked,370,0.020143643029,0.021259229655,-0.001115586627
2022,T1_previous_party_hierarchical_raked,371,0.020355234859,0.021259229655,-0.000903994796
2022,T1_previous_party_hierarchical_raked,372,0.020261566976,0.021259229655,-0.000997662679
2022,T1_previous_party_hierarchical_raked,373,0.020377685209,0.021259229655,-0.000881544446
2022,T1_previous_party_hierarchical_raked,374,0.020181405090,0.021259229655,-0.001077824566
2022,T1_previous_party_hierarchical_raked,375,0.020208072865,0.021259229655,-0.001051156791
2022,T1_previous_party_hierarchical_raked,376,0.020263781985,0.021259229655,-0.000995447671
2022,T1_previous_party_hierarchical_raked,377,0.020347388040,0.021259229655,-0.000911841615
2022,T1_previous_party_hierarchical_raked,378,0.020307698290,0.021259229655,-0.000951531365
2022,T1_previous_party_hierarchical_raked,379,0.020260865358,0.021259229655,-0.000998364298
2022,T1_previous_party_hierarchical_raked,380,0.020131638199,0.021259229655,-0.001127591457
2022,T1_previous_party_hierarchical_raked,381,0.020185957434,0.021259229655,-0.001073272221
2022,T1_previous_party_hierarchical_raked,382,0.020402328892,0.021259229655,-0.000856900763
2022,T1_previous_party_hierarchical_raked,383,0.020291191381,0.021259229655,-0.000968038275
2022,T1_previous_party_hierarchical_raked,384,0.020075032771,0.021259229655,-0.001184196885
2022,T1_previous_party_hierarchical_raked,385,0.020481294007,0.021259229655,-0.000777935648
2022,T1_previous_party_hierarchical_raked,386,0.020044671055,0.021259229655,-0.001214558601
2022,T1_previous_party_hierarchical_raked,387,0.020262543662,0.021259229655,-0.000996685993
2022,T1_previous_party_hierarchical_raked,388,0.020218408297,0.021259229655,-0.001040821359
2022,T1_previous_party_hierarchical_raked,389,0.020415158692,0.021259229655,-0.000844070963
2022,T1_previous_party_hierarchical_raked,390,0.020283519906,0.021259229655,-0.000975709749
2022,T1_previous_party_hierarchical_raked,391,0.020214244369,0.021259229655,-0.001044985286
2022,T1_previous_party_hierarchical_raked,392,0.020294971999,0.021259229655,-0.000964257656
2022,T1_previous_party_hierarchical_raked,393,0.020182237088,0.021259229655,-0.001076992568
2022,T1_previous_party_hierarchical_raked,394,0.020340020571,0.021259229655,-0.000919209085
2022,T1_previous_party_hierarchical_raked,395,0.020311423458,0.021259229655,-0.000947806197
2022,T1_previous_party_hierarchical_raked,396,0.020306171714,0.021259229655,-0.000953057941
2022,T1_previous_party_hierarchical_raked,397,0.020192759285,0.021259229655,-0.001066470371
2022,T1_previous_party_hierarchical_raked,398,0.020255442099,0.021259229655,-0.001003787556
2022,T1_previous_party_hierarchical_raked,399,0.020099077483,0.021259229655,-0.001160152172
2022,T1_previous_party_hierarchical_raked,400,0.020337392517,0.021259229655,-0.000921837138
2022,T1_previous_party_hierarchical_raked,401,0.020140827522,0.021259229655,-0.001118402134
2022,T1_previous_party_hierarchical_raked,402,0.020207942074,0.021259229655,-0.001051287581
2022,T1_previous_party_hierarchical_raked,403,0.020158228921,0.021259229655,-0.001101000734
2022,T1_previous_party_hierarchical_raked,404,0.020191809948,0.021259229655,-0.001067419707
2022,T1_previous_party_hierarchical_raked,405,0.020133524064,0.021259229655,-0.001125705591
2022,T1_previous_party_hierarchical_raked,406,0.020318830011,0.021259229655,-0.000940399644
2022,T1_previous_party_hierarchical_raked,407,0.020145799359,0.021259229655,-0.001113430296
2022,T1_previous_party_hierarchical_raked,408,0.020204920506,0.021259229655,-0.001054309150
2022,T1_previous_party_hierarchical_raked,409,0.020227222484,0.021259229655,-0.001032007171
2022,T1_previous_party_hierarchical_raked,410,0.020345006803,0.021259229655,-0.000914222852
2022,T1_previous_party_hierarchical_raked,411,0.020297278106,0.021259229655,-0.000961951549
2022,T1_previous_party_hierarchical_raked,412,0.020238201284,0.021259229655,-0.001021028371
2022,T1_previous_party_hierarchical_raked,413,0.020210979604,0.021259229655,-0.001048250052
2022,T1_previous_party_hierarchical_raked,414,0.020160885804,0.021259229655,-0.001098343851
2022,T1_previous_party_hierarchical_raked,415,0.020225332500,0.021259229655,-0.001033897155
2022,T1_previous_party_hierarchical_raked,416,0.020251313123,0.021259229655,-0.001007916532
2022,T1_previous_party_hierarchical_raked,417,0.020148941918,0.021259229655,-0.001110287738
2022,T1_previous_party_hierarchical_raked,418,0.020312427228,0.021259229655,-0.000946802428
2022,T1_previous_party_hierarchical_raked,419,0.020151823859,0.021259229655,-0.001107405797
2022,T1_previous_party_hierarchical_raked,420,0.020237438219,0.021259229655,-0.001021791437
2022,T1_previous_party_hierarchical_raked,421,0.020318686721,0.021259229655,-0.000940542934
2022,T1_previous_party_hierarchical_raked,422,0.020217342109,0.021259229655,-0.001041887547
2022,T1_previous_party_hierarchical_raked,423,0.020231564421,0.021259229655,-0.001027665235
2022,T1_previous_party_hierarchical_raked,424,0.020255474982,0.021259229655,-0.001003754673
2022,T1_previous_party_hierarchical_raked,425,0.020267795432,0.021259229655,-0.000991434224
2022,T1_previous_party_hierarchical_raked,426,0.020172150869,0.021259229655,-0.001087078787
2022,T1_previous_party_hierarchical_raked,427,0.020262230435,0.021259229655,-0.000996999221
2022,T1_previous_party_hierarchical_raked,428,0.020296461144,0.021259229655,-0.000962768511
2022,T1_previous_party_hierarchical_raked,429,0.020308957296,0.021259229655,-0.000950272360
2022,T1_previous_party_hierarchical_raked,430,0.020139001295,0.021259229655,-0.001120228360
2022,T1_previous_party_hierarchical_raked,431,0.020330069068,0.021259229655,-0.000929160587
2022,T1_previous_party_hierarchical_raked,432,0.020139781904,0.021259229655,-0.001119447751
2022,T1_previous_party_hierarchical_raked,433,0.020230772449,0.021259229655,-0.001028457207
2022,T1_previous_party_hierarchical_raked,434,0.020111462469,0.021259229655,-0.001147767187
2022,T1_previous_party_hierarchical_raked,435,0.020362646753,0.021259229655,-0.000896582902
2022,T1_previous_party_hierarchical_raked,436,0.020545156581,0.021259229655,-0.000714073074
2022,T1_previous_party_hierarchical_raked,437,0.020325953985,0.021259229655,-0.000933275670
2022,T1_previous_party_hierarchical_raked,438,0.020213126707,0.021259229655,-0.001046102949
2022,T1_previous_party_hierarchical_raked,439,0.020243943259,0.021259229655,-0.001015286396
2022,T1_previous_party_hierarchical_raked,440,0.020307879266,0.021259229655,-0.000951350390
2022,T1_previous_party_hierarchical_raked,441,0.020360616105,0.021259229655,-0.000898613551
2022,T1_previous_party_hierarchical_raked,442,0.020218121992,0.021259229655,-0.001041107664
2022,T1_previous_party_hierarchical_raked,443,0.020069875195,0.021259229655,-0.001189354461
2022,T1_previous_party_hierarchical_raked,444,0.020175204064,0.021259229655,-0.001084025592
2022,T1_previous_party_hierarchical_raked,445,0.020239900360,0.021259229655,-0.001019329295
2022,T1_previous_party_hierarchical_raked,446,0.020216866491,0.021259229655,-0.001042363164
2022,T1_previous_party_hierarchical_raked,447,0.020231383805,0.021259229655,-0.001027845850
2022,T1_previous_party_hierarchical_raked,448,0.020410543028,0.021259229655,-0.000848686627
2022,T1_previous_party_hierarchical_raked,449,0.020345163963,0.021259229655,-0.000914065692
2022,T1_previous_party_hierarchical_raked,450,0.020319681576,0.021259229655,-0.000939548079
2022,T1_previous_party_hierarchical_raked,451,0.020416012722,0.021259229655,-0.000843216933
2022,T1_previous_party_hierarchical_raked,452,0.020238811753,0.021259229655,-0.001020417902
2022,T1_previous_party_hierarchical_raked,453,0.020359535344,0.021259229655,-0.000899694311
2022,T1_previous_party_hierarchical_raked,454,0.020275816034,0.021259229655,-0.000983413621
2022,T1_previous_party_hierarchical_raked,455,0.020394289230,0.021259229655,-0.000864940425
2022,T1_previous_party_hierarchical_raked,456,0.020308811593,0.021259229655,-0.000950418062
2022,T1_previous_party_hierarchical_raked,457,0.020249693687,0.021259229655,-0.001009535969
2022,T1_previous_party_hierarchical_raked,458,0.020436918224,0.021259229655,-0.000822311431
2022,T1_previous_party_hierarchical_raked,459,0.020278077764,0.021259229655,-0.000981151891
2022,T1_previous_party_hierarchical_raked,460,0.020212328619,0.021259229655,-0.001046901036
2022,T1_previous_party_hierarchical_raked,461,0.020154220709,0.021259229655,-0.001105008946
2022,T1_previous_party_hierarchical_raked,462,0.020463916828,0.021259229655,-0.000795312827
2022,T1_previous_party_hierarchical_raked,463,0.020140597308,0.021259229655,-0.001118632348
2022,T1_previous_party_hierarchical_raked,464,0.020264821804,0.021259229655,-0.000994407852
2022,T1_previous_party_hierarchical_raked,465,0.020010630083,0.021259229655,-0.001248599573
2022,T1_previous_party_hierarchical_raked,466,0.020187601261,0.021259229655,-0.001071628394
2022,T1_previous_party_hierarchical_raked,467,0.020159456653,0.021259229655,-0.001099773003
2022,T1_previous_party_hierarchical_raked,468,0.020173338648,0.021259229655,-0.001085891008
2022,T1_previous_party_hierarchical_raked,469,0.020285369793,0.021259229655,-0.000973859862
2022,T1_previous_party_hierarchical_raked,470,0.020185807974,0.021259229655,-0.001073421681
2022,T1_previous_party_hierarchical_raked,471,0.020432053876,0.021259229655,-0.000827175779
2022,T1_previous_party_hierarchical_raked,472,0.020066180982,0.021259229655,-0.001193048674
2022,T1_previous_party_hierarchical_raked,473,0.020241348394,0.021259229655,-0.001017881262
2022,T1_previous_party_hierarchical_raked,474,0.020422142237,0.021259229655,-0.000837087419
2022,T1_previous_party_hierarchical_raked,475,0.020197062889,0.021259229655,-0.001062166766
2022,T1_previous_party_hierarchical_raked,476,0.020271847642,0.021259229655,-0.000987382013
2022,T1_previous_party_hierarchical_raked,477,0.020398162111,0.021259229655,-0.000861067544
2022,T1_previous_party_hierarchical_raked,478,0.020264590616,0.021259229655,-0.000994639040
2022,T1_previous_party_hierarchical_raked,479,0.020244249805,0.021259229655,-0.001014979851
2022,T1_previous_party_hierarchical_raked,480,0.020354892403,0.021259229655,-0.000904337253
2022,T1_previous_party_hierarchical_raked,481,0.020204173689,0.021259229655,-0.001055055966
2022,T1_previous_party_hierarchical_raked,482,0.020216197002,0.021259229655,-0.001043032654
2022,T1_previous_party_hierarchical_raked,483,0.020325119530,0.021259229655,-0.000934110125
2022,T1_previous_party_hierarchical_raked,484,0.020211574094,0.021259229655,-0.001047655561
2022,T1_previous_party_hierarchical_raked,485,0.020352354688,0.021259229655,-0.000906874968
2022,T1_previous_party_hierarchical_raked,486,0.020217206591,0.021259229655,-0.001042023065
2022,T1_previous_party_hierarchical_raked,487,0.020284418835,0.021259229655,-0.000974810820
2022,T1_previous_party_hierarchical_raked,488,0.020325509129,0.021259229655,-0.000933720526
2022,T1_previous_party_hierarchical_raked,489,0.020233929981,0.021259229655,-0.001025299675
2022,T1_previous_party_hierarchical_raked,490,0.020312037144,0.021259229655,-0.000947192511
2022,T1_previous_party_hierarchical_raked,491,0.020250575921,0.021259229655,-0.001008653735
2022,T1_previous_party_hierarchical_raked,492,0.020197400995,0.021259229655,-0.001061828660
2022,T1_previous_party_hierarchical_raked,493,0.020170785321,0.021259229655,-0.001088444335
2022,T1_previous_party_hierarchical_raked,494,0.020292861534,0.021259229655,-0.000966368121
2022,T1_previous_party_hierarchical_raked,495,0.020180671718,0.021259229655,-0.001078557938
2022,T1_previous_party_hierarchical_raked,496,0.020134244730,0.021259229655,-0.001124984925
2022,T1_previous_party_hierarchical_raked,497,0.020256720180,0.021259229655,-0.001002509475
2022,T1_previous_party_hierarchical_raked,498,0.020126796401,0.021259229655,-0.001132433255
2022,T1_previous_party_hierarchical_raked,499,0.020166831959,0.021259229655,-0.001092397697
2022,T1_previous_party_hierarchical_raked,500,0.020355745953,0.021259229655,-0.000903483702
2022,T1_previous_party_hierarchical_raked,501,0.020295386400,0.021259229655,-0.000963843256
2022,T1_previous_party_hierarchical_raked,502,0.020360194263,0.021259229655,-0.000899035393
2022,T1_previous_party_hierarchical_raked,503,0.020177018712,0.021259229655,-0.001082210943
2022,T1_previous_party_hierarchical_raked,504,0.020445139267,0.021259229655,-0.000814090389
2022,T1_previous_party_hierarchical_raked,505,0.020323963232,0.021259229655,-0.000935266424
2022,T1_previous_party_hierarchical_raked,506,0.020247864202,0.021259229655,-0.001011365453
2022,T1_previous_party_hierarchical_raked,507,0.020179278179,0.021259229655,-0.001079951477
2022,T1_previous_party_hierarchical_raked,508,0.020084826282,0.021259229655,-0.001174403373
2022,T1_previous_party_hierarchical_raked,509,0.020197816157,0.021259229655,-0.001061413499
2022,T1_previous_party_hierarchical_raked,510,0.020296356827,0.021259229655,-0.000962872828
2022,T1_previous_party_hierarchical_raked,511,0.020386770051,0.021259229655,-0.000872459605
2022,T1_previous_party_hierarchical_raked,512,0.020299142789,0.021259229655,-0.000960086866
2022,T1_previous_party_hierarchical_raked,513,0.020361936365,0.021259229655,-0.000897293291
2022,T1_previous_party_hierarchical_raked,514,0.020072067328,0.021259229655,-0.001187162327
2022,T1_previous_party_hierarchical_raked,515,0.020216761087,0.021259229655,-0.001042468569
2022,T1_previous_party_hierarchical_raked,516,0.020400159729,0.021259229655,-0.000859069927
2022,T1_previous_party_hierarchical_raked,517,0.020248830930,0.021259229655,-0.001010398725
2022,T1_previous_party_hierarchical_raked,518,0.020246975980,0.021259229655,-0.001012253676
2022,T1_previous_party_hierarchical_raked,519,0.020371956238,0.021259229655,-0.000887273417
2022,T1_previous_party_hierarchical_raked,520,0.020300000986,0.021259229655,-0.000959228669
2022,T1_previous_party_hierarchical_raked,521,0.020390267756,0.021259229655,-0.000868961899
2022,T1_previous_party_hierarchical_raked,522,0.020407949203,0.021259229655,-0.000851280452
2022,T1_previous_party_hierarchical_raked,523,0.020144548458,0.021259229655,-0.001114681198
2022,T1_previous_party_hierarchical_raked,524,0.020371927359,0.021259229655,-0.000887302296
2022,T1_previous_party_hierarchical_raked,525,0.020188242381,0.021259229655,-0.001070987274
2022,T1_previous_party_hierarchical_raked,526,0.020160983053,0.021259229655,-0.001098246602
2022,T1_previous_party_hierarchical_raked,527,0.020201078968,0.021259229655,-0.001058150688
2022,T1_previous_party_hierarchical_raked,528,0.020135003781,0.021259229655,-0.001124225875
2022,T1_previous_party_hierarchical_raked,529,0.020388386736,0.021259229655,-0.000870842919
2022,T1_previous_party_hierarchical_raked,530,0.020442448186,0.021259229655,-0.000816781470
2022,T1_previous_party_hierarchical_raked,531,0.020257653261,0.021259229655,-0.001001576395
2022,T1_previous_party_hierarchical_raked,532,0.020324876429,0.021259229655,-0.000934353227
2022,T1_previous_party_hierarchical_raked,533,0.020292840715,0.021259229655,-0.000966388940
2022,T1_previous_party_hierarchical_raked,534,0.020300103072,0.021259229655,-0.000959126583
2022,T1_previous_party_hierarchical_raked,535,0.020165482122,0.021259229655,-0.001093747533
2022,T1_previous_party_hierarchical_raked,536,0.020432833236,0.021259229655,-0.000826396419
2022,T1_previous_party_hierarchical_raked,537,0.020297438508,0.021259229655,-0.000961791148
2022,T1_previous_party_hierarchical_raked,538,0.019938589094,0.021259229655,-0.001320640561
2022,T1_previous_party_hierarchical_raked,539,0.020195768085,0.021259229655,-0.001063461570
2022,T1_previous_party_hierarchical_raked,540,0.020242390896,0.021259229655,-0.001016838760
2022,T1_previous_party_hierarchical_raked,541,0.020242858978,0.021259229655,-0.001016370678
2022,T1_previous_party_hierarchical_raked,542,0.020314948602,0.021259229655,-0.000944281053
2022,T1_previous_party_hierarchical_raked,543,0.020103467606,0.021259229655,-0.001155762049
2022,T1_previous_party_hierarchical_raked,544,0.020264076097,0.021259229655,-0.000995153558
2022,T1_previous_party_hierarchical_raked,545,0.020256926567,0.021259229655,-0.001002303088
2022,T1_previous_party_hierarchical_raked,546,0.020266029074,0.021259229655,-0.000993200582
2022,T1_previous_party_hierarchical_raked,547,0.020363295206,0.021259229655,-0.000895934449
2022,T1_previous_party_hierarchical_raked,548,0.020207311189,0.021259229655,-0.001051918467
2022,T1_previous_party_hierarchical_raked,549,0.020135402318,0.021259229655,-0.001123827338
2022,T1_previous_party_hierarchical_raked,550,0.020282351543,0.021259229655,-0.000976878112
2022,T1_previous_party_hierarchical_raked,551,0.020452581452,0.021259229655,-0.000806648203
2022,T1_previous_party_hierarchical_raked,552,0.020218693913,0.021259229655,-0.001040535742
2022,T1_previous_party_hierarchical_raked,553,0.020174730173,0.021259229655,-0.001084499482
2022,T1_previous_party_hierarchical_raked,554,0.020237098226,0.021259229655,-0.001022131430
2022,T1_previous_party_hierarchical_raked,555,0.020113217920,0.021259229655,-0.001146011735
2022,T1_previous_party_hierarchical_raked,556,0.020457698536,0.021259229655,-0.000801531119
2022,T1_previous_party_hierarchical_raked,557,0.020107971542,0.021259229655,-0.001151258113
2022,T1_previous_party_hierarchical_raked,558,0.020104024719,0.021259229655,-0.001155204936
2022,T1_previous_party_hierarchical_raked,559,0.020425589467,0.021259229655,-0.000833640188
2022,T1_previous_party_hierarchical_raked,560,0.020118170404,0.021259229655,-0.001141059252
2022,T1_previous_party_hierarchical_raked,561,0.020201579234,0.021259229655,-0.001057650421
2022,T1_previous_party_hierarchical_raked,562,0.020203434620,0.021259229655,-0.001055795035
2022,T1_previous_party_hierarchical_raked,563,0.020201348215,0.021259229655,-0.001057881440
2022,T1_previous_party_hierarchical_raked,564,0.020175642966,0.021259229655,-0.001083586690
2022,T1_previous_party_hierarchical_raked,565,0.020259535264,0.021259229655,-0.000999694391
2022,T1_previous_party_hierarchical_raked,566,0.020292138526,0.021259229655,-0.000967091130
2022,T1_previous_party_hierarchical_raked,567,0.020240761640,0.021259229655,-0.001018468015
2022,T1_previous_party_hierarchical_raked,568,0.020266238338,0.021259229655,-0.000992991318
2022,T1_previous_party_hierarchical_raked,569,0.020208506643,0.021259229655,-0.001050723012
2022,T1_previous_party_hierarchical_raked,570,0.020183198704,0.021259229655,-0.001076030951
2022,T1_previous_party_hierarchical_raked,571,0.020260469014,0.021259229655,-0.000998760642
2022,T1_previous_party_hierarchical_raked,572,0.020210305178,0.021259229655,-0.001048924477
2022,T1_previous_party_hierarchical_raked,573,0.020165146256,0.021259229655,-0.001094083399
2022,T1_previous_party_hierarchical_raked,574,0.020159921924,0.021259229655,-0.001099307732
2022,T1_previous_party_hierarchical_raked,575,0.020276191530,0.021259229655,-0.000983038125
2022,T1_previous_party_hierarchical_raked,576,0.020165277449,0.021259229655,-0.001093952207
2022,T1_previous_party_hierarchical_raked,577,0.020235265788,0.021259229655,-0.001023963867
2022,T1_previous_party_hierarchical_raked,578,0.020276266460,0.021259229655,-0.000982963195
2022,T1_previous_party_hierarchical_raked,579,0.020274483130,0.021259229655,-0.000984746526
2022,T1_previous_party_hierarchical_raked,580,0.020350165153,0.021259229655,-0.000909064502
2022,T1_previous_party_hierarchical_raked,581,0.020227733857,0.021259229655,-0.001031495799
2022,T1_previous_party_hierarchical_raked,582,0.020369371991,0.021259229655,-0.000889857665
2022,T1_previous_party_hierarchical_raked,583,0.020186453073,0.021259229655,-0.001072776582
2022,T1_previous_party_hierarchical_raked,584,0.020462334124,0.021259229655,-0.000796895531
2022,T1_previous_party_hierarchical_raked,585,0.020339583807,0.021259229655,-0.000919645848
2022,T1_previous_party_hierarchical_raked,586,0.020403986397,0.021259229655,-0.000855243258
2022,T1_previous_party_hierarchical_raked,587,0.020234265546,0.021259229655,-0.001024964110
2022,T1_previous_party_hierarchical_raked,588,0.020150439237,0.021259229655,-0.001108790418
2022,T1_previous_party_hierarchical_raked,589,0.020373811368,0.021259229655,-0.000885418287
2022,T1_previous_party_hierarchical_raked,590,0.020350573156,0.021259229655,-0.000908656500
2022,T1_previous_party_hierarchical_raked,591,0.020466007126,0.021259229655,-0.000793222530
2022,T1_previous_party_hierarchical_raked,592,0.020212705765,0.021259229655,-0.001046523890
2022,T1_previous_party_hierarchical_raked,593,0.020100169735,0.021259229655,-0.001159059921
2022,T1_previous_party_hierarchical_raked,594,0.020219791774,0.021259229655,-0.001039437882
2022,T1_previous_party_hierarchical_raked,595,0.020255798863,0.021259229655,-0.001003430792
2022,T1_previous_party_hierarchical_raked,596,0.020161936003,0.021259229655,-0.001097293653
2022,T1_previous_party_hierarchical_raked,597,0.020211961426,0.021259229655,-0.001047268229
2022,T1_previous_party_hierarchical_raked,598,0.020207959572,0.021259229655,-0.001051270083
2022,T1_previous_party_hierarchical_raked,599,0.020140148432,0.021259229655,-0.001119081223
2022,T1_previous_party_hierarchical_raked,600,0.020261152893,0.021259229655,-0.000998076762
2022,T1_previous_party_hierarchical_raked,601,0.020209611337,0.021259229655,-0.001049618319
2022,T1_previous_party_hierarchical_raked,602,0.020166030117,0.021259229655,-0.001093199539
2022,T1_previous_party_hierarchical_raked,603,0.020419561913,0.021259229655,-0.000839667743
2022,T1_previous_party_hierarchical_raked,604,0.020193412758,0.021259229655,-0.001065816897
2022,T1_previous_party_hierarchical_raked,605,0.020301797769,0.021259229655,-0.000957431887
2022,T1_previous_party_hierarchical_raked,606,0.020361240362,0.021259229655,-0.000897989294
2022,T1_previous_party_hierarchical_raked,607,0.020301832323,0.021259229655,-0.000957397333
2022,T1_previous_party_hierarchical_raked,608,0.020276177069,0.021259229655,-0.000983052586
2022,T1_previous_party_hierarchical_raked,609,0.020340689911,0.021259229655,-0.000918539745
2022,T1_previous_party_hierarchical_raked,610,0.020118468984,0.021259229655,-0.001140760671
2022,T1_previous_party_hierarchical_raked,611,0.020242657255,0.021259229655,-0.001016572400
2022,T1_previous_party_hierarchical_raked,612,0.020201015757,0.021259229655,-0.001058213899
2022,T1_previous_party_hierarchical_raked,613,0.020210538502,0.021259229655,-0.001048691153
2022,T1_previous_party_hierarchical_raked,614,0.020243455006,0.021259229655,-0.001015774649
2022,T1_previous_party_hierarchical_raked,615,0.020268468156,0.021259229655,-0.000990761500
2022,T1_previous_party_hierarchical_raked,616,0.020271671584,0.021259229655,-0.000987558072
2022,T1_previous_party_hierarchical_raked,617,0.020160308669,0.021259229655,-0.001098920986
2022,T1_previous_party_hierarchical_raked,618,0.020257786784,0.021259229655,-0.001001442871
2022,T1_previous_party_hierarchical_raked,619,0.020266506945,0.021259229655,-0.000992722710
2022,T1_previous_party_hierarchical_raked,620,0.020220001409,0.021259229655,-0.001039228247
2022,T1_previous_party_hierarchical_raked,621,0.020293532256,0.021259229655,-0.000965697400
2022,T1_previous_party_hierarchical_raked,622,0.020312136922,0.021259229655,-0.000947092733
2022,T1_previous_party_hierarchical_raked,623,0.020193856013,0.021259229655,-0.001065373643
2022,T1_previous_party_hierarchical_raked,624,0.020256713790,0.021259229655,-0.001002515866
2022,T1_previous_party_hierarchical_raked,625,0.020220945743,0.021259229655,-0.001038283912
2022,T1_previous_party_hierarchical_raked,626,0.020237799991,0.021259229655,-0.001021429664
2022,T1_previous_party_hierarchical_raked,627,0.020350514995,0.021259229655,-0.000908714660
2022,T1_previous_party_hierarchical_raked,628,0.020210716528,0.021259229655,-0.001048513128
2022,T1_previous_party_hierarchical_raked,629,0.020320840656,0.021259229655,-0.000938388999
2022,T1_previous_party_hierarchical_raked,630,0.020205049704,0.021259229655,-0.001054179951
2022,T1_previous_party_hierarchical_raked,631,0.020297627163,0.021259229655,-0.000961602493
2022,T1_previous_party_hierarchical_raked,632,0.020271729628,0.021259229655,-0.000987500028
2022,T1_previous_party_hierarchical_raked,633,0.020395145782,0.021259229655,-0.000864083874
2022,T1_previous_party_hierarchical_raked,634,0.020210035387,0.021259229655,-0.001049194268
2022,T1_previous_party_hierarchical_raked,635,0.020186220074,0.021259229655,-0.001073009581
2022,T1_previous_party_hierarchical_raked,636,0.020217172853,0.021259229655,-0.001042056802
2022,T1_previous_party_hierarchical_raked,637,0.020118618005,0.021259229655,-0.001140611651
2022,T1_previous_party_hierarchical_raked,638,0.020242425845,0.021259229655,-0.001016803811
2022,T1_previous_party_hierarchical_raked,639,0.020135806873,0.021259229655,-0.001123422782
2022,T1_previous_party_hierarchical_raked,640,0.020354314429,0.021259229655,-0.000904915227
2022,T1_previous_party_hierarchical_raked,641,0.020505904878,0.021259229655,-0.000753324777
2022,T1_previous_party_hierarchical_raked,642,0.020225083514,0.021259229655,-0.001034146142
2022,T1_previous_party_hierarchical_raked,643,0.020373047312,0.021259229655,-0.000886182343
2022,T1_previous_party_hierarchical_raked,644,0.020281982579,0.021259229655,-0.000977247077
2022,T1_previous_party_hierarchical_raked,645,0.020340619228,0.021259229655,-0.000918610427
2022,T1_previous_party_hierarchical_raked,646,0.020208294103,0.021259229655,-0.001050935552
2022,T1_previous_party_hierarchical_raked,647,0.020326652033,0.021259229655,-0.000932577622
2022,T1_previous_party_hierarchical_raked,648,0.020398292610,0.021259229655,-0.000860937045
2022,T1_previous_party_hierarchical_raked,649,0.020310817564,0.021259229655,-0.000948412091
2022,T1_previous_party_hierarchical_raked,650,0.020144037351,0.021259229655,-0.001115192304
2022,T1_previous_party_hierarchical_raked,651,0.020334739619,0.021259229655,-0.000924490036
2022,T1_previous_party_hierarchical_raked,652,0.020237534220,0.021259229655,-0.001021695435
2022,T1_previous_party_hierarchical_raked,653,0.020355677553,0.021259229655,-0.000903552103
2022,T1_previous_party_hierarchical_raked,654,0.020203899711,0.021259229655,-0.001055329944
2022,T1_previous_party_hierarchical_raked,655,0.020310191331,0.021259229655,-0.000949038324
2022,T1_previous_party_hierarchical_raked,656,0.020154236539,0.021259229655,-0.001104993117
2022,T1_previous_party_hierarchical_raked,657,0.020165357565,0.021259229655,-0.001093872091
2022,T1_previous_party_hierarchical_raked,658,0.020256729965,0.021259229655,-0.001002499690
2022,T1_previous_party_hierarchical_raked,659,0.020162037317,0.021259229655,-0.001097192339
2022,T1_previous_party_hierarchical_raked,660,0.020209106328,0.021259229655,-0.001050123327
2022,T1_previous_party_hierarchical_raked,661,0.020188221942,0.021259229655,-0.001071007713
2022,T1_previous_party_hierarchical_raked,662,0.020260165772,0.021259229655,-0.000999063884
2022,T1_previous_party_hierarchical_raked,663,0.020275118921,0.021259229655,-0.000984110734
2022,T1_previous_party_hierarchical_raked,664,0.020131696930,0.021259229655,-0.001127532725
2022,T1_previous_party_hierarchical_raked,665,0.020238865413,0.021259229655,-0.001020364242
2022,T1_previous_party_hierarchical_raked,666,0.020400654872,0.021259229655,-0.000858574784
2022,T1_previous_party_hierarchical_raked,667,0.020189790367,0.021259229655,-0.001069439288
2022,T1_previous_party_hierarchical_raked,668,0.020151942019,0.021259229655,-0.001107287636
2022,T1_previous_party_hierarchical_raked,669,0.020294039142,0.021259229655,-0.000965190513
2022,T1_previous_party_hierarchical_raked,670,0.020316713329,0.021259229655,-0.000942516326
2022,T1_previous_party_hierarchical_raked,671,0.020253501874,0.021259229655,-0.001005727782
2022,T1_previous_party_hierarchical_raked,672,0.020189183197,0.021259229655,-0.001070046459
2022,T1_previous_party_hierarchical_raked,673,0.020132184088,0.021259229655,-0.001127045567
2022,T1_previous_party_hierarchical_raked,674,0.020083278547,0.021259229655,-0.001175951109
2022,T1_previous_party_hierarchical_raked,675,0.020219999560,0.021259229655,-0.001039230096
2022,T1_previous_party_hierarchical_raked,676,0.020297600098,0.021259229655,-0.000961629557
2022,T1_previous_party_hierarchical_raked,677,0.020194742620,0.021259229655,-0.001064487036
2022,T1_previous_party_hierarchical_raked,678,0.020122508959,0.021259229655,-0.001136720696
2022,T1_previous_party_hierarchical_raked,679,0.020173943550,0.021259229655,-0.001085286105
2022,T1_previous_party_hierarchical_raked,680,0.020253457018,0.021259229655,-0.001005772638
2022,T1_previous_party_hierarchical_raked,681,0.020273121185,0.021259229655,-0.000986108471
2022,T1_previous_party_hierarchical_raked,682,0.020351911145,0.021259229655,-0.000907318510
2022,T1_previous_party_hierarchical_raked,683,0.020174206527,0.021259229655,-0.001085023128
2022,T1_previous_party_hierarchical_raked,684,0.020349718306,0.021259229655,-0.000909511350
2022,T1_previous_party_hierarchical_raked,685,0.020189059689,0.021259229655,-0.001070169967
2022,T1_previous_party_hierarchical_raked,686,0.020269288839,0.021259229655,-0.000989940816
2022,T1_previous_party_hierarchical_raked,687,0.020289516398,0.021259229655,-0.000969713258
2022,T1_previous_party_hierarchical_raked,688,0.020371352711,0.021259229655,-0.000887876944
2022,T1_previous_party_hierarchical_raked,689,0.020336606754,0.021259229655,-0.000922622901
2022,T1_previous_party_hierarchical_raked,690,0.020210103188,0.021259229655,-0.001049126467
2022,T1_previous_party_hierarchical_raked,691,0.020135325523,0.021259229655,-0.001123904133
2022,T1_previous_party_hierarchical_raked,692,0.020361517381,0.021259229655,-0.000897712274
2022,T1_previous_party_hierarchical_raked,693,0.020372709786,0.021259229655,-0.000886519870
2022,T1_previous_party_hierarchical_raked,694,0.020191384441,0.021259229655,-0.001067845214
2022,T1_previous_party_hierarchical_raked,695,0.020187208623,0.021259229655,-0.001072021033
2022,T1_previous_party_hierarchical_raked,696,0.020282623483,0.021259229655,-0.000976606173
2022,T1_previous_party_hierarchical_raked,697,0.020196354016,0.021259229655,-0.001062875640
2022,T1_previous_party_hierarchical_raked,698,0.020111573569,0.021259229655,-0.001147656087
2022,T1_previous_party_hierarchical_raked,699,0.020266247748,0.021259229655,-0.000992981907
2022,T1_previous_party_hierarchical_raked,700,0.020297338405,0.021259229655,-0.000961891250
2022,T1_previous_party_hierarchical_raked,701,0.020137377421,0.021259229655,-0.001121852235
2022,T1_previous_party_hierarchical_raked,702,0.020268249627,0.021259229655,-0.000990980029
2022,T1_previous_party_hierarchical_raked,703,0.020351217492,0.021259229655,-0.000908012164
2022,T1_previous_party_hierarchical_raked,704,0.020354666662,0.021259229655,-0.000904562993
2022,T1_previous_party_hierarchical_raked,705,0.020429997152,0.021259229655,-0.000829232503
2022,T1_previous_party_hierarchical_raked,706,0.020256133685,0.021259229655,-0.001003095970
2022,T1_previous_party_hierarchical_raked,707,0.020131220134,0.021259229655,-0.001128009521
2022,T1_previous_party_hierarchical_raked,708,0.020202112176,0.021259229655,-0.001057117479
2022,T1_previous_party_hierarchical_raked,709,0.020212649146,0.021259229655,-0.001046580509
2022,T1_previous_party_hierarchical_raked,710,0.020342125109,0.021259229655,-0.000917104546
2022,T1_previous_party_hierarchical_raked,711,0.020155135246,0.021259229655,-0.001104094410
2022,T1_previous_party_hierarchical_raked,712,0.020238536160,0.021259229655,-0.001020693496
2022,T1_previous_party_hierarchical_raked,713,0.020319885806,0.021259229655,-0.000939343849
2022,T1_previous_party_hierarchical_raked,714,0.020311897226,0.021259229655,-0.000947332430
2022,T1_previous_party_hierarchical_raked,715,0.020111182263,0.021259229655,-0.001148047392
2022,T1_previous_party_hierarchical_raked,716,0.020240753743,0.021259229655,-0.001018475912
2022,T1_previous_party_hierarchical_raked,717,0.020328324815,0.021259229655,-0.000930904840
2022,T1_previous_party_hierarchical_raked,718,0.020312630022,0.021259229655,-0.000946599633
2022,T1_previous_party_hierarchical_raked,719,0.020123366574,0.021259229655,-0.001135863082
2022,T1_previous_party_hierarchical_raked,720,0.020135566532,0.021259229655,-0.001123663124
2022,T1_previous_party_hierarchical_raked,721,0.020121158037,0.021259229655,-0.001138071619
2022,T1_previous_party_hierarchical_raked,722,0.020142275854,0.021259229655,-0.001116953801
2022,T1_previous_party_hierarchical_raked,723,0.020186657143,0.021259229655,-0.001072572513
2022,T1_previous_party_hierarchical_raked,724,0.020263234135,0.021259229655,-0.000995995521
2022,T1_previous_party_hierarchical_raked,725,0.020239485227,0.021259229655,-0.001019744428
2022,T1_previous_party_hierarchical_raked,726,0.020131088505,0.021259229655,-0.001128141151
2022,T1_previous_party_hierarchical_raked,727,0.020263747123,0.021259229655,-0.000995482533
2022,T1_previous_party_hierarchical_raked,728,0.020239357851,0.021259229655,-0.001019871804
2022,T1_previous_party_hierarchical_raked,729,0.020264608091,0.021259229655,-0.000994621564
2022,T1_previous_party_hierarchical_raked,730,0.020197712295,0.021259229655,-0.001061517361
2022,T1_previous_party_hierarchical_raked,731,0.020252901153,0.021259229655,-0.001006328502
2022,T1_previous_party_hierarchical_raked,732,0.020163765718,0.021259229655,-0.001095463938
2022,T1_previous_party_hierarchical_raked,733,0.020350322316,0.021259229655,-0.000908907339
2022,T1_previous_party_hierarchical_raked,734,0.020123388439,0.021259229655,-0.001135841216
2022,T1_previous_party_hierarchical_raked,735,0.020191536906,0.021259229655,-0.001067692749
2022,T1_previous_party_hierarchical_raked,736,0.020068787880,0.021259229655,-0.001190441775
2022,T1_previous_party_hierarchical_raked,737,0.020242494163,0.021259229655,-0.001016735492
2022,T1_previous_party_hierarchical_raked,738,0.020163260352,0.021259229655,-0.001095969304
2022,T1_previous_party_hierarchical_raked,739,0.020403919759,0.021259229655,-0.000855309897
2022,T1_previous_party_hierarchical_raked,740,0.020165727733,0.021259229655,-0.001093501922
2022,T1_previous_party_hierarchical_raked,741,0.020109698516,0.021259229655,-0.001149531139
2022,T1_previous_party_hierarchical_raked,742,0.020375060904,0.021259229655,-0.000884168752
2022,T1_previous_party_hierarchical_raked,743,0.020323293719,0.021259229655,-0.000935935937
2022,T1_previous_party_hierarchical_raked,744,0.020420643679,0.021259229655,-0.000838585977
2022,T1_previous_party_hierarchical_raked,745,0.020259491479,0.021259229655,-0.000999738176
2022,T1_previous_party_hierarchical_raked,746,0.020167044299,0.021259229655,-0.001092185356
2022,T1_previous_party_hierarchical_raked,747,0.020225918837,0.021259229655,-0.001033310818
2022,T1_previous_party_hierarchical_raked,748,0.020155859169,0.021259229655,-0.001103370487
2022,T1_previous_party_hierarchical_raked,749,0.020209020418,0.021259229655,-0.001050209237
2022,T1_previous_party_hierarchical_raked,750,0.020365738376,0.021259229655,-0.000893491279
2022,T1_previous_party_hierarchical_raked,751,0.020256836224,0.021259229655,-0.001002393431
2022,T1_previous_party_hierarchical_raked,752,0.020226558713,0.021259229655,-0.001032670942
2022,T1_previous_party_hierarchical_raked,753,0.020281154302,0.021259229655,-0.000978075353
2022,T1_previous_party_hierarchical_raked,754,0.020311159702,0.021259229655,-0.000948069953
2022,T1_previous_party_hierarchical_raked,755,0.020425000619,0.021259229655,-0.000834229036
2022,T1_previous_party_hierarchical_raked,756,0.020238546757,0.021259229655,-0.001020682898
2022,T1_previous_party_hierarchical_raked,757,0.020213599865,0.021259229655,-0.001045629791
2022,T1_previous_party_hierarchical_raked,758,0.020152754366,0.021259229655,-0.001106475290
2022,T1_previous_party_hierarchical_raked,759,0.020206085907,0.021259229655,-0.001053143749
2022,T1_previous_party_hierarchical_raked,760,0.020271287491,0.021259229655,-0.000987942165
2022,T1_previous_party_hierarchical_raked,761,0.020230539091,0.021259229655,-0.001028690565
2022,T1_previous_party_hierarchical_raked,762,0.020339594825,0.021259229655,-0.000919634831
2022,T1_previous_party_hierarchical_raked,763,0.020150006224,0.021259229655,-0.001109223431
2022,T1_previous_party_hierarchical_raked,764,0.020328921496,0.021259229655,-0.000930308159
2022,T1_previous_party_hierarchical_raked,765,0.020192706954,0.021259229655,-0.001066522701
2022,T1_previous_party_hierarchical_raked,766,0.020329885535,0.021259229655,-0.000929344120
2022,T1_previous_party_hierarchical_raked,767,0.020404421705,0.021259229655,-0.000854807950
2022,T1_previous_party_hierarchical_raked,768,0.020164202616,0.021259229655,-0.001095027040
2022,T1_previous_party_hierarchical_raked,769,0.020262130713,0.021259229655,-0.000997098942
2022,T1_previous_party_hierarchical_raked,770,0.020334327038,0.021259229655,-0.000924902618
2022,T1_previous_party_hierarchical_raked,771,0.020130114608,0.021259229655,-0.001129115048
2022,T1_previous_party_hierarchical_raked,772,0.020412144130,0.021259229655,-0.000847085526
2022,T1_previous_party_hierarchical_raked,773,0.020111920727,0.021259229655,-0.001147308928
2022,T1_previous_party_hierarchical_raked,774,0.020214680958,0.021259229655,-0.001044548697
2022,T1_previous_party_hierarchical_raked,775,0.020253917484,0.021259229655,-0.001005312171
2022,T1_previous_party_hierarchical_raked,776,0.020409339481,0.021259229655,-0.000849890175
2022,T1_previous_party_hierarchical_raked,777,0.020110808482,0.021259229655,-0.001148421173
2022,T1_previous_party_hierarchical_raked,778,0.020372549621,0.021259229655,-0.000886680035
2022,T1_previous_party_hierarchical_raked,779,0.020264456398,0.021259229655,-0.000994773258
2022,T1_previous_party_hierarchical_raked,780,0.020197620048,0.021259229655,-0.001061609607
2022,T1_previous_party_hierarchical_raked,781,0.020253325343,0.021259229655,-0.001005904313
2022,T1_previous_party_hierarchical_raked,782,0.020351290428,0.021259229655,-0.000907939227
2022,T1_previous_party_hierarchical_raked,783,0.020269486825,0.021259229655,-0.000989742831
2022,T1_previous_party_hierarchical_raked,784,0.020419592048,0.021259229655,-0.000839637608
2022,T1_previous_party_hierarchical_raked,785,0.020232633556,0.021259229655,-0.001026596099
2022,T1_previous_party_hierarchical_raked,786,0.020249688154,0.021259229655,-0.001009541501
2022,T1_previous_party_hierarchical_raked,787,0.020450585193,0.021259229655,-0.000808644463
2022,T1_previous_party_hierarchical_raked,788,0.020139802013,0.021259229655,-0.001119427642
2022,T1_previous_party_hierarchical_raked,789,0.020285121184,0.021259229655,-0.000974108471
2022,T1_previous_party_hierarchical_raked,790,0.020297620978,0.021259229655,-0.000961608677
2022,T1_previous_party_hierarchical_raked,791,0.020236907099,0.021259229655,-0.001022322556
2022,T1_previous_party_hierarchical_raked,792,0.020156067294,0.021259229655,-0.001103162361
2022,T1_previous_party_hierarchical_raked,793,0.020341207838,0.021259229655,-0.000918021818
2022,T1_previous_party_hierarchical_raked,794,0.020167481503,0.021259229655,-0.001091748152
2022,T1_previous_party_hierarchical_raked,795,0.020186087869,0.021259229655,-0.001073141786
2022,T1_previous_party_hierarchical_raked,796,0.020078395007,0.021259229655,-0.001180834649
2022,T1_previous_party_hierarchical_raked,797,0.020286221875,0.021259229655,-0.000973007780
2022,T1_previous_party_hierarchical_raked,798,0.020438243110,0.021259229655,-0.000820986546
2022,T1_previous_party_hierarchical_raked,799,0.020244040871,0.021259229655,-0.001015188784
2022,T1_previous_party_hierarchical_raked,800,0.020265301809,0.021259229655,-0.000993927846
2022,T1_previous_party_hierarchical_raked,801,0.020404224689,0.021259229655,-0.000855004966
2022,T1_previous_party_hierarchical_raked,802,0.020129027105,0.021259229655,-0.001130202550
2022,T1_previous_party_hierarchical_raked,803,0.020215771951,0.021259229655,-0.001043457705
2022,T1_previous_party_hierarchical_raked,804,0.020223869000,0.021259229655,-0.001035360655
2022,T1_previous_party_hierarchical_raked,805,0.020246282308,0.021259229655,-0.001012947348
2022,T1_previous_party_hierarchical_raked,806,0.020094171099,0.021259229655,-0.001165058556
2022,T1_previous_party_hierarchical_raked,807,0.020278323398,0.021259229655,-0.000980906257
2022,T1_previous_party_hierarchical_raked,808,0.020246735093,0.021259229655,-0.001012494563
2022,T1_previous_party_hierarchical_raked,809,0.020234855533,0.021259229655,-0.001024374122
2022,T1_previous_party_hierarchical_raked,810,0.020340620216,0.021259229655,-0.000918609440
2022,T1_previous_party_hierarchical_raked,811,0.020160939658,0.021259229655,-0.001098289998
2022,T1_previous_party_hierarchical_raked,812,0.020098972543,0.021259229655,-0.001160257113
2022,T1_previous_party_hierarchical_raked,813,0.020316009668,0.021259229655,-0.000943219987
2022,T1_previous_party_hierarchical_raked,814,0.020157464807,0.021259229655,-0.001101764849
2022,T1_previous_party_hierarchical_raked,815,0.020375138109,0.021259229655,-0.000884091547
2022,T1_previous_party_hierarchical_raked,816,0.020226452247,0.021259229655,-0.001032777408
2022,T1_previous_party_hierarchical_raked,817,0.020227745456,0.021259229655,-0.001031484200
2022,T1_previous_party_hierarchical_raked,818,0.020179243818,0.021259229655,-0.001079985837
2022,T1_previous_party_hierarchical_raked,819,0.020152099928,0.021259229655,-0.001107129727
2022,T1_previous_party_hierarchical_raked,820,0.020226739175,0.021259229655,-0.001032490480
2022,T1_previous_party_hierarchical_raked,821,0.020240365749,0.021259229655,-0.001018863906
2022,T1_previous_party_hierarchical_raked,822,0.020310617610,0.021259229655,-0.000948612045
2022,T1_previous_party_hierarchical_raked,823,0.020401197453,0.021259229655,-0.000858032202
2022,T1_previous_party_hierarchical_raked,824,0.020377322242,0.021259229655,-0.000881907414
2022,T1_previous_party_hierarchical_raked,825,0.020181391445,0.021259229655,-0.001077838211
2022,T1_previous_party_hierarchical_raked,826,0.020154621012,0.021259229655,-0.001104608644
2022,T1_previous_party_hierarchical_raked,827,0.020274910431,0.021259229655,-0.000984319225
2022,T1_previous_party_hierarchical_raked,828,0.020209473008,0.021259229655,-0.001049756647
2022,T1_previous_party_hierarchical_raked,829,0.020372356568,0.021259229655,-0.000886873088
2022,T1_previous_party_hierarchical_raked,830,0.020322348128,0.021259229655,-0.000936881527
2022,T1_previous_party_hierarchical_raked,831,0.020093790381,0.021259229655,-0.001165439274
2022,T1_previous_party_hierarchical_raked,832,0.020246492782,0.021259229655,-0.001012736873
2022,T1_previous_party_hierarchical_raked,833,0.020159447494,0.021259229655,-0.001099782162
2022,T1_previous_party_hierarchical_raked,834,0.020311036541,0.021259229655,-0.000948193114
2022,T1_previous_party_hierarchical_raked,835,0.020209140395,0.021259229655,-0.001050089260
2022,T1_previous_party_hierarchical_raked,836,0.020132485635,0.021259229655,-0.001126744021
2022,T1_previous_party_hierarchical_raked,837,0.020163251422,0.021259229655,-0.001095978233
2022,T1_previous_party_hierarchical_raked,838,0.020307166229,0.021259229655,-0.000952063426
2022,T1_previous_party_hierarchical_raked,839,0.020168374846,0.021259229655,-0.001090854809
2022,T1_previous_party_hierarchical_raked,840,0.020316704165,0.021259229655,-0.000942525490
2022,T1_previous_party_hierarchical_raked,841,0.020327585207,0.021259229655,-0.000931644448
2022,T1_previous_party_hierarchical_raked,842,0.020146996592,0.021259229655,-0.001112233064
2022,T1_previous_party_hierarchical_raked,843,0.020295738928,0.021259229655,-0.000963490728
2022,T1_previous_party_hierarchical_raked,844,0.020344462865,0.021259229655,-0.000914766791
2022,T1_previous_party_hierarchical_raked,845,0.020379242767,0.021259229655,-0.000879986889
2022,T1_previous_party_hierarchical_raked,846,0.020330042681,0.021259229655,-0.000929186974
2022,T1_previous_party_hierarchical_raked,847,0.020153555582,0.021259229655,-0.001105674073
2022,T1_previous_party_hierarchical_raked,848,0.020201777393,0.021259229655,-0.001057452263
2022,T1_previous_party_hierarchical_raked,849,0.020348979269,0.021259229655,-0.000910250387
2022,T1_previous_party_hierarchical_raked,850,0.020299758535,0.021259229655,-0.000959471120
2022,T1_previous_party_hierarchical_raked,851,0.020244303667,0.021259229655,-0.001014925988
2022,T1_previous_party_hierarchical_raked,852,0.020328526335,0.021259229655,-0.000930703321
2022,T1_previous_party_hierarchical_raked,853,0.020326728668,0.021259229655,-0.000932500987
2022,T1_previous_party_hierarchical_raked,854,0.020353751353,0.021259229655,-0.000905478302
2022,T1_previous_party_hierarchical_raked,855,0.020176064590,0.021259229655,-0.001083165065
2022,T1_previous_party_hierarchical_raked,856,0.020181758845,0.021259229655,-0.001077470811
2022,T1_previous_party_hierarchical_raked,857,0.020317803874,0.021259229655,-0.000941425782
2022,T1_previous_party_hierarchical_raked,858,0.020236357161,0.021259229655,-0.001022872494
2022,T1_previous_party_hierarchical_raked,859,0.020316240644,0.021259229655,-0.000942989011
2022,T1_previous_party_hierarchical_raked,860,0.020188084642,0.021259229655,-0.001071145013
2022,T1_previous_party_hierarchical_raked,861,0.020249326485,0.021259229655,-0.001009903171
2022,T1_previous_party_hierarchical_raked,862,0.020178550816,0.021259229655,-0.001080678840
2022,T1_previous_party_hierarchical_raked,863,0.020407056052,0.021259229655,-0.000852173603
2022,T1_previous_party_hierarchical_raked,864,0.020195291030,0.021259229655,-0.001063938625
2022,T1_previous_party_hierarchical_raked,865,0.020096739089,0.021259229655,-0.001162490566
2022,T1_previous_party_hierarchical_raked,866,0.020358581349,0.021259229655,-0.000900648306
2022,T1_previous_party_hierarchical_raked,867,0.020260832444,0.021259229655,-0.000998397211
2022,T1_previous_party_hierarchical_raked,868,0.020322652490,0.021259229655,-0.000936577166
2022,T1_previous_party_hierarchical_raked,869,0.020354729791,0.021259229655,-0.000904499864
2022,T1_previous_party_hierarchical_raked,870,0.020269103357,0.021259229655,-0.000990126298
2022,T1_previous_party_hierarchical_raked,871,0.020113235279,0.021259229655,-0.001145994377
2022,T1_previous_party_hierarchical_raked,872,0.020261661845,0.021259229655,-0.000997567811
2022,T1_previous_party_hierarchical_raked,873,0.020314135863,0.021259229655,-0.000945093793
2022,T1_previous_party_hierarchical_raked,874,0.020213562358,0.021259229655,-0.001045667297
2022,T1_previous_party_hierarchical_raked,875,0.020266655558,0.021259229655,-0.000992574098
2022,T1_previous_party_hierarchical_raked,876,0.020280829717,0.021259229655,-0.000978399938
2022,T1_previous_party_hierarchical_raked,877,0.020132571842,0.021259229655,-0.001126657813
2022,T1_previous_party_hierarchical_raked,878,0.020349141058,0.021259229655,-0.000910088597
2022,T1_previous_party_hierarchical_raked,879,0.020217237658,0.021259229655,-0.001041991998
2022,T1_previous_party_hierarchical_raked,880,0.020338166721,0.021259229655,-0.000921062935
2022,T1_previous_party_hierarchical_raked,881,0.020240837051,0.021259229655,-0.001018392605
2022,T1_previous_party_hierarchical_raked,882,0.020314074427,0.021259229655,-0.000945155228
2022,T1_previous_party_hierarchical_raked,883,0.020272609241,0.021259229655,-0.000986620415
2022,T1_previous_party_hierarchical_raked,884,0.020206247098,0.021259229655,-0.001052982558
2022,T1_previous_party_hierarchical_raked,885,0.020201852830,0.021259229655,-0.001057376825
2022,T1_previous_party_hierarchical_raked,886,0.020145380664,0.021259229655,-0.001113848992
2022,T1_previous_party_hierarchical_raked,887,0.020410751059,0.021259229655,-0.000848478596
2022,T1_previous_party_hierarchical_raked,888,0.020444386695,0.021259229655,-0.000814842960
2022,T1_previous_party_hierarchical_raked,889,0.020234583276,0.021259229655,-0.001024646379
2022,T1_previous_party_hierarchical_raked,890,0.020269717893,0.021259229655,-0.000989511763
2022,T1_previous_party_hierarchical_raked,891,0.020164064714,0.021259229655,-0.001095164942
2022,T1_previous_party_hierarchical_raked,892,0.020244592579,0.021259229655,-0.001014637076
2022,T1_previous_party_hierarchical_raked,893,0.020274111992,0.021259229655,-0.000985117663
2022,T1_previous_party_hierarchical_raked,894,0.020177420716,0.021259229655,-0.001081808939
2022,T1_previous_party_hierarchical_raked,895,0.020278552342,0.021259229655,-0.000980677313
2022,T1_previous_party_hierarchical_raked,896,0.020231103211,0.021259229655,-0.001028126445
2022,T1_previous_party_hierarchical_raked,897,0.020327047266,0.021259229655,-0.000932182389
2022,T1_previous_party_hierarchical_raked,898,0.020203256016,0.021259229655,-0.001055973639
2022,T1_previous_party_hierarchical_raked,899,0.020077459209,0.021259229655,-0.001181770447
2022,T1_previous_party_hierarchical_raked,900,0.020222022081,0.021259229655,-0.001037207575
2022,T1_previous_party_hierarchical_raked,901,0.020241522911,0.021259229655,-0.001017706745
2022,T1_previous_party_hierarchical_raked,902,0.020314562690,0.021259229655,-0.000944666965
2022,T1_previous_party_hierarchical_raked,903,0.020204804111,0.021259229655,-0.001054425545
2022,T1_previous_party_hierarchical_raked,904,0.020145999365,0.021259229655,-0.001113230291
2022,T1_previous_party_hierarchical_raked,905,0.020159183012,0.021259229655,-0.001100046643
2022,T1_previous_party_hierarchical_raked,906,0.020425847272,0.021259229655,-0.000833382383
2022,T1_previous_party_hierarchical_raked,907,0.020346332549,0.021259229655,-0.000912897106
2022,T1_previous_party_hierarchical_raked,908,0.020288891889,0.021259229655,-0.000970337766
2022,T1_previous_party_hierarchical_raked,909,0.020263596609,0.021259229655,-0.000995633046
2022,T1_previous_party_hierarchical_raked,910,0.020161796799,0.021259229655,-0.001097432856
2022,T1_previous_party_hierarchical_raked,911,0.020267661272,0.021259229655,-0.000991568383
2022,T1_previous_party_hierarchical_raked,912,0.020158127250,0.021259229655,-0.001101102406
2022,T1_previous_party_hierarchical_raked,913,0.020159439388,0.021259229655,-0.001099790267
2022,T1_previous_party_hierarchical_raked,914,0.020350504449,0.021259229655,-0.000908725206
2022,T1_previous_party_hierarchical_raked,915,0.020253485391,0.021259229655,-0.001005744265
2022,T1_previous_party_hierarchical_raked,916,0.020164190928,0.021259229655,-0.001095038727
2022,T1_previous_party_hierarchical_raked,917,0.020143668869,0.021259229655,-0.001115560786
2022,T1_previous_party_hierarchical_raked,918,0.020237295047,0.021259229655,-0.001021934609
2022,T1_previous_party_hierarchical_raked,919,0.020323638687,0.021259229655,-0.000935590969
2022,T1_previous_party_hierarchical_raked,920,0.020218805679,0.021259229655,-0.001040423977
2022,T1_previous_party_hierarchical_raked,921,0.020411609818,0.021259229655,-0.000847619837
2022,T1_previous_party_hierarchical_raked,922,0.020439248278,0.021259229655,-0.000819981377
2022,T1_previous_party_hierarchical_raked,923,0.020322733218,0.021259229655,-0.000936496437
2022,T1_previous_party_hierarchical_raked,924,0.020290733171,0.021259229655,-0.000968496484
2022,T1_previous_party_hierarchical_raked,925,0.020244115875,0.021259229655,-0.001015113780
2022,T1_previous_party_hierarchical_raked,926,0.020073509349,0.021259229655,-0.001185720306
2022,T1_previous_party_hierarchical_raked,927,0.020306491908,0.021259229655,-0.000952737748
2022,T1_previous_party_hierarchical_raked,928,0.020297413295,0.021259229655,-0.000961816360
2022,T1_previous_party_hierarchical_raked,929,0.020205080279,0.021259229655,-0.001054149376
2022,T1_previous_party_hierarchical_raked,930,0.020158934050,0.021259229655,-0.001100295605
2022,T1_previous_party_hierarchical_raked,931,0.020263756378,0.021259229655,-0.000995473278
2022,T1_previous_party_hierarchical_raked,932,0.020198357388,0.021259229655,-0.001060872268
2022,T1_previous_party_hierarchical_raked,933,0.020266876799,0.021259229655,-0.000992352857
2022,T1_previous_party_hierarchical_raked,934,0.020096143526,0.021259229655,-0.001163086129
2022,T1_previous_party_hierarchical_raked,935,0.020281540764,0.021259229655,-0.000977688891
2022,T1_previous_party_hierarchical_raked,936,0.020164374041,0.021259229655,-0.001094855614
2022,T1_previous_party_hierarchical_raked,937,0.020212990235,0.021259229655,-0.001046239421
2022,T1_previous_party_hierarchical_raked,938,0.020211035860,0.021259229655,-0.001048193795
2022,T1_previous_party_hierarchical_raked,939,0.020241164187,0.021259229655,-0.001018065469
2022,T1_previous_party_hierarchical_raked,940,0.020250164339,0.021259229655,-0.001009065317
2022,T1_previous_party_hierarchical_raked,941,0.020301597203,0.021259229655,-0.000957632452
2022,T1_previous_party_hierarchical_raked,942,0.020111264640,0.021259229655,-0.001147965016
2022,T1_previous_party_hierarchical_raked,943,0.020267715216,0.021259229655,-0.000991514439
2022,T1_previous_party_hierarchical_raked,944,0.020289250808,0.021259229655,-0.000969978848
2022,T1_previous_party_hierarchical_raked,945,0.020271734909,0.021259229655,-0.000987494747
2022,T1_previous_party_hierarchical_raked,946,0.020241180050,0.021259229655,-0.001018049606
2022,T1_previous_party_hierarchical_raked,947,0.020226027531,0.021259229655,-0.001033202124
2022,T1_previous_party_hierarchical_raked,948,0.020196642710,0.021259229655,-0.001062586946
2022,T1_previous_party_hierarchical_raked,949,0.020199622367,0.021259229655,-0.001059607288
2022,T1_previous_party_hierarchical_raked,950,0.020169355914,0.021259229655,-0.001089873741
2022,T1_previous_party_hierarchical_raked,951,0.020389924950,0.021259229655,-0.000869304705
2022,T1_previous_party_hierarchical_raked,952,0.020325685084,0.021259229655,-0.000933544571
2022,T1_previous_party_hierarchical_raked,953,0.020263860199,0.021259229655,-0.000995369456
2022,T1_previous_party_hierarchical_raked,954,0.020171386488,0.021259229655,-0.001087843167
2022,T1_previous_party_hierarchical_raked,955,0.020295945309,0.021259229655,-0.000963284347
2022,T1_previous_party_hierarchical_raked,956,0.020266066335,0.021259229655,-0.000993163320
2022,T1_previous_party_hierarchical_raked,957,0.020163608215,0.021259229655,-0.001095621440
2022,T1_previous_party_hierarchical_raked,958,0.020299622171,0.021259229655,-0.000959607484
2022,T1_previous_party_hierarchical_raked,959,0.020097363599,0.021259229655,-0.001161866056
2022,T1_previous_party_hierarchical_raked,960,0.020253116423,0.021259229655,-0.001006113232
2022,T1_previous_party_hierarchical_raked,961,0.020258616349,0.021259229655,-0.001000613306
2022,T1_previous_party_hierarchical_raked,962,0.020329366124,0.021259229655,-0.000929863532
2022,T1_previous_party_hierarchical_raked,963,0.020270687090,0.021259229655,-0.000988542566
2022,T1_previous_party_hierarchical_raked,964,0.020168613951,0.021259229655,-0.001090615704
2022,T1_previous_party_hierarchical_raked,965,0.020315037092,0.021259229655,-0.000944192563
2022,T1_previous_party_hierarchical_raked,966,0.020265118846,0.021259229655,-0.000994110809
2022,T1_previous_party_hierarchical_raked,967,0.020194276146,0.021259229655,-0.001064953510
2022,T1_previous_party_hierarchical_raked,968,0.020401363308,0.021259229655,-0.000857866347
2022,T1_previous_party_hierarchical_raked,969,0.020376561248,0.021259229655,-0.000882668408
2022,T1_previous_party_hierarchical_raked,970,0.020168479362,0.021259229655,-0.001090750293
2022,T1_previous_party_hierarchical_raked,971,0.020201049558,0.021259229655,-0.001058180098
2022,T1_previous_party_hierarchical_raked,972,0.020300239274,0.021259229655,-0.000958990382
2022,T1_previous_party_hierarchical_raked,973,0.020084585512,0.021259229655,-0.001174644143
2022,T1_previous_party_hierarchical_raked,974,0.020260666285,0.021259229655,-0.000998563370
2022,T1_previous_party_hierarchical_raked,975,0.020282548171,0.021259229655,-0.000976681484
2022,T1_previous_party_hierarchical_raked,976,0.020434511573,0.021259229655,-0.000824718083
2022,T1_previous_party_hierarchical_raked,977,0.020369028282,0.021259229655,-0.000890201373
2022,T1_previous_party_hierarchical_raked,978,0.020272999918,0.021259229655,-0.000986229738
2022,T1_previous_party_hierarchical_raked,979,0.020362722126,0.021259229655,-0.000896507529
2022,T1_previous_party_hierarchical_raked,980,0.020256897684,0.021259229655,-0.001002331972
2022,T1_previous_party_hierarchical_raked,981,0.020112199370,0.021259229655,-0.001147030285
2022,T1_previous_party_hierarchical_raked,982,0.020204164055,0.021259229655,-0.001055065601
2022,T1_previous_party_hierarchical_raked,983,0.020246828482,0.021259229655,-0.001012401173
2022,T1_previous_party_hierarchical_raked,984,0.020241208797,0.021259229655,-0.001018020858
2022,T1_previous_party_hierarchical_raked,985,0.020277913546,0.021259229655,-0.000981316109
2022,T1_previous_party_hierarchical_raked,986,0.020165639090,0.021259229655,-0.001093590565
2022,T1_previous_party_hierarchical_raked,987,0.020290037200,0.021259229655,-0.000969192455
2022,T1_previous_party_hierarchical_raked,988,0.020162126546,0.021259229655,-0.001097103109
2022,T1_previous_party_hierarchical_raked,989,0.020142265798,0.021259229655,-0.001116963858
2022,T1_previous_party_hierarchical_raked,990,0.020341160929,0.021259229655,-0.000918068726
2022,T1_previous_party_hierarchical_raked,991,0.020235100013,0.021259229655,-0.001024129643
2022,T1_previous_party_hierarchical_raked,992,0.020298215784,0.021259229655,-0.000961013872
2022,T1_previous_party_hierarchical_raked,993,0.020199158459,0.021259229655,-0.001060071197
2022,T1_previous_party_hierarchical_raked,994,0.020199405115,0.021259229655,-0.001059824540
2022,T1_previous_party_hierarchical_raked,995,0.020295397264,0.021259229655,-0.000963832392
2022,T1_previous_party_hierarchical_raked,996,0.020176489414,0.021259229655,-0.001082740242
2022,T1_previous_party_hierarchical_raked,997,0.020460876556,0.021259229655,-0.000798353099
2022,T1_previous_party_hierarchical_raked,998,0.020263237644,0.021259229655,-0.000995992011
2022,T1_previous_party_hierarchical_raked,999,0.020388381379,0.021259229655,-0.000870848276
2022,T1_previous_party_hierarchical_raked,1000,0.020199373850,0.021259229655,-0.001059855806
2022,T1_previous_party_hierarchical_raked,1001,0.020256670061,0.021259229655,-0.001002559595
2022,T1_previous_party_hierarchical_raked,1002,0.020133415845,0.021259229655,-0.001125813811
2022,T1_previous_party_hierarchical_raked,1003,0.020120961393,0.021259229655,-0.001138268262
2022,T1_previous_party_hierarchical_raked,1004,0.020067131364,0.021259229655,-0.001192098291
2022,T1_previous_party_hierarchical_raked,1005,0.020297330714,0.021259229655,-0.000961898941
2022,T1_previous_party_hierarchical_raked,1006,0.020132155568,0.021259229655,-0.001127074087
2022,T1_previous_party_hierarchical_raked,1007,0.020208600085,0.021259229655,-0.001050629571
2022,T1_previous_party_hierarchical_raked,1008,0.020153701821,0.021259229655,-0.001105527834
2022,T1_previous_party_hierarchical_raked,1009,0.020237741884,0.021259229655,-0.001021487771
2022,T1_previous_party_hierarchical_raked,1010,0.020258651134,0.021259229655,-0.001000578521
2022,T1_previous_party_hierarchical_raked,1011,0.020127769571,0.021259229655,-0.001131460084
2022,T1_previous_party_hierarchical_raked,1012,0.020265491277,0.021259229655,-0.000993738379
2022,T1_previous_party_hierarchical_raked,1013,0.020340354844,0.021259229655,-0.000918874812
2022,T1_previous_party_hierarchical_raked,1014,0.020131190148,0.021259229655,-0.001128039507
2022,T1_previous_party_hierarchical_raked,1015,0.020144905271,0.021259229655,-0.001114324384
2022,T1_previous_party_hierarchical_raked,1016,0.020266569148,0.021259229655,-0.000992660508
2022,T1_previous_party_hierarchical_raked,1017,0.020235852543,0.021259229655,-0.001023377112
2022,T1_previous_party_hierarchical_raked,1018,0.020250747536,0.021259229655,-0.001008482119
2022,T1_previous_party_hierarchical_raked,1019,0.020220899518,0.021259229655,-0.001038330138
2022,T1_previous_party_hierarchical_raked,1020,0.020140433510,0.021259229655,-0.001118796145
2022,T1_previous_party_hierarchical_raked,1021,0.020435234772,0.021259229655,-0.000823994883
2022,T1_previous_party_hierarchical_raked,1022,0.020178985377,0.021259229655,-0.001080244278
2022,T1_previous_party_hierarchical_raked,1023,0.020139869320,0.021259229655,-0.001119360335
2022,T1_previous_party_hierarchical_raked,1024,0.020329880889,0.021259229655,-0.000929348766
2022,T1_previous_party_hierarchical_raked,1025,0.020176584905,0.021259229655,-0.001082644750
2022,T1_previous_party_hierarchical_raked,1026,0.020294712375,0.021259229655,-0.000964517281
2022,T1_previous_party_hierarchical_raked,1027,0.020221991851,0.021259229655,-0.001037237805
2022,T1_previous_party_hierarchical_raked,1028,0.020222862920,0.021259229655,-0.001036366735
2022,T1_previous_party_hierarchical_raked,1029,0.020305893638,0.021259229655,-0.000953336018
2022,T1_previous_party_hierarchical_raked,1030,0.020149933630,0.021259229655,-0.001109296026
2022,T1_previous_party_hierarchical_raked,1031,0.020246720018,0.021259229655,-0.001012509637
2022,T1_previous_party_hierarchical_raked,1032,0.020305016241,0.021259229655,-0.000954213415
2022,T1_previous_party_hierarchical_raked,1033,0.020255892331,0.021259229655,-0.001003337325
2022,T1_previous_party_hierarchical_raked,1034,0.020219754819,0.021259229655,-0.001039474837
2022,T1_previous_party_hierarchical_raked,1035,0.020204399427,0.021259229655,-0.001054830228
2022,T1_previous_party_hierarchical_raked,1036,0.020275808641,0.021259229655,-0.000983421015
2022,T1_previous_party_hierarchical_raked,1037,0.020162414828,0.021259229655,-0.001096814828
2022,T1_previous_party_hierarchical_raked,1038,0.020251724329,0.021259229655,-0.001007505327
2022,T1_previous_party_hierarchical_raked,1039,0.020275970824,0.021259229655,-0.000983258831
2022,T1_previous_party_hierarchical_raked,1040,0.020465106387,0.021259229655,-0.000794123268
2022,T1_previous_party_hierarchical_raked,1041,0.020221822308,0.021259229655,-0.001037407347
2022,T1_previous_party_hierarchical_raked,1042,0.020273330139,0.021259229655,-0.000985899517
2022,T1_previous_party_hierarchical_raked,1043,0.020383987564,0.021259229655,-0.000875242091
2022,T1_previous_party_hierarchical_raked,1044,0.020177588039,0.021259229655,-0.001081641616
2022,T1_previous_party_hierarchical_raked,1045,0.020406259745,0.021259229655,-0.000852969911
2022,T1_previous_party_hierarchical_raked,1046,0.020272182958,0.021259229655,-0.000987046698
2022,T1_previous_party_hierarchical_raked,1047,0.020224409505,0.021259229655,-0.001034820151
2022,T1_previous_party_hierarchical_raked,1048,0.020260857440,0.021259229655,-0.000998372215
2022,T1_previous_party_hierarchical_raked,1049,0.020291038730,0.021259229655,-0.000968190926
2022,T1_previous_party_hierarchical_raked,1050,0.020396862191,0.021259229655,-0.000862367465
2022,T1_previous_party_hierarchical_raked,1051,0.020115673781,0.021259229655,-0.001143555874
2022,T1_previous_party_hierarchical_raked,1052,0.020158842150,0.021259229655,-0.001100387505
2022,T1_previous_party_hierarchical_raked,1053,0.020387761024,0.021259229655,-0.000871468632
2022,T1_previous_party_hierarchical_raked,1054,0.020215691726,0.021259229655,-0.001043537929
2022,T1_previous_party_hierarchical_raked,1055,0.020332256678,0.021259229655,-0.000926972977
2022,T1_previous_party_hierarchical_raked,1056,0.020258526618,0.021259229655,-0.001000703038
2022,T1_previous_party_hierarchical_raked,1057,0.020133251929,0.021259229655,-0.001125977726
2022,T1_previous_party_hierarchical_raked,1058,0.020298611815,0.021259229655,-0.000960617840
2022,T1_previous_party_hierarchical_raked,1059,0.020373855748,0.021259229655,-0.000885373908
2022,T1_previous_party_hierarchical_raked,1060,0.020348922047,0.021259229655,-0.000910307609
2022,T1_previous_party_hierarchical_raked,1061,0.020270341448,0.021259229655,-0.000988888208
2022,T1_previous_party_hierarchical_raked,1062,0.020213208075,0.021259229655,-0.001046021581
2022,T1_previous_party_hierarchical_raked,1063,0.020400114137,0.021259229655,-0.000859115518
2022,T1_previous_party_hierarchical_raked,1064,0.020157950182,0.021259229655,-0.001101279474
2022,T1_previous_party_hierarchical_raked,1065,0.020197243279,0.021259229655,-0.001061986377
2022,T1_previous_party_hierarchical_raked,1066,0.020213015687,0.021259229655,-0.001046213968
2022,T1_previous_party_hierarchical_raked,1067,0.020246674814,0.021259229655,-0.001012554842
2022,T1_previous_party_hierarchical_raked,1068,0.020133640992,0.021259229655,-0.001125588664
2022,T1_previous_party_hierarchical_raked,1069,0.020334452920,0.021259229655,-0.000924776735
2022,T1_previous_party_hierarchical_raked,1070,0.020298773780,0.021259229655,-0.000960455875
2022,T1_previous_party_hierarchical_raked,1071,0.020349982172,0.021259229655,-0.000909247483
2022,T1_previous_party_hierarchical_raked,1072,0.020434342686,0.021259229655,-0.000824886969
2022,T1_previous_party_hierarchical_raked,1073,0.020310622496,0.021259229655,-0.000948607160
2022,T1_previous_party_hierarchical_raked,1074,0.020056552704,0.021259229655,-0.001202676951
2022,T1_previous_party_hierarchical_raked,1075,0.020325112869,0.021259229655,-0.000934116786
2022,T1_previous_party_hierarchical_raked,1076,0.020284845603,0.021259229655,-0.000974384052
2022,T1_previous_party_hierarchical_raked,1077,0.020222770827,0.021259229655,-0.001036458828
2022,T1_previous_party_hierarchical_raked,1078,0.020318696641,0.021259229655,-0.000940533015
2022,T1_previous_party_hierarchical_raked,1079,0.020213892141,0.021259229655,-0.001045337514
2022,T1_previous_party_hierarchical_raked,1080,0.020258420200,0.021259229655,-0.001000809456
2022,T1_previous_party_hierarchical_raked,1081,0.020050713806,0.021259229655,-0.001208515850
2022,T1_previous_party_hierarchical_raked,1082,0.020183097947,0.021259229655,-0.001076131709
2022,T1_previous_party_hierarchical_raked,1083,0.020331984341,0.021259229655,-0.000927245315
2022,T1_previous_party_hierarchical_raked,1084,0.020163226012,0.021259229655,-0.001096003643
2022,T1_previous_party_hierarchical_raked,1085,0.020193988654,0.021259229655,-0.001065241001
2022,T1_previous_party_hierarchical_raked,1086,0.020258552070,0.021259229655,-0.001000677585
2022,T1_previous_party_hierarchical_raked,1087,0.020234843056,0.021259229655,-0.001024386599
2022,T1_previous_party_hierarchical_raked,1088,0.020148429812,0.021259229655,-0.001110799843
2022,T1_previous_party_hierarchical_raked,1089,0.020474746497,0.021259229655,-0.000784483158
2022,T1_previous_party_hierarchical_raked,1090,0.020133539256,0.021259229655,-0.001125690400
2022,T1_previous_party_hierarchical_raked,1091,0.020122812046,0.021259229655,-0.001136417610
2022,T1_previous_party_hierarchical_raked,1092,0.020295197176,0.021259229655,-0.000964032479
2022,T1_previous_party_hierarchical_raked,1093,0.020150574368,0.021259229655,-0.001108655287
2022,T1_previous_party_hierarchical_raked,1094,0.020275955819,0.021259229655,-0.000983273837
2022,T1_previous_party_hierarchical_raked,1095,0.020139509594,0.021259229655,-0.001119720061
2022,T1_previous_party_hierarchical_raked,1096,0.020399008035,0.021259229655,-0.000860221620
2022,T1_previous_party_hierarchical_raked,1097,0.020335904454,0.021259229655,-0.000923325202
2022,T1_previous_party_hierarchical_raked,1098,0.020260511141,0.021259229655,-0.000998718514
2022,T1_previous_party_hierarchical_raked,1099,0.020175404651,0.021259229655,-0.001083825005
2022,T1_previous_party_hierarchical_raked,1100,0.020322765658,0.021259229655,-0.000936463998
2022,T1_previous_party_hierarchical_raked,1101,0.020278785448,0.021259229655,-0.000980444207
2022,T1_previous_party_hierarchical_raked,1102,0.020132484411,0.021259229655,-0.001126745244
2022,T1_previous_party_hierarchical_raked,1103,0.020099903390,0.021259229655,-0.001159326266
2022,T1_previous_party_hierarchical_raked,1104,0.020400691498,0.021259229655,-0.000858538157
2022,T1_previous_party_hierarchical_raked,1105,0.020350621930,0.021259229655,-0.000908607725
2022,T1_previous_party_hierarchical_raked,1106,0.020180967495,0.021259229655,-0.001078262161
2022,T1_previous_party_hierarchical_raked,1107,0.020213571047,0.021259229655,-0.001045658608
2022,T1_previous_party_hierarchical_raked,1108,0.020203613790,0.021259229655,-0.001055615866
2022,T1_previous_party_hierarchical_raked,1109,0.020172303259,0.021259229655,-0.001086926396
2022,T1_previous_party_hierarchical_raked,1110,0.020320287316,0.021259229655,-0.000938942339
2022,T1_previous_party_hierarchical_raked,1111,0.020056675864,0.021259229655,-0.001202553791
2022,T1_previous_party_hierarchical_raked,1112,0.020238546441,0.021259229655,-0.001020683214
2022,T1_previous_party_hierarchical_raked,1113,0.020311979372,0.021259229655,-0.000947250283
2022,T1_previous_party_hierarchical_raked,1114,0.020389890749,0.021259229655,-0.000869338906
2022,T1_previous_party_hierarchical_raked,1115,0.020205167692,0.021259229655,-0.001054061963
2022,T1_previous_party_hierarchical_raked,1116,0.020128326291,0.021259229655,-0.001130903365
2022,T1_previous_party_hierarchical_raked,1117,0.020265868773,0.021259229655,-0.000993360883
2022,T1_previous_party_hierarchical_raked,1118,0.020144301718,0.021259229655,-0.001114927937
2022,T1_previous_party_hierarchical_raked,1119,0.020188584859,0.021259229655,-0.001070644796
2022,T1_previous_party_hierarchical_raked,1120,0.020279965025,0.021259229655,-0.000979264630
2022,T1_previous_party_hierarchical_raked,1121,0.020128828639,0.021259229655,-0.001130401016
2022,T1_previous_party_hierarchical_raked,1122,0.020342632281,0.021259229655,-0.000916597374
2022,T1_previous_party_hierarchical_raked,1123,0.020317190019,0.021259229655,-0.000942039636
2022,T1_previous_party_hierarchical_raked,1124,0.020234747002,0.021259229655,-0.001024482654
2022,T1_previous_party_hierarchical_raked,1125,0.020254326633,0.021259229655,-0.001004903023
2022,T1_previous_party_hierarchical_raked,1126,0.020264690888,0.021259229655,-0.000994538768
2022,T1_previous_party_hierarchical_raked,1127,0.020213047465,0.021259229655,-0.001046182191
2022,T1_previous_party_hierarchical_raked,1128,0.020195711034,0.021259229655,-0.001063518622
2022,T1_previous_party_hierarchical_raked,1129,0.020268429172,0.021259229655,-0.000990800483
2022,T1_previous_party_hierarchical_raked,1130,0.020230518864,0.021259229655,-0.001028710791
2022,T1_previous_party_hierarchical_raked,1131,0.020285240925,0.021259229655,-0.000973988730
2022,T1_previous_party_hierarchical_raked,1132,0.020131691904,0.021259229655,-0.001127537752
2022,T1_previous_party_hierarchical_raked,1133,0.020200026109,0.021259229655,-0.001059203546
2022,T1_previous_party_hierarchical_raked,1134,0.020309739761,0.021259229655,-0.000949489895
2022,T1_previous_party_hierarchical_raked,1135,0.020331013697,0.021259229655,-0.000928215958
2022,T1_previous_party_hierarchical_raked,1136,0.020254684274,0.021259229655,-0.001004545381
2022,T1_previous_party_hierarchical_raked,1137,0.020233888723,0.021259229655,-0.001025340932
2022,T1_previous_party_hierarchical_raked,1138,0.020241749246,0.021259229655,-0.001017480409
2022,T1_previous_party_hierarchical_raked,1139,0.020280315092,0.021259229655,-0.000978914563
2022,T1_previous_party_hierarchical_raked,1140,0.020234048823,0.021259229655,-0.001025180832
2022,T1_previous_party_hierarchical_raked,1141,0.020305379453,0.021259229655,-0.000953850202
2022,T1_previous_party_hierarchical_raked,1142,0.020189261911,0.021259229655,-0.001069967744
2022,T1_previous_party_hierarchical_raked,1143,0.020100754686,0.021259229655,-0.001158474969
2022,T1_previous_party_hierarchical_raked,1144,0.020293120739,0.021259229655,-0.000966108917
2022,T1_previous_party_hierarchical_raked,1145,0.020077635365,0.021259229655,-0.001181594290
2022,T1_previous_party_hierarchical_raked,1146,0.020063338735,0.021259229655,-0.001195890920
2022,T1_previous_party_hierarchical_raked,1147,0.020152181085,0.021259229655,-0.001107048570
2022,T1_previous_party_hierarchical_raked,1148,0.020136362428,0.021259229655,-0.001122867228
2022,T1_previous_party_hierarchical_raked,1149,0.020397520673,0.021259229655,-0.000861708982
2022,T1_previous_party_hierarchical_raked,1150,0.020269549454,0.021259229655,-0.000989680201
2022,T1_previous_party_hierarchical_raked,1151,0.020284601770,0.021259229655,-0.000974627885
2022,T1_previous_party_hierarchical_raked,1152,0.020223000076,0.021259229655,-0.001036229580
2022,T1_previous_party_hierarchical_raked,1153,0.020259927466,0.021259229655,-0.000999302189
2022,T1_previous_party_hierarchical_raked,1154,0.020151775843,0.021259229655,-0.001107453812
2022,T1_previous_party_hierarchical_raked,1155,0.020163440040,0.021259229655,-0.001095789616
2022,T1_previous_party_hierarchical_raked,1156,0.020262069709,0.021259229655,-0.000997159946
2022,T1_previous_party_hierarchical_raked,1157,0.020257710320,0.021259229655,-0.001001519336
2022,T1_previous_party_hierarchical_raked,1158,0.020204617961,0.021259229655,-0.001054611694
2022,T1_previous_party_hierarchical_raked,1159,0.020322892905,0.021259229655,-0.000936336751
2022,T1_previous_party_hierarchical_raked,1160,0.020234533952,0.021259229655,-0.001024695703
2022,T1_previous_party_hierarchical_raked,1161,0.020344842661,0.021259229655,-0.000914386994
2022,T1_previous_party_hierarchical_raked,1162,0.020133107013,0.021259229655,-0.001126122642
2022,T1_previous_party_hierarchical_raked,1163,0.020180829488,0.021259229655,-0.001078400168
2022,T1_previous_party_hierarchical_raked,1164,0.020228767452,0.021259229655,-0.001030462203
2022,T1_previous_party_hierarchical_raked,1165,0.020313484611,0.021259229655,-0.000945745044
2022,T1_previous_party_hierarchical_raked,1166,0.020187666907,0.021259229655,-0.001071562749
2022,T1_previous_party_hierarchical_raked,1167,0.020143642362,0.021259229655,-0.001115587294
2022,T1_previous_party_hierarchical_raked,1168,0.020029463184,0.021259229655,-0.001229766472
2022,T1_previous_party_hierarchical_raked,1169,0.020273648691,0.021259229655,-0.000985580965
2022,T1_previous_party_hierarchical_raked,1170,0.020346767780,0.021259229655,-0.000912461876
2022,T1_previous_party_hierarchical_raked,1171,0.020134256249,0.021259229655,-0.001124973407
2022,T1_previous_party_hierarchical_raked,1172,0.020069732872,0.021259229655,-0.001189496783
2022,T1_previous_party_hierarchical_raked,1173,0.020210834278,0.021259229655,-0.001048395378
2022,T1_previous_party_hierarchical_raked,1174,0.020106069006,0.021259229655,-0.001153160650
2022,T1_previous_party_hierarchical_raked,1175,0.020161455575,0.021259229655,-0.001097774080
2022,T1_previous_party_hierarchical_raked,1176,0.020241942222,0.021259229655,-0.001017287434
2022,T1_previous_party_hierarchical_raked,1177,0.020265309296,0.021259229655,-0.000993920360
2022,T1_previous_party_hierarchical_raked,1178,0.020184852682,0.021259229655,-0.001074376973
2022,T1_previous_party_hierarchical_raked,1179,0.020138413078,0.021259229655,-0.001120816577
2022,T1_previous_party_hierarchical_raked,1180,0.020194411241,0.021259229655,-0.001064818414
2022,T1_previous_party_hierarchical_raked,1181,0.020280132582,0.021259229655,-0.000979097073
2022,T1_previous_party_hierarchical_raked,1182,0.020306748269,0.021259229655,-0.000952481387
2022,T1_previous_party_hierarchical_raked,1183,0.020306573082,0.021259229655,-0.000952656574
2022,T1_previous_party_hierarchical_raked,1184,0.020395710732,0.021259229655,-0.000863518924
2022,T1_previous_party_hierarchical_raked,1185,0.020277118055,0.021259229655,-0.000982111601
2022,T1_previous_party_hierarchical_raked,1186,0.020255813924,0.021259229655,-0.001003415731
2022,T1_previous_party_hierarchical_raked,1187,0.020178593137,0.021259229655,-0.001080636518
2022,T1_previous_party_hierarchical_raked,1188,0.020127349686,0.021259229655,-0.001131879970
2022,T1_previous_party_hierarchical_raked,1189,0.020300102210,0.021259229655,-0.000959127446
2022,T1_previous_party_hierarchical_raked,1190,0.020256560994,0.021259229655,-0.001002668661
2022,T1_previous_party_hierarchical_raked,1191,0.020274639257,0.021259229655,-0.000984590398
2022,T1_previous_party_hierarchical_raked,1192,0.020378941041,0.021259229655,-0.000880288615
2022,T1_previous_party_hierarchical_raked,1193,0.020211839212,0.021259229655,-0.001047390443
2022,T1_previous_party_hierarchical_raked,1194,0.020169015950,0.021259229655,-0.001090213705
2022,T1_previous_party_hierarchical_raked,1195,0.020189909108,0.021259229655,-0.001069320547
2022,T1_previous_party_hierarchical_raked,1196,0.020308895246,0.021259229655,-0.000950334410
2022,T1_previous_party_hierarchical_raked,1197,0.020161250339,0.021259229655,-0.001097979316
2022,T1_previous_party_hierarchical_raked,1198,0.020317035112,0.021259229655,-0.000942194543
2022,T1_previous_party_hierarchical_raked,1199,0.020359965016,0.021259229655,-0.000899264639
2022,T1_previous_party_hierarchical_raked,1200,0.020315746923,0.021259229655,-0.000943482733
2022,T1_previous_party_hierarchical_raked,1201,0.020108416335,0.021259229655,-0.001150813321
2022,T1_previous_party_hierarchical_raked,1202,0.020068166113,0.021259229655,-0.001191063542
2022,T1_previous_party_hierarchical_raked,1203,0.020231893218,0.021259229655,-0.001027336437
2022,T1_previous_party_hierarchical_raked,1204,0.020340838160,0.021259229655,-0.000918391495
2022,T1_previous_party_hierarchical_raked,1205,0.020227314483,0.021259229655,-0.001031915172
2022,T1_previous_party_hierarchical_raked,1206,0.020268245687,0.021259229655,-0.000990983968
2022,T1_previous_party_hierarchical_raked,1207,0.020188708727,0.021259229655,-0.001070520929
2022,T1_previous_party_hierarchical_raked,1208,0.020211656377,0.021259229655,-0.001047573279
2022,T1_previous_party_hierarchical_raked,1209,0.020376032607,0.021259229655,-0.000883197049
2022,T1_previous_party_hierarchical_raked,1210,0.020337804798,0.021259229655,-0.000921424857
2022,T1_previous_party_hierarchical_raked,1211,0.020320312530,0.021259229655,-0.000938917126
2022,T1_previous_party_hierarchical_raked,1212,0.020357503453,0.021259229655,-0.000901726202
2022,T1_previous_party_hierarchical_raked,1213,0.020186373949,0.021259229655,-0.001072855706
2022,T1_previous_party_hierarchical_raked,1214,0.020064410921,0.021259229655,-0.001194818734
2022,T1_previous_party_hierarchical_raked,1215,0.020267599126,0.021259229655,-0.000991630529
2022,T1_previous_party_hierarchical_raked,1216,0.020247612341,0.021259229655,-0.001011617314
2022,T1_previous_party_hierarchical_raked,1217,0.020211790233,0.021259229655,-0.001047439423
2022,T1_previous_party_hierarchical_raked,1218,0.020222011274,0.021259229655,-0.001037218381
2022,T1_previous_party_hierarchical_raked,1219,0.020356766958,0.021259229655,-0.000902462698
2022,T1_previous_party_hierarchical_raked,1220,0.020261734373,0.021259229655,-0.000997495283
2022,T1_previous_party_hierarchical_raked,1221,0.020278780742,0.021259229655,-0.000980448914
2022,T1_previous_party_hierarchical_raked,1222,0.020150567890,0.021259229655,-0.001108661766
2022,T1_previous_party_hierarchical_raked,1223,0.020227744146,0.021259229655,-0.001031485510
2022,T1_previous_party_hierarchical_raked,1224,0.020186834243,0.021259229655,-0.001072395412
2022,T1_previous_party_hierarchical_raked,1225,0.020351480663,0.021259229655,-0.000907748992
2022,T1_previous_party_hierarchical_raked,1226,0.020138019891,0.021259229655,-0.001121209764
2022,T1_previous_party_hierarchical_raked,1227,0.020399913789,0.021259229655,-0.000859315867
2022,T1_previous_party_hierarchical_raked,1228,0.020421545371,0.021259229655,-0.000837684284
2022,T1_previous_party_hierarchical_raked,1229,0.020397444854,0.021259229655,-0.000861784801
2022,T1_previous_party_hierarchical_raked,1230,0.020299167688,0.021259229655,-0.000960061968
2022,T1_previous_party_hierarchical_raked,1231,0.020242919383,0.021259229655,-0.001016310272
2022,T1_previous_party_hierarchical_raked,1232,0.020347518318,0.021259229655,-0.000911711337
2022,T1_previous_party_hierarchical_raked,1233,0.020167807627,0.021259229655,-0.001091422028
2022,T1_previous_party_hierarchical_raked,1234,0.020290991155,0.021259229655,-0.000968238501
2022,T1_previous_party_hierarchical_raked,1235,0.020013736556,0.021259229655,-0.001245493099
2022,T1_previous_party_hierarchical_raked,1236,0.020323350178,0.021259229655,-0.000935879477
2022,T1_previous_party_hierarchical_raked,1237,0.020374373932,0.021259229655,-0.000884855723
2022,T1_previous_party_hierarchical_raked,1238,0.020289504401,0.021259229655,-0.000969725254
2022,T1_previous_party_hierarchical_raked,1239,0.020431231489,0.021259229655,-0.000827998167
2022,T1_previous_party_hierarchical_raked,1240,0.020338402665,0.021259229655,-0.000920826990
2022,T1_previous_party_hierarchical_raked,1241,0.020278574071,0.021259229655,-0.000980655585
2022,T1_previous_party_hierarchical_raked,1242,0.020211163974,0.021259229655,-0.001048065682
2022,T1_previous_party_hierarchical_raked,1243,0.020443458895,0.021259229655,-0.000815770761
2022,T1_previous_party_hierarchical_raked,1244,0.020250805093,0.021259229655,-0.001008424562
2022,T1_previous_party_hierarchical_raked,1245,0.020253363174,0.021259229655,-0.001005866481
2022,T1_previous_party_hierarchical_raked,1246,0.020117245783,0.021259229655,-0.001141983873
2022,T1_previous_party_hierarchical_raked,1247,0.020323772098,0.021259229655,-0.000935457557
2022,T1_previous_party_hierarchical_raked,1248,0.020294035114,0.021259229655,-0.000965194541
2022,T1_previous_party_hierarchical_raked,1249,0.020219028813,0.021259229655,-0.001040200842
2022,T1_previous_party_hierarchical_raked,1250,0.020198660037,0.021259229655,-0.001060569618
2022,T1_previous_party_hierarchical_raked,1251,0.020191890709,0.021259229655,-0.001067338946
2022,T1_previous_party_hierarchical_raked,1252,0.020297001829,0.021259229655,-0.000962227827
2022,T1_previous_party_hierarchical_raked,1253,0.020263677602,0.021259229655,-0.000995552054
2022,T1_previous_party_hierarchical_raked,1254,0.020249617113,0.021259229655,-0.001009612543
2022,T1_previous_party_hierarchical_raked,1255,0.020293765541,0.021259229655,-0.000965464115
2022,T1_previous_party_hierarchical_raked,1256,0.020260078930,0.021259229655,-0.000999150726
2022,T1_previous_party_hierarchical_raked,1257,0.020191721009,0.021259229655,-0.001067508646
2022,T1_previous_party_hierarchical_raked,1258,0.020216707458,0.021259229655,-0.001042522198
2022,T1_previous_party_hierarchical_raked,1259,0.020160827844,0.021259229655,-0.001098401811
2022,T1_previous_party_hierarchical_raked,1260,0.020122835689,0.021259229655,-0.001136393966
2022,T1_previous_party_hierarchical_raked,1261,0.020215742285,0.021259229655,-0.001043487370
2022,T1_previous_party_hierarchical_raked,1262,0.020148629707,0.021259229655,-0.001110599948
2022,T1_previous_party_hierarchical_raked,1263,0.020407052539,0.021259229655,-0.000852177117
2022,T1_previous_party_hierarchical_raked,1264,0.020248102726,0.021259229655,-0.001011126930
2022,T1_previous_party_hierarchical_raked,1265,0.020250999387,0.021259229655,-0.001008230268
2022,T1_previous_party_hierarchical_raked,1266,0.020152829035,0.021259229655,-0.001106400621
2022,T1_previous_party_hierarchical_raked,1267,0.020176774132,0.021259229655,-0.001082455523
2022,T1_previous_party_hierarchical_raked,1268,0.020309419589,0.021259229655,-0.000949810066
2022,T1_previous_party_hierarchical_raked,1269,0.020137665117,0.021259229655,-0.001121564539
2022,T1_previous_party_hierarchical_raked,1270,0.020224830677,0.021259229655,-0.001034398979
2022,T1_previous_party_hierarchical_raked,1271,0.020274126167,0.021259229655,-0.000985103488
2022,T1_previous_party_hierarchical_raked,1272,0.020338229097,0.021259229655,-0.000921000558
2022,T1_previous_party_hierarchical_raked,1273,0.020380393624,0.021259229655,-0.000878836031
2022,T1_previous_party_hierarchical_raked,1274,0.020168397801,0.021259229655,-0.001090831855
2022,T1_previous_party_hierarchical_raked,1275,0.020253382248,0.021259229655,-0.001005847408
2022,T1_previous_party_hierarchical_raked,1276,0.020265418524,0.021259229655,-0.000993811132
2022,T1_previous_party_hierarchical_raked,1277,0.020325106930,0.021259229655,-0.000934122726
2022,T1_previous_party_hierarchical_raked,1278,0.020242278097,0.021259229655,-0.001016951558
2022,T1_previous_party_hierarchical_raked,1279,0.020251909361,0.021259229655,-0.001007320295
2022,T1_previous_party_hierarchical_raked,1280,0.020139257429,0.021259229655,-0.001119972227
2022,T1_previous_party_hierarchical_raked,1281,0.020244081326,0.021259229655,-0.001015148329
2022,T1_previous_party_hierarchical_raked,1282,0.020425082598,0.021259229655,-0.000834147057
2022,T1_previous_party_hierarchical_raked,1283,0.020198571398,0.021259229655,-0.001060658258
2022,T1_previous_party_hierarchical_raked,1284,0.020184404210,0.021259229655,-0.001074825446
2022,T1_previous_party_hierarchical_raked,1285,0.020160326993,0.021259229655,-0.001098902662
2022,T1_previous_party_hierarchical_raked,1286,0.020272735674,0.021259229655,-0.000986493981
2022,T1_previous_party_hierarchical_raked,1287,0.020345067713,0.021259229655,-0.000914161942
2022,T1_previous_party_hierarchical_raked,1288,0.020199493121,0.021259229655,-0.001059736534
2022,T1_previous_party_hierarchical_raked,1289,0.020278137103,0.021259229655,-0.000981092553
2022,T1_previous_party_hierarchical_raked,1290,0.020220817827,0.021259229655,-0.001038411829
2022,T1_previous_party_hierarchical_raked,1291,0.020308485992,0.021259229655,-0.000950743664
2022,T1_previous_party_hierarchical_raked,1292,0.020380849401,0.021259229655,-0.000878380254
2022,T1_previous_party_hierarchical_raked,1293,0.020194167386,0.021259229655,-0.001065062269
2022,T1_previous_party_hierarchical_raked,1294,0.020328630438,0.021259229655,-0.000930599217
2022,T1_previous_party_hierarchical_raked,1295,0.020194658750,0.021259229655,-0.001064570906
2022,T1_previous_party_hierarchical_raked,1296,0.020215205380,0.021259229655,-0.001044024276
2022,T1_previous_party_hierarchical_raked,1297,0.020283654147,0.021259229655,-0.000975575509
2022,T1_previous_party_hierarchical_raked,1298,0.020257479041,0.021259229655,-0.001001750614
2022,T1_previous_party_hierarchical_raked,1299,0.020210581617,0.021259229655,-0.001048648039
2022,T1_previous_party_hierarchical_raked,1300,0.020151920794,0.021259229655,-0.001107308861
2022,T1_previous_party_hierarchical_raked,1301,0.020380593672,0.021259229655,-0.000878635983
2022,T1_previous_party_hierarchical_raked,1302,0.020241449891,0.021259229655,-0.001017779764
2022,T1_previous_party_hierarchical_raked,1303,0.020283395409,0.021259229655,-0.000975834247
2022,T1_previous_party_hierarchical_raked,1304,0.020225834839,0.021259229655,-0.001033394816
2022,T1_previous_party_hierarchical_raked,1305,0.020274501532,0.021259229655,-0.000984728123
2022,T1_previous_party_hierarchical_raked,1306,0.020278512797,0.021259229655,-0.000980716858
2022,T1_previous_party_hierarchical_raked,1307,0.020050007414,0.021259229655,-0.001209222242
2022,T1_previous_party_hierarchical_raked,1308,0.020128677160,0.021259229655,-0.001130552496
2022,T1_previous_party_hierarchical_raked,1309,0.020145654357,0.021259229655,-0.001113575298
2022,T1_previous_party_hierarchical_raked,1310,0.020314650422,0.021259229655,-0.000944579234
2022,T1_previous_party_hierarchical_raked,1311,0.020278080991,0.021259229655,-0.000981148664
2022,T1_previous_party_hierarchical_raked,1312,0.020234387204,0.021259229655,-0.001024842452
2022,T1_previous_party_hierarchical_raked,1313,0.020058429513,0.021259229655,-0.001200800143
2022,T1_previous_party_hierarchical_raked,1314,0.020273338673,0.021259229655,-0.000985890983
2022,T1_previous_party_hierarchical_raked,1315,0.020146276247,0.021259229655,-0.001112953409
2022,T1_previous_party_hierarchical_raked,1316,0.020455522611,0.021259229655,-0.000803707044
2022,T1_previous_party_hierarchical_raked,1317,0.020107538838,0.021259229655,-0.001151690818
2022,T1_previous_party_hierarchical_raked,1318,0.020213483272,0.021259229655,-0.001045746383
2022,T1_previous_party_hierarchical_raked,1319,0.020301626239,0.021259229655,-0.000957603416
2022,T1_previous_party_hierarchical_raked,1320,0.020391189919,0.021259229655,-0.000868039736
2022,T1_previous_party_hierarchical_raked,1321,0.020196701629,0.021259229655,-0.001062528026
2022,T1_previous_party_hierarchical_raked,1322,0.020300127264,0.021259229655,-0.000959102392
2022,T1_previous_party_hierarchical_raked,1323,0.020217190763,0.021259229655,-0.001042038892
2022,T1_previous_party_hierarchical_raked,1324,0.020131804210,0.021259229655,-0.001127425446
2022,T1_previous_party_hierarchical_raked,1325,0.020202154382,0.021259229655,-0.001057075273
2022,T1_previous_party_hierarchical_raked,1326,0.020301995976,0.021259229655,-0.000957233679
2022,T1_previous_party_hierarchical_raked,1327,0.020213301900,0.021259229655,-0.001045927755
2022,T1_previous_party_hierarchical_raked,1328,0.020234866411,0.021259229655,-0.001024363245
2022,T1_previous_party_hierarchical_raked,1329,0.020205832235,0.021259229655,-0.001053397421
2022,T1_previous_party_hierarchical_raked,1330,0.020208626520,0.021259229655,-0.001050603135
2022,T1_previous_party_hierarchical_raked,1331,0.020110203427,0.021259229655,-0.001149026229
2022,T1_previous_party_hierarchical_raked,1332,0.020268985148,0.021259229655,-0.000990244507
2022,T1_previous_party_hierarchical_raked,1333,0.020138737332,0.021259229655,-0.001120492324
2022,T1_previous_party_hierarchical_raked,1334,0.020183075922,0.021259229655,-0.001076153733
2022,T1_previous_party_hierarchical_raked,1335,0.020245919064,0.021259229655,-0.001013310592
2022,T1_previous_party_hierarchical_raked,1336,0.020433442401,0.021259229655,-0.000825787254
2022,T1_previous_party_hierarchical_raked,1337,0.020145076487,0.021259229655,-0.001114153169
2022,T1_previous_party_hierarchical_raked,1338,0.020005876734,0.021259229655,-0.001253352922
2022,T1_previous_party_hierarchical_raked,1339,0.020045176961,0.021259229655,-0.001214052695
2022,T1_previous_party_hierarchical_raked,1340,0.020241090238,0.021259229655,-0.001018139417
2022,T1_previous_party_hierarchical_raked,1341,0.020120399354,0.021259229655,-0.001138830301
2022,T1_previous_party_hierarchical_raked,1342,0.020161453673,0.021259229655,-0.001097775983
2022,T1_previous_party_hierarchical_raked,1343,0.020248510098,0.021259229655,-0.001010719557
2022,T1_previous_party_hierarchical_raked,1344,0.020373630566,0.021259229655,-0.000885599089
2022,T1_previous_party_hierarchical_raked,1345,0.020175195495,0.021259229655,-0.001084034161
2022,T1_previous_party_hierarchical_raked,1346,0.020313529773,0.021259229655,-0.000945699883
2022,T1_previous_party_hierarchical_raked,1347,0.020162522445,0.021259229655,-0.001096707210
2022,T1_previous_party_hierarchical_raked,1348,0.020171714770,0.021259229655,-0.001087514885
2022,T1_previous_party_hierarchical_raked,1349,0.020135206107,0.021259229655,-0.001124023548
2022,T1_previous_party_hierarchical_raked,1350,0.020110597287,0.021259229655,-0.001148632368
2022,T1_previous_party_hierarchical_raked,1351,0.020237098539,0.021259229655,-0.001022131117
2022,T1_previous_party_hierarchical_raked,1352,0.020233970711,0.021259229655,-0.001025258944
2022,T1_previous_party_hierarchical_raked,1353,0.020296871348,0.021259229655,-0.000962358307
2022,T1_previous_party_hierarchical_raked,1354,0.020156934166,0.021259229655,-0.001102295490
2022,T1_previous_party_hierarchical_raked,1355,0.020407903485,0.021259229655,-0.000851326170
2022,T1_previous_party_hierarchical_raked,1356,0.020273085795,0.021259229655,-0.000986143861
2022,T1_previous_party_hierarchical_raked,1357,0.020169145059,0.021259229655,-0.001090084597
2022,T1_previous_party_hierarchical_raked,1358,0.020191334057,0.021259229655,-0.001067895599
2022,T1_previous_party_hierarchical_raked,1359,0.020303855116,0.021259229655,-0.000955374539
2022,T1_previous_party_hierarchical_raked,1360,0.020215575071,0.021259229655,-0.001043654584
2022,T1_previous_party_hierarchical_raked,1361,0.020317745866,0.021259229655,-0.000941483790
2022,T1_previous_party_hierarchical_raked,1362,0.020295940096,0.021259229655,-0.000963289559
2022,T1_previous_party_hierarchical_raked,1363,0.020269358676,0.021259229655,-0.000989870979
2022,T1_previous_party_hierarchical_raked,1364,0.020331643067,0.021259229655,-0.000927586589
2022,T1_previous_party_hierarchical_raked,1365,0.020260696305,0.021259229655,-0.000998533350
2022,T1_previous_party_hierarchical_raked,1366,0.020282482796,0.021259229655,-0.000976746859
2022,T1_previous_party_hierarchical_raked,1367,0.020214201462,0.021259229655,-0.001045028193
2022,T1_previous_party_hierarchical_raked,1368,0.020243460670,0.021259229655,-0.001015768985
2022,T1_previous_party_hierarchical_raked,1369,0.020145800226,0.021259229655,-0.001113429429
2022,T1_previous_party_hierarchical_raked,1370,0.020200292135,0.021259229655,-0.001058937520
2022,T1_previous_party_hierarchical_raked,1371,0.020353062097,0.021259229655,-0.000906167559
2022,T1_previous_party_hierarchical_raked,1372,0.020291519377,0.021259229655,-0.000967710279
2022,T1_previous_party_hierarchical_raked,1373,0.020311524696,0.021259229655,-0.000947704959
2022,T1_previous_party_hierarchical_raked,1374,0.020171158722,0.021259229655,-0.001088070934
2022,T1_previous_party_hierarchical_raked,1375,0.020000335831,0.021259229655,-0.001258893825
2022,T1_previous_party_hierarchical_raked,1376,0.020237419911,0.021259229655,-0.001021809744
2022,T1_previous_party_hierarchical_raked,1377,0.020292549399,0.021259229655,-0.000966680257
2022,T1_previous_party_hierarchical_raked,1378,0.020209608859,0.021259229655,-0.001049620796
2022,T1_previous_party_hierarchical_raked,1379,0.020231199752,0.021259229655,-0.001028029903
2022,T1_previous_party_hierarchical_raked,1380,0.020541400019,0.021259229655,-0.000717829636
2022,T1_previous_party_hierarchical_raked,1381,0.020129184739,0.021259229655,-0.001130044916
2022,T1_previous_party_hierarchical_raked,1382,0.020260833663,0.021259229655,-0.000998395993
2022,T1_previous_party_hierarchical_raked,1383,0.020375216488,0.021259229655,-0.000884013167
2022,T1_previous_party_hierarchical_raked,1384,0.020301745015,0.021259229655,-0.000957484640
2022,T1_previous_party_hierarchical_raked,1385,0.020279296670,0.021259229655,-0.000979932985
2022,T1_previous_party_hierarchical_raked,1386,0.020138170656,0.021259229655,-0.001121058999
2022,T1_previous_party_hierarchical_raked,1387,0.020198477248,0.021259229655,-0.001060752408
2022,T1_previous_party_hierarchical_raked,1388,0.020267211593,0.021259229655,-0.000992018063
2022,T1_previous_party_hierarchical_raked,1389,0.020285712939,0.021259229655,-0.000973516716
2022,T1_previous_party_hierarchical_raked,1390,0.020249773652,0.021259229655,-0.001009456003
2022,T1_previous_party_hierarchical_raked,1391,0.020136839189,0.021259229655,-0.001122390466
2022,T1_previous_party_hierarchical_raked,1392,0.020213933677,0.021259229655,-0.001045295978
2022,T1_previous_party_hierarchical_raked,1393,0.020416211434,0.021259229655,-0.000843018221
2022,T1_previous_party_hierarchical_raked,1394,0.020200821943,0.021259229655,-0.001058407712
2022,T1_previous_party_hierarchical_raked,1395,0.020331603292,0.021259229655,-0.000927626363
2022,T1_previous_party_hierarchical_raked,1396,0.020391579001,0.021259229655,-0.000867650655
2022,T1_previous_party_hierarchical_raked,1397,0.020255584811,0.021259229655,-0.001003644844
2022,T1_previous_party_hierarchical_raked,1398,0.020190523210,0.021259229655,-0.001068706446
2022,T1_previous_party_hierarchical_raked,1399,0.020269771068,0.021259229655,-0.000989458587
2022,T1_previous_party_hierarchical_raked,1400,0.020219426234,0.021259229655,-0.001039803422
2022,T1_previous_party_hierarchical_raked,1401,0.020062994810,0.021259229655,-0.001196234845
2022,T1_previous_party_hierarchical_raked,1402,0.020272585226,0.021259229655,-0.000986644430
2022,T1_previous_party_hierarchical_raked,1403,0.020274550282,0.021259229655,-0.000984679373
2022,T1_previous_party_hierarchical_raked,1404,0.020339113203,0.021259229655,-0.000920116452
2022,T1_previous_party_hierarchical_raked,1405,0.020151170347,0.021259229655,-0.001108059309
2022,T1_previous_party_hierarchical_raked,1406,0.020138179600,0.021259229655,-0.001121050055
2022,T1_previous_party_hierarchical_raked,1407,0.020271344738,0.021259229655,-0.000987884917
2022,T1_previous_party_hierarchical_raked,1408,0.020133817024,0.021259229655,-0.001125412632
2022,T1_previous_party_hierarchical_raked,1409,0.020255292457,0.021259229655,-0.001003937198
2022,T1_previous_party_hierarchical_raked,1410,0.020344475890,0.021259229655,-0.000914753766
2022,T1_previous_party_hierarchical_raked,1411,0.020155787947,0.021259229655,-0.001103441709
2022,T1_previous_party_hierarchical_raked,1412,0.020289234150,0.021259229655,-0.000969995506
2022,T1_previous_party_hierarchical_raked,1413,0.020297881389,0.021259229655,-0.000961348267
2022,T1_previous_party_hierarchical_raked,1414,0.020231734548,0.021259229655,-0.001027495108
2022,T1_previous_party_hierarchical_raked,1415,0.020299354068,0.021259229655,-0.000959875588
2022,T1_previous_party_hierarchical_raked,1416,0.020086808707,0.021259229655,-0.001172420948
2022,T1_previous_party_hierarchical_raked,1417,0.020235199864,0.021259229655,-0.001024029791
2022,T1_previous_party_hierarchical_raked,1418,0.020220999732,0.021259229655,-0.001038229924
2022,T1_previous_party_hierarchical_raked,1419,0.020249407386,0.021259229655,-0.001009822269
2022,T1_previous_party_hierarchical_raked,1420,0.020304362151,0.021259229655,-0.000954867504
2022,T1_previous_party_hierarchical_raked,1421,0.020177611246,0.021259229655,-0.001081618410
2022,T1_previous_party_hierarchical_raked,1422,0.020245377883,0.021259229655,-0.001013851773
2022,T1_previous_party_hierarchical_raked,1423,0.020276787669,0.021259229655,-0.000982441987
2022,T1_previous_party_hierarchical_raked,1424,0.020320708049,0.021259229655,-0.000938521607
2022,T1_previous_party_hierarchical_raked,1425,0.020342871573,0.021259229655,-0.000916358083
2022,T1_previous_party_hierarchical_raked,1426,0.020231013742,0.021259229655,-0.001028215914
2022,T1_previous_party_hierarchical_raked,1427,0.020215919658,0.021259229655,-0.001043309997
2022,T1_previous_party_hierarchical_raked,1428,0.020126443678,0.021259229655,-0.001132785977
2022,T1_previous_party_hierarchical_raked,1429,0.020262679321,0.021259229655,-0.000996550335
2022,T1_previous_party_hierarchical_raked,1430,0.019995982539,0.021259229655,-0.001263247116
2022,T1_previous_party_hierarchical_raked,1431,0.020134748862,0.021259229655,-0.001124480794
2022,T1_previous_party_hierarchical_raked,1432,0.020213737239,0.021259229655,-0.001045492417
2022,T1_previous_party_hierarchical_raked,1433,0.020209127337,0.021259229655,-0.001050102318
2022,T1_previous_party_hierarchical_raked,1434,0.020151398185,0.021259229655,-0.001107831470
2022,T1_previous_party_hierarchical_raked,1435,0.020339224107,0.021259229655,-0.000920005548
2022,T1_previous_party_hierarchical_raked,1436,0.020231631973,0.021259229655,-0.001027597682
2022,T1_previous_party_hierarchical_raked,1437,0.020161676048,0.021259229655,-0.001097553608
2022,T1_previous_party_hierarchical_raked,1438,0.020147190495,0.021259229655,-0.001112039160
2022,T1_previous_party_hierarchical_raked,1439,0.020222909347,0.021259229655,-0.001036320309
2022,T1_previous_party_hierarchical_raked,1440,0.020193361505,0.021259229655,-0.001065868150
2022,T1_previous_party_hierarchical_raked,1441,0.020236337936,0.021259229655,-0.001022891720
2022,T1_previous_party_hierarchical_raked,1442,0.020233403387,0.021259229655,-0.001025826268
2022,T1_previous_party_hierarchical_raked,1443,0.020426145546,0.021259229655,-0.000833084109
2022,T1_previous_party_hierarchical_raked,1444,0.020053274493,0.021259229655,-0.001205955163
2022,T1_previous_party_hierarchical_raked,1445,0.020252899958,0.021259229655,-0.001006329697
2022,T1_previous_party_hierarchical_raked,1446,0.020427470362,0.021259229655,-0.000831759293
2022,T1_previous_party_hierarchical_raked,1447,0.020423698341,0.021259229655,-0.000835531314
2022,T1_previous_party_hierarchical_raked,1448,0.020233909462,0.021259229655,-0.001025320193
2022,T1_previous_party_hierarchical_raked,1449,0.020131192709,0.021259229655,-0.001128036947
2022,T1_previous_party_hierarchical_raked,1450,0.020261457920,0.021259229655,-0.000997771735
2022,T1_previous_party_hierarchical_raked,1451,0.020152355388,0.021259229655,-0.001106874267
2022,T1_previous_party_hierarchical_raked,1452,0.020302408830,0.021259229655,-0.000956820825
2022,T1_previous_party_hierarchical_raked,1453,0.020192475219,0.021259229655,-0.001066754437
2022,T1_previous_party_hierarchical_raked,1454,0.020254248324,0.021259229655,-0.001004981332
2022,T1_previous_party_hierarchical_raked,1455,0.020158720718,0.021259229655,-0.001100508938
2022,T1_previous_party_hierarchical_raked,1456,0.020206559790,0.021259229655,-0.001052669865
2022,T1_previous_party_hierarchical_raked,1457,0.020267839687,0.021259229655,-0.000991389968
2022,T1_previous_party_hierarchical_raked,1458,0.020322002054,0.021259229655,-0.000937227602
2022,T1_previous_party_hierarchical_raked,1459,0.020186383267,0.021259229655,-0.001072846388
2022,T1_previous_party_hierarchical_raked,1460,0.020362960732,0.021259229655,-0.000896268923
2022,T1_previous_party_hierarchical_raked,1461,0.020159968079,0.021259229655,-0.001099261577
2022,T1_previous_party_hierarchical_raked,1462,0.020264316744,0.021259229655,-0.000994912911
2022,T1_previous_party_hierarchical_raked,1463,0.020207118035,0.021259229655,-0.001052111621
2022,T1_previous_party_hierarchical_raked,1464,0.020255709684,0.021259229655,-0.001003519972
2022,T1_previous_party_hierarchical_raked,1465,0.020248064862,0.021259229655,-0.001011164794
2022,T1_previous_party_hierarchical_raked,1466,0.020213832344,0.021259229655,-0.001045397312
2022,T1_previous_party_hierarchical_raked,1467,0.020144102112,0.021259229655,-0.001115127544
2022,T1_previous_party_hierarchical_raked,1468,0.020353376654,0.021259229655,-0.000905853001
2022,T1_previous_party_hierarchical_raked,1469,0.020209738190,0.021259229655,-0.001049491466
2022,T1_previous_party_hierarchical_raked,1470,0.020257697644,0.021259229655,-0.001001532012
2022,T1_previous_party_hierarchical_raked,1471,0.020184331899,0.021259229655,-0.001074897757
2022,T1_previous_party_hierarchical_raked,1472,0.020243668765,0.021259229655,-0.001015560891
2022,T1_previous_party_hierarchical_raked,1473,0.020318847327,0.021259229655,-0.000940382328
2022,T1_previous_party_hierarchical_raked,1474,0.020167935313,0.021259229655,-0.001091294342
2022,T1_previous_party_hierarchical_raked,1475,0.020211862807,0.021259229655,-0.001047366848
2022,T1_previous_party_hierarchical_raked,1476,0.020106367957,0.021259229655,-0.001152861699
2022,T1_previous_party_hierarchical_raked,1477,0.020298751116,0.021259229655,-0.000960478539
2022,T1_previous_party_hierarchical_raked,1478,0.020270978740,0.021259229655,-0.000988250915
2022,T1_previous_party_hierarchical_raked,1479,0.020200166136,0.021259229655,-0.001059063520
2022,T1_previous_party_hierarchical_raked,1480,0.020111803941,0.021259229655,-0.001147425714
2022,T1_previous_party_hierarchical_raked,1481,0.020266849322,0.021259229655,-0.000992380333
2022,T1_previous_party_hierarchical_raked,1482,0.020259219904,0.021259229655,-0.001000009751
2022,T1_previous_party_hierarchical_raked,1483,0.020184721129,0.021259229655,-0.001074508527
2022,T1_previous_party_hierarchical_raked,1484,0.020182059443,0.021259229655,-0.001077170212
2022,T1_previous_party_hierarchical_raked,1485,0.020278348606,0.021259229655,-0.000980881049
2022,T1_previous_party_hierarchical_raked,1486,0.020405278561,0.021259229655,-0.000853951095
2022,T1_previous_party_hierarchical_raked,1487,0.020254074909,0.021259229655,-0.001005154746
2022,T1_previous_party_hierarchical_raked,1488,0.020170965971,0.021259229655,-0.001088263684
2022,T1_previous_party_hierarchical_raked,1489,0.020319272581,0.021259229655,-0.000939957075
2022,T1_previous_party_hierarchical_raked,1490,0.020322478068,0.021259229655,-0.000936751587
2022,T1_previous_party_hierarchical_raked,1491,0.020157859870,0.021259229655,-0.001101369786
2022,T1_previous_party_hierarchical_raked,1492,0.020276435740,0.021259229655,-0.000982793915
2022,T1_previous_party_hierarchical_raked,1493,0.020292274793,0.021259229655,-0.000966954862
2022,T1_previous_party_hierarchical_raked,1494,0.020079461805,0.021259229655,-0.001179767850
2022,T1_previous_party_hierarchical_raked,1495,0.020014779607,0.021259229655,-0.001244450048
2022,T1_previous_party_hierarchical_raked,1496,0.020130366242,0.021259229655,-0.001128863413
2022,T1_previous_party_hierarchical_raked,1497,0.020115133943,0.021259229655,-0.001144095712
2022,T1_previous_party_hierarchical_raked,1498,0.020320874964,0.021259229655,-0.000938354692
2022,T1_previous_party_hierarchical_raked,1499,0.020380404295,0.021259229655,-0.000878825360
2022,T1_previous_party_hierarchical_raked,1500,0.020242844677,0.021259229655,-0.001016384978
2022,T1_previous_party_hierarchical_raked,1501,0.020290326660,0.021259229655,-0.000968902995
2022,T1_previous_party_hierarchical_raked,1502,0.020363184743,0.021259229655,-0.000896044912
2022,T1_previous_party_hierarchical_raked,1503,0.020251789303,0.021259229655,-0.001007440353
2022,T1_previous_party_hierarchical_raked,1504,0.020074968090,0.021259229655,-0.001184261565
2022,T1_previous_party_hierarchical_raked,1505,0.020294794099,0.021259229655,-0.000964435556
2022,T1_previous_party_hierarchical_raked,1506,0.020241376486,0.021259229655,-0.001017853169
2022,T1_previous_party_hierarchical_raked,1507,0.020119723779,0.021259229655,-0.001139505877
2022,T1_previous_party_hierarchical_raked,1508,0.020129989829,0.021259229655,-0.001129239826
2022,T1_previous_party_hierarchical_raked,1509,0.020352180212,0.021259229655,-0.000907049444
2022,T1_previous_party_hierarchical_raked,1510,0.020347528265,0.021259229655,-0.000911701391
2022,T1_previous_party_hierarchical_raked,1511,0.020340682008,0.021259229655,-0.000918547647
2022,T1_previous_party_hierarchical_raked,1512,0.020264618344,0.021259229655,-0.000994611312
2022,T1_previous_party_hierarchical_raked,1513,0.020211994257,0.021259229655,-0.001047235399
2022,T1_previous_party_hierarchical_raked,1514,0.020218203248,0.021259229655,-0.001041026407
2022,T1_previous_party_hierarchical_raked,1515,0.020304040242,0.021259229655,-0.000955189413
2022,T1_previous_party_hierarchical_raked,1516,0.020265053043,0.021259229655,-0.000994176612
2022,T1_previous_party_hierarchical_raked,1517,0.020410298010,0.021259229655,-0.000848931645
2022,T1_previous_party_hierarchical_raked,1518,0.020363108645,0.021259229655,-0.000896121010
2022,T1_previous_party_hierarchical_raked,1519,0.020204796820,0.021259229655,-0.001054432835
2022,T1_previous_party_hierarchical_raked,1520,0.020284824589,0.021259229655,-0.000974405066
2022,T1_previous_party_hierarchical_raked,1521,0.020322551341,0.021259229655,-0.000936678314
2022,T1_previous_party_hierarchical_raked,1522,0.020231632904,0.021259229655,-0.001027596751
2022,T1_previous_party_hierarchical_raked,1523,0.020247768420,0.021259229655,-0.001011461235
2022,T1_previous_party_hierarchical_raked,1524,0.020259201140,0.021259229655,-0.001000028515
2022,T1_previous_party_hierarchical_raked,1525,0.020225697005,0.021259229655,-0.001033532651
2022,T1_previous_party_hierarchical_raked,1526,0.020403576296,0.021259229655,-0.000855653359
2022,T1_previous_party_hierarchical_raked,1527,0.020411075346,0.021259229655,-0.000848154310
2022,T1_previous_party_hierarchical_raked,1528,0.020325403518,0.021259229655,-0.000933826138
2022,T1_previous_party_hierarchical_raked,1529,0.020031799164,0.021259229655,-0.001227430491
2022,T1_previous_party_hierarchical_raked,1530,0.020075487294,0.021259229655,-0.001183742361
2022,T1_previous_party_hierarchical_raked,1531,0.020242562745,0.021259229655,-0.001016666910
2022,T1_previous_party_hierarchical_raked,1532,0.020206263119,0.021259229655,-0.001052966536
2022,T1_previous_party_hierarchical_raked,1533,0.020148924804,0.021259229655,-0.001110304852
2022,T1_previous_party_hierarchical_raked,1534,0.020288568452,0.021259229655,-0.000970661204
2022,T1_previous_party_hierarchical_raked,1535,0.020329687512,0.021259229655,-0.000929542144
2022,T1_previous_party_hierarchical_raked,1536,0.020081842341,0.021259229655,-0.001177387315
2022,T1_previous_party_hierarchical_raked,1537,0.020382685166,0.021259229655,-0.000876544489
2022,T1_previous_party_hierarchical_raked,1538,0.020303592221,0.021259229655,-0.000955637435
2022,T1_previous_party_hierarchical_raked,1539,0.020287010611,0.021259229655,-0.000972219045
2022,T1_previous_party_hierarchical_raked,1540,0.020311696458,0.021259229655,-0.000947533197
2022,T1_previous_party_hierarchical_raked,1541,0.020210694597,0.021259229655,-0.001048535059
2022,T1_previous_party_hierarchical_raked,1542,0.020381472095,0.021259229655,-0.000877757560
2022,T1_previous_party_hierarchical_raked,1543,0.020293535247,0.021259229655,-0.000965694408
2022,T1_previous_party_hierarchical_raked,1544,0.020263215828,0.021259229655,-0.000996013827
2022,T1_previous_party_hierarchical_raked,1545,0.020264309264,0.021259229655,-0.000994920392
2022,T1_previous_party_hierarchical_raked,1546,0.020088811706,0.021259229655,-0.001170417949
2022,T1_previous_party_hierarchical_raked,1547,0.020193366981,0.021259229655,-0.001065862675
2022,T1_previous_party_hierarchical_raked,1548,0.020202051338,0.021259229655,-0.001057178317
2022,T1_previous_party_hierarchical_raked,1549,0.020210173717,0.021259229655,-0.001049055938
2022,T1_previous_party_hierarchical_raked,1550,0.020344486944,0.021259229655,-0.000914742712
2022,T1_previous_party_hierarchical_raked,1551,0.020243112065,0.021259229655,-0.001016117590
2022,T1_previous_party_hierarchical_raked,1552,0.020350203605,0.021259229655,-0.000909026050
2022,T1_previous_party_hierarchical_raked,1553,0.020373246087,0.021259229655,-0.000885983568
2022,T1_previous_party_hierarchical_raked,1554,0.020210436842,0.021259229655,-0.001048792813
2022,T1_previous_party_hierarchical_raked,1555,0.020261583588,0.021259229655,-0.000997646068
2022,T1_previous_party_hierarchical_raked,1556,0.020423966323,0.021259229655,-0.000835263333
2022,T1_previous_party_hierarchical_raked,1557,0.020036053817,0.021259229655,-0.001223175839
2022,T1_previous_party_hierarchical_raked,1558,0.020192590984,0.021259229655,-0.001066638671
2022,T1_previous_party_hierarchical_raked,1559,0.020346079950,0.021259229655,-0.000913149706
2022,T1_previous_party_hierarchical_raked,1560,0.020204268895,0.021259229655,-0.001054960761
2022,T1_previous_party_hierarchical_raked,1561,0.020181273312,0.021259229655,-0.001077956343
2022,T1_previous_party_hierarchical_raked,1562,0.020390350129,0.021259229655,-0.000868879526
2022,T1_previous_party_hierarchical_raked,1563,0.020303161111,0.021259229655,-0.000956068544
2022,T1_previous_party_hierarchical_raked,1564,0.020062813630,0.021259229655,-0.001196416025
2022,T1_previous_party_hierarchical_raked,1565,0.020155460117,0.021259229655,-0.001103769539
2022,T1_previous_party_hierarchical_raked,1566,0.020257805600,0.021259229655,-0.001001424055
2022,T1_previous_party_hierarchical_raked,1567,0.020160291852,0.021259229655,-0.001098937804
2022,T1_previous_party_hierarchical_raked,1568,0.020313442627,0.021259229655,-0.000945787028
2022,T1_previous_party_hierarchical_raked,1569,0.020227743352,0.021259229655,-0.001031486303
2022,T1_previous_party_hierarchical_raked,1570,0.020293054974,0.021259229655,-0.000966174682
2022,T1_previous_party_hierarchical_raked,1571,0.020304375907,0.021259229655,-0.000954853749
2022,T1_previous_party_hierarchical_raked,1572,0.020213453024,0.021259229655,-0.001045776632
2022,T1_previous_party_hierarchical_raked,1573,0.020135564662,0.021259229655,-0.001123664993
2022,T1_previous_party_hierarchical_raked,1574,0.020263962320,0.021259229655,-0.000995267335
2022,T1_previous_party_hierarchical_raked,1575,0.020296728173,0.021259229655,-0.000962501483
2022,T1_previous_party_hierarchical_raked,1576,0.020361753933,0.021259229655,-0.000897475722
2022,T1_previous_party_hierarchical_raked,1577,0.020282551701,0.021259229655,-0.000976677955
2022,T1_previous_party_hierarchical_raked,1578,0.020259943593,0.021259229655,-0.000999286063
2022,T1_previous_party_hierarchical_raked,1579,0.020254831705,0.021259229655,-0.001004397951
2022,T1_previous_party_hierarchical_raked,1580,0.020262895192,0.021259229655,-0.000996334463
2022,T1_previous_party_hierarchical_raked,1581,0.020333320105,0.021259229655,-0.000925909551
2022,T1_previous_party_hierarchical_raked,1582,0.020434644773,0.021259229655,-0.000824584882
2022,T1_previous_party_hierarchical_raked,1583,0.020233839872,0.021259229655,-0.001025389783
2022,T1_previous_party_hierarchical_raked,1584,0.020205134958,0.021259229655,-0.001054094698
2022,T1_previous_party_hierarchical_raked,1585,0.020373831296,0.021259229655,-0.000885398359
2022,T1_previous_party_hierarchical_raked,1586,0.020174552940,0.021259229655,-0.001084676715
2022,T1_previous_party_hierarchical_raked,1587,0.020221617923,0.021259229655,-0.001037611732
2022,T1_previous_party_hierarchical_raked,1588,0.020273082291,0.021259229655,-0.000986147365
2022,T1_previous_party_hierarchical_raked,1589,0.020230550429,0.021259229655,-0.001028679226
2022,T1_previous_party_hierarchical_raked,1590,0.020285711939,0.021259229655,-0.000973517716
2022,T1_previous_party_hierarchical_raked,1591,0.020187354539,0.021259229655,-0.001071875116
2022,T1_previous_party_hierarchical_raked,1592,0.020135772048,0.021259229655,-0.001123457608
2022,T1_previous_party_hierarchical_raked,1593,0.020127540793,0.021259229655,-0.001131688862
2022,T1_previous_party_hierarchical_raked,1594,0.020220318461,0.021259229655,-0.001038911195
2022,T1_previous_party_hierarchical_raked,1595,0.020253897540,0.021259229655,-0.001005332116
2022,T1_previous_party_hierarchical_raked,1596,0.020279866521,0.021259229655,-0.000979363134
2022,T1_previous_party_hierarchical_raked,1597,0.020140153455,0.021259229655,-0.001119076201
2022,T1_previous_party_hierarchical_raked,1598,0.020237613429,0.021259229655,-0.001021616226
2022,T1_previous_party_hierarchical_raked,1599,0.020289827996,0.021259229655,-0.000969401659
2022,T1_previous_party_hierarchical_raked,1600,0.020139635424,0.021259229655,-0.001119594231
2022,T1_previous_party_hierarchical_raked,1601,0.020279252960,0.021259229655,-0.000979976696
2022,T1_previous_party_hierarchical_raked,1602,0.020135207539,0.021259229655,-0.001124022116
2022,T1_previous_party_hierarchical_raked,1603,0.020189495401,0.021259229655,-0.001069734254
2022,T1_previous_party_hierarchical_raked,1604,0.020238354031,0.021259229655,-0.001020875625
2022,T1_previous_party_hierarchical_raked,1605,0.020335349722,0.021259229655,-0.000923879933
2022,T1_previous_party_hierarchical_raked,1606,0.020411101246,0.021259229655,-0.000848128409
2022,T1_previous_party_hierarchical_raked,1607,0.020300472520,0.021259229655,-0.000958757136
2022,T1_previous_party_hierarchical_raked,1608,0.020196181101,0.021259229655,-0.001063048555
2022,T1_previous_party_hierarchical_raked,1609,0.020182770592,0.021259229655,-0.001076459064
2022,T1_previous_party_hierarchical_raked,1610,0.020423849376,0.021259229655,-0.000835380280
2022,T1_previous_party_hierarchical_raked,1611,0.020381599432,0.021259229655,-0.000877630224
2022,T1_previous_party_hierarchical_raked,1612,0.020173121029,0.021259229655,-0.001086108626
2022,T1_previous_party_hierarchical_raked,1613,0.020245261938,0.021259229655,-0.001013967718
2022,T1_previous_party_hierarchical_raked,1614,0.020214395111,0.021259229655,-0.001044834545
2022,T1_previous_party_hierarchical_raked,1615,0.020321628381,0.021259229655,-0.000937601274
2022,T1_previous_party_hierarchical_raked,1616,0.020260148449,0.021259229655,-0.000999081207
2022,T1_previous_party_hierarchical_raked,1617,0.020116488557,0.021259229655,-0.001142741099
2022,T1_previous_party_hierarchical_raked,1618,0.020281219920,0.021259229655,-0.000978009736
2022,T1_previous_party_hierarchical_raked,1619,0.020245753208,0.021259229655,-0.001013476447
2022,T1_previous_party_hierarchical_raked,1620,0.020290569632,0.021259229655,-0.000968660024
2022,T1_previous_party_hierarchical_raked,1621,0.020339322000,0.021259229655,-0.000919907656
2022,T1_previous_party_hierarchical_raked,1622,0.020248892468,0.021259229655,-0.001010337187
2022,T1_previous_party_hierarchical_raked,1623,0.020197516433,0.021259229655,-0.001061713222
2022,T1_previous_party_hierarchical_raked,1624,0.020162647706,0.021259229655,-0.001096581950
2022,T1_previous_party_hierarchical_raked,1625,0.020197912086,0.021259229655,-0.001061317569
2022,T1_previous_party_hierarchical_raked,1626,0.020219649741,0.021259229655,-0.001039579914
2022,T1_previous_party_hierarchical_raked,1627,0.020441125371,0.021259229655,-0.000818104285
2022,T1_previous_party_hierarchical_raked,1628,0.020155467363,0.021259229655,-0.001103762293
2022,T1_previous_party_hierarchical_raked,1629,0.020225582922,0.021259229655,-0.001033646733
2022,T1_previous_party_hierarchical_raked,1630,0.020355041180,0.021259229655,-0.000904188475
2022,T1_previous_party_hierarchical_raked,1631,0.020357408290,0.021259229655,-0.000901821366
2022,T1_previous_party_hierarchical_raked,1632,0.020143300260,0.021259229655,-0.001115929396
2022,T1_previous_party_hierarchical_raked,1633,0.020276028926,0.021259229655,-0.000983200730
2022,T1_previous_party_hierarchical_raked,1634,0.020099894701,0.021259229655,-0.001159334954
2022,T1_previous_party_hierarchical_raked,1635,0.020125616605,0.021259229655,-0.001133613050
2022,T1_previous_party_hierarchical_raked,1636,0.020302911681,0.021259229655,-0.000956317975
2022,T1_previous_party_hierarchical_raked,1637,0.020356515167,0.021259229655,-0.000902714488
2022,T1_previous_party_hierarchical_raked,1638,0.020201412941,0.021259229655,-0.001057816714
2022,T1_previous_party_hierarchical_raked,1639,0.020223636812,0.021259229655,-0.001035592843
2022,T1_previous_party_hierarchical_raked,1640,0.020450052800,0.021259229655,-0.000809176855
2022,T1_previous_party_hierarchical_raked,1641,0.020227476704,0.021259229655,-0.001031752951
2022,T1_previous_party_hierarchical_raked,1642,0.020160152997,0.021259229655,-0.001099076658
2022,T1_previous_party_hierarchical_raked,1643,0.020240754156,0.021259229655,-0.001018475499
2022,T1_previous_party_hierarchical_raked,1644,0.020234893038,0.021259229655,-0.001024336618
2022,T1_previous_party_hierarchical_raked,1645,0.020225026915,0.021259229655,-0.001034202741
2022,T1_previous_party_hierarchical_raked,1646,0.020111592491,0.021259229655,-0.001147637165
2022,T1_previous_party_hierarchical_raked,1647,0.020331105641,0.021259229655,-0.000928124015
2022,T1_previous_party_hierarchical_raked,1648,0.020412485853,0.021259229655,-0.000846743802
2022,T1_previous_party_hierarchical_raked,1649,0.020287347956,0.021259229655,-0.000971881699
2022,T1_previous_party_hierarchical_raked,1650,0.020395595250,0.021259229655,-0.000863634405
2022,T1_previous_party_hierarchical_raked,1651,0.020239858089,0.021259229655,-0.001019371567
2022,T1_previous_party_hierarchical_raked,1652,0.020115691952,0.021259229655,-0.001143537703
2022,T1_previous_party_hierarchical_raked,1653,0.020245986551,0.021259229655,-0.001013243105
2022,T1_previous_party_hierarchical_raked,1654,0.020109820785,0.021259229655,-0.001149408871
2022,T1_previous_party_hierarchical_raked,1655,0.020196291270,0.021259229655,-0.001062938385
2022,T1_previous_party_hierarchical_raked,1656,0.020267807936,0.021259229655,-0.000991421720
2022,T1_previous_party_hierarchical_raked,1657,0.020256205972,0.021259229655,-0.001003023684
2022,T1_previous_party_hierarchical_raked,1658,0.020140113922,0.021259229655,-0.001119115734
2022,T1_previous_party_hierarchical_raked,1659,0.020220238788,0.021259229655,-0.001038990868
2022,T1_previous_party_hierarchical_raked,1660,0.020243628258,0.021259229655,-0.001015601398
2022,T1_previous_party_hierarchical_raked,1661,0.020180102538,0.021259229655,-0.001079127117
2022,T1_previous_party_hierarchical_raked,1662,0.020362348839,0.021259229655,-0.000896880816
2022,T1_previous_party_hierarchical_raked,1663,0.020366858901,0.021259229655,-0.000892370755
2022,T1_previous_party_hierarchical_raked,1664,0.020312904187,0.021259229655,-0.000946325469
2022,T1_previous_party_hierarchical_raked,1665,0.020277014348,0.021259229655,-0.000982215307
2022,T1_previous_party_hierarchical_raked,1666,0.020295841213,0.021259229655,-0.000963388443
2022,T1_previous_party_hierarchical_raked,1667,0.020269850797,0.021259229655,-0.000989378859
2022,T1_previous_party_hierarchical_raked,1668,0.020119979613,0.021259229655,-0.001139250043
2022,T1_previous_party_hierarchical_raked,1669,0.020149092257,0.021259229655,-0.001110137398
2022,T1_previous_party_hierarchical_raked,1670,0.020271111242,0.021259229655,-0.000988118414
2022,T1_previous_party_hierarchical_raked,1671,0.020067881242,0.021259229655,-0.001191348413
2022,T1_previous_party_hierarchical_raked,1672,0.020332903012,0.021259229655,-0.000926326644
2022,T1_previous_party_hierarchical_raked,1673,0.020051894288,0.021259229655,-0.001207335368
2022,T1_previous_party_hierarchical_raked,1674,0.020256829075,0.021259229655,-0.001002400581
2022,T1_previous_party_hierarchical_raked,1675,0.020389785624,0.021259229655,-0.000869444031
2022,T1_previous_party_hierarchical_raked,1676,0.020135034994,0.021259229655,-0.001124194661
2022,T1_previous_party_hierarchical_raked,1677,0.020258763325,0.021259229655,-0.001000466331
2022,T1_previous_party_hierarchical_raked,1678,0.020161534132,0.021259229655,-0.001097695523
2022,T1_previous_party_hierarchical_raked,1679,0.020227730506,0.021259229655,-0.001031499150
2022,T1_previous_party_hierarchical_raked,1680,0.020287747610,0.021259229655,-0.000971482046
2022,T1_previous_party_hierarchical_raked,1681,0.020296372795,0.021259229655,-0.000962856861
2022,T1_previous_party_hierarchical_raked,1682,0.020121884648,0.021259229655,-0.001137345007
2022,T1_previous_party_hierarchical_raked,1683,0.020156252856,0.021259229655,-0.001102976799
2022,T1_previous_party_hierarchical_raked,1684,0.020247453366,0.021259229655,-0.001011776289
2022,T1_previous_party_hierarchical_raked,1685,0.020410901606,0.021259229655,-0.000848328049
2022,T1_previous_party_hierarchical_raked,1686,0.020066837592,0.021259229655,-0.001192392064
2022,T1_previous_party_hierarchical_raked,1687,0.020526385761,0.021259229655,-0.000732843894
2022,T1_previous_party_hierarchical_raked,1688,0.020258975371,0.021259229655,-0.001000254285
2022,T1_previous_party_hierarchical_raked,1689,0.020258569987,0.021259229655,-0.001000659669
2022,T1_previous_party_hierarchical_raked,1690,0.020347918278,0.021259229655,-0.000911311378
2022,T1_previous_party_hierarchical_raked,1691,0.020212947738,0.021259229655,-0.001046281918
2022,T1_previous_party_hierarchical_raked,1692,0.020246312684,0.021259229655,-0.001012916971
2022,T1_previous_party_hierarchical_raked,1693,0.020199719191,0.021259229655,-0.001059510465
2022,T1_previous_party_hierarchical_raked,1694,0.020277269915,0.021259229655,-0.000981959740
2022,T1_previous_party_hierarchical_raked,1695,0.020222242557,0.021259229655,-0.001036987098
2022,T1_previous_party_hierarchical_raked,1696,0.020084673465,0.021259229655,-0.001174556191
2022,T1_previous_party_hierarchical_raked,1697,0.020124599918,0.021259229655,-0.001134629738
2022,T1_previous_party_hierarchical_raked,1698,0.020304223612,0.021259229655,-0.000955006043
2022,T1_previous_party_hierarchical_raked,1699,0.020331164971,0.021259229655,-0.000928064685
2022,T1_previous_party_hierarchical_raked,1700,0.020211363453,0.021259229655,-0.001047866202
2022,T1_previous_party_hierarchical_raked,1701,0.020454102265,0.021259229655,-0.000805127390
2022,T1_previous_party_hierarchical_raked,1702,0.020222076273,0.021259229655,-0.001037153382
2022,T1_previous_party_hierarchical_raked,1703,0.020225722024,0.021259229655,-0.001033507631
2022,T1_previous_party_hierarchical_raked,1704,0.020258910011,0.021259229655,-0.001000319644
2022,T1_previous_party_hierarchical_raked,1705,0.020344673595,0.021259229655,-0.000914556061
2022,T1_previous_party_hierarchical_raked,1706,0.020236514780,0.021259229655,-0.001022714875
2022,T1_previous_party_hierarchical_raked,1707,0.020155314594,0.021259229655,-0.001103915061
2022,T1_previous_party_hierarchical_raked,1708,0.020130710886,0.021259229655,-0.001128518769
2022,T1_previous_party_hierarchical_raked,1709,0.020127173643,0.021259229655,-0.001132056012
2022,T1_previous_party_hierarchical_raked,1710,0.020208125036,0.021259229655,-0.001051104619
2022,T1_previous_party_hierarchical_raked,1711,0.020215436799,0.021259229655,-0.001043792857
2022,T1_previous_party_hierarchical_raked,1712,0.020313898235,0.021259229655,-0.000945331421
2022,T1_previous_party_hierarchical_raked,1713,0.020200688967,0.021259229655,-0.001058540688
2022,T1_previous_party_hierarchical_raked,1714,0.020112521457,0.021259229655,-0.001146708198
2022,T1_previous_party_hierarchical_raked,1715,0.020076349629,0.021259229655,-0.001182880027
2022,T1_previous_party_hierarchical_raked,1716,0.020316332480,0.021259229655,-0.000942897175
2022,T1_previous_party_hierarchical_raked,1717,0.020103920700,0.021259229655,-0.001155308955
2022,T1_previous_party_hierarchical_raked,1718,0.020314005154,0.021259229655,-0.000945224501
2022,T1_previous_party_hierarchical_raked,1719,0.020302248440,0.021259229655,-0.000956981216
2022,T1_previous_party_hierarchical_raked,1720,0.020118869984,0.021259229655,-0.001140359671
2022,T1_previous_party_hierarchical_raked,1721,0.020413113102,0.021259229655,-0.000846116553
2022,T1_previous_party_hierarchical_raked,1722,0.020289339603,0.021259229655,-0.000969890052
2022,T1_previous_party_hierarchical_raked,1723,0.020298947078,0.021259229655,-0.000960282577
2022,T1_previous_party_hierarchical_raked,1724,0.020171241861,0.021259229655,-0.001087987795
2022,T1_previous_party_hierarchical_raked,1725,0.020250418589,0.021259229655,-0.001008811066
2022,T1_previous_party_hierarchical_raked,1726,0.020241487180,0.021259229655,-0.001017742476
2022,T1_previous_party_hierarchical_raked,1727,0.020262906529,0.021259229655,-0.000996323126
2022,T1_previous_party_hierarchical_raked,1728,0.020339941740,0.021259229655,-0.000919287916
2022,T1_previous_party_hierarchical_raked,1729,0.020283852512,0.021259229655,-0.000975377144
2022,T1_previous_party_hierarchical_raked,1730,0.020086485130,0.021259229655,-0.001172744525
2022,T1_previous_party_hierarchical_raked,1731,0.020081309186,0.021259229655,-0.001177920469
2022,T1_previous_party_hierarchical_raked,1732,0.020318644278,0.021259229655,-0.000940585377
2022,T1_previous_party_hierarchical_raked,1733,0.020185836414,0.021259229655,-0.001073393242
2022,T1_previous_party_hierarchical_raked,1734,0.020221889844,0.021259229655,-0.001037339811
2022,T1_previous_party_hierarchical_raked,1735,0.020331027877,0.021259229655,-0.000928201779
2022,T1_previous_party_hierarchical_raked,1736,0.020326031658,0.021259229655,-0.000933197997
2022,T1_previous_party_hierarchical_raked,1737,0.020213494966,0.021259229655,-0.001045734690
2022,T1_previous_party_hierarchical_raked,1738,0.020258009431,0.021259229655,-0.001001220224
2022,T1_previous_party_hierarchical_raked,1739,0.020172826853,0.021259229655,-0.001086402802
2022,T1_previous_party_hierarchical_raked,1740,0.020253807141,0.021259229655,-0.001005422514
2022,T1_previous_party_hierarchical_raked,1741,0.020150946899,0.021259229655,-0.001108282756
2022,T1_previous_party_hierarchical_raked,1742,0.020284779158,0.021259229655,-0.000974450498
2022,T1_previous_party_hierarchical_raked,1743,0.020068997304,0.021259229655,-0.001190232352
2022,T1_previous_party_hierarchical_raked,1744,0.020266363091,0.021259229655,-0.000992866565
2022,T1_previous_party_hierarchical_raked,1745,0.020171018593,0.021259229655,-0.001088211062
2022,T1_previous_party_hierarchical_raked,1746,0.020320424685,0.021259229655,-0.000938804971
2022,T1_previous_party_hierarchical_raked,1747,0.020199073760,0.021259229655,-0.001060155895
2022,T1_previous_party_hierarchical_raked,1748,0.020142709125,0.021259229655,-0.001116520530
2022,T1_previous_party_hierarchical_raked,1749,0.020150410556,0.021259229655,-0.001108819100
2022,T1_previous_party_hierarchical_raked,1750,0.020349357721,0.021259229655,-0.000909871935
2022,T1_previous_party_hierarchical_raked,1751,0.020304894005,0.021259229655,-0.000954335650
2022,T1_previous_party_hierarchical_raked,1752,0.020198201246,0.021259229655,-0.001061028409
2022,T1_previous_party_hierarchical_raked,1753,0.020052043964,0.021259229655,-0.001207185692
2022,T1_previous_party_hierarchical_raked,1754,0.020304529037,0.021259229655,-0.000954700618
2022,T1_previous_party_hierarchical_raked,1755,0.020269635884,0.021259229655,-0.000989593772
2022,T1_previous_party_hierarchical_raked,1756,0.020317937482,0.021259229655,-0.000941292174
2022,T1_previous_party_hierarchical_raked,1757,0.020231365074,0.021259229655,-0.001027864581
2022,T1_previous_party_hierarchical_raked,1758,0.020203806413,0.021259229655,-0.001055423242
2022,T1_previous_party_hierarchical_raked,1759,0.020239361522,0.021259229655,-0.001019868133
2022,T1_previous_party_hierarchical_raked,1760,0.020332147880,0.021259229655,-0.000927081775
2022,T1_previous_party_hierarchical_raked,1761,0.020250903882,0.021259229655,-0.001008325773
2022,T1_previous_party_hierarchical_raked,1762,0.020278056549,0.021259229655,-0.000981173106
2022,T1_previous_party_hierarchical_raked,1763,0.020253899152,0.021259229655,-0.001005330503
2022,T1_previous_party_hierarchical_raked,1764,0.020236115714,0.021259229655,-0.001023113941
2022,T1_previous_party_hierarchical_raked,1765,0.020320058276,0.021259229655,-0.000939171380
2022,T1_previous_party_hierarchical_raked,1766,0.020263615818,0.021259229655,-0.000995613838
2022,T1_previous_party_hierarchical_raked,1767,0.020386153969,0.021259229655,-0.000873075686
2022,T1_previous_party_hierarchical_raked,1768,0.020243413261,0.021259229655,-0.001015816395
2022,T1_previous_party_hierarchical_raked,1769,0.020423472927,0.021259229655,-0.000835756728
2022,T1_previous_party_hierarchical_raked,1770,0.020115994520,0.021259229655,-0.001143235135
2022,T1_previous_party_hierarchical_raked,1771,0.020496475124,0.021259229655,-0.000762754532
2022,T1_previous_party_hierarchical_raked,1772,0.020194174597,0.021259229655,-0.001065055058
2022,T1_previous_party_hierarchical_raked,1773,0.020168072671,0.021259229655,-0.001091156984
2022,T1_previous_party_hierarchical_raked,1774,0.020388542420,0.021259229655,-0.000870687236
2022,T1_previous_party_hierarchical_raked,1775,0.020257648907,0.021259229655,-0.001001580748
2022,T1_previous_party_hierarchical_raked,1776,0.020288246973,0.021259229655,-0.000970982683
2022,T1_previous_party_hierarchical_raked,1777,0.020268237763,0.021259229655,-0.000990991893
2022,T1_previous_party_hierarchical_raked,1778,0.020246184071,0.021259229655,-0.001013045584
2022,T1_previous_party_hierarchical_raked,1779,0.020224586152,0.021259229655,-0.001034643503
2022,T1_previous_party_hierarchical_raked,1780,0.020363175675,0.021259229655,-0.000896053981
2022,T1_previous_party_hierarchical_raked,1781,0.020231702855,0.021259229655,-0.001027526800
2022,T1_previous_party_hierarchical_raked,1782,0.020214703283,0.021259229655,-0.001044526373
2022,T1_previous_party_hierarchical_raked,1783,0.020218783124,0.021259229655,-0.001040446531
2022,T1_previous_party_hierarchical_raked,1784,0.020363084740,0.021259229655,-0.000896144916
2022,T1_previous_party_hierarchical_raked,1785,0.020148277738,0.021259229655,-0.001110951917
2022,T1_previous_party_hierarchical_raked,1786,0.020211787138,0.021259229655,-0.001047442517
2022,T1_previous_party_hierarchical_raked,1787,0.020250725927,0.021259229655,-0.001008503729
2022,T1_previous_party_hierarchical_raked,1788,0.020287771091,0.021259229655,-0.000971458564
2022,T1_previous_party_hierarchical_raked,1789,0.020287842698,0.021259229655,-0.000971386958
2022,T1_previous_party_hierarchical_raked,1790,0.020181206210,0.021259229655,-0.001078023445
2022,T1_previous_party_hierarchical_raked,1791,0.020230517871,0.021259229655,-0.001028711784
2022,T1_previous_party_hierarchical_raked,1792,0.020205126165,0.021259229655,-0.001054103491
2022,T1_previous_party_hierarchical_raked,1793,0.020139815940,0.021259229655,-0.001119413715
2022,T1_previous_party_hierarchical_raked,1794,0.020263140363,0.021259229655,-0.000996089292
2022,T1_previous_party_hierarchical_raked,1795,0.020355475503,0.021259229655,-0.000903754152
2022,T1_previous_party_hierarchical_raked,1796,0.020241703354,0.021259229655,-0.001017526301
2022,T1_previous_party_hierarchical_raked,1797,0.020252815436,0.021259229655,-0.001006414219
2022,T1_previous_party_hierarchical_raked,1798,0.020177024207,0.021259229655,-0.001082205449
2022,T1_previous_party_hierarchical_raked,1799,0.020223155642,0.021259229655,-0.001036074014
2022,T1_previous_party_hierarchical_raked,1800,0.020079630828,0.021259229655,-0.001179598827
2022,T1_previous_party_hierarchical_raked,1801,0.020264579532,0.021259229655,-0.000994650124
2022,T1_previous_party_hierarchical_raked,1802,0.020214001947,0.021259229655,-0.001045227709
2022,T1_previous_party_hierarchical_raked,1803,0.020139772037,0.021259229655,-0.001119457619
2022,T1_previous_party_hierarchical_raked,1804,0.020283303547,0.021259229655,-0.000975926108
2022,T1_previous_party_hierarchical_raked,1805,0.020281556544,0.021259229655,-0.000977673112
2022,T1_previous_party_hierarchical_raked,1806,0.020306360503,0.021259229655,-0.000952869152
2022,T1_previous_party_hierarchical_raked,1807,0.020458059357,0.021259229655,-0.000801170298
2022,T1_previous_party_hierarchical_raked,1808,0.020289031160,0.021259229655,-0.000970198495
2022,T1_previous_party_hierarchical_raked,1809,0.020298253580,0.021259229655,-0.000960976076
2022,T1_previous_party_hierarchical_raked,1810,0.020131720513,0.021259229655,-0.001127509142
2022,T1_previous_party_hierarchical_raked,1811,0.020462429434,0.021259229655,-0.000796800221
2022,T1_previous_party_hierarchical_raked,1812,0.020145343088,0.021259229655,-0.001113886567
2022,T1_previous_party_hierarchical_raked,1813,0.020362786428,0.021259229655,-0.000896443228
2022,T1_previous_party_hierarchical_raked,1814,0.020237535739,0.021259229655,-0.001021693916
2022,T1_previous_party_hierarchical_raked,1815,0.020191973547,0.021259229655,-0.001067256108
2022,T1_previous_party_hierarchical_raked,1816,0.020070724032,0.021259229655,-0.001188505623
2022,T1_previous_party_hierarchical_raked,1817,0.020219361186,0.021259229655,-0.001039868470
2022,T1_previous_party_hierarchical_raked,1818,0.020332860598,0.021259229655,-0.000926369058
2022,T1_previous_party_hierarchical_raked,1819,0.020345200089,0.021259229655,-0.000914029567
2022,T1_previous_party_hierarchical_raked,1820,0.020207697916,0.021259229655,-0.001051531740
2022,T1_previous_party_hierarchical_raked,1821,0.020297259078,0.021259229655,-0.000961970577
2022,T1_previous_party_hierarchical_raked,1822,0.020360756555,0.021259229655,-0.000898473101
2022,T1_previous_party_hierarchical_raked,1823,0.020275482732,0.021259229655,-0.000983746923
2022,T1_previous_party_hierarchical_raked,1824,0.020229955801,0.021259229655,-0.001029273855
2022,T1_previous_party_hierarchical_raked,1825,0.020265681351,0.021259229655,-0.000993548304
2022,T1_previous_party_hierarchical_raked,1826,0.020158768216,0.021259229655,-0.001100461439
2022,T1_previous_party_hierarchical_raked,1827,0.020240099737,0.021259229655,-0.001019129918
2022,T1_previous_party_hierarchical_raked,1828,0.020371532972,0.021259229655,-0.000887696684
2022,T1_previous_party_hierarchical_raked,1829,0.020399400795,0.021259229655,-0.000859828860
2022,T1_previous_party_hierarchical_raked,1830,0.020279712469,0.021259229655,-0.000979517187
2022,T1_previous_party_hierarchical_raked,1831,0.020143119101,0.021259229655,-0.001116110554
2022,T1_previous_party_hierarchical_raked,1832,0.020250145248,0.021259229655,-0.001009084407
2022,T1_previous_party_hierarchical_raked,1833,0.020332991198,0.021259229655,-0.000926238458
2022,T1_previous_party_hierarchical_raked,1834,0.020397655440,0.021259229655,-0.000861574215
2022,T1_previous_party_hierarchical_raked,1835,0.020299312366,0.021259229655,-0.000959917290
2022,T1_previous_party_hierarchical_raked,1836,0.020184683074,0.021259229655,-0.001074546582
2022,T1_previous_party_hierarchical_raked,1837,0.020303494197,0.021259229655,-0.000955735458
2022,T1_previous_party_hierarchical_raked,1838,0.020285099304,0.021259229655,-0.000974130351
2022,T1_previous_party_hierarchical_raked,1839,0.020196645299,0.021259229655,-0.001062584357
2022,T1_previous_party_hierarchical_raked,1840,0.020078889979,0.021259229655,-0.001180339676
2022,T1_previous_party_hierarchical_raked,1841,0.020299976427,0.021259229655,-0.000959253228
2022,T1_previous_party_hierarchical_raked,1842,0.020262831839,0.021259229655,-0.000996397816
2022,T1_previous_party_hierarchical_raked,1843,0.020266536065,0.021259229655,-0.000992693590
2022,T1_previous_party_hierarchical_raked,1844,0.020263542454,0.021259229655,-0.000995687201
2022,T1_previous_party_hierarchical_raked,1845,0.020323081608,0.021259229655,-0.000936148047
2022,T1_previous_party_hierarchical_raked,1846,0.020208386101,0.021259229655,-0.001050843554
2022,T1_previous_party_hierarchical_raked,1847,0.020199225908,0.021259229655,-0.001060003747
2022,T1_previous_party_hierarchical_raked,1848,0.020191881397,0.021259229655,-0.001067348258
2022,T1_previous_party_hierarchical_raked,1849,0.020201033484,0.021259229655,-0.001058196172
2022,T1_previous_party_hierarchical_raked,1850,0.020275151983,0.021259229655,-0.000984077673
2022,T1_previous_party_hierarchical_raked,1851,0.020295197763,0.021259229655,-0.000964031892
2022,T1_previous_party_hierarchical_raked,1852,0.020350592713,0.021259229655,-0.000908636942
2022,T1_previous_party_hierarchical_raked,1853,0.020159838459,0.021259229655,-0.001099391196
2022,T1_previous_party_hierarchical_raked,1854,0.020297992073,0.021259229655,-0.000961237583
2022,T1_previous_party_hierarchical_raked,1855,0.020362414562,0.021259229655,-0.000896815093
2022,T1_previous_party_hierarchical_raked,1856,0.020209054459,0.021259229655,-0.001050175197
2022,T1_previous_party_hierarchical_raked,1857,0.020403406639,0.021259229655,-0.000855823016
2022,T1_previous_party_hierarchical_raked,1858,0.020262086693,0.021259229655,-0.000997142962
2022,T1_previous_party_hierarchical_raked,1859,0.020112277274,0.021259229655,-0.001146952382
2022,T1_previous_party_hierarchical_raked,1860,0.020242819163,0.021259229655,-0.001016410493
2022,T1_previous_party_hierarchical_raked,1861,0.020368805836,0.021259229655,-0.000890423820
2022,T1_previous_party_hierarchical_raked,1862,0.020240472046,0.021259229655,-0.001018757610
2022,T1_previous_party_hierarchical_raked,1863,0.020342657761,0.021259229655,-0.000916571894
2022,T1_previous_party_hierarchical_raked,1864,0.020280235315,0.021259229655,-0.000978994340
2022,T1_previous_party_hierarchical_raked,1865,0.020202968833,0.021259229655,-0.001056260822
2022,T1_previous_party_hierarchical_raked,1866,0.020282121031,0.021259229655,-0.000977108624
2022,T1_previous_party_hierarchical_raked,1867,0.020278047208,0.021259229655,-0.000981182447
2022,T1_previous_party_hierarchical_raked,1868,0.020349110161,0.021259229655,-0.000910119495
2022,T1_previous_party_hierarchical_raked,1869,0.020139511938,0.021259229655,-0.001119717717
2022,T1_previous_party_hierarchical_raked,1870,0.020272460911,0.021259229655,-0.000986768744
2022,T1_previous_party_hierarchical_raked,1871,0.020298633080,0.021259229655,-0.000960596575
2022,T1_previous_party_hierarchical_raked,1872,0.020169967891,0.021259229655,-0.001089261764
2022,T1_previous_party_hierarchical_raked,1873,0.020346119919,0.021259229655,-0.000913109736
2022,T1_previous_party_hierarchical_raked,1874,0.020341492894,0.021259229655,-0.000917736762
2022,T1_previous_party_hierarchical_raked,1875,0.020245993966,0.021259229655,-0.001013235690
2022,T1_previous_party_hierarchical_raked,1876,0.020176353889,0.021259229655,-0.001082875766
2022,T1_previous_party_hierarchical_raked,1877,0.020189689986,0.021259229655,-0.001069539670
2022,T1_previous_party_hierarchical_raked,1878,0.020382137983,0.021259229655,-0.000877091672
2022,T1_previous_party_hierarchical_raked,1879,0.019994849762,0.021259229655,-0.001264379893
2022,T1_previous_party_hierarchical_raked,1880,0.020071586225,0.021259229655,-0.001187643431
2022,T1_previous_party_hierarchical_raked,1881,0.020190474194,0.021259229655,-0.001068755461
2022,T1_previous_party_hierarchical_raked,1882,0.020264073109,0.021259229655,-0.000995156546
2022,T1_previous_party_hierarchical_raked,1883,0.020220741662,0.021259229655,-0.001038487994
2022,T1_previous_party_hierarchical_raked,1884,0.020256899830,0.021259229655,-0.001002329825
2022,T1_previous_party_hierarchical_raked,1885,0.020207748628,0.021259229655,-0.001051481027
2022,T1_previous_party_hierarchical_raked,1886,0.020156363400,0.021259229655,-0.001102866255
2022,T1_previous_party_hierarchical_raked,1887,0.020485312132,0.021259229655,-0.000773917523
2022,T1_previous_party_hierarchical_raked,1888,0.020343341333,0.021259229655,-0.000915888322
2022,T1_previous_party_hierarchical_raked,1889,0.020202890774,0.021259229655,-0.001056338882
2022,T1_previous_party_hierarchical_raked,1890,0.020255926399,0.021259229655,-0.001003303256
2022,T1_previous_party_hierarchical_raked,1891,0.020238387633,0.021259229655,-0.001020842022
2022,T1_previous_party_hierarchical_raked,1892,0.020136413965,0.021259229655,-0.001122815690
2022,T1_previous_party_hierarchical_raked,1893,0.020286734932,0.021259229655,-0.000972494724
2022,T1_previous_party_hierarchical_raked,1894,0.020203292451,0.021259229655,-0.001055937205
2022,T1_previous_party_hierarchical_raked,1895,0.020247962638,0.021259229655,-0.001011267017
2022,T1_previous_party_hierarchical_raked,1896,0.020174969943,0.021259229655,-0.001084259712
2022,T1_previous_party_hierarchical_raked,1897,0.020187673952,0.021259229655,-0.001071555704
2022,T1_previous_party_hierarchical_raked,1898,0.020093252028,0.021259229655,-0.001165977627
2022,T1_previous_party_hierarchical_raked,1899,0.020261027802,0.021259229655,-0.000998201853
2022,T1_previous_party_hierarchical_raked,1900,0.020376308398,0.021259229655,-0.000882921258
2022,T1_previous_party_hierarchical_raked,1901,0.020241540504,0.021259229655,-0.001017689151
2022,T1_previous_party_hierarchical_raked,1902,0.020183144491,0.021259229655,-0.001076085165
2022,T1_previous_party_hierarchical_raked,1903,0.020370585501,0.021259229655,-0.000888644154
2022,T1_previous_party_hierarchical_raked,1904,0.020371082307,0.021259229655,-0.000888147348
2022,T1_previous_party_hierarchical_raked,1905,0.020349811570,0.021259229655,-0.000909418085
2022,T1_previous_party_hierarchical_raked,1906,0.020356001807,0.021259229655,-0.000903227848
2022,T1_previous_party_hierarchical_raked,1907,0.020268803597,0.021259229655,-0.000990426059
2022,T1_previous_party_hierarchical_raked,1908,0.020220736017,0.021259229655,-0.001038493639
2022,T1_previous_party_hierarchical_raked,1909,0.020132220802,0.021259229655,-0.001127008853
2022,T1_previous_party_hierarchical_raked,1910,0.020218716727,0.021259229655,-0.001040512928
2022,T1_previous_party_hierarchical_raked,1911,0.020252658867,0.021259229655,-0.001006570788
2022,T1_previous_party_hierarchical_raked,1912,0.020181611295,0.021259229655,-0.001077618360
2022,T1_previous_party_hierarchical_raked,1913,0.020280784684,0.021259229655,-0.000978444972
2022,T1_previous_party_hierarchical_raked,1914,0.020308330099,0.021259229655,-0.000950899556
2022,T1_previous_party_hierarchical_raked,1915,0.020149680244,0.021259229655,-0.001109549412
2022,T1_previous_party_hierarchical_raked,1916,0.020248942234,0.021259229655,-0.001010287421
2022,T1_previous_party_hierarchical_raked,1917,0.020353155112,0.021259229655,-0.000906074543
2022,T1_previous_party_hierarchical_raked,1918,0.020232396181,0.021259229655,-0.001026833474
2022,T1_previous_party_hierarchical_raked,1919,0.020141061270,0.021259229655,-0.001118168385
2022,T1_previous_party_hierarchical_raked,1920,0.020356152906,0.021259229655,-0.000903076750
2022,T1_previous_party_hierarchical_raked,1921,0.020120561647,0.021259229655,-0.001138668009
2022,T1_previous_party_hierarchical_raked,1922,0.020200087650,0.021259229655,-0.001059142005
2022,T1_previous_party_hierarchical_raked,1923,0.020139296536,0.021259229655,-0.001119933119
2022,T1_previous_party_hierarchical_raked,1924,0.020368114178,0.021259229655,-0.000891115478
2022,T1_previous_party_hierarchical_raked,1925,0.020277680198,0.021259229655,-0.000981549457
2022,T1_previous_party_hierarchical_raked,1926,0.020229735908,0.021259229655,-0.001029493748
2022,T1_previous_party_hierarchical_raked,1927,0.020264137567,0.021259229655,-0.000995092089
2022,T1_previous_party_hierarchical_raked,1928,0.020103622079,0.021259229655,-0.001155607576
2022,T1_previous_party_hierarchical_raked,1929,0.020282602560,0.021259229655,-0.000976627096
2022,T1_previous_party_hierarchical_raked,1930,0.020201017267,0.021259229655,-0.001058212388
2022,T1_previous_party_hierarchical_raked,1931,0.020265485076,0.021259229655,-0.000993744579
2022,T1_previous_party_hierarchical_raked,1932,0.020264265802,0.021259229655,-0.000994963854
2022,T1_previous_party_hierarchical_raked,1933,0.020043018443,0.021259229655,-0.001216211212
2022,T1_previous_party_hierarchical_raked,1934,0.020508816279,0.021259229655,-0.000750413376
2022,T1_previous_party_hierarchical_raked,1935,0.020123664415,0.021259229655,-0.001135565241
2022,T1_previous_party_hierarchical_raked,1936,0.020196214622,0.021259229655,-0.001063015033
2022,T1_previous_party_hierarchical_raked,1937,0.020269476418,0.021259229655,-0.000989753238
2022,T1_previous_party_hierarchical_raked,1938,0.020269940049,0.021259229655,-0.000989289606
2022,T1_previous_party_hierarchical_raked,1939,0.020338632447,0.021259229655,-0.000920597209
2022,T1_previous_party_hierarchical_raked,1940,0.020332026407,0.021259229655,-0.000927203249
2022,T1_previous_party_hierarchical_raked,1941,0.020218935538,0.021259229655,-0.001040294118
2022,T1_previous_party_hierarchical_raked,1942,0.020246628411,0.021259229655,-0.001012601245
2022,T1_previous_party_hierarchical_raked,1943,0.020220752837,0.021259229655,-0.001038476818
2022,T1_previous_party_hierarchical_raked,1944,0.020182967875,0.021259229655,-0.001076261781
2022,T1_previous_party_hierarchical_raked,1945,0.020148094932,0.021259229655,-0.001111134724
2022,T1_previous_party_hierarchical_raked,1946,0.020452091772,0.021259229655,-0.000807137884
2022,T1_previous_party_hierarchical_raked,1947,0.020326479592,0.021259229655,-0.000932750063
2022,T1_previous_party_hierarchical_raked,1948,0.020375947302,0.021259229655,-0.000883282354
2022,T1_previous_party_hierarchical_raked,1949,0.020073886437,0.021259229655,-0.001185343219
2022,T1_previous_party_hierarchical_raked,1950,0.020152772311,0.021259229655,-0.001106457344
2022,T1_previous_party_hierarchical_raked,1951,0.020279267746,0.021259229655,-0.000979961910
2022,T1_previous_party_hierarchical_raked,1952,0.020295363645,0.021259229655,-0.000963866011
2022,T1_previous_party_hierarchical_raked,1953,0.020192032067,0.021259229655,-0.001067197589
2022,T1_previous_party_hierarchical_raked,1954,0.020226924628,0.021259229655,-0.001032305028
2022,T1_previous_party_hierarchical_raked,1955,0.020439516521,0.021259229655,-0.000819713135
2022,T1_previous_party_hierarchical_raked,1956,0.020483778689,0.021259229655,-0.000775450967
2022,T1_previous_party_hierarchical_raked,1957,0.020396851396,0.021259229655,-0.000862378259
2022,T1_previous_party_hierarchical_raked,1958,0.020206960208,0.021259229655,-0.001052269447
2022,T1_previous_party_hierarchical_raked,1959,0.020150698877,0.021259229655,-0.001108530778
2022,T1_previous_party_hierarchical_raked,1960,0.020459435822,0.021259229655,-0.000799793833
2022,T1_previous_party_hierarchical_raked,1961,0.020355484397,0.021259229655,-0.000903745258
2022,T1_previous_party_hierarchical_raked,1962,0.020188185619,0.021259229655,-0.001071044037
2022,T1_previous_party_hierarchical_raked,1963,0.020218507591,0.021259229655,-0.001040722065
2022,T1_previous_party_hierarchical_raked,1964,0.019997708134,0.021259229655,-0.001261521521
2022,T1_previous_party_hierarchical_raked,1965,0.020319702735,0.021259229655,-0.000939526920
2022,T1_previous_party_hierarchical_raked,1966,0.020167256012,0.021259229655,-0.001091973643
2022,T1_previous_party_hierarchical_raked,1967,0.020103286052,0.021259229655,-0.001155943603
2022,T1_previous_party_hierarchical_raked,1968,0.020252104666,0.021259229655,-0.001007124990
2022,T1_previous_party_hierarchical_raked,1969,0.020366217585,0.021259229655,-0.000893012070
2022,T1_previous_party_hierarchical_raked,1970,0.020197738896,0.021259229655,-0.001061490759
2022,T1_previous_party_hierarchical_raked,1971,0.020254957478,0.021259229655,-0.001004272177
2022,T1_previous_party_hierarchical_raked,1972,0.020297817944,0.021259229655,-0.000961411711
2022,T1_previous_party_hierarchical_raked,1973,0.020244698995,0.021259229655,-0.001014530661
2022,T1_previous_party_hierarchical_raked,1974,0.020245328234,0.021259229655,-0.001013901422
2022,T1_previous_party_hierarchical_raked,1975,0.020204720336,0.021259229655,-0.001054509319
2022,T1_previous_party_hierarchical_raked,1976,0.020206771125,0.021259229655,-0.001052458530
2022,T1_previous_party_hierarchical_raked,1977,0.020353049381,0.021259229655,-0.000906180274
2022,T1_previous_party_hierarchical_raked,1978,0.020243768669,0.021259229655,-0.001015460987
2022,T1_previous_party_hierarchical_raked,1979,0.020152648765,0.021259229655,-0.001106580891
2022,T1_previous_party_hierarchical_raked,1980,0.020181154413,0.021259229655,-0.001078075243
2022,T1_previous_party_hierarchical_raked,1981,0.020192689648,0.021259229655,-0.001066540008
2022,T1_previous_party_hierarchical_raked,1982,0.020279023580,0.021259229655,-0.000980206075
2022,T1_previous_party_hierarchical_raked,1983,0.020289036697,0.021259229655,-0.000970192959
2022,T1_previous_party_hierarchical_raked,1984,0.020263786707,0.021259229655,-0.000995442948
2022,T1_previous_party_hierarchical_raked,1985,0.020283489066,0.021259229655,-0.000975740590
2022,T1_previous_party_hierarchical_raked,1986,0.020274423004,0.021259229655,-0.000984806651
2022,T1_previous_party_hierarchical_raked,1987,0.020283144580,0.021259229655,-0.000976085075
2022,T1_previous_party_hierarchical_raked,1988,0.020233269816,0.021259229655,-0.001025959840
2022,T1_previous_party_hierarchical_raked,1989,0.020173822364,0.021259229655,-0.001085407291
2022,T1_previous_party_hierarchical_raked,1990,0.020189189642,0.021259229655,-0.001070040013
2022,T1_previous_party_hierarchical_raked,1991,0.020167971099,0.021259229655,-0.001091258557
2022,T1_previous_party_hierarchical_raked,1992,0.020208344686,0.021259229655,-0.001050884969
2022,T1_previous_party_hierarchical_raked,1993,0.020291302470,0.021259229655,-0.000967927186
2022,T1_previous_party_hierarchical_raked,1994,0.020420595100,0.021259229655,-0.000838634555
2022,T1_previous_party_hierarchical_raked,1995,0.020234183448,0.021259229655,-0.001025046207
2022,T1_previous_party_hierarchical_raked,1996,0.020223238574,0.021259229655,-0.001035991082
2022,T1_previous_party_hierarchical_raked,1997,0.020262984158,0.021259229655,-0.000996245497
2022,T1_previous_party_hierarchical_raked,1998,0.020300429429,0.021259229655,-0.000958800226
2022,T1_previous_party_hierarchical_raked,1999,0.020383083072,0.021259229655,-0.000876146584
